timestamp(s),nodeId,kind,bytes,src,dst,seq,hops,sf
3.205627681,2,beacon,6,2,65535,1,0,7
6.060164480,4,beacon,9,4,65535,1,0,8
6.422851395,0,beacon,9,0,65535,1,0,8
7.769219712,6,beacon,12,6,65535,1,0,7
7.931177313,1,beacon,15,1,65535,1,0,7
8.129722679,8,beacon,9,8,65535,1,0,7
10.179680522,5,beacon,15,5,65535,1,0,7
11.000395817,3,beacon,18,3,65535,1,0,7
12.847284098,7,beacon,18,7,65535,1,0,7
63.205627681,2,beacon,21,2,65535,2,0,7
66.060164480,4,beacon,30,4,65535,2,0,7
66.422851395,0,beacon,30,0,65535,2,0,7
67.769219712,6,beacon,18,6,65535,2,0,8
67.931177313,1,beacon,30,1,65535,2,0,7
68.129722679,8,beacon,30,8,65535,2,0,8
70.179680522,5,beacon,30,5,65535,2,0,8
71.000395817,3,beacon,30,3,65535,2,0,7
72.847284098,7,beacon,30,7,65535,2,0,8
123.205627681,2,beacon,30,2,65535,3,0,7
126.060164480,4,beacon,30,4,65535,3,0,7
126.422851395,0,beacon,30,0,65535,3,0,7
127.769219712,6,beacon,30,6,65535,3,0,8
127.931177313,1,beacon,30,1,65535,3,0,8
128.129722679,8,beacon,30,8,65535,3,0,8
130.179680522,5,beacon,30,5,65535,3,0,8
131.000395817,3,beacon,30,3,65535,3,0,7
132.847284098,7,beacon,30,7,65535,3,0,7
183.205627681,2,beacon,30,2,65535,4,0,8
186.060164480,4,beacon,30,4,65535,4,0,7
186.422851395,0,beacon,30,0,65535,4,0,8
187.769219712,6,beacon,30,6,65535,4,0,7
187.931177313,1,beacon,30,1,65535,4,0,8
188.129722679,8,beacon,30,8,65535,4,0,7
190.179680522,5,beacon,30,5,65535,4,0,7
191.000395817,3,beacon,30,3,65535,4,0,8
192.847284098,7,beacon,30,7,65535,4,0,7
243.205627681,2,beacon,30,2,65535,5,0,8
246.060164480,4,beacon,30,4,65535,5,0,7
246.422851395,0,beacon,30,0,65535,5,0,8
247.769219712,6,beacon,30,6,65535,5,0,8
247.931177313,1,beacon,30,1,65535,5,0,8
248.129722679,8,beacon,30,8,65535,5,0,8
250.179680522,5,beacon,30,5,65535,5,0,7
251.000395817,3,beacon,30,3,65535,5,0,7
252.847284098,7,beacon,30,7,65535,5,0,7
303.205627681,2,beacon,30,2,65535,6,0,7
303.655553857,6,data,27,6,7,1,0,8
304.655553857,6,data,27,6,0,2,0,8
304.795330447,3,data,27,6,0,2,1,8
305.655553857,6,data,27,6,3,3,0,8
306.060164480,4,beacon,30,4,65535,6,0,7
306.241123005,0,data,27,0,1,1,0,8
306.422851395,0,beacon,30,0,65535,6,0,7
306.655553857,6,data,27,6,2,4,0,8
306.795330692,4,data,27,6,2,4,1,8
307.241123005,0,data,27,0,7,2,0,8
307.655553857,6,data,27,6,0,5,0,8
307.815809857,6,beacon,30,6,65535,6,0,7
307.931177313,1,beacon,30,1,65535,6,0,8
308.129722679,8,beacon,30,8,65535,6,0,7
308.226146913,3,data,27,3,6,1,0,8
308.241123005,0,data,27,0,5,3,0,8
308.486059863,1,data,27,1,6,1,0,8
308.625836453,4,data,27,1,6,1,1,8
308.655553857,6,data,27,6,5,6,0,8
309.226146913,3,data,27,3,0,2,0,8
309.241123005,0,data,27,0,1,4,0,8
309.486059863,1,data,27,1,6,2,0,8
309.625836453,4,data,27,1,6,2,1,8
309.655553857,6,data,27,6,3,7,0,8
309.759718254,5,data,27,5,1,1,0,8
310.179680522,5,beacon,30,5,65535,6,0,7
310.226146913,3,data,27,3,2,3,0,8
310.241123005,0,data,27,0,7,5,0,8
310.486059863,1,data,27,1,8,3,0,8
310.625836698,5,data,27,1,8,3,1,8
310.655553857,6,data,27,6,5,8,0,8
310.786092698,5,data,27,5,0,2,0,8
311.000395817,3,beacon,30,3,65535,6,0,7
311.226146913,3,data,27,3,1,4,0,8
311.241123005,0,data,27,0,7,6,0,8
311.486059863,1,data,27,1,4,4,0,8
311.655553857,6,data,27,6,8,9,0,8
311.759718254,5,data,27,5,6,3,0,8
312.226146913,3,data,27,3,2,5,0,8
312.241123005,0,data,27,0,6,7,0,8
312.486059863,1,data,27,1,2,5,0,8
312.625836453,4,data,27,1,2,5,1,8
312.655553857,6,data,27,6,3,10,0,8
312.759718254,5,data,27,5,4,4,0,8
312.847284098,7,beacon,30,7,65535,6,0,7
313.226146913,3,data,27,3,5,6,0,8
313.241123005,0,data,27,0,2,8,0,8
313.365923503,6,data,27,3,5,6,1,8
313.486059863,1,data,27,1,5,6,0,8
313.655553857,6,data,27,6,8,11,0,8
313.759718254,5,data,27,5,2,5,0,8
314.226146913,3,data,27,3,2,7,0,8
314.241123005,0,data,27,0,4,9,0,8
314.486059863,1,data,27,1,0,7,0,8
314.625836698,3,data,27,1,0,7,1,8
314.655553857,6,data,27,6,5,12,0,8
314.759718254,5,data,27,5,1,6,0,8
315.226146913,3,data,27,3,8,8,0,8
315.241123005,0,data,27,0,7,10,0,8
315.365923503,6,data,27,3,8,8,1,8
315.486059863,1,data,27,1,7,8,0,8
315.655553857,6,data,27,6,3,13,0,8
315.759718254,5,data,27,5,7,7,0,8
315.899494846,8,data,27,5,7,7,1,8
316.226146913,3,data,27,3,0,9,0,8
316.241123005,0,data,27,0,7,11,0,8
316.486059863,1,data,27,1,3,9,0,8
316.655553857,6,data,27,6,0,14,0,8
316.759718254,5,data,27,5,8,8,0,8
317.226146913,3,data,27,3,5,10,0,8
317.241123005,0,data,27,0,5,12,0,8
317.365923503,6,data,27,3,5,10,1,8
317.486059863,1,data,27,1,0,10,0,8
317.655553857,6,data,27,6,0,15,0,8
317.759718254,5,data,27,5,3,9,0,8
318.226146913,3,data,27,3,0,11,0,8
318.241123005,0,data,27,0,1,13,0,8
318.486059863,1,data,27,1,6,11,0,8
318.625836453,4,data,27,1,6,11,1,8
318.655553857,6,data,27,6,0,16,0,8
318.759718254,5,data,27,5,7,10,0,8
319.226146913,3,data,27,3,4,12,0,8
319.241123005,0,data,27,0,6,14,0,8
319.486059863,1,data,27,1,5,12,0,8
319.655553857,6,data,27,6,4,17,0,8
319.759718254,5,data,27,5,8,11,0,8
320.226146913,3,data,27,3,7,13,0,8
320.241123005,0,data,27,0,8,15,0,8
320.380899595,1,data,27,0,8,15,1,8
320.520676430,5,data,27,0,8,15,2,8
320.541155595,1,data,27,1,0,13,0,8
320.655553857,6,data,27,6,1,18,0,8
320.759718254,5,data,27,5,8,12,0,8
321.226146913,3,data,27,3,8,14,0,8
321.241123005,0,data,27,0,6,16,0,8
321.486059863,1,data,27,1,6,14,0,8
321.655553857,6,data,27,6,3,19,0,8
321.759718254,5,data,27,5,1,13,0,8
322.226146913,3,data,27,3,0,15,0,8
322.241123005,0,data,27,0,7,17,0,8
322.486059863,1,data,27,1,4,15,0,8
322.655553857,6,data,27,6,1,20,0,8
322.759718254,5,data,27,5,2,14,0,8
323.226146913,3,data,27,3,5,16,0,8
323.241123005,0,data,27,0,6,18,0,8
323.365923503,6,data,27,3,5,16,1,8
323.486059863,1,data,27,1,5,16,0,8
323.655553857,6,data,27,6,7,21,0,8
323.759718254,5,data,27,5,6,15,0,8
324.226146913,3,data,27,3,6,17,0,8
324.241123005,0,data,27,0,3,19,0,8
324.486059863,1,data,27,1,4,17,0,8
324.655553857,6,data,27,6,0,22,0,8
324.759718254,5,data,27,5,3,16,0,8
325.226146913,3,data,27,3,5,18,0,8
325.241123005,0,data,27,0,3,20,0,8
325.365923503,6,data,27,3,5,18,1,8
325.486059863,1,data,27,1,4,18,0,8
325.655553857,6,data,27,6,4,23,0,8
325.759718254,5,data,27,5,2,17,0,8
326.226146913,3,data,27,3,4,19,0,8
326.241123005,0,data,27,0,7,21,0,8
326.486059863,1,data,27,1,6,19,0,8
326.625836453,4,data,27,1,6,19,1,8
326.655553857,6,data,27,6,8,24,0,8
326.759718254,5,data,27,5,7,18,0,8
327.226146913,3,data,27,3,6,20,0,8
327.241123005,0,data,27,0,7,22,0,8
327.486059863,1,data,27,1,5,20,0,8
327.655553857,6,data,27,6,2,25,0,8
327.759718254,5,data,27,5,4,19,0,8
327.795330447,3,data,27,6,2,25,1,8
328.226146913,3,data,27,3,2,21,0,8
328.241123005,0,data,27,0,3,23,0,8
328.486059863,1,data,27,1,2,21,0,8
328.625836453,4,data,27,1,2,21,1,8
328.655553857,6,data,27,6,2,26,0,8
328.759718254,5,data,27,5,1,20,0,8
329.226146913,3,data,27,3,4,22,0,8
329.241123005,0,data,27,0,2,24,0,8
329.486059863,1,data,27,1,2,22,0,8
329.625836453,4,data,27,1,2,22,1,8
329.655553857,6,data,27,6,1,27,0,8
329.759718254,5,data,27,5,2,21,0,8
330.226146913,3,data,27,3,1,23,0,8
330.241123005,0,data,27,0,2,25,0,8
330.460710825,4,data,27,4,2,1,0,8
330.486059863,1,data,27,1,0,23,0,8
330.655553857,6,data,27,6,2,28,0,8
330.759718254,5,data,27,5,4,22,0,8
330.795330447,3,data,27,6,2,28,1,8
331.203851437,8,data,27,8,0,1,0,8
331.226146913,3,data,27,3,4,24,0,8
331.241123005,0,data,27,0,2,26,0,8
331.460710825,4,data,27,4,1,2,0,8
331.486059863,1,data,27,1,3,24,0,8
331.655553857,6,data,27,6,1,29,0,8
331.759718254,5,data,27,5,7,23,0,8
331.899494846,8,data,27,5,7,23,1,8
332.203851437,8,data,27,8,2,2,0,8
332.226146913,3,data,27,3,2,25,0,8
332.241123005,0,data,27,0,4,27,0,8
332.460710825,4,data,27,4,8,3,0,8
332.486059863,1,data,27,1,2,25,0,8
332.655553857,6,data,27,6,8,30,0,8
332.759718254,5,data,27,5,6,24,0,8
333.203851437,8,data,27,8,4,3,0,8
333.226146913,3,data,27,3,5,26,0,8
333.241123005,0,data,27,0,7,28,0,8
333.460710825,4,data,27,4,2,4,0,8
333.486059863,1,data,27,1,3,26,0,8
333.655553857,6,data,27,6,1,31,0,8
333.759718254,5,data,27,5,7,25,0,8
333.899494846,8,data,27,5,7,25,1,8
334.203851437,8,data,27,8,5,4,0,8
334.226146913,3,data,27,3,7,27,0,8
334.241123005,0,data,27,0,5,29,0,8
334.460710825,4,data,27,4,2,5,0,8
334.486059863,1,data,27,1,6,27,0,8
334.655553857,6,data,27,6,5,32,0,8
334.759718254,5,data,27,5,7,26,0,8
334.899494846,8,data,27,5,7,26,1,8
335.203851437,8,data,27,8,3,5,0,8
335.226146913,3,data,27,3,7,28,0,8
335.241123005,0,data,27,0,6,30,0,8
335.460710825,4,data,27,4,8,6,0,8
335.486059863,1,data,27,1,7,28,0,8
335.655553857,6,data,27,6,4,33,0,8
335.759718254,5,data,27,5,1,27,0,8
336.203851437,8,data,27,8,2,6,0,8
336.226146913,3,data,27,3,5,29,0,8
336.241123005,0,data,27,0,4,31,0,8
336.460710825,4,data,27,4,3,7,0,8
336.486059863,1,data,27,1,5,29,0,8
336.655553857,6,data,27,6,4,34,0,8
336.759718254,5,data,27,5,0,28,0,8
337.203851437,8,data,27,8,2,7,0,8
337.226146913,3,data,27,3,7,30,0,8
337.241123005,0,data,27,0,4,32,0,8
337.460710825,4,data,27,4,3,8,0,8
337.486059863,1,data,27,1,5,30,0,8
337.655553857,6,data,27,6,2,35,0,8
337.759718254,5,data,27,5,1,29,0,8
337.795330447,3,data,27,6,2,35,1,8
338.203851437,8,data,27,8,2,8,0,8
338.226146913,3,data,27,3,0,31,0,8
338.241123005,0,data,27,0,3,33,0,8
338.343628029,5,data,27,8,2,8,1,8
338.460710825,4,data,27,4,6,9,0,8
338.486059863,1,data,27,1,0,31,0,8
338.655553857,6,data,27,6,5,36,0,8
338.759718254,5,data,27,5,4,30,0,8
339.203851437,8,data,27,8,0,9,0,8
339.226146913,3,data,27,3,6,32,0,8
339.241123005,0,data,27,0,4,34,0,8
339.343628029,5,data,27,8,0,9,1,8
339.460710825,4,data,27,4,0,10,0,8
339.486059863,1,data,27,1,2,32,0,8
339.655553857,6,data,27,6,7,37,0,8
339.759718254,5,data,27,5,0,31,0,8
340.203851437,8,data,27,8,3,10,0,8
340.226146913,3,data,27,3,2,33,0,8
340.241123005,0,data,27,0,8,35,0,8
340.460710825,4,data,27,4,0,11,0,8
340.486059863,1,data,27,1,2,33,0,8
340.655553857,6,data,27,6,7,38,0,8
340.759718254,5,data,27,5,0,32,0,8
341.203851437,8,data,27,8,2,11,0,8
341.226146913,3,data,27,3,5,34,0,8
341.241123005,0,data,27,0,8,36,0,8
341.460710825,4,data,27,4,6,12,0,8
341.486059863,1,data,27,1,2,34,0,8
341.655553857,6,data,27,6,1,39,0,8
341.759718254,5,data,27,5,2,33,0,8
341.958782531,7,data,27,7,0,1,0,8
342.098559366,3,data,27,7,0,1,1,8
342.203851437,8,data,27,8,6,12,0,8
342.241123005,0,data,27,0,8,37,0,8
342.258815366,3,data,27,3,8,35,0,8
342.398591956,6,data,27,3,8,35,1,8
342.460710825,4,data,27,4,6,13,0,8
342.486059863,1,data,27,1,3,35,0,8
342.655553857,6,data,27,6,2,40,0,8
342.759718254,5,data,27,5,7,34,0,8
342.958782531,7,data,27,7,6,2,0,8
343.203851437,8,data,27,8,2,13,0,8
343.226146913,3,data,27,3,0,36,0,8
343.241123005,0,data,27,0,6,38,0,8
343.343628029,5,data,27,8,2,13,1,8
343.460710825,4,data,27,4,2,14,0,8
343.486059863,1,data,27,1,0,36,0,8
343.655553857,6,data,27,6,2,41,0,8
343.759718254,5,data,27,5,3,35,0,8
343.958782531,7,data,27,7,4,3,0,8
344.203851437,8,data,27,8,6,14,0,8
344.226146913,3,data,27,3,2,37,0,8
344.241123005,0,data,27,0,1,39,0,8
344.460710825,4,data,27,4,6,15,0,8
344.486059863,1,data,27,1,8,37,0,8
344.655553857,6,data,27,6,3,42,0,8
344.759718254,5,data,27,5,6,36,0,8
344.958782531,7,data,27,7,5,4,0,8
345.203851437,8,data,27,8,7,15,0,8
345.226146913,3,data,27,3,6,38,0,8
345.241123005,0,data,27,0,4,40,0,8
345.460710825,4,data,27,4,0,16,0,8
345.486059863,1,data,27,1,6,38,0,8
345.655553857,6,data,27,6,3,43,0,8
345.759718254,5,data,27,5,1,37,0,8
345.958782531,7,data,27,7,4,5,0,8
346.203851437,8,data,27,8,5,16,0,8
346.226146913,3,data,27,3,4,39,0,8
346.241123005,0,data,27,0,4,41,0,8
346.460710825,4,data,27,4,3,17,0,8
346.486059863,1,data,27,1,4,39,0,8
346.655553857,6,data,27,6,5,44,0,8
346.759718254,5,data,27,5,4,38,0,8
346.958782531,7,data,27,7,6,6,0,8
347.203851437,8,data,27,8,3,17,0,8
347.226146913,3,data,27,3,8,40,0,8
347.241123005,0,data,27,0,7,42,0,8
347.460710825,4,data,27,4,6,18,0,8
347.486059863,1,data,27,1,8,40,0,8
347.655553857,6,data,27,6,4,45,0,8
347.759718254,5,data,27,5,7,39,0,8
347.958782531,7,data,27,7,2,7,0,8
348.098559366,5,data,27,7,2,7,1,8
348.203851437,8,data,27,8,3,18,0,8
348.226146913,3,data,27,3,7,41,0,8
348.241123005,0,data,27,0,7,43,0,8
348.460710825,4,data,27,4,1,19,0,8
348.486059863,1,data,27,1,5,41,0,8
348.655553857,6,data,27,6,1,46,0,8
348.759718254,5,data,27,5,0,40,0,8
348.958782531,7,data,27,7,5,8,0,8
349.203851437,8,data,27,8,3,19,0,8
349.226146913,3,data,27,3,2,42,0,8
349.241123005,0,data,27,0,6,44,0,8
349.460710825,4,data,27,4,2,20,0,8
349.486059863,1,data,27,1,7,42,0,8
349.655553857,6,data,27,6,4,47,0,8
349.759718254,5,data,27,5,6,41,0,8
349.958782531,7,data,27,7,8,9,0,8
350.203851437,8,data,27,8,1,20,0,8
350.226146913,3,data,27,3,7,43,0,8
350.241123005,0,data,27,0,7,45,0,8
350.460710825,4,data,27,4,1,21,0,8
350.486059863,1,data,27,1,4,43,0,8
350.655553857,6,data,27,6,4,48,0,8
350.759718254,5,data,27,5,3,42,0,8
350.958782531,7,data,27,7,5,10,0,8
351.203851437,8,data,27,8,4,21,0,8
351.226146913,3,data,27,3,7,44,0,8
351.241123005,0,data,27,0,5,46,0,8
351.460710825,4,data,27,4,5,22,0,8
351.486059863,1,data,27,1,7,44,0,8
351.655553857,6,data,27,6,8,49,0,8
351.759718254,5,data,27,5,8,43,0,8
351.958782531,7,data,27,7,4,11,0,8
352.203851437,8,data,27,8,4,22,0,8
352.226146913,3,data,27,3,4,45,0,8
352.241123005,0,data,27,0,6,47,0,8
352.460710825,4,data,27,4,7,23,0,8
352.486059863,1,data,27,1,6,45,0,8
352.655553857,6,data,27,6,1,50,0,8
352.759718254,5,data,27,5,2,44,0,8
352.958782531,7,data,27,7,5,12,0,8
353.203851437,8,data,27,8,5,23,0,8
353.226146913,3,data,27,3,8,46,0,8
353.241123005,0,data,27,0,3,48,0,8
353.460710825,4,data,27,4,3,24,0,8
353.486059863,1,data,27,1,4,46,0,8
353.655553857,6,data,27,6,7,51,0,8
353.759718254,5,data,27,5,7,45,0,8
353.958782531,7,data,27,7,6,13,0,8
354.203851437,8,data,27,8,7,24,0,8
354.226146913,3,data,27,3,4,47,0,8
354.241123005,0,data,27,0,2,49,0,8
354.460710825,4,data,27,4,8,25,0,8
354.486059863,1,data,27,1,0,47,0,8
354.655553857,6,data,27,6,4,52,0,8
354.759718254,5,data,27,5,3,46,0,8
354.958782531,7,data,27,7,1,14,0,8
355.098559366,3,data,27,7,1,14,1,8
355.203851437,8,data,27,8,0,25,0,8
355.241123005,0,data,27,0,2,50,0,8
355.258815366,3,data,27,3,7,48,0,8
355.398591956,6,data,27,3,7,48,1,8
355.460710825,4,data,27,4,5,26,0,8
355.486059863,1,data,27,1,5,48,0,8
355.655553857,6,data,27,6,3,53,0,8
355.759718254,5,data,27,5,0,47,0,8
355.958782531,7,data,27,7,5,15,0,8
356.203851437,8,data,27,8,0,26,0,8
356.226146913,3,data,27,3,0,49,0,8
356.241123005,0,data,27,0,3,51,0,8
356.343628029,5,data,27,8,0,26,1,8
356.366040199,2,data,27,2,8,1,0,8
356.460710825,4,data,27,4,3,27,0,8
356.486059863,1,data,27,1,7,49,0,8
356.655553857,6,data,27,6,5,54,0,8
356.759718254,5,data,27,5,8,48,0,8
356.958782531,7,data,27,7,8,16,0,8
357.203851437,8,data,27,8,3,27,0,8
357.226146913,3,data,27,3,4,50,0,8
357.241123005,0,data,27,0,3,52,0,8
357.366040199,2,data,27,2,7,2,0,8
357.460710825,4,data,27,4,0,28,0,8
357.486059863,1,data,27,1,6,50,0,8
357.655553857,6,data,27,6,7,55,0,8
357.759718254,5,data,27,5,7,49,0,8
357.899494846,8,data,27,5,7,49,1,8
357.958782531,7,data,27,7,6,17,0,8
358.203851437,8,data,27,8,4,28,0,8
358.226146913,3,data,27,3,5,51,0,8
358.241123005,0,data,27,0,2,53,0,8
358.365923503,6,data,27,3,5,51,1,8
358.366040199,2,data,27,2,0,3,0,8
358.460710825,4,data,27,4,3,29,0,8
358.486059863,1,data,27,1,3,51,0,8
358.655553857,6,data,27,6,1,56,0,8
358.759718254,5,data,27,5,8,50,0,8
358.958782531,7,data,27,7,5,18,0,8
359.203851437,8,data,27,8,7,29,0,8
359.226146913,3,data,27,3,6,52,0,8
359.241123005,0,data,27,0,4,54,0,8
359.366040199,2,data,27,2,5,4,0,8
359.460710825,4,data,27,4,0,30,0,8
359.486059863,1,data,27,1,8,52,0,8
359.655553857,6,data,27,6,3,57,0,8
359.759718254,5,data,27,5,1,51,0,8
359.958782531,7,data,27,7,4,19,0,8
360.203851437,8,data,27,8,6,30,0,8
360.226146913,3,data,27,3,7,53,0,8
360.241123005,0,data,27,0,3,55,0,8
360.343628029,7,data,27,8,6,30,1,8
360.366040199,2,data,27,2,1,5,0,8
360.460710825,4,data,27,4,7,31,0,8
360.486059863,1,data,27,1,2,53,0,8
360.655553857,6,data,27,6,0,58,0,8
360.759718254,5,data,27,5,1,52,0,8
360.958782531,7,data,27,7,3,20,0,8
361.203851437,8,data,27,8,1,31,0,8
361.226146913,3,data,27,3,7,54,0,8
361.241123005,0,data,27,0,2,56,0,8
361.343628029,5,data,27,8,1,31,1,8
361.366040199,2,data,27,2,4,6,0,8
361.460710825,4,data,27,4,3,32,0,8
361.486059863,1,data,27,1,0,54,0,8
361.655553857,6,data,27,6,8,59,0,8
361.759718254,5,data,27,5,7,53,0,8
361.899494846,8,data,27,5,7,53,1,8
361.958782531,7,data,27,7,0,21,0,8
362.203851437,8,data,27,8,5,32,0,8
362.226146913,3,data,27,3,5,55,0,8
362.241123005,0,data,27,0,7,57,0,8
362.366040199,2,data,27,2,3,7,0,8
362.460710825,4,data,27,4,8,33,0,8
362.486059863,1,data,27,1,2,55,0,8
362.655553857,6,data,27,6,1,60,0,8
362.759718254,5,data,27,5,3,54,0,8
362.958782531,7,data,27,7,5,22,0,8
363.203851437,8,data,27,8,4,33,0,8
363.205627681,2,beacon,30,2,65535,7,0,7
363.226146913,3,data,27,3,7,56,0,8
363.241123005,0,data,27,0,2,58,0,8
363.366040199,2,data,27,2,1,8,0,8
363.460710825,4,data,27,4,5,34,0,8
363.486059863,1,data,27,1,4,56,0,8
363.655553857,6,data,27,6,2,61,0,8
363.759718254,5,data,27,5,7,55,0,8
363.899494846,8,data,27,5,7,55,1,8
363.958782531,7,data,27,7,8,23,0,8
364.203851437,8,data,27,8,4,34,0,8
364.226146913,3,data,27,3,1,57,0,8
364.241123005,0,data,27,0,8,59,0,8
364.366040199,2,data,27,2,0,9,0,8
364.460710825,4,data,27,4,0,35,0,8
364.486059863,1,data,27,1,8,57,0,8
364.655553857,6,data,27,6,3,62,0,8
364.759718254,5,data,27,5,8,56,0,8
364.958782531,7,data,27,7,4,24,0,8
365.203851437,8,data,27,8,3,35,0,8
365.226146913,3,data,27,3,6,58,0,8
365.241123005,0,data,27,0,8,60,0,8
365.366040199,2,data,27,2,7,10,0,8
365.460710825,4,data,27,4,2,36,0,8
365.486059863,1,data,27,1,2,58,0,8
365.655553857,6,data,27,6,1,63,0,8
365.759718254,5,data,27,5,7,57,0,8
365.958782531,7,data,27,7,0,25,0,8
366.060164480,4,beacon,30,4,65535,7,0,7
366.098559366,3,data,27,7,0,25,1,8
366.203851437,8,data,27,8,4,36,0,8
366.241123005,0,data,27,0,1,61,0,8
366.258815366,3,data,27,3,2,59,0,8
366.366040199,2,data,27,2,8,11,0,8
366.422851395,0,beacon,30,0,65535,7,0,7
366.460710825,4,data,27,4,2,37,0,8
366.486059863,1,data,27,1,3,59,0,8
366.505816789,5,data,27,2,8,11,1,8
366.655553857,6,data,27,6,1,64,0,8
366.759718254,5,data,27,5,0,58,0,8
366.958782531,7,data,27,7,4,26,0,8
367.203851437,8,data,27,8,3,37,0,8
367.226146913,3,data,27,3,1,60,0,8
367.241123005,0,data,27,0,8,62,0,8
367.366040199,2,data,27,2,4,12,0,8
367.460710825,4,data,27,4,6,38,0,8
367.486059863,1,data,27,1,6,60,0,8
367.655553857,6,data,27,6,7,65,0,8
367.759718254,5,data,27,5,6,59,0,8
367.815809857,6,beacon,30,6,65535,7,0,7
367.899494844,4,data,27,5,6,59,1,8
367.931177313,1,beacon,30,1,65535,7,0,7
367.958782531,7,data,27,7,3,27,0,8
368.129722679,8,beacon,30,8,65535,7,0,7
368.225210679,8,data,27,8,1,38,0,8
368.226146913,3,data,27,3,8,61,0,8
368.241123005,0,data,27,0,7,63,0,8
368.366040199,2,data,27,2,5,13,0,8
368.460710825,4,data,27,4,5,39,0,8
368.486059863,1,data,27,1,2,61,0,8
368.655553857,6,data,27,6,4,66,0,8
368.759718254,5,data,27,5,0,60,0,8
368.958782531,7,data,27,7,5,28,0,8
369.203851437,8,data,27,8,1,39,0,8
369.226146913,3,data,27,3,6,62,0,8
369.241123005,0,data,27,0,3,64,0,8
369.343628029,5,data,27,8,1,39,1,8
369.366040199,2,data,27,2,1,14,0,8
369.460710825,4,data,27,4,1,40,0,8
369.486059863,1,data,27,1,5,62,0,8
369.655553857,6,data,27,6,5,67,0,8
369.759718254,5,data,27,5,4,61,0,8
369.958782531,7,data,27,7,3,29,0,8
370.179680522,5,beacon,30,5,65535,7,0,7
370.203851437,8,data,27,8,5,40,0,8
370.226146913,3,data,27,3,2,63,0,8
370.241123005,0,data,27,0,5,65,0,8
370.366040199,2,data,27,2,3,15,0,8
370.460710825,4,data,27,4,1,41,0,8
370.486059863,1,data,27,1,4,63,0,8
370.655553857,6,data,27,6,3,68,0,8
370.759718254,5,data,27,5,2,62,0,8
370.958782531,7,data,27,7,2,30,0,8
371.000395817,3,beacon,30,3,65535,7,0,8
371.203851437,8,data,27,8,4,41,0,8
371.226146913,3,data,27,3,8,64,0,8
371.241123005,0,data,27,0,8,66,0,8
371.366040199,2,data,27,2,4,16,0,8
371.460710825,4,data,27,4,3,42,0,8
371.486059863,1,data,27,1,5,64,0,8
371.655553857,6,data,27,6,5,69,0,8
371.759718254,5,data,27,5,6,63,0,8
371.958782531,7,data,27,7,1,31,0,8
372.098559366,3,data,27,7,1,31,1,8
372.203851437,8,data,27,8,1,42,0,8
372.241123005,0,data,27,0,2,67,0,8
372.258815366,3,data,27,3,6,65,0,8
372.366040199,2,data,27,2,5,17,0,8
372.460710825,4,data,27,4,2,43,0,8
372.486059863,1,data,27,1,8,65,0,8
372.655553857,6,data,27,6,1,70,0,8
372.759718254,5,data,27,5,2,64,0,8
372.847284098,7,beacon,30,7,65535,7,0,7
372.958782531,7,data,27,7,0,32,0,8
373.098559366,5,data,27,7,0,32,1,8
373.203851437,8,data,27,8,4,43,0,8
373.226146913,3,data,27,3,6,66,0,8
373.241123005,0,data,27,0,6,68,0,8
373.366040199,2,data,27,2,6,18,0,8
373.460710825,4,data,27,4,2,44,0,8
373.486059863,1,data,27,1,5,66,0,8
373.655553857,6,data,27,6,7,71,0,8
373.759718254,5,data,27,5,0,65,0,8
373.958782531,7,data,27,7,0,33,0,8
374.098559366,5,data,27,7,0,33,1,8
374.203851437,8,data,27,8,7,44,0,8
374.226146913,3,data,27,3,8,67,0,8
374.241123005,0,data,27,0,1,69,0,8
374.366040199,2,data,27,2,0,19,0,8
374.460710825,4,data,27,4,8,45,0,8
374.486059863,1,data,27,1,4,67,0,8
374.655553857,6,data,27,6,2,72,0,8
374.759718254,5,data,27,5,6,66,0,8
374.958782531,7,data,27,7,1,34,0,8
375.203851437,8,data,27,8,3,45,0,8
375.226146913,3,data,27,3,0,68,0,8
375.241123005,0,data,27,0,7,70,0,8
375.366040199,2,data,27,2,6,20,0,8
375.460710825,4,data,27,4,0,46,0,8
375.486059863,1,data,27,1,3,68,0,8
375.655553857,6,data,27,6,2,73,0,8
375.759718254,5,data,27,5,1,67,0,8
375.958782531,7,data,27,7,1,35,0,8
376.203851437,8,data,27,8,7,46,0,8
376.226146913,3,data,27,3,8,69,0,8
376.241123005,0,data,27,0,6,71,0,8
376.366040199,2,data,27,2,7,21,0,8
376.460710825,4,data,27,4,6,47,0,8
376.486059863,1,data,27,1,6,69,0,8
376.655553857,6,data,27,6,3,74,0,8
376.759718254,5,data,27,5,8,68,0,8
376.958782531,7,data,27,7,5,36,0,8
377.203851437,8,data,27,8,1,47,0,8
377.226146913,3,data,27,3,8,70,0,8
377.241123005,0,data,27,0,6,72,0,8
377.343628029,5,data,27,8,1,47,1,8
377.366040199,2,data,27,2,4,22,0,8
377.460710825,4,data,27,4,7,48,0,8
377.486059863,1,data,27,1,6,70,0,8
377.655553857,6,data,27,6,5,75,0,8
377.759718254,5,data,27,5,1,69,0,8
377.958782531,7,data,27,7,2,37,0,8
378.098559366,5,data,27,7,2,37,1,8
378.203851437,8,data,27,8,7,48,0,8
378.226146913,3,data,27,3,7,71,0,8
378.241123005,0,data,27,0,5,73,0,8
378.366040199,2,data,27,2,4,23,0,8
378.460710825,4,data,27,4,8,49,0,8
378.486059863,1,data,27,1,8,71,0,8
378.655553857,6,data,27,6,7,76,0,8
378.759718254,5,data,27,5,0,70,0,8
378.958782531,7,data,27,7,4,38,0,8
379.203851437,8,data,27,8,7,49,0,8
379.226146913,3,data,27,3,2,72,0,8
379.241123005,0,data,27,0,6,74,0,8
379.366040199,2,data,27,2,5,24,0,8
379.460710825,4,data,27,4,3,50,0,8
379.486059863,1,data,27,1,2,72,0,8
379.655553857,6,data,27,6,4,77,0,8
379.759718254,5,data,27,5,6,71,0,8
379.958782531,7,data,27,7,4,39,0,8
380.203851437,8,data,27,8,4,50,0,8
380.226146913,3,data,27,3,0,73,0,8
380.241123005,0,data,27,0,2,75,0,8
380.366040199,2,data,27,2,1,25,0,8
380.460710825,4,data,27,4,8,51,0,8
380.486059863,1,data,27,1,4,73,0,8
380.655553857,6,data,27,6,2,78,0,8
380.759718254,5,data,27,5,7,72,0,8
380.795330447,3,data,27,6,2,78,1,8
380.958782531,7,data,27,7,2,40,0,8
381.098559366,5,data,27,7,2,40,1,8
381.203851437,8,data,27,8,7,51,0,8
381.226146913,3,data,27,3,2,74,0,8
381.241123005,0,data,27,0,3,76,0,8
381.366040199,2,data,27,2,4,26,0,8
381.460710825,4,data,27,4,5,52,0,8
381.486059863,1,data,27,1,5,74,0,8
381.655553857,6,data,27,6,4,79,0,8
381.759718254,5,data,27,5,7,73,0,8
381.899494846,8,data,27,5,7,73,1,8
381.958782531,7,data,27,7,3,41,0,8
382.203851437,8,data,27,8,6,52,0,8
382.226146913,3,data,27,3,8,75,0,8
382.241123005,0,data,27,0,1,77,0,8
382.366040199,2,data,27,2,1,27,0,8
382.460710825,4,data,27,4,2,53,0,8
382.486059863,1,data,27,1,7,75,0,8
382.655553857,6,data,27,6,8,80,0,8
382.759718254,5,data,27,5,0,74,0,8
382.958782531,7,data,27,7,4,42,0,8
383.203851437,8,data,27,8,5,53,0,8
383.226146913,3,data,27,3,0,76,0,8
383.241123005,0,data,27,0,3,78,0,8
383.366040199,2,data,27,2,1,28,0,8
383.460710825,4,data,27,4,1,54,0,8
383.486059863,1,data,27,1,6,76,0,8
383.655553857,6,data,27,6,2,81,0,8
383.759718254,5,data,27,5,1,75,0,8
383.958782531,7,data,27,7,2,43,0,8
384.098559366,5,data,27,7,2,43,1,8
384.203851437,8,data,27,8,7,54,0,8
384.226146913,3,data,27,3,2,77,0,8
384.241123005,0,data,27,0,3,79,0,8
384.366040199,2,data,27,2,7,29,0,8
384.460710825,4,data,27,4,6,55,0,8
384.486059863,1,data,27,1,8,77,0,8
384.655553857,6,data,27,6,3,82,0,8
384.759718254,5,data,27,5,1,76,0,8
384.958782531,7,data,27,7,2,44,0,8
385.098559366,5,data,27,7,2,44,1,8
385.203851437,8,data,27,8,0,55,0,8
385.226146913,3,data,27,3,1,78,0,8
385.241123005,0,data,27,0,1,80,0,8
385.366040199,2,data,27,2,8,30,0,8
385.460710825,4,data,27,4,7,56,0,8
385.486059863,1,data,27,1,0,78,0,8
385.655553857,6,data,27,6,8,83,0,8
385.759718254,5,data,27,5,7,77,0,8
385.958782531,7,data,27,7,3,45,0,8
386.203851437,8,data,27,8,5,56,0,8
386.226146913,3,data,27,3,0,79,0,8
386.241123005,0,data,27,0,6,81,0,8
386.366040199,2,data,27,2,6,31,0,8
386.460710825,4,data,27,4,2,57,0,8
386.486059863,1,data,27,1,3,79,0,8
386.655553857,6,data,27,6,8,84,0,8
386.759718254,5,data,27,5,7,78,0,8
386.899494846,8,data,27,5,7,78,1,8
386.958782531,7,data,27,7,0,46,0,8
387.203851437,8,data,27,8,5,57,0,8
387.226146913,3,data,27,3,1,80,0,8
387.241123005,0,data,27,0,7,82,0,8
387.366040199,2,data,27,2,4,32,0,8
387.460710825,4,data,27,4,5,58,0,8
387.486059863,1,data,27,1,2,80,0,8
387.655553857,6,data,27,6,4,85,0,8
387.759718254,5,data,27,5,4,79,0,8
387.958782531,7,data,27,7,6,47,0,8
388.203851437,8,data,27,8,2,58,0,8
388.226146913,3,data,27,3,4,81,0,8
388.241123005,0,data,27,0,8,83,0,8
388.343628029,5,data,27,8,2,58,1,8
388.366040199,2,data,27,2,4,33,0,8
388.460710825,4,data,27,4,8,59,0,8
388.486059863,1,data,27,1,7,81,0,8
388.655553857,6,data,27,6,3,86,0,8
388.759718254,5,data,27,5,1,80,0,8
388.958782531,7,data,27,7,1,48,0,8
389.098559366,3,data,27,7,1,48,1,8
389.203851437,8,data,27,8,1,59,0,8
389.241123005,0,data,27,0,7,84,0,8
389.258815366,3,data,27,3,0,82,0,8
389.366040199,2,data,27,2,4,34,0,8
389.460710825,4,data,27,4,1,60,0,8
389.486059863,1,data,27,1,4,82,0,8
389.655553857,6,data,27,6,4,87,0,8
389.759718254,5,data,27,5,6,81,0,8
389.958782531,7,data,27,7,1,49,0,8
390.098559366,3,data,27,7,1,49,1,8
390.203851437,8,data,27,8,3,60,0,8
390.241123005,0,data,27,0,1,85,0,8
390.258815366,3,data,27,3,0,83,0,8
390.366040199,2,data,27,2,5,35,0,8
390.460710825,4,data,27,4,0,61,0,8
390.486059863,1,data,27,1,4,83,0,8
390.655553857,6,data,27,6,0,88,0,8
390.759718254,5,data,27,5,8,82,0,8
390.958782531,7,data,27,7,8,50,0,8
391.203851437,8,data,27,8,4,61,0,8
391.226146913,3,data,27,3,4,84,0,8
391.241123005,0,data,27,0,3,86,0,8
391.366040199,2,data,27,2,4,36,0,8
391.460710825,4,data,27,4,6,62,0,8
391.486059863,1,data,27,1,3,84,0,8
391.655553857,6,data,27,6,2,89,0,8
391.759718254,5,data,27,5,3,83,0,8
391.795330447,3,data,27,6,2,89,1,8
391.899494844,4,data,27,5,3,83,1,8
391.958782531,7,data,27,7,6,51,0,8
392.203851437,8,data,27,8,4,62,0,8
392.226146913,3,data,27,3,4,85,0,8
392.241123005,0,data,27,0,6,87,0,8
392.366040199,2,data,27,2,4,37,0,8
392.460710825,4,data,27,4,7,63,0,8
392.486059863,1,data,27,1,7,85,0,8
392.655553857,6,data,27,6,0,90,0,8
392.759718254,5,data,27,5,7,84,0,8
392.899494846,8,data,27,5,7,84,1,8
392.958782531,7,data,27,7,0,52,0,8
393.203851437,8,data,27,8,7,63,0,8
393.226146913,3,data,27,3,5,86,0,8
393.241123005,0,data,27,0,5,88,0,8
393.366040199,2,data,27,2,6,38,0,8
393.460710825,4,data,27,4,8,64,0,8
393.486059863,1,data,27,1,0,86,0,8
393.655553857,6,data,27,6,5,91,0,8
393.759718254,5,data,27,5,8,85,0,8
393.958782531,7,data,27,7,3,53,0,8
394.203851437,8,data,27,8,7,64,0,8
394.226146913,3,data,27,3,8,87,0,8
394.241123005,0,data,27,0,4,89,0,8
394.366040199,2,data,27,2,8,39,0,8
394.460710825,4,data,27,4,5,65,0,8
394.486059863,1,data,27,1,7,87,0,8
394.655553857,6,data,27,6,4,92,0,8
394.759718254,5,data,27,5,3,86,0,8
394.958782531,7,data,27,7,3,54,0,8
395.203851437,8,data,27,8,6,65,0,8
395.226146913,3,data,27,3,2,88,0,8
395.241123005,0,data,27,0,1,90,0,8
395.366040199,2,data,27,2,6,40,0,8
395.460710825,4,data,27,4,6,66,0,8
395.486059863,1,data,27,1,6,88,0,8
395.655553857,6,data,27,6,5,93,0,8
395.759718254,5,data,27,5,6,87,0,8
395.795330447,7,data,27,6,5,93,1,8
395.958782531,7,data,27,7,3,55,0,8
396.203851437,8,data,27,8,7,66,0,8
396.226146913,3,data,27,3,4,89,0,8
396.241123005,0,data,27,0,1,91,0,8
396.366040199,2,data,27,2,5,41,0,8
396.460710825,4,data,27,4,1,67,0,8
396.486059863,1,data,27,1,0,89,0,8
396.655553857,6,data,27,6,2,94,0,8
396.759718254,5,data,27,5,4,88,0,8
396.795330447,3,data,27,6,2,94,1,8
396.958782531,7,data,27,7,3,56,0,8
397.203851437,8,data,27,8,3,67,0,8
397.226146913,3,data,27,3,2,90,0,8
397.241123005,0,data,27,0,3,92,0,8
397.366040199,2,data,27,2,4,42,0,8
397.460710825,4,data,27,4,8,68,0,8
397.486059863,1,data,27,1,4,90,0,8
397.655553857,6,data,27,6,8,95,0,8
397.759718254,5,data,27,5,0,89,0,8
397.958782531,7,data,27,7,3,57,0,8
398.203851437,8,data,27,8,3,68,0,8
398.226146913,3,data,27,3,6,91,0,8
398.241123005,0,data,27,0,1,93,0,8
398.366040199,2,data,27,2,0,43,0,8
398.460710825,4,data,27,4,8,69,0,8
398.486059863,1,data,27,1,6,91,0,8
398.655553857,6,data,27,6,7,96,0,8
398.759718254,5,data,27,5,8,90,0,8
398.958782531,7,data,27,7,1,58,0,8
399.098559366,3,data,27,7,1,58,1,8
399.203851437,8,data,27,8,3,69,0,8
399.241123005,0,data,27,0,6,94,0,8
399.258815366,3,data,27,3,2,92,0,8
399.366040199,2,data,27,2,1,44,0,8
399.460710825,4,data,27,4,5,70,0,8
399.486059863,1,data,27,1,4,92,0,8
399.655553857,6,data,27,6,4,97,0,8
399.759718254,5,data,27,5,1,91,0,8
399.958782531,7,data,27,7,0,59,0,8
400.098559366,5,data,27,7,0,59,1,8
400.203851437,8,data,27,8,6,70,0,8
400.226146913,3,data,27,3,5,93,0,8
400.241123005,0,data,27,0,3,95,0,8
400.366040199,2,data,27,2,0,45,0,8
400.460710825,4,data,27,4,5,71,0,8
400.486059863,1,data,27,1,0,93,0,8
400.655553857,6,data,27,6,1,98,0,8
400.759718254,5,data,27,5,2,92,0,8
400.958782531,7,data,27,7,3,60,0,8
401.203851437,8,data,27,8,1,71,0,8
401.226146913,3,data,27,3,0,94,0,8
401.241123005,0,data,27,0,3,96,0,8
401.343628029,5,data,27,8,1,71,1,8
401.366040199,2,data,27,2,1,46,0,8
401.460710825,4,data,27,4,5,72,0,8
401.486059863,1,data,27,1,4,94,0,8
401.655553857,6,data,27,6,1,99,0,8
401.759718254,5,data,27,5,6,93,0,8
401.958782531,7,data,27,7,8,61,0,8
402.203851437,8,data,27,8,4,72,0,8
402.226146913,3,data,27,3,8,95,0,8
402.241123005,0,data,27,0,7,97,0,8
402.366040199,2,data,27,2,0,47,0,8
402.460710825,4,data,27,4,1,73,0,8
402.486059863,1,data,27,1,2,95,0,8
402.655553857,6,data,27,6,3,100,0,8
402.759718254,5,data,27,5,0,94,0,8
402.958782531,7,data,27,7,1,62,0,8
403.098559366,3,data,27,7,1,62,1,8
403.203851437,8,data,27,8,0,73,0,8
403.241123005,0,data,27,0,8,98,0,8
403.258815366,3,data,27,3,5,96,0,8
403.343628029,5,data,27,8,0,73,1,8
403.366040199,2,data,27,2,3,48,0,8
403.460710825,4,data,27,4,7,74,0,8
403.486059863,1,data,27,1,2,96,0,8
403.655553857,6,data,27,6,0,101,0,8
403.759718254,5,data,27,5,1,95,0,8
403.958782531,7,data,27,7,4,63,0,8
404.203851437,8,data,27,8,2,74,0,8
404.226146913,3,data,27,3,0,97,0,8
404.241123005,0,data,27,0,5,99,0,8
404.366040199,2,data,27,2,5,49,0,8
404.460710825,4,data,27,4,7,75,0,8
404.486059863,1,data,27,1,8,97,0,8
404.655553857,6,data,27,6,5,102,0,8
404.759718254,5,data,27,5,7,96,0,8
404.795330447,7,data,27,6,5,102,1,8
404.958782531,7,data,27,7,2,64,0,8
405.098559366,5,data,27,7,2,64,1,8
405.203851437,8,data,27,8,3,75,0,8
405.226146913,3,data,27,3,0,98,0,8
405.241123005,0,data,27,0,5,100,0,8
405.366040199,2,data,27,2,7,50,0,8
405.460710825,4,data,27,4,1,76,0,8
405.486059863,1,data,27,1,5,98,0,8
405.655553857,6,data,27,6,5,103,0,8
405.759718254,5,data,27,5,0,97,0,8
405.795330447,7,data,27,6,5,103,1,8
405.958782531,7,data,27,7,3,65,0,8
406.203851437,8,data,27,8,1,76,0,8
406.226146913,3,data,27,3,7,99,0,8
406.241123005,0,data,27,0,3,101,0,8
406.343628029,5,data,27,8,1,76,1,8
406.366040199,2,data,27,2,5,51,0,8
406.460710825,4,data,27,4,5,77,0,8
406.486059863,1,data,27,1,7,99,0,8
406.655553857,6,data,27,6,1,104,0,8
406.759718254,5,data,27,5,8,98,0,8
406.795331038,0,data,27,6,1,104,1,8
406.958782531,7,data,27,7,4,66,0,8
407.203851437,8,data,27,8,2,77,0,8
407.226146913,3,data,27,3,6,100,0,8
407.241123005,0,data,27,0,3,102,0,8
407.343628029,5,data,27,8,2,77,1,8
407.366040199,2,data,27,2,7,52,0,8
407.460710825,4,data,27,4,7,78,0,8
407.486059863,1,data,27,1,8,100,0,8
407.625836698,5,data,27,1,8,100,1,8
407.655553857,6,data,27,6,4,105,0,8
407.786092698,5,data,27,5,4,99,0,8
407.958782531,7,data,27,7,6,67,0,8
408.203851437,8,data,27,8,6,78,0,8
408.226146913,3,data,27,3,6,101,0,8
408.241123005,0,data,27,0,1,103,0,8
408.366040199,2,data,27,2,5,53,0,8
408.460710825,4,data,27,4,2,79,0,8
408.486059863,1,data,27,1,0,101,0,8
408.655553857,6,data,27,6,4,106,0,8
408.759718254,5,data,27,5,2,100,0,8
408.958782531,7,data,27,7,5,68,0,8
409.203851437,8,data,27,8,1,79,0,8
409.226146913,3,data,27,3,2,102,0,8
409.241123005,0,data,27,0,1,104,0,8
409.366040199,2,data,27,2,1,54,0,8
409.460710825,4,data,27,4,5,80,0,8
409.486059863,1,data,27,1,2,102,0,8
409.655553857,6,data,27,6,3,107,0,8
409.759718254,5,data,27,5,3,101,0,8
409.958782531,7,data,27,7,1,69,0,8
410.098559366,3,data,27,7,1,69,1,8
410.203851437,8,data,27,8,4,80,0,8
410.241123005,0,data,27,0,6,105,0,8
410.258815366,3,data,27,3,7,103,0,8
410.366040199,2,data,27,2,1,55,0,8
410.460710825,4,data,27,4,1,81,0,8
410.486059863,1,data,27,1,6,103,0,8
410.655553857,6,data,27,6,7,108,0,8
410.759718254,5,data,27,5,1,102,0,8
410.958782531,7,data,27,7,4,70,0,8
411.203851437,8,data,27,8,3,81,0,8
411.226146913,3,data,27,3,1,104,0,8
411.241123005,0,data,27,0,1,106,0,8
411.366040199,2,data,27,2,8,56,0,8
411.460710825,4,data,27,4,3,82,0,8
411.486059863,1,data,27,1,8,104,0,8
411.655553857,6,data,27,6,7,109,0,8
411.759718254,5,data,27,5,0,103,0,8
411.958782531,7,data,27,7,8,71,0,8
412.203851437,8,data,27,8,3,82,0,8
412.226146913,3,data,27,3,5,105,0,8
412.241123005,0,data,27,0,8,107,0,8
412.366040199,2,data,27,2,1,57,0,8
412.460710825,4,data,27,4,1,83,0,8
412.486059863,1,data,27,1,7,105,0,8
412.655553857,6,data,27,6,5,110,0,8
412.759718254,5,data,27,5,3,104,0,8
412.958782531,7,data,27,7,5,72,0,8
413.203851437,8,data,27,8,3,83,0,8
413.226146913,3,data,27,3,8,106,0,8
413.241123005,0,data,27,0,5,108,0,8
413.366040199,2,data,27,2,8,58,0,8
413.460710825,4,data,27,4,5,84,0,8
413.486059863,1,data,27,1,5,106,0,8
413.655553857,6,data,27,6,5,111,0,8
413.759718254,5,data,27,5,6,105,0,8
413.958782531,7,data,27,7,4,73,0,8
414.203851437,8,data,27,8,0,84,0,8
414.226146913,3,data,27,3,7,107,0,8
414.241123005,0,data,27,0,6,109,0,8
414.366040199,2,data,27,2,5,59,0,8
414.460710825,4,data,27,4,2,85,0,8
414.486059863,1,data,27,1,3,107,0,8
414.655553857,6,data,27,6,4,112,0,8
414.759718254,5,data,27,5,3,106,0,8
414.958782531,7,data,27,7,0,74,0,8
415.098559366,5,data,27,7,0,74,1,8
415.203851437,8,data,27,8,1,85,0,8
415.226146913,3,data,27,3,0,108,0,8
415.241123005,0,data,27,0,5,110,0,8
415.366040199,2,data,27,2,1,60,0,8
415.460710825,4,data,27,4,5,86,0,8
415.486059863,1,data,27,1,5,108,0,8
415.655553857,6,data,27,6,1,113,0,8
415.759718254,5,data,27,5,6,107,0,8
415.958782531,7,data,27,7,2,75,0,8
416.098559366,5,data,27,7,2,75,1,8
416.203851437,8,data,27,8,3,86,0,8
416.226146913,3,data,27,3,8,109,0,8
416.241123005,0,data,27,0,2,111,0,8
416.366040199,2,data,27,2,7,61,0,8
416.460710825,4,data,27,4,5,87,0,8
416.486059863,1,data,27,1,8,109,0,8
416.655553857,6,data,27,6,5,114,0,8
416.759718254,5,data,27,5,6,108,0,8
416.958782531,7,data,27,7,3,76,0,8
417.203851437,8,data,27,8,0,87,0,8
417.226146913,3,data,27,3,1,110,0,8
417.241123005,0,data,27,0,3,112,0,8
417.366040199,2,data,27,2,1,62,0,8
417.460710825,4,data,27,4,5,88,0,8
417.486059863,1,data,27,1,0,110,0,8
417.655553857,6,data,27,6,8,115,0,8
417.759718254,5,data,27,5,2,109,0,8
417.958782531,7,data,27,7,4,77,0,8
418.203851437,8,data,27,8,2,88,0,8
418.226146913,3,data,27,3,5,111,0,8
418.241123005,0,data,27,0,1,113,0,8
418.366040199,2,data,27,2,3,63,0,8
418.460710825,4,data,27,4,3,89,0,8
418.486059863,1,data,27,1,5,111,0,8
418.655553857,6,data,27,6,0,116,0,8
418.759718254,5,data,27,5,8,110,0,8
418.958782531,7,data,27,7,0,78,0,8
419.203851437,8,data,27,8,0,89,0,8
419.226146913,3,data,27,3,4,112,0,8
419.241123005,0,data,27,0,2,114,0,8
419.343628029,5,data,27,8,0,89,1,8
419.366040199,2,data,27,2,3,64,0,8
419.460710825,4,data,27,4,6,90,0,8
419.486059863,1,data,27,1,6,112,0,8
419.655553857,6,data,27,6,2,117,0,8
419.759718254,5,data,27,5,8,111,0,8
419.795330447,3,data,27,6,2,117,1,8
419.958782531,7,data,27,7,8,79,0,8
420.203851437,8,data,27,8,4,90,0,8
420.226146913,3,data,27,3,6,113,0,8
420.241123005,0,data,27,0,2,115,0,8
420.366040199,2,data,27,2,0,65,0,8
420.460710825,4,data,27,4,0,91,0,8
420.486059863,1,data,27,1,7,113,0,8
420.655553857,6,data,27,6,2,118,0,8
420.759718254,5,data,27,5,3,112,0,8
420.958782531,7,data,27,7,8,80,0,8
421.203851437,8,data,27,8,2,91,0,8
421.226146913,3,data,27,3,5,114,0,8
421.241123005,0,data,27,0,8,116,0,8
421.343628029,5,data,27,8,2,91,1,8
421.366040199,2,data,27,2,8,66,0,8
421.460710825,4,data,27,4,0,92,0,8
421.486059863,1,data,27,1,4,114,0,8
421.655553857,6,data,27,6,1,119,0,8
421.759718254,5,data,27,5,4,113,0,8
421.958782531,7,data,27,7,6,81,0,8
422.203851437,8,data,27,8,0,92,0,8
422.226146913,3,data,27,3,7,115,0,8
422.241123005,0,data,27,0,8,117,0,8
422.366040199,2,data,27,2,1,67,0,8
422.460710825,4,data,27,4,3,93,0,8
422.486059863,1,data,27,1,5,115,0,8
422.655553857,6,data,27,6,1,120,0,8
422.759718254,5,data,27,5,1,114,0,8
422.958782531,7,data,27,7,4,82,0,8
423.203851437,8,data,27,8,0,93,0,8
423.205627681,2,beacon,30,2,65535,8,0,7
423.226146913,3,data,27,3,7,116,0,8
423.241123005,0,data,27,0,1,118,0,8
423.366040199,2,data,27,2,5,68,0,8
423.460710825,4,data,27,4,7,94,0,8
423.486059863,1,data,27,1,2,116,0,8
423.655553857,6,data,27,6,0,121,0,8
423.759718254,5,data,27,5,2,115,0,8
423.958782531,7,data,27,7,1,83,0,8
424.098559366,3,data,27,7,1,83,1,8
424.203851437,8,data,27,8,7,94,0,8
424.241123005,0,data,27,0,3,119,0,8
424.258815366,3,data,27,3,2,117,0,8
424.366040199,2,data,27,2,5,69,0,8
424.460710825,4,data,27,4,0,95,0,8
424.486059863,1,data,27,1,7,117,0,8
424.655553857,6,data,27,6,8,122,0,8
424.759718254,5,data,27,5,0,116,0,8
424.958782531,7,data,27,7,6,84,0,8
425.203851437,8,data,27,8,0,95,0,8
425.226146913,3,data,27,3,6,118,0,8
425.241123005,0,data,27,0,2,120,0,8
425.366040199,2,data,27,2,3,70,0,8
425.460710825,4,data,27,4,6,96,0,8
425.486059863,1,data,27,1,5,118,0,8
425.655553857,6,data,27,6,7,123,0,8
425.759718254,5,data,27,5,3,117,0,8
425.958782531,7,data,27,7,6,85,0,8
426.060164480,4,beacon,30,4,65535,8,0,8
426.203851437,8,data,27,8,0,96,0,8
426.226146913,3,data,27,3,2,119,0,8
426.241123005,0,data,27,0,7,121,0,8
426.366040199,2,data,27,2,6,71,0,8
426.422851395,0,beacon,30,0,65535,8,0,7
426.460710825,4,data,27,4,0,97,0,8
426.486059863,1,data,27,1,7,119,0,8
426.655553857,6,data,27,6,2,124,0,8
426.759718254,5,data,27,5,2,118,0,8
426.795330447,3,data,27,6,2,124,1,8
426.958782531,7,data,27,7,1,86,0,8
427.098559366,3,data,27,7,1,86,1,8
427.203851437,8,data,27,8,6,97,0,8
427.241123005,0,data,27,0,2,122,0,8
427.258815366,3,data,27,3,5,120,0,8
427.366040199,2,data,27,2,1,72,0,8
427.460710825,4,data,27,4,5,98,0,8
427.486059863,1,data,27,1,6,120,0,8
427.655553857,6,data,27,6,1,125,0,8
427.759718254,5,data,27,5,1,119,0,8
427.815809857,6,beacon,30,6,65535,8,0,7
427.931177313,1,beacon,30,1,65535,8,0,8
427.958782531,7,data,27,7,0,87,0,8
428.129722679,8,beacon,30,8,65535,8,0,7
428.225210679,8,data,27,8,3,98,0,8
428.226146913,3,data,27,3,7,121,0,8
428.241123005,0,data,27,0,4,123,0,8
428.366040199,2,data,27,2,7,73,0,8
428.460710825,4,data,27,4,0,99,0,8
428.486059863,1,data,27,1,4,121,0,8
428.655553857,6,data,27,6,0,126,0,8
428.759718254,5,data,27,5,6,120,0,8
428.958782531,7,data,27,7,4,88,0,8
429.203851437,8,data,27,8,0,99,0,8
429.226146913,3,data,27,3,1,122,0,8
429.241123005,0,data,27,0,2,124,0,8
429.343628029,5,data,27,8,0,99,1,8
429.366040199,2,data,27,2,1,74,0,8
429.460710825,4,data,27,4,5,100,0,8
429.486059863,1,data,27,1,3,122,0,8
429.655553857,6,data,27,6,0,127,0,8
429.759718254,5,data,27,5,4,121,0,8
429.958782531,7,data,27,7,3,89,0,8
430.179680522,5,beacon,30,5,65535,8,0,8
430.203851437,8,data,27,8,7,100,0,8
430.226146913,3,data,27,3,6,123,0,8
430.241123005,0,data,27,0,5,125,0,8
430.366040199,2,data,27,2,8,75,0,8
430.460710825,4,data,27,4,6,101,0,8
430.486059863,1,data,27,1,7,123,0,8
430.655553857,6,data,27,6,2,128,0,8
430.759718254,5,data,27,5,8,122,0,8
430.958782531,7,data,27,7,8,90,0,8
431.000395817,3,beacon,30,3,65535,8,0,7
431.203851437,8,data,27,8,5,101,0,8
431.226146913,3,data,27,3,5,124,0,8
431.241123005,0,data,27,0,4,126,0,8
431.365923503,6,data,27,3,5,124,1,8
431.366040199,2,data,27,2,6,76,0,8
431.460710825,4,data,27,4,6,102,0,8
431.486059863,1,data,27,1,3,124,0,8
431.655553857,6,data,27,6,3,129,0,8
431.759718254,5,data,27,5,8,123,0,8
431.958782531,7,data,27,7,1,91,0,8
432.098559366,3,data,27,7,1,91,1,8
432.203851437,8,data,27,8,2,102,0,8
432.241123005,0,data,27,0,5,127,0,8
432.258815366,3,data,27,3,2,125,0,8
432.366040199,2,data,27,2,4,77,0,8
432.460710825,4,data,27,4,5,103,0,8
432.486059863,1,data,27,1,8,125,0,8
432.655553857,6,data,27,6,8,130,0,8
432.759718254,5,data,27,5,6,124,0,8
432.847284098,7,beacon,30,7,65535,8,0,7
432.958782531,7,data,27,7,6,92,0,8
433.203851437,8,data,27,8,6,103,0,8
433.226146913,3,data,27,3,1,126,0,8
433.241123005,0,data,27,0,8,128,0,8
433.366040199,2,data,27,2,4,78,0,8
433.460710825,4,data,27,4,5,104,0,8
433.486059863,1,data,27,1,0,126,0,8
433.655553857,6,data,27,6,5,131,0,8
433.759718254,5,data,27,5,1,125,0,8
433.958782531,7,data,27,7,1,93,0,8
434.203851437,8,data,27,8,2,104,0,8
434.226146913,3,data,27,3,0,127,0,8
434.241123005,0,data,27,0,5,129,0,8
434.366040199,2,data,27,2,0,79,0,8
434.460710825,4,data,27,4,1,105,0,8
434.486059863,1,data,27,1,0,127,0,8
434.655553857,6,data,27,6,3,132,0,8
434.759718254,5,data,27,5,1,126,0,8
434.958782531,7,data,27,7,8,94,0,8
435.203851437,8,data,27,8,2,105,0,8
435.226146913,3,data,27,3,8,128,0,8
435.241123005,0,data,27,0,7,130,0,8
435.343628029,5,data,27,8,2,105,1,8
435.365923503,6,data,27,3,8,128,1,8
435.366040199,2,data,27,2,8,80,0,8
435.460710825,4,data,27,4,1,106,0,8
435.486059863,1,data,27,1,8,128,0,8
435.655553857,6,data,27,6,7,133,0,8
435.759718254,5,data,27,5,7,127,0,8
435.958782531,7,data,27,7,1,95,0,8
436.098559366,3,data,27,7,1,95,1,8
436.203851437,8,data,27,8,6,106,0,8
436.241123005,0,data,27,0,4,131,0,8
436.258815366,3,data,27,3,2,129,0,8
436.366040199,2,data,27,2,0,81,0,8
436.460710825,4,data,27,4,5,107,0,8
436.486059863,1,data,27,1,2,129,0,8
436.655553857,6,data,27,6,4,134,0,8
436.759718254,5,data,27,5,0,128,0,8
436.958782531,7,data,27,7,0,96,0,8
437.098559121,6,data,27,7,0,96,1,8
437.203851437,8,data,27,8,6,107,0,8
437.226146913,3,data,27,3,8,130,0,8
437.241123005,0,data,27,0,7,132,0,8
437.366040199,2,data,27,2,4,82,0,8
437.460710825,4,data,27,4,3,108,0,8
437.486059863,1,data,27,1,3,130,0,8
437.655553857,6,data,27,6,5,135,0,8
437.759718254,5,data,27,5,2,129,0,8
437.958782531,7,data,27,7,4,97,0,8
438.203851437,8,data,27,8,5,108,0,8
438.226146913,3,data,27,3,0,131,0,8
438.241123005,0,data,27,0,5,133,0,8
438.366040199,2,data,27,2,3,83,0,8
438.460710825,4,data,27,4,6,109,0,8
438.486059863,1,data,27,1,2,131,0,8
438.655553857,6,data,27,6,8,136,0,8
438.759718254,5,data,27,5,6,130,0,8
438.958782531,7,data,27,7,4,98,0,8
439.203851437,8,data,27,8,7,109,0,8
439.226146913,3,data,27,3,5,132,0,8
439.241123005,0,data,27,0,3,134,0,8
439.366040199,2,data,27,2,4,84,0,8
439.460710825,4,data,27,4,6,110,0,8
439.486059863,1,data,27,1,4,132,0,8
439.655553857,6,data,27,6,8,137,0,8
439.759718254,5,data,27,5,7,131,0,8
439.958782531,7,data,27,7,6,99,0,8
440.203851437,8,data,27,8,2,110,0,8
440.226146913,3,data,27,3,6,133,0,8
440.241123005,0,data,27,0,7,135,0,8
440.343628029,5,data,27,8,2,110,1,8
440.366040199,2,data,27,2,8,85,0,8
440.460710825,4,data,27,4,2,111,0,8
440.486059863,1,data,27,1,2,133,0,8
440.655553857,6,data,27,6,1,138,0,8
440.759718254,5,data,27,5,0,132,0,8
440.958782531,7,data,27,7,6,100,0,8
441.203851437,8,data,27,8,1,111,0,8
441.226146913,3,data,27,3,5,134,0,8
441.241123005,0,data,27,0,2,136,0,8
441.343628029,5,data,27,8,1,111,1,8
441.366040199,2,data,27,2,3,86,0,8
441.460710825,4,data,27,4,5,112,0,8
441.486059863,1,data,27,1,7,134,0,8
441.655553857,6,data,27,6,2,139,0,8
441.759718254,5,data,27,5,8,133,0,8
441.958782531,7,data,27,7,5,101,0,8
442.203851437,8,data,27,8,6,112,0,8
442.226146913,3,data,27,3,1,135,0,8
442.241123005,0,data,27,0,2,137,0,8
442.366040199,2,data,27,2,5,87,0,8
442.460710825,4,data,27,4,8,113,0,8
442.486059863,1,data,27,1,3,135,0,8
442.655553857,6,data,27,6,1,140,0,8
442.759718254,5,data,27,5,3,134,0,8
442.795331038,0,data,27,6,1,140,1,8
442.958782531,7,data,27,7,5,102,0,8
443.203851437,8,data,27,8,1,113,0,8
443.226146913,3,data,27,3,0,136,0,8
443.241123005,0,data,27,0,4,138,0,8
443.343628029,5,data,27,8,1,113,1,8
443.366040199,2,data,27,2,4,88,0,8
443.460710825,4,data,27,4,8,114,0,8
443.486059863,1,data,27,1,7,136,0,8
443.655553857,6,data,27,6,2,141,0,8
443.759718254,5,data,27,5,0,135,0,8
443.795330447,3,data,27,6,2,141,1,8
443.958782531,7,data,27,7,5,103,0,8
444.203851437,8,data,27,8,7,114,0,8
444.226146913,3,data,27,3,1,137,0,8
444.241123005,0,data,27,0,5,139,0,8
444.366040199,2,data,27,2,7,89,0,8
444.460710825,4,data,27,4,8,115,0,8
444.486059863,1,data,27,1,3,137,0,8
444.655553857,6,data,27,6,2,142,0,8
444.759718254,5,data,27,5,0,136,0,8
444.958782531,7,data,27,7,8,104,0,8
445.203851437,8,data,27,8,1,115,0,8
445.226146913,3,data,27,3,4,138,0,8
445.241123005,0,data,27,0,6,140,0,8
445.343628029,5,data,27,8,1,115,1,8
445.366040199,2,data,27,2,8,90,0,8
445.460710825,4,data,27,4,7,116,0,8
445.486059863,1,data,27,1,7,138,0,8
445.655553857,6,data,27,6,8,143,0,8
445.759718254,5,data,27,5,8,137,0,8
445.958782531,7,data,27,7,6,105,0,8
446.203851437,8,data,27,8,5,116,0,8
446.226146913,3,data,27,3,5,139,0,8
446.241123005,0,data,27,0,2,141,0,8
446.365923503,6,data,27,3,5,139,1,8
446.366040199,2,data,27,2,1,91,0,8
446.460710825,4,data,27,4,8,117,0,8
446.486059863,1,data,27,1,2,139,0,8
446.655553857,6,data,27,6,5,144,0,8
446.759718254,5,data,27,5,1,138,0,8
446.795330447,7,data,27,6,5,144,1,8
446.958782531,7,data,27,7,3,106,0,8
447.203851437,8,data,27,8,4,117,0,8
447.226146913,3,data,27,3,0,140,0,8
447.241123005,0,data,27,0,8,142,0,8
447.366040199,2,data,27,2,3,92,0,8
447.460710825,4,data,27,4,3,118,0,8
447.486059863,1,data,27,1,2,140,0,8
447.655553857,6,data,27,6,5,145,0,8
447.759718254,5,data,27,5,3,139,0,8
447.899494846,8,data,27,5,3,139,1,8
447.958782531,7,data,27,7,0,107,0,8
448.203851437,8,data,27,8,7,118,0,8
448.226146913,3,data,27,3,6,141,0,8
448.241123005,0,data,27,0,5,143,0,8
448.366040199,2,data,27,2,1,93,0,8
448.460710825,4,data,27,4,2,119,0,8
448.486059863,1,data,27,1,4,141,0,8
448.655553857,6,data,27,6,0,146,0,8
448.759718254,5,data,27,5,2,140,0,8
448.958782531,7,data,27,7,6,108,0,8
449.203851437,8,data,27,8,4,119,0,8
449.226146913,3,data,27,3,5,142,0,8
449.241123005,0,data,27,0,1,144,0,8
449.366040199,2,data,27,2,6,94,0,8
449.460710825,4,data,27,4,0,120,0,8
449.486059863,1,data,27,1,2,142,0,8
449.655553857,6,data,27,6,2,147,0,8
449.759718254,5,data,27,5,7,141,0,8
449.958782531,7,data,27,7,1,109,0,8
450.098559366,3,data,27,7,1,109,1,8
450.203851437,8,data,27,8,3,120,0,8
450.241123005,0,data,27,0,2,145,0,8
450.258815366,3,data,27,3,5,143,0,8
450.366040199,2,data,27,2,0,95,0,8
450.460710825,4,data,27,4,2,121,0,8
450.486059863,1,data,27,1,4,143,0,8
450.655553857,6,data,27,6,1,148,0,8
450.759718254,5,data,27,5,1,142,0,8
450.958782531,7,data,27,7,3,110,0,8
451.203851437,8,data,27,8,1,121,0,8
451.226146913,3,data,27,3,8,144,0,8
451.241123005,0,data,27,0,6,146,0,8
451.343628029,5,data,27,8,1,121,1,8
451.366040199,2,data,27,2,3,96,0,8
451.460710825,4,data,27,4,6,122,0,8
451.486059863,1,data,27,1,8,144,0,8
451.655553857,6,data,27,6,5,149,0,8
451.759718254,5,data,27,5,3,143,0,8
451.899494846,8,data,27,5,3,143,1,8
451.958782531,7,data,27,7,0,111,0,8
452.203851437,8,data,27,8,0,122,0,8
452.226146913,3,data,27,3,0,145,0,8
452.241123005,0,data,27,0,3,147,0,8
452.343628029,5,data,27,8,0,122,1,8
452.366040199,2,data,27,2,1,97,0,8
452.460710825,4,data,27,4,2,123,0,8
452.486059863,1,data,27,1,5,145,0,8
452.655553857,6,data,27,6,7,150,0,8
452.759718254,5,data,27,5,1,144,0,8
452.958782531,7,data,27,7,3,112,0,8
453.203851437,8,data,27,8,3,123,0,8
453.226146913,3,data,27,3,4,146,0,8
453.241123005,0,data,27,0,4,148,0,8
453.366040199,2,data,27,2,7,98,0,8
453.460710825,4,data,27,4,5,124,0,8
453.486059863,1,data,27,1,2,146,0,8
453.655553857,6,data,27,6,3,151,0,8
453.759718254,5,data,27,5,0,145,0,8
453.958782531,7,data,27,7,5,113,0,8
454.203851437,8,data,27,8,1,124,0,8
454.226146913,3,data,27,3,4,147,0,8
454.241123005,0,data,27,0,6,149,0,8
454.366040199,2,data,27,2,1,99,0,8
454.460710825,4,data,27,4,7,125,0,8
454.486059863,1,data,27,1,3,147,0,8
454.655553857,6,data,27,6,3,152,0,8
454.759718254,5,data,27,5,3,146,0,8
454.958782531,7,data,27,7,5,114,0,8
455.203851437,8,data,27,8,3,125,0,8
455.226146913,3,data,27,3,6,148,0,8
455.241123005,0,data,27,0,3,150,0,8
455.366040199,2,data,27,2,3,100,0,8
455.460710825,4,data,27,4,7,126,0,8
455.486059863,1,data,27,1,3,148,0,8
455.655553857,6,data,27,6,7,153,0,8
455.759718254,5,data,27,5,0,147,0,8
455.958782531,7,data,27,7,4,115,0,8
456.203851437,8,data,27,8,6,126,0,8
456.226146913,3,data,27,3,4,149,0,8
456.241123005,0,data,27,0,8,151,0,8
456.366040199,2,data,27,2,1,101,0,8
456.460710825,4,data,27,4,0,127,0,8
456.486059863,1,data,27,1,3,149,0,8
456.655553857,6,data,27,6,8,154,0,8
456.759718254,5,data,27,5,4,148,0,8
456.958782531,7,data,27,7,4,116,0,8
457.203851437,8,data,27,8,6,127,0,8
457.226146913,3,data,27,3,5,150,0,8
457.241123005,0,data,27,0,7,152,0,8
457.366040199,2,data,27,2,5,102,0,8
457.460710825,4,data,27,4,1,128,0,8
457.486059863,1,data,27,1,3,150,0,8
457.655553857,6,data,27,6,0,155,0,8
457.759718254,5,data,27,5,2,149,0,8
457.958782531,7,data,27,7,2,117,0,8
458.098559366,5,data,27,7,2,117,1,8
458.203851437,8,data,27,8,2,128,0,8
458.226146913,3,data,27,3,6,151,0,8
458.241123005,0,data,27,0,5,153,0,8
458.366040199,2,data,27,2,4,103,0,8
458.460710825,4,data,27,4,6,129,0,8
458.486059863,1,data,27,1,0,151,0,8
458.655553857,6,data,27,6,7,156,0,8
458.759718254,5,data,27,5,8,150,0,8
458.958782531,7,data,27,7,5,118,0,8
459.203851437,8,data,27,8,5,129,0,8
459.226146913,3,data,27,3,5,152,0,8
459.241123005,0,data,27,0,2,154,0,8
459.366040199,2,data,27,2,0,104,0,8
459.460710825,4,data,27,4,3,130,0,8
459.486059863,1,data,27,1,5,152,0,8
459.655553857,6,data,27,6,1,157,0,8
459.759718254,5,data,27,5,2,151,0,8
459.795331038,0,data,27,6,1,157,1,8
459.958782531,7,data,27,7,4,119,0,8
460.203851437,8,data,27,8,0,130,0,8
460.226146913,3,data,27,3,7,153,0,8
460.241123005,0,data,27,0,3,155,0,8
460.343628029,5,data,27,8,0,130,1,8
460.365923503,6,data,27,3,7,153,1,8
460.366040199,2,data,27,2,4,105,0,8
460.460710825,4,data,27,4,1,131,0,8
460.486059863,1,data,27,1,8,153,0,8
460.655553857,6,data,27,6,8,158,0,8
460.759718254,5,data,27,5,8,152,0,8
460.958782531,7,data,27,7,1,120,0,8
461.098559366,3,data,27,7,1,120,1,8
461.203851437,8,data,27,8,5,131,0,8
461.241123005,0,data,27,0,6,156,0,8
461.258815366,3,data,27,3,8,154,0,8
461.366040199,2,data,27,2,8,106,0,8
461.460710825,4,data,27,4,5,132,0,8
461.486059863,1,data,27,1,4,154,0,8
461.655553857,6,data,27,6,3,159,0,8
461.759718254,5,data,27,5,1,153,0,8
461.958782531,7,data,27,7,2,121,0,8
462.098559366,5,data,27,7,2,121,1,8
462.203851437,8,data,27,8,7,132,0,8
462.226146913,3,data,27,3,5,155,0,8
462.241123005,0,data,27,0,8,157,0,8
462.366040199,2,data,27,2,0,107,0,8
462.460710825,4,data,27,4,3,133,0,8
462.486059863,1,data,27,1,5,155,0,8
462.655553857,6,data,27,6,4,160,0,8
462.759718254,5,data,27,5,1,154,0,8
462.958782531,7,data,27,7,0,122,0,8
463.098559121,6,data,27,7,0,122,1,8
463.203851437,8,data,27,8,1,133,0,8
463.226146913,3,data,27,3,8,156,0,8
463.241123005,0,data,27,0,7,158,0,8
463.343628029,5,data,27,8,1,133,1,8
463.366040199,2,data,27,2,0,108,0,8
463.460710825,4,data,27,4,5,134,0,8
463.486059863,1,data,27,1,5,156,0,8
463.655553857,6,data,27,6,0,161,0,8
463.759718254,5,data,27,5,8,155,0,8
463.958782531,7,data,27,7,6,123,0,8
464.203851437,8,data,27,8,5,134,0,8
464.226146913,3,data,27,3,7,157,0,8
464.241123005,0,data,27,0,1,159,0,8
464.366040199,2,data,27,2,6,109,0,8
464.460710825,4,data,27,4,6,135,0,8
464.486059863,1,data,27,1,5,157,0,8
464.655553857,6,data,27,6,8,162,0,8
464.759718254,5,data,27,5,6,156,0,8
464.958782531,7,data,27,7,2,124,0,8
465.098559366,5,data,27,7,2,124,1,8
465.203851437,8,data,27,8,4,135,0,8
465.226146913,3,data,27,3,2,158,0,8
465.241123005,0,data,27,0,5,160,0,8
465.366040199,2,data,27,2,7,110,0,8
465.460710825,4,data,27,4,0,136,0,8
465.486059863,1,data,27,1,8,158,0,8
465.655553857,6,data,27,6,1,163,0,8
465.759718254,5,data,27,5,7,157,0,8
465.958782531,7,data,27,7,5,125,0,8
466.203851437,8,data,27,8,2,136,0,8
466.226146913,3,data,27,3,4,159,0,8
466.241123005,0,data,27,0,8,161,0,8
466.366040199,2,data,27,2,1,111,0,8
466.460710825,4,data,27,4,0,137,0,8
466.486059863,1,data,27,1,2,159,0,8
466.655553857,6,data,27,6,0,164,0,8
466.759718254,5,data,27,5,4,158,0,8
466.958782531,7,data,27,7,6,126,0,8
467.203851437,8,data,27,8,5,137,0,8
467.226146913,3,data,27,3,4,160,0,8
467.241123005,0,data,27,0,8,162,0,8
467.366040199,2,data,27,2,6,112,0,8
467.460710825,4,data,27,4,1,138,0,8
467.486059863,1,data,27,1,4,160,0,8
467.655553857,6,data,27,6,5,165,0,8
467.759718254,5,data,27,5,1,159,0,8
467.795330447,7,data,27,6,5,165,1,8
467.958782531,7,data,27,7,0,127,0,8
468.098559121,6,data,27,7,0,127,1,8
468.203851437,8,data,27,8,1,138,0,8
468.226146913,3,data,27,3,0,161,0,8
468.241123005,0,data,27,0,5,163,0,8
468.366040199,2,data,27,2,6,113,0,8
468.460710825,4,data,27,4,7,139,0,8
468.486059863,1,data,27,1,4,161,0,8
468.655553857,6,data,27,6,0,166,0,8
468.759718254,5,data,27,5,6,160,0,8
468.958782531,7,data,27,7,2,128,0,8
469.203851437,8,data,27,8,1,139,0,8
469.226146913,3,data,27,3,0,162,0,8
469.241123005,0,data,27,0,2,164,0,8
469.343628029,5,data,27,8,1,139,1,8
469.366040199,2,data,27,2,6,114,0,8
469.460710825,4,data,27,4,2,140,0,8
469.486059863,1,data,27,1,6,162,0,8
469.655553857,6,data,27,6,2,167,0,8
469.759718254,5,data,27,5,3,161,0,8
469.958782531,7,data,27,7,2,129,0,8
470.098559366,5,data,27,7,2,129,1,8
470.203851437,8,data,27,8,5,140,0,8
470.226146913,3,data,27,3,4,163,0,8
470.241123005,0,data,27,0,8,165,0,8
470.366040199,2,data,27,2,3,115,0,8
470.460710825,4,data,27,4,7,141,0,8
470.486059863,1,data,27,1,5,163,0,8
470.655553857,6,data,27,6,1,168,0,8
470.759718254,5,data,27,5,8,162,0,8
470.958782531,7,data,27,7,2,130,0,8
471.098559366,5,data,27,7,2,130,1,8
471.203851437,8,data,27,8,5,141,0,8
471.226146913,3,data,27,3,1,164,0,8
471.241123005,0,data,27,0,1,166,0,8
471.366040199,2,data,27,2,5,116,0,8
471.460710825,4,data,27,4,1,142,0,8
471.486059863,1,data,27,1,2,164,0,8
471.655553857,6,data,27,6,8,169,0,8
471.759718254,5,data,27,5,6,163,0,8
471.958782531,7,data,27,7,0,131,0,8
472.098559121,6,data,27,7,0,131,1,8
472.203851437,8,data,27,8,0,142,0,8
472.226146913,3,data,27,3,7,165,0,8
472.241123005,0,data,27,0,3,167,0,8
472.366040199,2,data,27,2,7,117,0,8
472.460710825,4,data,27,4,7,143,0,8
472.486059863,1,data,27,1,8,165,0,8
472.655553857,6,data,27,6,8,170,0,8
472.759718254,5,data,27,5,7,164,0,8
472.899494846,8,data,27,5,7,164,1,8
472.958782531,7,data,27,7,3,132,0,8
473.203851437,8,data,27,8,3,143,0,8
473.226146913,3,data,27,3,1,166,0,8
473.241123005,0,data,27,0,3,168,0,8
473.366040199,2,data,27,2,7,118,0,8
473.460710825,4,data,27,4,3,144,0,8
473.486059863,1,data,27,1,0,166,0,8
473.655553857,6,data,27,6,7,171,0,8
473.759718254,5,data,27,5,1,165,0,8
473.958782531,7,data,27,7,1,133,0,8
474.098559366,3,data,27,7,1,133,1,8
474.203851437,8,data,27,8,4,144,0,8
474.241123005,0,data,27,0,5,169,0,8
474.258815366,3,data,27,3,6,167,0,8
474.366040199,2,data,27,2,0,119,0,8
474.460710825,4,data,27,4,5,145,0,8
474.486059863,1,data,27,1,7,167,0,8
474.655553857,6,data,27,6,3,172,0,8
474.759718254,5,data,27,5,4,166,0,8
474.958782531,7,data,27,7,1,134,0,8
475.203851437,8,data,27,8,7,145,0,8
475.226146913,3,data,27,3,0,168,0,8
475.241123005,0,data,27,0,4,170,0,8
475.366040199,2,data,27,2,8,120,0,8
475.460710825,4,data,27,4,5,146,0,8
475.486059863,1,data,27,1,2,168,0,8
475.655553857,6,data,27,6,1,173,0,8
475.759718254,5,data,27,5,3,167,0,8
475.958782531,7,data,27,7,4,135,0,8
476.203851437,8,data,27,8,3,146,0,8
476.226146913,3,data,27,3,0,169,0,8
476.241123005,0,data,27,0,1,171,0,8
476.366040199,2,data,27,2,3,121,0,8
476.460710825,4,data,27,4,1,147,0,8
476.486059863,1,data,27,1,8,169,0,8
476.655553857,6,data,27,6,1,174,0,8
476.759718254,5,data,27,5,8,168,0,8
476.958782531,7,data,27,7,2,136,0,8
477.098559366,5,data,27,7,2,136,1,8
477.203851437,8,data,27,8,7,147,0,8
477.226146913,3,data,27,3,5,170,0,8
477.241123005,0,data,27,0,8,172,0,8
477.366040199,2,data,27,2,1,122,0,8
477.460710825,4,data,27,4,7,148,0,8
477.486059863,1,data,27,1,0,170,0,8
477.655553857,6,data,27,6,2,175,0,8
477.759718254,5,data,27,5,6,169,0,8
477.958782531,7,data,27,7,0,137,0,8
478.098559121,6,data,27,7,0,137,1,8
478.203851437,8,data,27,8,3,148,0,8
478.226146913,3,data,27,3,8,171,0,8
478.241123005,0,data,27,0,2,173,0,8
478.366040199,2,data,27,2,4,123,0,8
478.460710825,4,data,27,4,6,149,0,8
478.486059863,1,data,27,1,7,171,0,8
478.655553857,6,data,27,6,2,176,0,8
478.759718254,5,data,27,5,3,170,0,8
478.795330447,3,data,27,6,2,176,1,8
478.899494846,8,data,27,5,3,170,1,8
478.958782531,7,data,27,7,5,138,0,8
479.203851437,8,data,27,8,0,149,0,8
479.226146913,3,data,27,3,2,172,0,8
479.241123005,0,data,27,0,1,174,0,8
479.366040199,2,data,27,2,3,124,0,8
479.460710825,4,data,27,4,7,150,0,8
479.486059863,1,data,27,1,3,172,0,8
479.655553857,6,data,27,6,0,177,0,8
479.759718254,5,data,27,5,6,171,0,8
479.958782531,7,data,27,7,5,139,0,8
480.203851437,8,data,27,8,0,150,0,8
480.226146913,3,data,27,3,2,173,0,8
480.241123005,0,data,27,0,1,175,0,8
480.343628029,5,data,27,8,0,150,1,8
480.366040199,2,data,27,2,3,125,0,8
480.460710825,4,data,27,4,3,151,0,8
480.486059863,1,data,27,1,8,173,0,8
480.655553857,6,data,27,6,3,178,0,8
480.759718254,5,data,27,5,2,172,0,8
480.958782531,7,data,27,7,3,140,0,8
481.203851437,8,data,27,8,0,151,0,8
481.226146913,3,data,27,3,4,174,0,8
481.241123005,0,data,27,0,1,176,0,8
481.343628029,5,data,27,8,0,151,1,8
481.366040199,2,data,27,2,3,126,0,8
481.460710825,4,data,27,4,6,152,0,8
481.486059863,1,data,27,1,6,174,0,8
481.655553857,6,data,27,6,7,179,0,8
481.759718254,5,data,27,5,8,173,0,8
481.958782531,7,data,27,7,0,141,0,8
482.098559121,6,data,27,7,0,141,1,8
482.203851437,8,data,27,8,7,152,0,8
482.226146913,3,data,27,3,6,175,0,8
482.241123005,0,data,27,0,1,177,0,8
482.366040199,2,data,27,2,4,127,0,8
482.460710825,4,data,27,4,3,153,0,8
482.486059863,1,data,27,1,7,175,0,8
482.655553857,6,data,27,6,2,180,0,8
482.759718254,5,data,27,5,4,174,0,8
482.958782531,7,data,27,7,0,142,0,8
483.098559121,6,data,27,7,0,142,1,8
483.203851437,8,data,27,8,7,153,0,8
483.205627681,2,beacon,30,2,65535,9,0,8
483.226146913,3,data,27,3,8,176,0,8
483.241123005,0,data,27,0,1,178,0,8
483.376123681,2,data,27,2,5,128,0,8
483.460710825,4,data,27,4,7,154,0,8
483.486059863,1,data,27,1,5,176,0,8
483.655553857,6,data,27,6,3,181,0,8
483.759718254,5,data,27,5,3,175,0,8
483.899494846,8,data,27,5,3,175,1,8
483.958782531,7,data,27,7,4,143,0,8
484.203851437,8,data,27,8,5,154,0,8
484.226146913,3,data,27,3,8,177,0,8
484.241123005,0,data,27,0,7,179,0,8
484.365923503,6,data,27,3,8,177,1,8
484.366040199,2,data,27,2,7,129,0,8
484.460710825,4,data,27,4,1,155,0,8
484.486059863,1,data,27,1,6,177,0,8
484.655553857,6,data,27,6,7,182,0,8
484.759718254,5,data,27,5,6,176,0,8
484.958782531,7,data,27,7,6,144,0,8
485.203851437,8,data,27,8,4,155,0,8
485.226146913,3,data,27,3,0,178,0,8
485.241123005,0,data,27,0,5,180,0,8
485.366040199,2,data,27,2,5,130,0,8
485.460710825,4,data,27,4,5,156,0,8
485.486059863,1,data,27,1,3,178,0,8
485.655553857,6,data,27,6,2,183,0,8
485.759718254,5,data,27,5,8,177,0,8
485.958782531,7,data,27,7,3,145,0,8
486.060164480,4,beacon,30,4,65535,9,0,7
486.203851437,8,data,27,8,5,156,0,8
486.226146913,3,data,27,3,5,179,0,8
486.241123005,0,data,27,0,6,181,0,8
486.366040199,2,data,27,2,5,131,0,8
486.422851395,0,beacon,30,0,65535,9,0,7
486.460710825,4,data,27,4,1,157,0,8
486.486059863,1,data,27,1,4,179,0,8
486.655553857,6,data,27,6,8,184,0,8
486.759718254,5,data,27,5,6,178,0,8
486.958782531,7,data,27,7,6,146,0,8
487.203851437,8,data,27,8,1,157,0,8
487.226146913,3,data,27,3,0,180,0,8
487.241123005,0,data,27,0,2,182,0,8
487.366040199,2,data,27,2,6,132,0,8
487.460710825,4,data,27,4,8,158,0,8
487.486059863,1,data,27,1,8,180,0,8
487.655553857,6,data,27,6,2,185,0,8
487.759718254,5,data,27,5,3,179,0,8
487.815809857,6,beacon,30,6,65535,9,0,8
487.931177313,1,beacon,30,1,65535,9,0,7
487.958782531,7,data,27,7,4,147,0,8
488.129722679,8,beacon,30,8,65535,9,0,8
488.226146913,3,data,27,3,2,181,0,8
488.241123005,0,data,27,0,8,183,0,8
488.300218679,8,data,27,8,1,158,0,8
488.366040199,2,data,27,2,5,133,0,8
488.460710825,4,data,27,4,2,159,0,8
488.486059863,1,data,27,1,0,181,0,8
488.655553857,6,data,27,6,5,186,0,8
488.759718254,5,data,27,5,8,180,0,8
488.795330447,7,data,27,6,5,186,1,8
488.958782531,7,data,27,7,8,148,0,8
489.203851437,8,data,27,8,2,159,0,8
489.226146913,3,data,27,3,4,182,0,8
489.241123005,0,data,27,0,2,184,0,8
489.366040199,2,data,27,2,1,134,0,8
489.460710825,4,data,27,4,8,160,0,8
489.486059863,1,data,27,1,2,182,0,8
489.655553857,6,data,27,6,4,187,0,8
489.759718254,5,data,27,5,7,181,0,8
489.958782531,7,data,27,7,4,149,0,8
490.179680522,5,beacon,30,5,65535,9,0,7
490.203851437,8,data,27,8,3,160,0,8
490.226146913,3,data,27,3,4,183,0,8
490.241123005,0,data,27,0,2,185,0,8
490.366040199,2,data,27,2,4,135,0,8
490.460710825,4,data,27,4,3,161,0,8
490.486059863,1,data,27,1,3,183,0,8
490.655553857,6,data,27,6,4,188,0,8
490.759718254,5,data,27,5,4,182,0,8
490.958782531,7,data,27,7,6,150,0,8
491.000395817,3,beacon,30,3,65535,9,0,8
491.203851437,8,data,27,8,6,161,0,8
491.226146913,3,data,27,3,5,184,0,8
491.241123005,0,data,27,0,5,186,0,8
491.366040199,2,data,27,2,3,136,0,8
491.460710825,4,data,27,4,6,162,0,8
491.486059863,1,data,27,1,5,184,0,8
491.655553857,6,data,27,6,3,189,0,8
491.759718254,5,data,27,5,6,183,0,8
491.958782531,7,data,27,7,2,151,0,8
492.203851437,8,data,27,8,4,162,0,8
492.226146913,3,data,27,3,7,185,0,8
492.241123005,0,data,27,0,7,187,0,8
492.366040199,2,data,27,2,7,137,0,8
492.460710825,4,data,27,4,0,163,0,8
492.486059863,1,data,27,1,6,185,0,8
492.655553857,6,data,27,6,0,190,0,8
492.759718254,5,data,27,5,7,184,0,8
492.847284098,7,beacon,30,7,65535,9,0,7
492.958782531,7,data,27,7,2,152,0,8
493.098559366,5,data,27,7,2,152,1,8
493.203851437,8,data,27,8,4,163,0,8
493.226146913,3,data,27,3,4,186,0,8
493.241123005,0,data,27,0,2,188,0,8
493.366040199,2,data,27,2,8,138,0,8
493.460710825,4,data,27,4,1,164,0,8
493.486059863,1,data,27,1,3,186,0,8
493.655553857,6,data,27,6,0,191,0,8
493.759718254,5,data,27,5,7,185,0,8
493.899494846,8,data,27,5,7,185,1,8
493.958782531,7,data,27,7,8,153,0,8
494.203851437,8,data,27,8,6,164,0,8
494.226146913,3,data,27,3,8,187,0,8
494.241123005,0,data,27,0,2,189,0,8
494.343628029,7,data,27,8,6,164,1,8
494.366040199,2,data,27,2,4,139,0,8
494.460710825,4,data,27,4,8,165,0,8
494.486059863,1,data,27,1,6,187,0,8
494.655553857,6,data,27,6,2,192,0,8
494.759718254,5,data,27,5,3,186,0,8
494.795330447,3,data,27,6,2,192,1,8
494.958782531,7,data,27,7,2,154,0,8
495.098559366,5,data,27,7,2,154,1,8
495.203851437,8,data,27,8,4,165,0,8
495.226146913,3,data,27,3,1,188,0,8
495.241123005,0,data,27,0,3,190,0,8
495.366040199,2,data,27,2,8,140,0,8
495.460710825,4,data,27,4,8,166,0,8
495.486059863,1,data,27,1,0,188,0,8
495.655553857,6,data,27,6,7,193,0,8
495.759718254,5,data,27,5,1,187,0,8
495.958782531,7,data,27,7,2,155,0,8
496.098559366,5,data,27,7,2,155,1,8
496.203851437,8,data,27,8,2,166,0,8
496.226146913,3,data,27,3,5,189,0,8
496.241123005,0,data,27,0,8,191,0,8
496.366040199,2,data,27,2,0,141,0,8
496.460710825,4,data,27,4,6,167,0,8
496.486059863,1,data,27,1,3,189,0,8
496.655553857,6,data,27,6,3,194,0,8
496.759718254,5,data,27,5,7,188,0,8
496.958782531,7,data,27,7,4,156,0,8
497.203851437,8,data,27,8,2,167,0,8
497.226146913,3,data,27,3,0,190,0,8
497.241123005,0,data,27,0,8,192,0,8
497.366040199,2,data,27,2,6,142,0,8
497.460710825,4,data,27,4,5,168,0,8
497.486059863,1,data,27,1,5,190,0,8
497.655553857,6,data,27,6,0,195,0,8
497.759718254,5,data,27,5,4,189,0,8
497.958782531,7,data,27,7,6,157,0,8
498.203851437,8,data,27,8,7,168,0,8
498.226146913,3,data,27,3,0,191,0,8
498.241123005,0,data,27,0,5,193,0,8
498.366040199,2,data,27,2,6,143,0,8
498.460710825,4,data,27,4,8,169,0,8
498.486059863,1,data,27,1,3,191,0,8
498.655553857,6,data,27,6,2,196,0,8
498.759718254,5,data,27,5,3,190,0,8
498.795330447,3,data,27,6,2,196,1,8
498.958782531,7,data,27,7,4,158,0,8
499.203851437,8,data,27,8,5,169,0,8
499.226146913,3,data,27,3,4,192,0,8
499.241123005,0,data,27,0,4,194,0,8
499.366040199,2,data,27,2,3,144,0,8
499.460710825,4,data,27,4,0,170,0,8
499.486059863,1,data,27,1,8,192,0,8
499.655553857,6,data,27,6,0,197,0,8
499.759718254,5,data,27,5,6,191,0,8
499.958782531,7,data,27,7,6,159,0,8
500.203851437,8,data,27,8,5,170,0,8
500.226146913,3,data,27,3,5,193,0,8
500.241123005,0,data,27,0,7,195,0,8
500.365923503,6,data,27,3,5,193,1,8
500.366040199,2,data,27,2,7,145,0,8
500.460710825,4,data,27,4,7,171,0,8
500.486059863,1,data,27,1,6,193,0,8
500.505700093,7,data,27,3,5,193,2,8
500.655553857,6,data,27,6,5,198,0,8
500.759718254,5,data,27,5,3,192,0,8
500.899494846,8,data,27,5,3,192,1,8
500.958782531,7,data,27,7,8,160,0,8
501.203851437,8,data,27,8,5,171,0,8
501.226146913,3,data,27,3,5,194,0,8
501.241123005,0,data,27,0,7,196,0,8
501.366040199,2,data,27,2,0,146,0,8
501.460710825,4,data,27,4,0,172,0,8
501.486059863,1,data,27,1,6,194,0,8
501.655553857,6,data,27,6,3,199,0,8
501.759718254,5,data,27,5,8,193,0,8
501.958782531,7,data,27,7,4,161,0,8
502.203851437,8,data,27,8,7,172,0,8
502.226146913,3,data,27,3,8,195,0,8
502.241123005,0,data,27,0,4,197,0,8
502.366040199,2,data,27,2,5,147,0,8
502.460710825,4,data,27,4,3,173,0,8
502.486059863,1,data,27,1,6,195,0,8
502.655553857,6,data,27,6,0,200,0,8
502.759718254,5,data,27,5,7,194,0,8
502.899494846,8,data,27,5,7,194,1,8
502.958782531,7,data,27,7,4,162,0,8
503.203851437,8,data,27,8,1,173,0,8
503.226146913,3,data,27,3,2,196,0,8
503.241123005,0,data,27,0,3,198,0,8
503.343628029,5,data,27,8,1,173,1,8
503.366040199,2,data,27,2,3,148,0,8
503.460710825,4,data,27,4,3,174,0,8
503.486059863,1,data,27,1,4,196,0,8
503.655553857,6,data,27,6,2,201,0,8
503.759718254,5,data,27,5,7,195,0,8
503.795330447,3,data,27,6,2,201,1,8
503.958782531,7,data,27,7,1,163,0,8
504.098559366,3,data,27,7,1,163,1,8
504.203851437,8,data,27,8,3,174,0,8
504.241123005,0,data,27,0,4,199,0,8
504.258815366,3,data,27,3,6,197,0,8
504.366040199,2,data,27,2,8,149,0,8
504.460710825,4,data,27,4,5,175,0,8
504.486059863,1,data,27,1,2,197,0,8
504.655553857,6,data,27,6,1,202,0,8
504.759718254,5,data,27,5,1,196,0,8
504.958782531,7,data,27,7,2,164,0,8
505.203851437,8,data,27,8,4,175,0,8
505.226146913,3,data,27,3,1,198,0,8
505.241123005,0,data,27,0,2,200,0,8
505.366040199,2,data,27,2,3,150,0,8
505.460710825,4,data,27,4,3,176,0,8
505.486059863,1,data,27,1,0,198,0,8
505.655553857,6,data,27,6,1,203,0,8
505.759718254,5,data,27,5,1,197,0,8
505.958782531,7,data,27,7,1,165,0,8
506.098559366,3,data,27,7,1,165,1,8
506.203851437,8,data,27,8,4,176,0,8
506.241123005,0,data,27,0,1,201,0,8
506.258815366,3,data,27,3,0,199,0,8
506.366040199,2,data,27,2,5,151,0,8
506.460710825,4,data,27,4,3,177,0,8
506.486059863,1,data,27,1,3,199,0,8
506.655553857,6,data,27,6,2,204,0,8
506.759718254,5,data,27,5,6,198,0,8
506.795330447,3,data,27,6,2,204,1,8
506.958782531,7,data,27,7,1,166,0,8
507.203851437,8,data,27,8,2,177,0,8
507.226146913,3,data,27,3,0,200,0,8
507.241123005,0,data,27,0,4,202,0,8
507.366040199,2,data,27,2,3,152,0,8
507.460710825,4,data,27,4,7,178,0,8
507.486059863,1,data,27,1,5,200,0,8
507.655553857,6,data,27,6,0,205,0,8
507.759718254,5,data,27,5,8,199,0,8
507.958782531,7,data,27,7,1,167,0,8
508.098559366,3,data,27,7,1,167,1,8
508.203851437,8,data,27,8,4,178,0,8
508.241123005,0,data,27,0,8,203,0,8
508.258815366,3,data,27,3,7,201,0,8
508.366040199,2,data,27,2,3,153,0,8
508.460710825,4,data,27,4,1,179,0,8
508.486059863,1,data,27,1,3,201,0,8
508.655553857,6,data,27,6,7,206,0,8
508.759718254,5,data,27,5,3,200,0,8
508.899494846,8,data,27,5,3,200,1,8
508.958782531,7,data,27,7,2,168,0,8
509.203851437,8,data,27,8,5,179,0,8
509.226146913,3,data,27,3,7,202,0,8
509.241123005,0,data,27,0,4,204,0,8
509.366040199,2,data,27,2,4,154,0,8
509.460710825,4,data,27,4,8,180,0,8
509.486059863,1,data,27,1,4,202,0,8
509.655553857,6,data,27,6,3,207,0,8
509.759718254,5,data,27,5,0,201,0,8
509.958782531,7,data,27,7,4,169,0,8
510.203851437,8,data,27,8,5,180,0,8
510.226146913,3,data,27,3,0,203,0,8
510.241123005,0,data,27,0,5,205,0,8
510.366040199,2,data,27,2,3,155,0,8
510.460710825,4,data,27,4,0,181,0,8
510.486059863,1,data,27,1,6,203,0,8
510.655553857,6,data,27,6,8,208,0,8
510.759718254,5,data,27,5,6,202,0,8
510.958782531,7,data,27,7,4,170,0,8
511.203851437,8,data,27,8,3,181,0,8
511.226146913,3,data,27,3,8,204,0,8
511.241123005,0,data,27,0,4,206,0,8
511.366040199,2,data,27,2,1,156,0,8
511.460710825,4,data,27,4,3,182,0,8
511.486059863,1,data,27,1,4,204,0,8
511.655553857,6,data,27,6,3,209,0,8
511.759718254,5,data,27,5,7,203,0,8
511.958782531,7,data,27,7,0,171,0,8
512.098559121,6,data,27,7,0,171,1,8
512.203851437,8,data,27,8,6,182,0,8
512.226146913,3,data,27,3,5,205,0,8
512.241123005,0,data,27,0,2,207,0,8
512.366040199,2,data,27,2,3,157,0,8
512.460710825,4,data,27,4,3,183,0,8
512.486059863,1,data,27,1,4,205,0,8
512.655553857,6,data,27,6,4,210,0,8
512.759718254,5,data,27,5,7,204,0,8
512.958782531,7,data,27,7,6,172,0,8
513.203851437,8,data,27,8,0,183,0,8
513.226146913,3,data,27,3,1,206,0,8
513.241123005,0,data,27,0,4,208,0,8
513.366040199,2,data,27,2,5,158,0,8
513.460710825,4,data,27,4,7,184,0,8
513.486059863,1,data,27,1,6,206,0,8
513.655553857,6,data,27,6,3,211,0,8
513.759718254,5,data,27,5,2,205,0,8
513.958782531,7,data,27,7,4,173,0,8
514.203851437,8,data,27,8,7,184,0,8
514.226146913,3,data,27,3,2,207,0,8
514.241123005,0,data,27,0,2,209,0,8
514.366040199,2,data,27,2,5,159,0,8
514.460710825,4,data,27,4,8,185,0,8
514.486059863,1,data,27,1,7,207,0,8
514.655553857,6,data,27,6,2,212,0,8
514.759718254,5,data,27,5,1,206,0,8
514.795330447,3,data,27,6,2,212,1,8
514.958782531,7,data,27,7,2,174,0,8
515.098559366,5,data,27,7,2,174,1,8
515.203851437,8,data,27,8,7,185,0,8
515.226146913,3,data,27,3,2,208,0,8
515.241123005,0,data,27,0,4,210,0,8
515.366040199,2,data,27,2,4,160,0,8
515.460710825,4,data,27,4,3,186,0,8
515.486059863,1,data,27,1,8,208,0,8
515.655553857,6,data,27,6,1,213,0,8
515.759718254,5,data,27,5,6,207,0,8
515.958782531,7,data,27,7,5,175,0,8
516.203851437,8,data,27,8,4,186,0,8
516.226146913,3,data,27,3,0,209,0,8
516.241123005,0,data,27,0,6,211,0,8
516.366040199,2,data,27,2,1,161,0,8
516.460710825,4,data,27,4,8,187,0,8
516.486059863,1,data,27,1,3,209,0,8
516.655553857,6,data,27,6,2,214,0,8
516.759718254,5,data,27,5,8,208,0,8
516.958782531,7,data,27,7,5,176,0,8
517.203851437,8,data,27,8,2,187,0,8
517.226146913,3,data,27,3,4,210,0,8
517.241123005,0,data,27,0,5,212,0,8
517.366040199,2,data,27,2,6,162,0,8
517.460710825,4,data,27,4,6,188,0,8
517.486059863,1,data,27,1,2,210,0,8
517.655553857,6,data,27,6,5,215,0,8
517.759718254,5,data,27,5,4,209,0,8
517.958782531,7,data,27,7,5,177,0,8
518.203851437,8,data,27,8,5,188,0,8
518.226146913,3,data,27,3,1,211,0,8
518.241123005,0,data,27,0,8,213,0,8
518.366040199,2,data,27,2,5,163,0,8
518.460710825,4,data,27,4,1,189,0,8
518.486059863,1,data,27,1,8,211,0,8
518.655553857,6,data,27,6,3,216,0,8
518.759718254,5,data,27,5,3,210,0,8
518.899494846,8,data,27,5,3,210,1,8
518.958782531,7,data,27,7,2,178,0,8
519.203851437,8,data,27,8,5,189,0,8
519.226146913,3,data,27,3,6,212,0,8
519.241123005,0,data,27,0,2,214,0,8
519.366040199,2,data,27,2,8,164,0,8
519.460710825,4,data,27,4,7,190,0,8
519.486059863,1,data,27,1,7,212,0,8
519.655553857,6,data,27,6,4,217,0,8
519.759718254,5,data,27,5,7,211,0,8
519.958782531,7,data,27,7,6,179,0,8
520.203851437,8,data,27,8,2,190,0,8
520.226146913,3,data,27,3,1,213,0,8
520.241123005,0,data,27,0,6,215,0,8
520.343628029,5,data,27,8,2,190,1,8
520.366040199,2,data,27,2,6,165,0,8
520.460710825,4,data,27,4,3,191,0,8
520.486059863,1,data,27,1,7,213,0,8
520.655553857,6,data,27,6,7,218,0,8
520.759718254,5,data,27,5,6,212,0,8
520.958782531,7,data,27,7,5,180,0,8
521.203851437,8,data,27,8,1,191,0,8
521.226146913,3,data,27,3,1,214,0,8
521.241123005,0,data,27,0,2,216,0,8
521.343628029,5,data,27,8,1,191,1,8
521.366040199,2,data,27,2,4,166,0,8
521.460710825,4,data,27,4,8,192,0,8
521.486059863,1,data,27,1,6,214,0,8
521.655553857,6,data,27,6,7,219,0,8
521.759718254,5,data,27,5,1,213,0,8
521.958782531,7,data,27,7,2,181,0,8
522.098559366,5,data,27,7,2,181,1,8
522.203851437,8,data,27,8,4,192,0,8
522.226146913,3,data,27,3,4,215,0,8
522.241123005,0,data,27,0,1,217,0,8
522.366040199,2,data,27,2,4,167,0,8
522.460710825,4,data,27,4,3,193,0,8
522.486059863,1,data,27,1,2,215,0,8
522.655553857,6,data,27,6,5,220,0,8
522.759718254,5,data,27,5,0,214,0,8
522.958782531,7,data,27,7,4,182,0,8
523.203851437,8,data,27,8,6,193,0,8
523.226146913,3,data,27,3,2,216,0,8
523.241123005,0,data,27,0,5,218,0,8
523.366040199,2,data,27,2,8,168,0,8
523.460710825,4,data,27,4,2,194,0,8
523.486059863,1,data,27,1,3,216,0,8
523.655553857,6,data,27,6,1,221,0,8
523.759718254,5,data,27,5,1,215,0,8
523.795331038,0,data,27,6,1,221,1,8
523.958782531,7,data,27,7,4,183,0,8
524.203851437,8,data,27,8,1,194,0,8
524.226146913,3,data,27,3,1,217,0,8
524.241123005,0,data,27,0,5,219,0,8
524.366040199,2,data,27,2,6,169,0,8
524.460710825,4,data,27,4,8,195,0,8
524.486059863,1,data,27,1,5,217,0,8
524.655553857,6,data,27,6,3,222,0,8
524.759718254,5,data,27,5,4,216,0,8
524.958782531,7,data,27,7,5,184,0,8
525.203851437,8,data,27,8,5,195,0,8
525.226146913,3,data,27,3,6,218,0,8
525.241123005,0,data,27,0,3,220,0,8
525.366040199,2,data,27,2,8,170,0,8
525.460710825,4,data,27,4,2,196,0,8
525.486059863,1,data,27,1,8,218,0,8
525.655553857,6,data,27,6,4,223,0,8
525.759718254,5,data,27,5,8,217,0,8
525.958782531,7,data,27,7,1,185,0,8
526.098559366,3,data,27,7,1,185,1,8
526.203851437,8,data,27,8,4,196,0,8
526.241123005,0,data,27,0,4,221,0,8
526.258815366,3,data,27,3,8,219,0,8
526.366040199,2,data,27,2,6,171,0,8
526.398591956,6,data,27,3,8,219,1,8
526.460710825,4,data,27,4,8,197,0,8
526.486059863,1,data,27,1,4,219,0,8
526.655553857,6,data,27,6,5,224,0,8
526.759718254,5,data,27,5,0,218,0,8
526.958782531,7,data,27,7,1,186,0,8
527.098559366,3,data,27,7,1,186,1,8
527.203851437,8,data,27,8,6,197,0,8
527.241123005,0,data,27,0,5,222,0,8
527.258815366,3,data,27,3,2,220,0,8
527.366040199,2,data,27,2,0,172,0,8
527.460710825,4,data,27,4,2,198,0,8
527.486059863,1,data,27,1,8,220,0,8
527.655553857,6,data,27,6,0,225,0,8
527.759718254,5,data,27,5,8,219,0,8
527.958782531,7,data,27,7,0,187,0,8
528.098559121,6,data,27,7,0,187,1,8
528.203851437,8,data,27,8,2,198,0,8
528.226146913,3,data,27,3,2,221,0,8
528.241123005,0,data,27,0,5,223,0,8
528.366040199,2,data,27,2,6,173,0,8
528.460710825,4,data,27,4,1,199,0,8
528.486059863,1,data,27,1,0,221,0,8
528.655553857,6,data,27,6,8,226,0,8
528.759718254,5,data,27,5,4,220,0,8
528.958782531,7,data,27,7,0,188,0,8
529.098559121,6,data,27,7,0,188,1,8
529.203851437,8,data,27,8,0,199,0,8
529.226146913,3,data,27,3,7,222,0,8
529.241123005,0,data,27,0,7,224,0,8
529.366040199,2,data,27,2,6,174,0,8
529.460710825,4,data,27,4,6,200,0,8
529.486059863,1,data,27,1,5,222,0,8
529.655553857,6,data,27,6,7,227,0,8
529.759718254,5,data,27,5,4,221,0,8
529.958782531,7,data,27,7,1,189,0,8
530.098559366,3,data,27,7,1,189,1,8
530.203851437,8,data,27,8,2,200,0,8
530.241123005,0,data,27,0,1,225,0,8
530.258815366,3,data,27,3,7,223,0,8
530.366040199,2,data,27,2,5,175,0,8
530.460710825,4,data,27,4,3,201,0,8
530.486059863,1,data,27,1,0,223,0,8
530.655553857,6,data,27,6,8,228,0,8
530.759718254,5,data,27,5,7,222,0,8
530.899494846,8,data,27,5,7,222,1,8
530.958782531,7,data,27,7,1,190,0,8
531.203851437,8,data,27,8,1,201,0,8
531.226146913,3,data,27,3,7,224,0,8
531.241123005,0,data,27,0,6,226,0,8
531.366040199,2,data,27,2,5,176,0,8
531.460710825,4,data,27,4,2,202,0,8
531.486059863,1,data,27,1,8,224,0,8
531.655553857,6,data,27,6,5,229,0,8
531.759718254,5,data,27,5,3,223,0,8
531.958782531,7,data,27,7,3,191,0,8
532.203851437,8,data,27,8,7,202,0,8
532.226146913,3,data,27,3,2,225,0,8
532.241123005,0,data,27,0,4,227,0,8
532.366040199,2,data,27,2,1,177,0,8
532.460710825,4,data,27,4,8,203,0,8
532.486059863,1,data,27,1,5,225,0,8
532.655553857,6,data,27,6,8,230,0,8
532.759718254,5,data,27,5,7,224,0,8
532.958782531,7,data,27,7,4,192,0,8
533.203851437,8,data,27,8,5,203,0,8
533.226146913,3,data,27,3,5,226,0,8
533.241123005,0,data,27,0,6,228,0,8
533.365923503,6,data,27,3,5,226,1,8
533.366040199,2,data,27,2,1,178,0,8
533.460710825,4,data,27,4,7,204,0,8
533.486059863,1,data,27,1,3,226,0,8
533.505700093,7,data,27,3,5,226,2,8
533.655553857,6,data,27,6,0,231,0,8
533.759718254,5,data,27,5,1,225,0,8
533.958782531,7,data,27,7,2,193,0,8
534.098559366,5,data,27,7,2,193,1,8
534.203851437,8,data,27,8,5,204,0,8
534.226146913,3,data,27,3,4,227,0,8
534.241123005,0,data,27,0,5,229,0,8
534.366040199,2,data,27,2,3,179,0,8
534.460710825,4,data,27,4,8,205,0,8
534.486059863,1,data,27,1,6,227,0,8
534.655553857,6,data,27,6,7,232,0,8
534.759718254,5,data,27,5,8,226,0,8
534.958782531,7,data,27,7,4,194,0,8
535.203851437,8,data,27,8,5,205,0,8
535.226146913,3,data,27,3,2,228,0,8
535.241123005,0,data,27,0,8,230,0,8
535.366040199,2,data,27,2,3,180,0,8
535.460710825,4,data,27,4,2,206,0,8
535.486059863,1,data,27,1,0,228,0,8
535.655553857,6,data,27,6,8,233,0,8
535.759718254,5,data,27,5,3,227,0,8
535.958782531,7,data,27,7,8,195,0,8
536.203851437,8,data,27,8,7,206,0,8
536.226146913,3,data,27,3,1,229,0,8
536.241123005,0,data,27,0,8,231,0,8
536.366040199,2,data,27,2,6,181,0,8
536.460710825,4,data,27,4,3,207,0,8
536.486059863,1,data,27,1,2,229,0,8
536.655553857,6,data,27,6,2,234,0,8
536.759718254,5,data,27,5,0,228,0,8
536.958782531,7,data,27,7,4,196,0,8
537.203851437,8,data,27,8,3,207,0,8
537.226146913,3,data,27,3,7,230,0,8
537.241123005,0,data,27,0,6,232,0,8
537.366040199,2,data,27,2,8,182,0,8
537.460710825,4,data,27,4,6,208,0,8
537.486059863,1,data,27,1,4,230,0,8
537.505816789,5,data,27,2,8,182,1,8
537.655553857,6,data,27,6,1,235,0,8
537.759718254,5,data,27,5,2,229,0,8
537.958782531,7,data,27,7,0,197,0,8
538.098559121,6,data,27,7,0,197,1,8
538.203851437,8,data,27,8,7,208,0,8
538.226146913,3,data,27,3,6,231,0,8
538.241123005,0,data,27,0,4,233,0,8
538.366040199,2,data,27,2,0,183,0,8
538.460710825,4,data,27,4,7,209,0,8
538.486059863,1,data,27,1,0,231,0,8
538.655553857,6,data,27,6,5,236,0,8
538.759718254,5,data,27,5,3,230,0,8
538.899494846,8,data,27,5,3,230,1,8
538.958782531,7,data,27,7,2,198,0,8
539.203851437,8,data,27,8,5,209,0,8
539.226146913,3,data,27,3,7,232,0,8
539.241123005,0,data,27,0,8,234,0,8
539.366040199,2,data,27,2,3,184,0,8
539.460710825,4,data,27,4,0,210,0,8
539.486059863,1,data,27,1,4,232,0,8
539.655553857,6,data,27,6,2,237,0,8
539.759718254,5,data,27,5,2,231,0,8
539.958782531,7,data,27,7,3,199,0,8
540.203851437,8,data,27,8,0,210,0,8
540.226146913,3,data,27,3,5,233,0,8
540.241123005,0,data,27,0,6,235,0,8
540.366040199,2,data,27,2,6,185,0,8
540.460710825,4,data,27,4,3,211,0,8
540.486059863,1,data,27,1,6,233,0,8
540.655553857,6,data,27,6,7,238,0,8
540.759718254,5,data,27,5,2,232,0,8
540.958782531,7,data,27,7,6,200,0,8
541.203851437,8,data,27,8,6,211,0,8
541.226146913,3,data,27,3,1,234,0,8
541.241123005,0,data,27,0,2,236,0,8
541.366040199,2,data,27,2,0,186,0,8
541.460710825,4,data,27,4,2,212,0,8
541.486059863,1,data,27,1,2,234,0,8
541.655553857,6,data,27,6,5,239,0,8
541.759718254,5,data,27,5,8,233,0,8
541.958782531,7,data,27,7,5,201,0,8
542.203851437,8,data,27,8,3,212,0,8
542.226146913,3,data,27,3,4,235,0,8
542.241123005,0,data,27,0,4,237,0,8
542.366040199,2,data,27,2,3,187,0,8
542.460710825,4,data,27,4,2,213,0,8
542.486059863,1,data,27,1,2,235,0,8
542.655553857,6,data,27,6,7,240,0,8
542.759718254,5,data,27,5,6,234,0,8
542.958782531,7,data,27,7,0,202,0,8
543.098559121,6,data,27,7,0,202,1,8
543.203851437,8,data,27,8,2,213,0,8
543.205627681,2,beacon,30,2,65535,10,0,7
543.226146913,3,data,27,3,8,236,0,8
543.241123005,0,data,27,0,3,238,0,8
543.343628029,5,data,27,8,2,213,1,8
543.366040199,2,data,27,2,6,188,0,8
543.460710825,4,data,27,4,6,214,0,8
543.486059863,1,data,27,1,6,236,0,8
543.655553857,6,data,27,6,5,241,0,8
543.759718254,5,data,27,5,4,235,0,8
543.795330447,7,data,27,6,5,241,1,8
543.958782531,7,data,27,7,4,203,0,8
544.203851437,8,data,27,8,7,214,0,8
544.226146913,3,data,27,3,8,237,0,8
544.241123005,0,data,27,0,7,239,0,8
544.366040199,2,data,27,2,6,189,0,8
544.460710825,4,data,27,4,3,215,0,8
544.486059863,1,data,27,1,0,237,0,8
544.655553857,6,data,27,6,0,242,0,8
544.759718254,5,data,27,5,7,236,0,8
544.958782531,7,data,27,7,0,204,0,8
545.098559121,6,data,27,7,0,204,1,8
545.203851437,8,data,27,8,5,215,0,8
545.226146913,3,data,27,3,1,238,0,8
545.241123005,0,data,27,0,3,240,0,8
545.366040199,2,data,27,2,1,190,0,8
545.460710825,4,data,27,4,7,216,0,8
545.486059863,1,data,27,1,6,238,0,8
545.655553857,6,data,27,6,8,243,0,8
545.759718254,5,data,27,5,7,237,0,8
545.899494846,8,data,27,5,7,237,1,8
545.958782531,7,data,27,7,2,205,0,8
546.060164480,4,beacon,30,4,65535,10,0,8
546.203851437,8,data,27,8,3,216,0,8
546.226146913,3,data,27,3,1,239,0,8
546.241123005,0,data,27,0,4,241,0,8
546.366040199,2,data,27,2,7,191,0,8
546.422851395,0,beacon,30,0,65535,10,0,7
546.460710825,4,data,27,4,8,217,0,8
546.486059863,1,data,27,1,4,239,0,8
546.655553857,6,data,27,6,8,244,0,8
546.759718254,5,data,27,5,2,238,0,8
546.958782531,7,data,27,7,1,206,0,8
547.098559366,3,data,27,7,1,206,1,8
547.203851437,8,data,27,8,2,217,0,8
547.241123005,0,data,27,0,8,242,0,8
547.258815366,3,data,27,3,8,240,0,8
547.366040199,2,data,27,2,8,192,0,8
547.460710825,4,data,27,4,5,218,0,8
547.486059863,1,data,27,1,2,240,0,8
547.655553857,6,data,27,6,7,245,0,8
547.759718254,5,data,27,5,8,239,0,8
547.815809857,6,beacon,30,6,65535,10,0,7
547.931177313,1,beacon,30,1,65535,10,0,7
547.958782531,7,data,27,7,4,207,0,8
548.129722679,8,beacon,30,8,65535,10,0,7
548.225210679,8,data,27,8,5,218,0,8
548.226146913,3,data,27,3,8,241,0,8
548.241123005,0,data,27,0,2,243,0,8
548.366040199,2,data,27,2,6,193,0,8
548.460710825,4,data,27,4,3,219,0,8
548.486059863,1,data,27,1,8,241,0,8
548.655553857,6,data,27,6,4,246,0,8
548.759718254,5,data,27,5,3,240,0,8
548.899494846,8,data,27,5,3,240,1,8
548.958782531,7,data,27,7,2,208,0,8
549.203851437,8,data,27,8,1,219,0,8
549.226146913,3,data,27,3,1,242,0,8
549.241123005,0,data,27,0,2,244,0,8
549.366040199,2,data,27,2,6,194,0,8
549.460710825,4,data,27,4,7,220,0,8
549.486059863,1,data,27,1,0,242,0,8
549.655553857,6,data,27,6,8,247,0,8
549.759718254,5,data,27,5,7,241,0,8
549.958782531,7,data,27,7,8,209,0,8
550.179680522,5,beacon,30,5,65535,10,0,7
550.203851437,8,data,27,8,7,220,0,8
550.226146913,3,data,27,3,1,243,0,8
550.241123005,0,data,27,0,5,245,0,8
550.366040199,2,data,27,2,8,195,0,8
550.460710825,4,data,27,4,7,221,0,8
550.486059863,1,data,27,1,0,243,0,8
550.655553857,6,data,27,6,8,248,0,8
550.759718254,5,data,27,5,1,242,0,8
550.958782531,7,data,27,7,3,210,0,8
551.000395817,3,beacon,30,3,65535,10,0,7
551.203851437,8,data,27,8,5,221,0,8
551.226146913,3,data,27,3,6,244,0,8
551.241123005,0,data,27,0,1,246,0,8
551.366040199,2,data,27,2,4,196,0,8
551.460710825,4,data,27,4,7,222,0,8
551.486059863,1,data,27,1,6,244,0,8
551.655553857,6,data,27,6,1,249,0,8
551.759718254,5,data,27,5,8,243,0,8
551.795331038,0,data,27,6,1,249,1,8
551.958782531,7,data,27,7,8,211,0,8
552.203851437,8,data,27,8,6,222,0,8
552.226146913,3,data,27,3,1,245,0,8
552.241123005,0,data,27,0,1,247,0,8
552.366040199,2,data,27,2,6,197,0,8
552.460710825,4,data,27,4,2,223,0,8
552.486059863,1,data,27,1,0,245,0,8
552.655553857,6,data,27,6,8,250,0,8
552.759718254,5,data,27,5,0,244,0,8
552.847284098,7,beacon,30,7,65535,10,0,7
552.958782531,7,data,27,7,8,212,0,8
553.203851437,8,data,27,8,2,223,0,8
553.226146913,3,data,27,3,4,246,0,8
553.241123005,0,data,27,0,5,248,0,8
553.366040199,2,data,27,2,7,198,0,8
553.460710825,4,data,27,4,0,224,0,8
553.486059863,1,data,27,1,5,246,0,8
553.655553857,6,data,27,6,1,251,0,8
553.759718254,5,data,27,5,2,245,0,8
553.958782531,7,data,27,7,4,213,0,8
554.203851437,8,data,27,8,6,224,0,8
554.226146913,3,data,27,3,1,247,0,8
554.241123005,0,data,27,0,3,249,0,8
554.343628029,7,data,27,8,6,224,1,8
554.366040199,2,data,27,2,0,199,0,8
554.460710825,4,data,27,4,3,225,0,8
554.486059863,1,data,27,1,8,247,0,8
554.655553857,6,data,27,6,5,252,0,8
554.759718254,5,data,27,5,4,246,0,8
554.795330447,7,data,27,6,5,252,1,8
554.958782531,7,data,27,7,0,214,0,8
555.098559121,6,data,27,7,0,214,1,8
555.203851437,8,data,27,8,6,225,0,8
555.226146913,3,data,27,3,8,248,0,8
555.241123005,0,data,27,0,2,250,0,8
555.366040199,2,data,27,2,4,200,0,8
555.460710825,4,data,27,4,8,226,0,8
555.486059863,1,data,27,1,6,248,0,8
555.655553857,6,data,27,6,0,253,0,8
555.759718254,5,data,27,5,3,247,0,8
555.899494846,8,data,27,5,3,247,1,8
555.958782531,7,data,27,7,1,215,0,8
556.203851437,8,data,27,8,3,226,0,8
556.226146913,3,data,27,3,6,249,0,8
556.241123005,0,data,27,0,8,251,0,8
556.366040199,2,data,27,2,4,201,0,8
556.460710825,4,data,27,4,5,227,0,8
556.486059863,1,data,27,1,4,249,0,8
556.655553857,6,data,27,6,4,254,0,8
556.759718254,5,data,27,5,0,248,0,8
556.958782531,7,data,27,7,6,216,0,8
557.203851437,8,data,27,8,1,227,0,8
557.226146913,3,data,27,3,0,250,0,8
557.241123005,0,data,27,0,3,252,0,8
557.366040199,2,data,27,2,5,202,0,8
557.460710825,4,data,27,4,5,228,0,8
557.486059863,1,data,27,1,7,250,0,8
557.655553857,6,data,27,6,7,255,0,8
557.759718254,5,data,27,5,0,249,0,8
557.958782531,7,data,27,7,4,217,0,8
558.203851437,8,data,27,8,0,228,0,8
558.226146913,3,data,27,3,4,251,0,8
558.241123005,0,data,27,0,8,253,0,8
558.366040199,2,data,27,2,6,203,0,8
558.460710825,4,data,27,4,5,229,0,8
558.486059863,1,data,27,1,3,251,0,8
558.655553857,6,data,27,6,8,256,0,8
558.759718254,5,data,27,5,6,250,0,8
558.958782531,7,data,27,7,1,218,0,8
559.098559366,3,data,27,7,1,218,1,8
559.203851437,8,data,27,8,1,229,0,8
559.241123005,0,data,27,0,5,254,0,8
559.258815366,3,data,27,3,6,252,0,8
559.366040199,2,data,27,2,7,204,0,8
559.460710825,4,data,27,4,8,230,0,8
559.486059863,1,data,27,1,8,252,0,8
559.655553857,6,data,27,6,0,257,0,8
559.759718254,5,data,27,5,3,251,0,8
559.958782531,7,data,27,7,3,219,0,8
560.203851437,8,data,27,8,0,230,0,8
560.226146913,3,data,27,3,0,253,0,8
560.241123005,0,data,27,0,7,255,0,8
560.366040199,2,data,27,2,1,205,0,8
560.460710825,4,data,27,4,5,231,0,8
560.486059863,1,data,27,1,2,253,0,8
560.655553857,6,data,27,6,4,258,0,8
560.759718254,5,data,27,5,2,252,0,8
560.958782531,7,data,27,7,4,220,0,8
561.203851437,8,data,27,8,3,231,0,8
561.226146913,3,data,27,3,0,254,0,8
561.241123005,0,data,27,0,8,256,0,8
561.366040199,2,data,27,2,1,206,0,8
561.460710825,4,data,27,4,1,232,0,8
561.486059863,1,data,27,1,3,254,0,8
561.655553857,6,data,27,6,0,259,0,8
561.759718254,5,data,27,5,3,253,0,8
561.958782531,7,data,27,7,8,221,0,8
562.203851437,8,data,27,8,7,232,0,8
562.226146913,3,data,27,3,4,255,0,8
562.241123005,0,data,27,0,6,257,0,8
562.366040199,2,data,27,2,5,207,0,8
562.460710825,4,data,27,4,1,233,0,8
562.486059863,1,data,27,1,4,255,0,8
562.655553857,6,data,27,6,3,260,0,8
562.759718254,5,data,27,5,2,254,0,8
562.958782531,7,data,27,7,0,222,0,8
563.098559121,6,data,27,7,0,222,1,8
563.203851437,8,data,27,8,0,233,0,8
563.226146913,3,data,27,3,4,256,0,8
563.241123005,0,data,27,0,6,258,0,8
563.343628029,5,data,27,8,0,233,1,8
563.366040199,2,data,27,2,1,208,0,8
563.460710825,4,data,27,4,0,234,0,8
563.486059863,1,data,27,1,7,256,0,8
563.655553857,6,data,27,6,3,261,0,8
563.759718254,5,data,27,5,4,255,0,8
563.958782531,7,data,27,7,8,223,0,8
564.203851437,8,data,27,8,7,234,0,8
564.226146913,3,data,27,3,7,257,0,8
564.241123005,0,data,27,0,6,259,0,8
564.366040199,2,data,27,2,1,209,0,8
564.460710825,4,data,27,4,6,235,0,8
564.486059863,1,data,27,1,7,257,0,8
564.655553857,6,data,27,6,3,262,0,8
564.759718254,5,data,27,5,1,256,0,8
564.958782531,7,data,27,7,8,224,0,8
565.203851437,8,data,27,8,3,235,0,8
565.226146913,3,data,27,3,5,258,0,8
565.241123005,0,data,27,0,6,260,0,8
565.365923748,7,data,27,3,5,258,1,8
565.366040199,2,data,27,2,5,210,0,8
565.460710825,4,data,27,4,5,236,0,8
565.486059863,1,data,27,1,0,258,0,8
565.655553857,6,data,27,6,4,263,0,8
565.759718254,5,data,27,5,0,257,0,8
565.958782531,7,data,27,7,5,225,0,8
566.203851437,8,data,27,8,1,236,0,8
566.226146913,3,data,27,3,2,259,0,8
566.241123005,0,data,27,0,7,261,0,8
566.366040199,2,data,27,2,1,211,0,8
566.460710825,4,data,27,4,7,237,0,8
566.486059863,1,data,27,1,2,259,0,8
566.655553857,6,data,27,6,4,264,0,8
566.759718254,5,data,27,5,2,258,0,8
566.958782531,7,data,27,7,4,226,0,8
567.203851437,8,data,27,8,5,237,0,8
567.226146913,3,data,27,3,2,260,0,8
567.241123005,0,data,27,0,7,262,0,8
567.366040199,2,data,27,2,1,212,0,8
567.460710825,4,data,27,4,2,238,0,8
567.486059863,1,data,27,1,6,260,0,8
567.655553857,6,data,27,6,4,265,0,8
567.759718254,5,data,27,5,1,259,0,8
567.958782531,7,data,27,7,6,227,0,8
568.203851437,8,data,27,8,0,238,0,8
568.226146913,3,data,27,3,0,261,0,8
568.241123005,0,data,27,0,2,263,0,8
568.366040199,2,data,27,2,5,213,0,8
568.460710825,4,data,27,4,6,239,0,8
568.486059863,1,data,27,1,5,261,0,8
568.655553857,6,data,27,6,7,266,0,8
568.759718254,5,data,27,5,7,260,0,8
568.899494846,8,data,27,5,7,260,1,8
568.958782531,7,data,27,7,4,228,0,8
569.203851437,8,data,27,8,5,239,0,8
569.226146913,3,data,27,3,0,262,0,8
569.241123005,0,data,27,0,4,264,0,8
569.366040199,2,data,27,2,0,214,0,8
569.460710825,4,data,27,4,8,240,0,8
569.486059863,1,data,27,1,2,262,0,8
569.655553857,6,data,27,6,5,267,0,8
569.759718254,5,data,27,5,3,261,0,8
569.899494846,8,data,27,5,3,261,1,8
569.958782531,7,data,27,7,1,229,0,8
570.098559366,3,data,27,7,1,229,1,8
570.203851437,8,data,27,8,3,240,0,8
570.241123005,0,data,27,0,6,265,0,8
570.258815366,3,data,27,3,1,263,0,8
570.366040199,2,data,27,2,6,215,0,8
570.460710825,4,data,27,4,8,241,0,8
570.486059863,1,data,27,1,8,263,0,8
570.655553857,6,data,27,6,8,268,0,8
570.759718254,5,data,27,5,7,262,0,8
570.899494846,8,data,27,5,7,262,1,8
570.958782531,7,data,27,7,8,230,0,8
571.203851437,8,data,27,8,1,241,0,8
571.226146913,3,data,27,3,2,264,0,8
571.241123005,0,data,27,0,8,266,0,8
571.366040199,2,data,27,2,5,216,0,8
571.460710825,4,data,27,4,7,242,0,8
571.486059863,1,data,27,1,4,264,0,8
571.655553857,6,data,27,6,2,269,0,8
571.759718254,5,data,27,5,7,263,0,8
571.795330447,3,data,27,6,2,269,1,8
571.958782531,7,data,27,7,3,231,0,8
572.203851437,8,data,27,8,7,242,0,8
572.226146913,3,data,27,3,6,265,0,8
572.241123005,0,data,27,0,2,267,0,8
572.366040199,2,data,27,2,5,217,0,8
572.460710825,4,data,27,4,0,243,0,8
572.486059863,1,data,27,1,3,265,0,8
572.655553857,6,data,27,6,2,270,0,8
572.759718254,5,data,27,5,1,264,0,8
572.958782531,7,data,27,7,5,232,0,8
573.203851437,8,data,27,8,4,243,0,8
573.226146913,3,data,27,3,6,266,0,8
573.241123005,0,data,27,0,2,268,0,8
573.366040199,2,data,27,2,1,218,0,8
573.460710825,4,data,27,4,8,244,0,8
573.486059863,1,data,27,1,8,266,0,8
573.655553857,6,data,27,6,1,271,0,8
573.759718254,5,data,27,5,8,265,0,8
573.958782531,7,data,27,7,8,233,0,8
574.203851437,8,data,27,8,2,244,0,8
574.226146913,3,data,27,3,7,267,0,8
574.241123005,0,data,27,0,4,269,0,8
574.366040199,2,data,27,2,5,219,0,8
574.460710825,4,data,27,4,5,245,0,8
574.486059863,1,data,27,1,2,267,0,8
574.655553857,6,data,27,6,7,272,0,8
574.759718254,5,data,27,5,3,266,0,8
574.958782531,7,data,27,7,4,234,0,8
575.203851437,8,data,27,8,1,245,0,8
575.226146913,3,data,27,3,1,268,0,8
575.241123005,0,data,27,0,4,270,0,8
575.343628029,7,data,27,8,1,245,1,8
575.366040199,2,data,27,2,6,220,0,8
575.460710825,4,data,27,4,0,246,0,8
575.486059863,1,data,27,1,5,268,0,8
575.655553857,6,data,27,6,8,273,0,8
575.759718254,5,data,27,5,0,267,0,8
575.958782531,7,data,27,7,1,235,0,8
576.098559366,3,data,27,7,1,235,1,8
576.203851437,8,data,27,8,3,246,0,8
576.241123005,0,data,27,0,3,271,0,8
576.258815366,3,data,27,3,7,269,0,8
576.366040199,2,data,27,2,4,221,0,8
576.460710825,4,data,27,4,5,247,0,8
576.486059863,1,data,27,1,8,269,0,8
576.655553857,6,data,27,6,1,274,0,8
576.759718254,5,data,27,5,0,268,0,8
576.795331038,0,data,27,6,1,274,1,8
576.958782531,7,data,27,7,2,236,0,8
577.098559366,5,data,27,7,2,236,1,8
577.203851437,8,data,27,8,2,247,0,8
577.226146913,3,data,27,3,7,270,0,8
577.241123005,0,data,27,0,4,272,0,8
577.366040199,2,data,27,2,5,222,0,8
577.460710825,4,data,27,4,5,248,0,8
577.486059863,1,data,27,1,3,270,0,8
577.655553857,6,data,27,6,4,275,0,8
577.759718254,5,data,27,5,8,269,0,8
577.958782531,7,data,27,7,5,237,0,8
578.203851437,8,data,27,8,7,248,0,8
578.226146913,3,data,27,3,1,271,0,8
578.241123005,0,data,27,0,4,273,0,8
578.366040199,2,data,27,2,8,223,0,8
578.460710825,4,data,27,4,2,249,0,8
578.486059863,1,data,27,1,5,271,0,8
578.655553857,6,data,27,6,4,276,0,8
578.759718254,5,data,27,5,0,270,0,8
578.958782531,7,data,27,7,4,238,0,8
579.203851437,8,data,27,8,1,249,0,8
579.226146913,3,data,27,3,8,272,0,8
579.241123005,0,data,27,0,2,274,0,8
579.366040199,2,data,27,2,0,224,0,8
579.460710825,4,data,27,4,0,250,0,8
579.486059863,1,data,27,1,0,272,0,8
579.655553857,6,data,27,6,2,277,0,8
579.759718254,5,data,27,5,1,271,0,8
579.795330447,3,data,27,6,2,277,1,8
579.958782531,7,data,27,7,6,239,0,8
580.203851437,8,data,27,8,2,250,0,8
580.226146913,3,data,27,3,2,273,0,8
580.241123005,0,data,27,0,6,275,0,8
580.343628029,5,data,27,8,2,250,1,8
580.366040199,2,data,27,2,5,225,0,8
580.460710825,4,data,27,4,1,251,0,8
580.486059863,1,data,27,1,3,273,0,8
580.655553857,6,data,27,6,4,278,0,8
580.759718254,5,data,27,5,4,272,0,8
580.958782531,7,data,27,7,5,240,0,8
581.203851437,8,data,27,8,1,251,0,8
581.226146913,3,data,27,3,8,274,0,8
581.241123005,0,data,27,0,8,276,0,8
581.366040199,2,data,27,2,1,226,0,8
581.460710825,4,data,27,4,7,252,0,8
581.486059863,1,data,27,1,7,274,0,8
581.655553857,6,data,27,6,5,279,0,8
581.759718254,5,data,27,5,1,273,0,8
581.958782531,7,data,27,7,2,241,0,8
582.203851437,8,data,27,8,6,252,0,8
582.226146913,3,data,27,3,8,275,0,8
582.241123005,0,data,27,0,5,277,0,8
582.343628029,7,data,27,8,6,252,1,8
582.366040199,2,data,27,2,4,227,0,8
582.460710825,4,data,27,4,8,253,0,8
582.486059863,1,data,27,1,5,275,0,8
582.655553857,6,data,27,6,2,280,0,8
582.759718254,5,data,27,5,8,274,0,8
582.958782531,7,data,27,7,1,242,0,8
583.098559366,3,data,27,7,1,242,1,8
583.203851437,8,data,27,8,3,253,0,8
583.241123005,0,data,27,0,8,278,0,8
583.258815366,3,data,27,3,8,276,0,8
583.366040199,2,data,27,2,4,228,0,8
583.460710825,4,data,27,4,6,254,0,8
583.486059863,1,data,27,1,8,276,0,8
583.655553857,6,data,27,6,5,281,0,8
583.759718254,5,data,27,5,6,275,0,8
583.958782531,7,data,27,7,4,243,0,8
584.203851437,8,data,27,8,1,254,0,8
584.226146913,3,data,27,3,5,277,0,8
584.241123005,0,data,27,0,3,279,0,8
584.366040199,2,data,27,2,1,229,0,8
584.460710825,4,data,27,4,8,255,0,8
584.486059863,1,data,27,1,3,277,0,8
584.655553857,6,data,27,6,3,282,0,8
584.759718254,5,data,27,5,1,276,0,8
584.958782531,7,data,27,7,3,244,0,8
585.203851437,8,data,27,8,1,255,0,8
585.226146913,3,data,27,3,1,278,0,8
585.241123005,0,data,27,0,1,280,0,8
585.366040199,2,data,27,2,8,230,0,8
585.460710825,4,data,27,4,2,256,0,8
585.486059863,1,data,27,1,0,278,0,8
585.655553857,6,data,27,6,2,283,0,8
585.759718254,5,data,27,5,4,277,0,8
585.795330447,3,data,27,6,2,283,1,8
585.958782531,7,data,27,7,8,245,0,8
586.203851437,8,data,27,8,3,256,0,8
586.226146913,3,data,27,3,1,279,0,8
586.241123005,0,data,27,0,5,281,0,8
586.366040199,2,data,27,2,4,231,0,8
586.460710825,4,data,27,4,7,257,0,8
586.486059863,1,data,27,1,7,279,0,8
586.655553857,6,data,27,6,0,284,0,8
586.759718254,5,data,27,5,0,278,0,8
586.958782531,7,data,27,7,0,246,0,8
587.098559121,6,data,27,7,0,246,1,8
587.203851437,8,data,27,8,1,257,0,8
587.226146913,3,data,27,3,5,280,0,8
587.241123005,0,data,27,0,4,282,0,8
587.366040199,2,data,27,2,8,232,0,8
587.460710825,4,data,27,4,7,258,0,8
587.486059863,1,data,27,1,8,280,0,8
587.655553857,6,data,27,6,0,285,0,8
587.759718254,5,data,27,5,4,279,0,8
587.958782531,7,data,27,7,3,247,0,8
588.203851437,8,data,27,8,5,258,0,8
588.226146913,3,data,27,3,5,281,0,8
588.241123005,0,data,27,0,4,283,0,8
588.366040199,2,data,27,2,7,233,0,8
588.460710825,4,data,27,4,1,259,0,8
588.486059863,1,data,27,1,0,281,0,8
588.655553857,6,data,27,6,8,286,0,8
588.759718254,5,data,27,5,1,280,0,8
588.958782531,7,data,27,7,3,248,0,8
589.203851437,8,data,27,8,5,259,0,8
589.226146913,3,data,27,3,5,282,0,8
589.241123005,0,data,27,0,5,284,0,8
589.366040199,2,data,27,2,6,234,0,8
589.460710825,4,data,27,4,6,260,0,8
589.486059863,1,data,27,1,7,282,0,8
589.655553857,6,data,27,6,4,287,0,8
589.759718254,5,data,27,5,0,281,0,8
589.958782531,7,data,27,7,8,249,0,8
590.203851437,8,data,27,8,5,260,0,8
590.226146913,3,data,27,3,6,283,0,8
590.241123005,0,data,27,0,2,285,0,8
590.366040199,2,data,27,2,4,235,0,8
590.460710825,4,data,27,4,0,261,0,8
590.486059863,1,data,27,1,2,283,0,8
590.655553857,6,data,27,6,3,288,0,8
590.759718254,5,data,27,5,3,282,0,8
590.899494846,8,data,27,5,3,282,1,8
590.958782531,7,data,27,7,0,250,0,8
591.203851437,8,data,27,8,1,261,0,8
591.226146913,3,data,27,3,4,284,0,8
591.241123005,0,data,27,0,8,286,0,8
591.343628029,7,data,27,8,1,261,1,8
591.366040199,2,data,27,2,7,236,0,8
591.460710825,4,data,27,4,8,262,0,8
591.486059863,1,data,27,1,6,284,0,8
591.655553857,6,data,27,6,0,289,0,8
591.759718254,5,data,27,5,6,283,0,8
591.958782531,7,data,27,7,5,251,0,8
592.203851437,8,data,27,8,2,262,0,8
592.226146913,3,data,27,3,2,285,0,8
592.241123005,0,data,27,0,8,287,0,8
592.343628029,5,data,27,8,2,262,1,8
592.366040199,2,data,27,2,7,237,0,8
592.460710825,4,data,27,4,0,263,0,8
592.486059863,1,data,27,1,0,285,0,8
592.655553857,6,data,27,6,5,290,0,8
592.759718254,5,data,27,5,4,284,0,8
592.958782531,7,data,27,7,4,252,0,8
593.203851437,8,data,27,8,3,263,0,8
593.226146913,3,data,27,3,1,286,0,8
593.241123005,0,data,27,0,5,288,0,8
593.366040199,2,data,27,2,6,238,0,8
593.460710825,4,data,27,4,8,264,0,8
593.486059863,1,data,27,1,4,286,0,8
593.655553857,6,data,27,6,4,291,0,8
593.759718254,5,data,27,5,6,285,0,8
593.899494844,4,data,27,5,6,285,1,8
593.958782531,7,data,27,7,3,253,0,8
594.203851437,8,data,27,8,4,264,0,8
594.226146913,3,data,27,3,8,287,0,8
594.241123005,0,data,27,0,4,289,0,8
594.343628029,7,data,27,8,4,264,1,8
594.366040199,2,data,27,2,1,239,0,8
594.460710825,4,data,27,4,3,265,0,8
594.486059863,1,data,27,1,7,287,0,8
594.655553857,6,data,27,6,3,292,0,8
594.759718254,5,data,27,5,2,286,0,8
594.958782531,7,data,27,7,1,254,0,8
595.098559366,3,data,27,7,1,254,1,8
595.203851437,8,data,27,8,6,265,0,8
595.241123005,0,data,27,0,6,290,0,8
595.258815366,3,data,27,3,7,288,0,8
595.366040199,2,data,27,2,0,240,0,8
595.460710825,4,data,27,4,5,266,0,8
595.486059863,1,data,27,1,8,288,0,8
595.655553857,6,data,27,6,8,293,0,8
595.759718254,5,data,27,5,8,287,0,8
595.958782531,7,data,27,7,8,255,0,8
596.203851437,8,data,27,8,7,266,0,8
596.226146913,3,data,27,3,2,289,0,8
596.241123005,0,data,27,0,4,291,0,8
596.366040199,2,data,27,2,1,241,0,8
596.460710825,4,data,27,4,0,267,0,8
596.486059863,1,data,27,1,2,289,0,8
596.655553857,6,data,27,6,2,294,0,8
596.759718254,5,data,27,5,3,288,0,8
596.795330447,3,data,27,6,2,294,1,8
596.958782531,7,data,27,7,6,256,0,8
597.203851437,8,data,27,8,7,267,0,8
597.226146913,3,data,27,3,6,290,0,8
597.241123005,0,data,27,0,4,292,0,8
597.366040199,2,data,27,2,8,242,0,8
597.460710825,4,data,27,4,8,268,0,8
597.486059863,1,data,27,1,7,290,0,8
597.655553857,6,data,27,6,5,295,0,8
597.759718254,5,data,27,5,2,289,0,8
597.958782531,7,data,27,7,4,257,0,8
598.203851437,8,data,27,8,5,268,0,8
598.226146913,3,data,27,3,8,291,0,8
598.241123005,0,data,27,0,2,293,0,8
598.366040199,2,data,27,2,6,243,0,8
598.460710825,4,data,27,4,1,269,0,8
598.486059863,1,data,27,1,5,291,0,8
598.655553857,6,data,27,6,8,296,0,8
598.759718254,5,data,27,5,4,290,0,8
598.958782531,7,data,27,7,1,258,0,8
599.203851437,8,data,27,8,3,269,0,8
599.226146913,3,data,27,3,2,292,0,8
599.241123005,0,data,27,0,1,294,0,8
599.366040199,2,data,27,2,6,244,0,8
599.460710825,4,data,27,4,6,270,0,8
599.486059863,1,data,27,1,6,292,0,8
599.655553857,6,data,27,6,2,297,0,8
599.759718254,5,data,27,5,2,291,0,8
599.958782531,7,data,27,7,3,259,0,8
600.203851437,8,data,27,8,3,270,0,8
600.226146913,3,data,27,3,0,293,0,8
600.241123005,0,data,27,0,8,295,0,8
600.366040199,2,data,27,2,7,245,0,8
600.460710825,4,data,27,4,8,271,0,8
600.486059863,1,data,27,1,6,293,0,8
600.655553857,6,data,27,6,2,298,0,8
600.759718254,5,data,27,5,2,292,0,8
600.795330447,3,data,27,6,2,298,1,8
600.958782531,7,data,27,7,2,260,0,8
601.098559366,5,data,27,7,2,260,1,8
601.203851437,8,data,27,8,4,271,0,8
601.226146913,3,data,27,3,1,294,0,8
601.241123005,0,data,27,0,1,296,0,8
601.366040199,2,data,27,2,8,246,0,8
601.460710825,4,data,27,4,6,272,0,8
601.486059863,1,data,27,1,4,294,0,8
601.655553857,6,data,27,6,1,299,0,8
601.759718254,5,data,27,5,7,293,0,8
601.958782531,7,data,27,7,5,261,0,8
602.203851437,8,data,27,8,0,272,0,8
602.226146913,3,data,27,3,1,295,0,8
602.241123005,0,data,27,0,4,297,0,8
602.343628029,5,data,27,8,0,272,1,8
602.366040199,2,data,27,2,4,247,0,8
602.460710825,4,data,27,4,7,273,0,8
602.486059863,1,data,27,1,0,295,0,8
602.655553857,6,data,27,6,1,300,0,8
602.759718254,5,data,27,5,3,294,0,8
602.899494846,8,data,27,5,3,294,1,8
602.958782531,7,data,27,7,8,262,0,8
603.203851437,8,data,27,8,1,273,0,8
603.205627681,2,beacon,30,2,65535,11,0,7
603.226146913,3,data,27,3,1,296,0,8
603.241123005,0,data,27,0,2,298,0,8
603.366040199,2,data,27,2,5,248,0,8
603.460710825,4,data,27,4,2,274,0,8
603.486059863,1,data,27,1,0,296,0,8
603.655553857,6,data,27,6,0,301,0,8
603.759718254,5,data,27,5,1,295,0,8
603.958782531,7,data,27,7,6,263,0,8
604.203851437,8,data,27,8,0,274,0,8
604.226146913,3,data,27,3,4,297,0,8
604.241123005,0,data,27,0,1,299,0,8
604.343628029,5,data,27,8,0,274,1,8
604.366040199,2,data,27,2,1,249,0,8
604.460710825,4,data,27,4,5,275,0,8
604.486059863,1,data,27,1,3,297,0,8
604.655553857,6,data,27,6,4,302,0,8
604.759718254,5,data,27,5,6,296,0,8
604.958782531,7,data,27,7,6,264,0,8
605.203851437,8,data,27,8,7,275,0,8
605.226146913,3,data,27,3,4,298,0,8
605.241123005,0,data,27,0,1,300,0,8
605.366040199,2,data,27,2,1,250,0,8
605.460710825,4,data,27,4,8,276,0,8
605.486059863,1,data,27,1,3,298,0,8
605.655553857,6,data,27,6,7,303,0,8
605.759718254,5,data,27,5,8,297,0,8
605.958782531,7,data,27,7,4,265,0,8
606.060164480,4,beacon,30,4,65535,11,0,7
606.203851437,8,data,27,8,5,276,0,8
606.226146913,3,data,27,3,1,299,0,8
606.241123005,0,data,27,0,8,301,0,8
606.366040199,2,data,27,2,7,251,0,8
606.422851395,0,beacon,30,0,65535,11,0,7
606.460710825,4,data,27,4,1,277,0,8
606.486059863,1,data,27,1,5,299,0,8
606.655553857,6,data,27,6,8,304,0,8
606.759718254,5,data,27,5,6,298,0,8
606.958782531,7,data,27,7,5,266,0,8
607.203851437,8,data,27,8,4,277,0,8
607.226146913,3,data,27,3,8,300,0,8
607.241123005,0,data,27,0,8,302,0,8
607.366040199,2,data,27,2,4,252,0,8
607.460710825,4,data,27,4,1,278,0,8
607.486059863,1,data,27,1,7,300,0,8
607.655553857,6,data,27,6,2,305,0,8
607.759718254,5,data,27,5,0,299,0,8
607.815809857,6,beacon,30,6,65535,11,0,8
607.931177313,1,beacon,30,1,65535,11,0,7
607.958782531,7,data,27,7,3,267,0,8
608.129722679,8,beacon,30,8,65535,11,0,8
608.226146913,3,data,27,3,7,301,0,8
608.241123005,0,data,27,0,7,303,0,8
608.300218679,8,data,27,8,3,278,0,8
608.366040199,2,data,27,2,3,253,0,8
608.460710825,4,data,27,4,1,279,0,8
608.486059863,1,data,27,1,2,301,0,8
608.655553857,6,data,27,6,0,306,0,8
608.759718254,5,data,27,5,3,300,0,8
608.958782531,7,data,27,7,2,268,0,8
609.098559366,5,data,27,7,2,268,1,8
609.203851437,8,data,27,8,3,279,0,8
609.226146913,3,data,27,3,7,302,0,8
609.241123005,0,data,27,0,2,304,0,8
609.366040199,2,data,27,2,0,254,0,8
609.460710825,4,data,27,4,0,280,0,8
609.486059863,1,data,27,1,8,302,0,8
609.655553857,6,data,27,6,3,307,0,8
609.759718254,5,data,27,5,8,301,0,8
609.958782531,7,data,27,7,3,269,0,8
610.179680522,5,beacon,30,5,65535,11,0,7
610.203851437,8,data,27,8,6,280,0,8
610.226146913,3,data,27,3,7,303,0,8
610.241123005,0,data,27,0,8,305,0,8
610.343628029,7,data,27,8,6,280,1,8
610.366040199,2,data,27,2,6,255,0,8
610.460710825,4,data,27,4,8,281,0,8
610.486059863,1,data,27,1,0,303,0,8
610.655553857,6,data,27,6,4,308,0,8
610.759718254,5,data,27,5,8,302,0,8
610.958782531,7,data,27,7,3,270,0,8
611.000395817,3,beacon,30,3,65535,11,0,7
611.203851437,8,data,27,8,2,281,0,8
611.226146913,3,data,27,3,7,304,0,8
611.241123005,0,data,27,0,6,306,0,8
611.366040199,2,data,27,2,8,256,0,8
611.460710825,4,data,27,4,6,282,0,8
611.486059863,1,data,27,1,6,304,0,8
611.655553857,6,data,27,6,4,309,0,8
611.759718254,5,data,27,5,3,303,0,8
611.899494846,8,data,27,5,3,303,1,8
611.958782531,7,data,27,7,1,271,0,8
612.203851437,8,data,27,8,5,282,0,8
612.226146913,3,data,27,3,7,305,0,8
612.241123005,0,data,27,0,6,307,0,8
612.366040199,2,data,27,2,5,257,0,8
612.460710825,4,data,27,4,8,283,0,8
612.486059863,1,data,27,1,6,305,0,8
612.655553857,6,data,27,6,0,310,0,8
612.759718254,5,data,27,5,3,304,0,8
612.847284098,7,beacon,30,7,65535,11,0,7
612.958782531,7,data,27,7,1,272,0,8
613.098559366,3,data,27,7,1,272,1,8
613.203851437,8,data,27,8,2,283,0,8
613.241123005,0,data,27,0,1,308,0,8
613.258815366,3,data,27,3,7,306,0,8
613.366040199,2,data,27,2,8,258,0,8
613.460710825,4,data,27,4,2,284,0,8
613.486059863,1,data,27,1,5,306,0,8
613.655553857,6,data,27,6,1,311,0,8
613.759718254,5,data,27,5,4,305,0,8
613.958782531,7,data,27,7,2,273,0,8
614.098559366,5,data,27,7,2,273,1,8
614.203851437,8,data,27,8,6,284,0,8
614.226146913,3,data,27,3,0,307,0,8
614.241123005,0,data,27,0,4,309,0,8
614.366040199,2,data,27,2,6,259,0,8
614.460710825,4,data,27,4,2,285,0,8
614.486059863,1,data,27,1,8,307,0,8
614.655553857,6,data,27,6,8,312,0,8
614.759718254,5,data,27,5,2,306,0,8
614.958782531,7,data,27,7,0,274,0,8
615.098559121,6,data,27,7,0,274,1,8
615.203851437,8,data,27,8,5,285,0,8
615.226146913,3,data,27,3,0,308,0,8
615.241123005,0,data,27,0,2,310,0,8
615.366040199,2,data,27,2,3,260,0,8
615.460710825,4,data,27,4,5,286,0,8
615.486059863,1,data,27,1,3,308,0,8
615.655553857,6,data,27,6,5,313,0,8
615.759718254,5,data,27,5,6,307,0,8
615.958782531,7,data,27,7,4,275,0,8
616.203851437,8,data,27,8,2,286,0,8
616.226146913,3,data,27,3,1,309,0,8
616.241123005,0,data,27,0,4,311,0,8
616.366040199,2,data,27,2,3,261,0,8
616.460710825,4,data,27,4,2,287,0,8
616.486059863,1,data,27,1,4,309,0,8
616.655553857,6,data,27,6,7,314,0,8
616.759718254,5,data,27,5,7,308,0,8
616.899494846,8,data,27,5,7,308,1,8
616.958782531,7,data,27,7,1,276,0,8
617.203851437,8,data,27,8,6,287,0,8
617.226146913,3,data,27,3,2,310,0,8
617.241123005,0,data,27,0,5,312,0,8
617.366040199,2,data,27,2,3,262,0,8
617.460710825,4,data,27,4,7,288,0,8
617.486059863,1,data,27,1,0,310,0,8
617.655553857,6,data,27,6,7,315,0,8
617.759718254,5,data,27,5,0,309,0,8
617.958782531,7,data,27,7,4,277,0,8
618.203851437,8,data,27,8,5,288,0,8
618.226146913,3,data,27,3,0,311,0,8
618.241123005,0,data,27,0,5,313,0,8
618.366040199,2,data,27,2,8,263,0,8
618.460710825,4,data,27,4,6,289,0,8
618.486059863,1,data,27,1,3,311,0,8
618.655553857,6,data,27,6,3,316,0,8
618.759718254,5,data,27,5,3,310,0,8
618.958782531,7,data,27,7,2,278,0,8
619.098559366,5,data,27,7,2,278,1,8
619.203851437,8,data,27,8,6,289,0,8
619.226146913,3,data,27,3,0,312,0,8
619.241123005,0,data,27,0,3,314,0,8
619.366040199,2,data,27,2,8,264,0,8
619.460710825,4,data,27,4,2,290,0,8
619.486059863,1,data,27,1,6,312,0,8
619.655553857,6,data,27,6,4,317,0,8
619.759718254,5,data,27,5,7,311,0,8
619.958782531,7,data,27,7,3,279,0,8
620.203851437,8,data,27,8,7,290,0,8
620.226146913,3,data,27,3,4,313,0,8
620.241123005,0,data,27,0,6,315,0,8
620.366040199,2,data,27,2,0,265,0,8
620.460710825,4,data,27,4,8,291,0,8
620.486059863,1,data,27,1,7,313,0,8
620.655553857,6,data,27,6,4,318,0,8
620.759718254,5,data,27,5,3,312,0,8
620.899494846,8,data,27,5,3,312,1,8
620.958782531,7,data,27,7,1,280,0,8
621.203851437,8,data,27,8,1,291,0,8
621.226146913,3,data,27,3,6,314,0,8
621.241123005,0,data,27,0,1,316,0,8
621.366040199,2,data,27,2,8,266,0,8
621.460710825,4,data,27,4,3,292,0,8
621.486059863,1,data,27,1,5,314,0,8
621.655553857,6,data,27,6,4,319,0,8
621.759718254,5,data,27,5,7,313,0,8
621.958782531,7,data,27,7,6,281,0,8
622.203851437,8,data,27,8,6,292,0,8
622.226146913,3,data,27,3,6,315,0,8
622.241123005,0,data,27,0,6,317,0,8
622.343628029,7,data,27,8,6,292,1,8
622.366040199,2,data,27,2,1,267,0,8
622.460710825,4,data,27,4,0,293,0,8
622.486059863,1,data,27,1,7,315,0,8
622.655553857,6,data,27,6,5,320,0,8
622.759718254,5,data,27,5,4,314,0,8
622.958782531,7,data,27,7,2,282,0,8
623.203851437,8,data,27,8,6,293,0,8
623.226146913,3,data,27,3,2,316,0,8
623.241123005,0,data,27,0,8,318,0,8
623.366040199,2,data,27,2,1,268,0,8
623.460710825,4,data,27,4,0,294,0,8
623.486059863,1,data,27,1,0,316,0,8
623.655553857,6,data,27,6,7,321,0,8
623.759718254,5,data,27,5,3,315,0,8
623.958782531,7,data,27,7,3,283,0,8
624.203851437,8,data,27,8,2,294,0,8
624.226146913,3,data,27,3,5,317,0,8
624.241123005,0,data,27,0,2,319,0,8
624.366040199,2,data,27,2,3,269,0,8
624.460710825,4,data,27,4,8,295,0,8
624.486059863,1,data,27,1,8,317,0,8
624.655553857,6,data,27,6,3,322,0,8
624.759718254,5,data,27,5,7,316,0,8
624.958782531,7,data,27,7,8,284,0,8
625.203851437,8,data,27,8,4,295,0,8
625.226146913,3,data,27,3,7,318,0,8
625.241123005,0,data,27,0,8,320,0,8
625.366040199,2,data,27,2,3,270,0,8
625.460710825,4,data,27,4,7,296,0,8
625.486059863,1,data,27,1,8,318,0,8
625.655553857,6,data,27,6,2,323,0,8
625.759718254,5,data,27,5,2,317,0,8
625.958782531,7,data,27,7,0,285,0,8
626.098559121,6,data,27,7,0,285,1,8
626.203851437,8,data,27,8,4,296,0,8
626.226146913,3,data,27,3,4,319,0,8
626.241123005,0,data,27,0,6,321,0,8
626.366040199,2,data,27,2,1,271,0,8
626.460710825,4,data,27,4,2,297,0,8
626.486059863,1,data,27,1,4,319,0,8
626.655553857,6,data,27,6,2,324,0,8
626.759718254,5,data,27,5,7,318,0,8
626.795330447,3,data,27,6,2,324,1,8
626.899494846,8,data,27,5,7,318,1,8
626.958782531,7,data,27,7,5,286,0,8
627.203851437,8,data,27,8,4,297,0,8
627.226146913,3,data,27,3,2,320,0,8
627.241123005,0,data,27,0,3,322,0,8
627.366040199,2,data,27,2,8,272,0,8
627.460710825,4,data,27,4,3,298,0,8
627.486059863,1,data,27,1,2,320,0,8
627.655553857,6,data,27,6,4,325,0,8
627.759718254,5,data,27,5,4,319,0,8
627.958782531,7,data,27,7,8,287,0,8
628.203851437,8,data,27,8,6,298,0,8
628.226146913,3,data,27,3,1,321,0,8
628.241123005,0,data,27,0,2,323,0,8
628.366040199,2,data,27,2,3,273,0,8
628.460710825,4,data,27,4,0,299,0,8
628.486059863,1,data,27,1,0,321,0,8
628.655553857,6,data,27,6,5,326,0,8
628.759718254,5,data,27,5,1,320,0,8
628.958782531,7,data,27,7,4,288,0,8
629.203851437,8,data,27,8,5,299,0,8
629.226146913,3,data,27,3,5,322,0,8
629.241123005,0,data,27,0,7,324,0,8
629.366040199,2,data,27,2,0,274,0,8
629.460710825,4,data,27,4,0,300,0,8
629.486059863,1,data,27,1,0,322,0,8
629.655553857,6,data,27,6,3,327,0,8
629.759718254,5,data,27,5,3,321,0,8
629.899494846,8,data,27,5,3,321,1,8
629.958782531,7,data,27,7,6,289,0,8
630.203851437,8,data,27,8,4,300,0,8
630.226146913,3,data,27,3,5,323,0,8
630.241123005,0,data,27,0,5,325,0,8
630.366040199,2,data,27,2,0,275,0,8
630.460710825,4,data,27,4,3,301,0,8
630.486059863,1,data,27,1,8,323,0,8
630.655553857,6,data,27,6,2,328,0,8
630.759718254,5,data,27,5,2,322,0,8
630.795330447,3,data,27,6,2,328,1,8
630.958782531,7,data,27,7,2,290,0,8
631.098559366,5,data,27,7,2,290,1,8
631.203851437,8,data,27,8,1,301,0,8
631.226146913,3,data,27,3,5,324,0,8
631.241123005,0,data,27,0,3,326,0,8
631.366040199,2,data,27,2,0,276,0,8
631.460710825,4,data,27,4,1,302,0,8
631.486059863,1,data,27,1,6,324,0,8
631.655553857,6,data,27,6,7,329,0,8
631.759718254,5,data,27,5,8,323,0,8
631.958782531,7,data,27,7,6,291,0,8
632.203851437,8,data,27,8,7,302,0,8
632.226146913,3,data,27,3,1,325,0,8
632.241123005,0,data,27,0,8,327,0,8
632.366040199,2,data,27,2,7,277,0,8
632.460710825,4,data,27,4,3,303,0,8
632.486059863,1,data,27,1,2,325,0,8
632.655553857,6,data,27,6,5,330,0,8
632.759718254,5,data,27,5,6,324,0,8
632.958782531,7,data,27,7,2,292,0,8
633.203851437,8,data,27,8,2,303,0,8
633.226146913,3,data,27,3,8,326,0,8
633.241123005,0,data,27,0,6,328,0,8
633.343628029,5,data,27,8,2,303,1,8
633.366040199,2,data,27,2,1,278,0,8
633.460710825,4,data,27,4,5,304,0,8
633.486059863,1,data,27,1,0,326,0,8
633.625836698,5,data,27,1,0,326,1,8
633.655553857,6,data,27,6,5,331,0,8
633.786092698,5,data,27,5,6,325,0,8
633.925869288,4,data,27,5,6,325,1,8
633.958782531,7,data,27,7,3,293,0,8
634.203851437,8,data,27,8,7,304,0,8
634.226146913,3,data,27,3,1,327,0,8
634.241123005,0,data,27,0,5,329,0,8
634.366040199,2,data,27,2,0,279,0,8
634.460710825,4,data,27,4,3,305,0,8
634.486059863,1,data,27,1,5,327,0,8
634.655553857,6,data,27,6,3,332,0,8
634.759718254,5,data,27,5,1,326,0,8
634.958782531,7,data,27,7,6,294,0,8
635.203851437,8,data,27,8,3,305,0,8
635.226146913,3,data,27,3,5,328,0,8
635.241123005,0,data,27,0,2,330,0,8
635.366040199,2,data,27,2,6,280,0,8
635.460710825,4,data,27,4,8,306,0,8
635.486059863,1,data,27,1,5,328,0,8
635.655553857,6,data,27,6,8,333,0,8
635.759718254,5,data,27,5,8,327,0,8
635.958782531,7,data,27,7,5,295,0,8
636.203851437,8,data,27,8,0,306,0,8
636.226146913,3,data,27,3,1,329,0,8
636.241123005,0,data,27,0,8,331,0,8
636.366040199,2,data,27,2,8,281,0,8
636.460710825,4,data,27,4,8,307,0,8
636.486059863,1,data,27,1,0,329,0,8
636.655553857,6,data,27,6,0,334,0,8
636.759718254,5,data,27,5,2,328,0,8
636.958782531,7,data,27,7,2,296,0,8
637.098559366,5,data,27,7,2,296,1,8
637.203851437,8,data,27,8,0,307,0,8
637.226146913,3,data,27,3,6,330,0,8
637.241123005,0,data,27,0,5,332,0,8
637.366040199,2,data,27,2,1,282,0,8
637.460710825,4,data,27,4,3,308,0,8
637.486059863,1,data,27,1,3,330,0,8
637.655553857,6,data,27,6,2,335,0,8
637.759718254,5,data,27,5,6,329,0,8
637.795330447,3,data,27,6,2,335,1,8
637.958782531,7,data,27,7,4,297,0,8
638.203851437,8,data,27,8,2,308,0,8
638.226146913,3,data,27,3,1,331,0,8
638.241123005,0,data,27,0,6,333,0,8
638.343628029,5,data,27,8,2,308,1,8
638.366040199,2,data,27,2,6,283,0,8
638.460710825,4,data,27,4,6,309,0,8
638.486059863,1,data,27,1,5,331,0,8
638.655553857,6,data,27,6,0,336,0,8
638.759718254,5,data,27,5,2,330,0,8
638.958782531,7,data,27,7,3,298,0,8
639.203851437,8,data,27,8,0,309,0,8
639.226146913,3,data,27,3,5,332,0,8
639.241123005,0,data,27,0,6,334,0,8
639.366040199,2,data,27,2,5,284,0,8
639.460710825,4,data,27,4,8,310,0,8
639.486059863,1,data,27,1,2,332,0,8
639.655553857,6,data,27,6,1,337,0,8
639.759718254,5,data,27,5,7,331,0,8
639.958782531,7,data,27,7,5,299,0,8
640.203851437,8,data,27,8,1,310,0,8
640.226146913,3,data,27,3,8,333,0,8
640.241123005,0,data,27,0,1,335,0,8
640.366040199,2,data,27,2,8,285,0,8
640.460710825,4,data,27,4,5,311,0,8
640.486059863,1,data,27,1,0,333,0,8
640.505816789,5,data,27,2,8,285,1,8
640.655553857,6,data,27,6,3,338,0,8
640.759718254,5,data,27,5,2,332,0,8
640.958782531,7,data,27,7,6,300,0,8
641.203851437,8,data,27,8,7,311,0,8
641.226146913,3,data,27,3,6,334,0,8
641.241123005,0,data,27,0,2,336,0,8
641.366040199,2,data,27,2,0,286,0,8
641.460710825,4,data,27,4,3,312,0,8
641.486059863,1,data,27,1,3,334,0,8
641.655553857,6,data,27,6,1,339,0,8
641.759718254,5,data,27,5,2,333,0,8
641.958782531,7,data,27,7,0,301,0,8
642.098559121,6,data,27,7,0,301,1,8
642.203851437,8,data,27,8,5,312,0,8
642.226146913,3,data,27,3,6,335,0,8
642.241123005,0,data,27,0,5,337,0,8
642.366040199,2,data,27,2,6,287,0,8
642.460710825,4,data,27,4,6,313,0,8
642.486059863,1,data,27,1,7,335,0,8
642.655553857,6,data,27,6,8,340,0,8
642.759718254,5,data,27,5,8,334,0,8
642.958782531,7,data,27,7,1,302,0,8
643.098559366,3,data,27,7,1,302,1,8
643.203851437,8,data,27,8,4,313,0,8
643.241123005,0,data,27,0,1,338,0,8
643.258815366,3,data,27,3,7,336,0,8
643.366040199,2,data,27,2,6,288,0,8
643.460710825,4,data,27,4,6,314,0,8
643.486059863,1,data,27,1,3,336,0,8
643.655553857,6,data,27,6,7,341,0,8
643.759718254,5,data,27,5,1,335,0,8
643.958782531,7,data,27,7,6,303,0,8
644.203851437,8,data,27,8,6,314,0,8
644.226146913,3,data,27,3,2,337,0,8
644.241123005,0,data,27,0,7,339,0,8
644.366040199,2,data,27,2,4,289,0,8
644.460710825,4,data,27,4,8,315,0,8
644.486059863,1,data,27,1,6,337,0,8
644.655553857,6,data,27,6,7,342,0,8
644.759718254,5,data,27,5,2,336,0,8
644.958782531,7,data,27,7,0,304,0,8
645.098559121,6,data,27,7,0,304,1,8
645.203851437,8,data,27,8,5,315,0,8
645.226146913,3,data,27,3,1,338,0,8
645.241123005,0,data,27,0,7,340,0,8
645.366040199,2,data,27,2,5,290,0,8
645.460710825,4,data,27,4,8,316,0,8
645.486059863,1,data,27,1,7,338,0,8
645.655553857,6,data,27,6,3,343,0,8
645.759718254,5,data,27,5,0,337,0,8
645.958782531,7,data,27,7,4,305,0,8
646.203851437,8,data,27,8,7,316,0,8
646.226146913,3,data,27,3,8,339,0,8
646.241123005,0,data,27,0,7,341,0,8
646.365923503,6,data,27,3,8,339,1,8
646.366040199,2,data,27,2,0,291,0,8
646.460710825,4,data,27,4,8,317,0,8
646.486059863,1,data,27,1,3,339,0,8
646.655553857,6,data,27,6,2,344,0,8
646.759718254,5,data,27,5,1,338,0,8
646.795330447,3,data,27,6,2,344,1,8
646.958782531,7,data,27,7,6,306,0,8
647.203851437,8,data,27,8,4,317,0,8
647.226146913,3,data,27,3,7,340,0,8
647.241123005,0,data,27,0,3,342,0,8
647.366040199,2,data,27,2,0,292,0,8
647.460710825,4,data,27,4,3,318,0,8
647.486059863,1,data,27,1,6,340,0,8
647.655553857,6,data,27,6,5,345,0,8
647.759718254,5,data,27,5,4,339,0,8
647.958782531,7,data,27,7,0,307,0,8
648.098559121,6,data,27,7,0,307,1,8
648.203851437,8,data,27,8,6,318,0,8
648.226146913,3,data,27,3,2,341,0,8
648.241123005,0,data,27,0,3,343,0,8
648.366040199,2,data,27,2,6,293,0,8
648.460710825,4,data,27,4,3,319,0,8
648.486059863,1,data,27,1,0,341,0,8
648.655553857,6,data,27,6,3,346,0,8
648.759718254,5,data,27,5,1,340,0,8
648.958782531,7,data,27,7,3,308,0,8
649.203851437,8,data,27,8,0,319,0,8
649.226146913,3,data,27,3,6,342,0,8
649.241123005,0,data,27,0,1,344,0,8
649.343628029,5,data,27,8,0,319,1,8
649.366040199,2,data,27,2,5,294,0,8
649.460710825,4,data,27,4,1,320,0,8
649.486059863,1,data,27,1,5,342,0,8
649.655553857,6,data,27,6,5,347,0,8
649.759718254,5,data,27,5,1,341,0,8
649.958782531,7,data,27,7,3,309,0,8
650.203851437,8,data,27,8,6,320,0,8
650.226146913,3,data,27,3,5,343,0,8
650.241123005,0,data,27,0,3,345,0,8
650.343628029,7,data,27,8,6,320,1,8
650.366040199,2,data,27,2,3,295,0,8
650.460710825,4,data,27,4,2,321,0,8
650.486059863,1,data,27,1,3,343,0,8
650.655553857,6,data,27,6,2,348,0,8
650.759718254,5,data,27,5,2,342,0,8
650.958782531,7,data,27,7,1,310,0,8
651.098559366,3,data,27,7,1,310,1,8
651.203851437,8,data,27,8,3,321,0,8
651.241123005,0,data,27,0,1,346,0,8
651.258815366,3,data,27,3,8,344,0,8
651.366040199,2,data,27,2,4,296,0,8
651.460710825,4,data,27,4,3,322,0,8
651.486059863,1,data,27,1,0,344,0,8
651.655553857,6,data,27,6,5,349,0,8
651.759718254,5,data,27,5,1,343,0,8
651.958782531,7,data,27,7,5,311,0,8
652.203851437,8,data,27,8,3,322,0,8
652.226146913,3,data,27,3,7,345,0,8
652.241123005,0,data,27,0,5,347,0,8
652.366040199,2,data,27,2,0,297,0,8
652.460710825,4,data,27,4,3,323,0,8
652.486059863,1,data,27,1,5,345,0,8
652.655553857,6,data,27,6,4,350,0,8
652.759718254,5,data,27,5,0,344,0,8
652.958782531,7,data,27,7,4,312,0,8
653.203851437,8,data,27,8,0,323,0,8
653.226146913,3,data,27,3,8,346,0,8
653.241123005,0,data,27,0,2,348,0,8
653.343628029,5,data,27,8,0,323,1,8
653.365923503,6,data,27,3,8,346,1,8
653.366040199,2,data,27,2,8,298,0,8
653.460710825,4,data,27,4,6,324,0,8
653.486059863,1,data,27,1,8,346,0,8
653.625836698,5,data,27,1,8,346,1,8
653.655553857,6,data,27,6,2,351,0,8
653.786092698,5,data,27,5,8,345,0,8
653.795330447,3,data,27,6,2,351,1,8
653.958782531,7,data,27,7,2,313,0,8
654.203851437,8,data,27,8,7,324,0,8
654.226146913,3,data,27,3,5,347,0,8
654.241123005,0,data,27,0,7,349,0,8
654.366040199,2,data,27,2,3,299,0,8
654.460710825,4,data,27,4,7,325,0,8
654.486059863,1,data,27,1,2,347,0,8
654.655553857,6,data,27,6,3,352,0,8
654.759718254,5,data,27,5,8,346,0,8
654.958782531,7,data,27,7,1,314,0,8
655.098559366,3,data,27,7,1,314,1,8
655.203851437,8,data,27,8,0,325,0,8
655.241123005,0,data,27,0,4,350,0,8
655.258815366,3,data,27,3,2,348,0,8
655.366040199,2,data,27,2,0,300,0,8
655.460710825,4,data,27,4,8,326,0,8
655.486059863,1,data,27,1,7,348,0,8
655.655553857,6,data,27,6,1,353,0,8
655.759718254,5,data,27,5,7,347,0,8
655.899494846,8,data,27,5,7,347,1,8
655.958782531,7,data,27,7,4,315,0,8
656.203851437,8,data,27,8,0,326,0,8
656.226146913,3,data,27,3,0,349,0,8
656.241123005,0,data,27,0,1,351,0,8
656.343628029,5,data,27,8,0,326,1,8
656.366040199,2,data,27,2,0,301,0,8
656.460710825,4,data,27,4,0,327,0,8
656.486059863,1,data,27,1,7,349,0,8
656.655553857,6,data,27,6,2,354,0,8
656.759718254,5,data,27,5,4,348,0,8
656.795330447,3,data,27,6,2,354,1,8
656.958782531,7,data,27,7,2,316,0,8
657.098559366,5,data,27,7,2,316,1,8
657.203851437,8,data,27,8,6,327,0,8
657.226146913,3,data,27,3,0,350,0,8
657.241123005,0,data,27,0,2,352,0,8
657.366040199,2,data,27,2,4,302,0,8
657.460710825,4,data,27,4,6,328,0,8
657.486059863,1,data,27,1,2,350,0,8
657.655553857,6,data,27,6,3,355,0,8
657.759718254,5,data,27,5,7,349,0,8
657.958782531,7,data,27,7,5,317,0,8
658.203851437,8,data,27,8,0,328,0,8
658.226146913,3,data,27,3,7,351,0,8
658.241123005,0,data,27,0,8,353,0,8
658.343628029,5,data,27,8,0,328,1,8
658.366040199,2,data,27,2,5,303,0,8
658.460710825,4,data,27,4,3,329,0,8
658.486059863,1,data,27,1,2,351,0,8
658.655553857,6,data,27,6,3,356,0,8
658.759718254,5,data,27,5,4,350,0,8
658.958782531,7,data,27,7,1,318,0,8
659.203851437,8,data,27,8,3,329,0,8
659.226146913,3,data,27,3,6,352,0,8
659.241123005,0,data,27,0,8,354,0,8
659.366040199,2,data,27,2,6,304,0,8
659.460710825,4,data,27,4,1,330,0,8
659.486059863,1,data,27,1,5,352,0,8
659.655553857,6,data,27,6,1,357,0,8
659.759718254,5,data,27,5,6,351,0,8
659.958782531,7,data,27,7,0,319,0,8
660.098559121,6,data,27,7,0,319,1,8
660.203851437,8,data,27,8,6,330,0,8
660.226146913,3,data,27,3,0,353,0,8
660.241123005,0,data,27,0,6,355,0,8
660.366040199,2,data,27,2,3,305,0,8
660.460710825,4,data,27,4,7,331,0,8
660.486059863,1,data,27,1,3,353,0,8
660.655553857,6,data,27,6,8,358,0,8
660.759718254,5,data,27,5,6,352,0,8
660.958782531,7,data,27,7,5,320,0,8
661.203851437,8,data,27,8,4,331,0,8
661.226146913,3,data,27,3,0,354,0,8
661.241123005,0,data,27,0,4,356,0,8
661.366040199,2,data,27,2,0,306,0,8
661.460710825,4,data,27,4,8,332,0,8
661.486059863,1,data,27,1,6,354,0,8
661.655553857,6,data,27,6,8,359,0,8
661.759718254,5,data,27,5,1,353,0,8
661.958782531,7,data,27,7,8,321,0,8
662.203851437,8,data,27,8,1,332,0,8
662.226146913,3,data,27,3,6,355,0,8
662.241123005,0,data,27,0,3,357,0,8
662.343628029,7,data,27,8,1,332,1,8
662.366040199,2,data,27,2,0,307,0,8
662.460710825,4,data,27,4,7,333,0,8
662.486059863,1,data,27,1,7,355,0,8
662.655553857,6,data,27,6,5,360,0,8
662.759718254,5,data,27,5,3,354,0,8
662.899494846,8,data,27,5,3,354,1,8
662.958782531,7,data,27,7,0,322,0,8
663.098559121,6,data,27,7,0,322,1,8
663.203851437,8,data,27,8,7,333,0,8
663.205627681,2,beacon,30,2,65535,12,0,7
663.226146913,3,data,27,3,5,356,0,8
663.241123005,0,data,27,0,6,358,0,8
663.366040199,2,data,27,2,8,308,0,8
663.460710825,4,data,27,4,7,334,0,8
663.486059863,1,data,27,1,8,356,0,8
663.655553857,6,data,27,6,0,361,0,8
663.759718254,5,data,27,5,4,355,0,8
663.958782531,7,data,27,7,8,323,0,8
664.203851437,8,data,27,8,3,334,0,8
664.226146913,3,data,27,3,6,357,0,8
664.241123005,0,data,27,0,3,359,0,8
664.366040199,2,data,27,2,8,309,0,8
664.460710825,4,data,27,4,3,335,0,8
664.486059863,1,data,27,1,8,357,0,8
664.655553857,6,data,27,6,2,362,0,8
664.759718254,5,data,27,5,7,356,0,8
664.899494846,8,data,27,5,7,356,1,8
664.958782531,7,data,27,7,6,324,0,8
665.203851437,8,data,27,8,5,335,0,8
665.226146913,3,data,27,3,8,358,0,8
665.241123005,0,data,27,0,7,360,0,8
665.366040199,2,data,27,2,0,310,0,8
665.460710825,4,data,27,4,7,336,0,8
665.486059863,1,data,27,1,0,358,0,8
665.505816789,5,data,27,2,0,310,1,8
665.655553857,6,data,27,6,1,363,0,8
665.759718254,5,data,27,5,4,357,0,8
665.958782531,7,data,27,7,6,325,0,8
666.060164480,4,beacon,30,4,65535,12,0,7
666.203851437,8,data,27,8,5,336,0,8
666.226146913,3,data,27,3,7,359,0,8
666.241123005,0,data,27,0,2,361,0,8
666.366040199,2,data,27,2,8,311,0,8
666.422851395,0,beacon,30,0,65535,12,0,7
666.460710825,4,data,27,4,6,337,0,8
666.486059863,1,data,27,1,5,359,0,8
666.655553857,6,data,27,6,2,364,0,8
666.759718254,5,data,27,5,4,358,0,8
666.958782531,7,data,27,7,0,326,0,8
667.203851437,8,data,27,8,4,337,0,8
667.226146913,3,data,27,3,0,360,0,8
667.241123005,0,data,27,0,8,362,0,8
667.366040199,2,data,27,2,7,312,0,8
667.460710825,4,data,27,4,5,338,0,8
667.486059863,1,data,27,1,2,360,0,8
667.655553857,6,data,27,6,7,365,0,8
667.759718254,5,data,27,5,8,359,0,8
667.815809857,6,beacon,30,6,65535,12,0,8
667.931177313,1,beacon,30,1,65535,12,0,7
667.958782531,7,data,27,7,2,327,0,8
668.129722679,8,beacon,30,8,65535,12,0,7
668.225210679,8,data,27,8,0,338,0,8
668.226146913,3,data,27,3,8,361,0,8
668.241123005,0,data,27,0,2,363,0,8
668.364987271,5,data,27,8,0,338,1,8
668.366040199,2,data,27,2,6,313,0,8
668.460710825,4,data,27,4,0,339,0,8
668.486059863,1,data,27,1,7,361,0,8
668.655553857,6,data,27,6,8,366,0,8
668.759718254,5,data,27,5,8,360,0,8
668.958782531,7,data,27,7,6,328,0,8
669.203851437,8,data,27,8,1,339,0,8
669.226146913,3,data,27,3,8,362,0,8
669.241123005,0,data,27,0,3,364,0,8
669.366040199,2,data,27,2,3,314,0,8
669.460710825,4,data,27,4,0,340,0,8
669.486059863,1,data,27,1,5,362,0,8
669.655553857,6,data,27,6,7,367,0,8
669.759718254,5,data,27,5,0,361,0,8
669.958782531,7,data,27,7,4,329,0,8
670.179680522,5,beacon,30,5,65535,12,0,8
670.203851437,8,data,27,8,7,340,0,8
670.226146913,3,data,27,3,7,363,0,8
670.241123005,0,data,27,0,1,365,0,8
670.366040199,2,data,27,2,1,315,0,8
670.460710825,4,data,27,4,3,341,0,8
670.486059863,1,data,27,1,7,363,0,8
670.655553857,6,data,27,6,2,368,0,8
670.759718254,5,data,27,5,0,362,0,8
670.958782531,7,data,27,7,4,330,0,8
671.000395817,3,beacon,30,3,65535,12,0,7
671.203851437,8,data,27,8,6,341,0,8
671.226146913,3,data,27,3,1,364,0,8
671.241123005,0,data,27,0,6,366,0,8
671.366040199,2,data,27,2,1,316,0,8
671.460710825,4,data,27,4,7,342,0,8
671.486059863,1,data,27,1,5,364,0,8
671.655553857,6,data,27,6,7,369,0,8
671.759718254,5,data,27,5,6,363,0,8
671.958782531,7,data,27,7,4,331,0,8
672.203851437,8,data,27,8,5,342,0,8
672.226146913,3,data,27,3,2,365,0,8
672.241123005,0,data,27,0,1,367,0,8
672.366040199,2,data,27,2,0,317,0,8
672.460710825,4,data,27,4,8,343,0,8
672.486059863,1,data,27,1,4,365,0,8
672.655553857,6,data,27,6,5,370,0,8
672.759718254,5,data,27,5,2,364,0,8
672.847284098,7,beacon,30,7,65535,12,0,7
672.958782531,7,data,27,7,6,332,0,8
673.203851437,8,data,27,8,3,343,0,8
673.226146913,3,data,27,3,7,366,0,8
673.241123005,0,data,27,0,6,368,0,8
673.343628029,7,data,27,8,3,343,1,8
673.366040199,2,data,27,2,3,318,0,8
673.460710825,4,data,27,4,5,344,0,8
673.486059863,1,data,27,1,7,366,0,8
673.655553857,6,data,27,6,3,371,0,8
673.759718254,5,data,27,5,6,365,0,8
673.958782531,7,data,27,7,1,333,0,8
674.098559366,3,data,27,7,1,333,1,8
674.203851437,8,data,27,8,3,344,0,8
674.241123005,0,data,27,0,4,369,0,8
674.258815366,3,data,27,3,7,367,0,8
674.366040199,2,data,27,2,4,319,0,8
674.460710825,4,data,27,4,1,345,0,8
674.486059863,1,data,27,1,8,367,0,8
674.655553857,6,data,27,6,5,372,0,8
674.759718254,5,data,27,5,7,366,0,8
674.899494846,8,data,27,5,7,366,1,8
674.958782531,7,data,27,7,4,334,0,8
675.203851437,8,data,27,8,7,345,0,8
675.226146913,3,data,27,3,1,368,0,8
675.241123005,0,data,27,0,8,370,0,8
675.366040199,2,data,27,2,6,320,0,8
675.460710825,4,data,27,4,5,346,0,8
675.486059863,1,data,27,1,8,368,0,8
675.655553857,6,data,27,6,4,373,0,8
675.759718254,5,data,27,5,3,367,0,8
675.958782531,7,data,27,7,6,335,0,8
676.203851437,8,data,27,8,0,346,0,8
676.226146913,3,data,27,3,2,369,0,8
676.241123005,0,data,27,0,5,371,0,8
676.366040199,2,data,27,2,6,321,0,8
676.460710825,4,data,27,4,2,347,0,8
676.486059863,1,data,27,1,4,369,0,8
676.655553857,6,data,27,6,1,374,0,8
676.759718254,5,data,27,5,6,368,0,8
676.899494844,4,data,27,5,6,368,1,8
676.958782531,7,data,27,7,5,336,0,8
677.203851437,8,data,27,8,3,347,0,8
677.226146913,3,data,27,3,5,370,0,8
677.241123005,0,data,27,0,2,372,0,8
677.366040199,2,data,27,2,5,322,0,8
677.460710825,4,data,27,4,2,348,0,8
677.486059863,1,data,27,1,6,370,0,8
677.655553857,6,data,27,6,5,375,0,8
677.759718254,5,data,27,5,8,369,0,8
677.958782531,7,data,27,7,8,337,0,8
678.203851437,8,data,27,8,5,348,0,8
678.226146913,3,data,27,3,7,371,0,8
678.241123005,0,data,27,0,8,373,0,8
678.366040199,2,data,27,2,1,323,0,8
678.460710825,4,data,27,4,2,349,0,8
678.486059863,1,data,27,1,6,371,0,8
678.655553857,6,data,27,6,2,376,0,8
678.759718254,5,data,27,5,8,370,0,8
678.795330447,3,data,27,6,2,376,1,8
678.958782531,7,data,27,7,8,338,0,8
679.203851437,8,data,27,8,4,349,0,8
679.226146913,3,data,27,3,8,372,0,8
679.241123005,0,data,27,0,7,374,0,8
679.366040199,2,data,27,2,0,324,0,8
679.460710825,4,data,27,4,7,350,0,8
679.486059863,1,data,27,1,0,372,0,8
679.655553857,6,data,27,6,3,377,0,8
679.759718254,5,data,27,5,2,371,0,8
679.958782531,7,data,27,7,2,339,0,8
680.203851437,8,data,27,8,5,350,0,8
680.226146913,3,data,27,3,0,373,0,8
680.241123005,0,data,27,0,1,375,0,8
680.366040199,2,data,27,2,5,325,0,8
680.460710825,4,data,27,4,6,351,0,8
680.486059863,1,data,27,1,4,373,0,8
680.655553857,6,data,27,6,1,378,0,8
680.759718254,5,data,27,5,7,372,0,8
680.899494846,8,data,27,5,7,372,1,8
680.958782531,7,data,27,7,5,340,0,8
681.203851437,8,data,27,8,1,351,0,8
681.226146913,3,data,27,3,0,374,0,8
681.241123005,0,data,27,0,4,376,0,8
681.366040199,2,data,27,2,6,326,0,8
681.460710825,4,data,27,4,1,352,0,8
681.486059863,1,data,27,1,7,374,0,8
681.655553857,6,data,27,6,0,379,0,8
681.759718254,5,data,27,5,4,373,0,8
681.958782531,7,data,27,7,6,341,0,8
682.203851437,8,data,27,8,7,352,0,8
682.226146913,3,data,27,3,8,375,0,8
682.241123005,0,data,27,0,6,377,0,8
682.365923503,6,data,27,3,8,375,1,8
682.366040199,2,data,27,2,1,327,0,8
682.460710825,4,data,27,4,7,353,0,8
682.486059863,1,data,27,1,7,375,0,8
682.655553857,6,data,27,6,7,380,0,8
682.759718254,5,data,27,5,2,374,0,8
682.958782531,7,data,27,7,6,342,0,8
683.203851437,8,data,27,8,3,353,0,8
683.226146913,3,data,27,3,5,376,0,8
683.241123005,0,data,27,0,2,378,0,8
683.366040199,2,data,27,2,3,328,0,8
683.460710825,4,data,27,4,5,354,0,8
683.486059863,1,data,27,1,7,376,0,8
683.655553857,6,data,27,6,7,381,0,8
683.759718254,5,data,27,5,7,375,0,8
683.899494846,8,data,27,5,7,375,1,8
683.958782531,7,data,27,7,2,343,0,8
684.203851437,8,data,27,8,0,354,0,8
684.226146913,3,data,27,3,4,377,0,8
684.241123005,0,data,27,0,5,379,0,8
684.366040199,2,data,27,2,4,329,0,8
684.460710825,4,data,27,4,6,355,0,8
684.486059863,1,data,27,1,6,377,0,8
684.655553857,6,data,27,6,2,382,0,8
684.759718254,5,data,27,5,6,376,0,8
684.958782531,7,data,27,7,6,344,0,8
685.203851437,8,data,27,8,4,355,0,8
685.226146913,3,data,27,3,2,378,0,8
685.241123005,0,data,27,0,1,380,0,8
685.366040199,2,data,27,2,8,330,0,8
685.460710825,4,data,27,4,0,356,0,8
685.486059863,1,data,27,1,8,378,0,8
685.655553857,6,data,27,6,8,383,0,8
685.759718254,5,data,27,5,8,377,0,8
685.958782531,7,data,27,7,1,345,0,8
686.203851437,8,data,27,8,0,356,0,8
686.226146913,3,data,27,3,8,379,0,8
686.241123005,0,data,27,0,8,381,0,8
686.365923503,6,data,27,3,8,379,1,8
686.366040199,2,data,27,2,0,331,0,8
686.460710825,4,data,27,4,2,357,0,8
686.486059863,1,data,27,1,8,379,0,8
686.655553857,6,data,27,6,8,384,0,8
686.759718254,5,data,27,5,0,378,0,8
686.958782531,7,data,27,7,0,346,0,8
687.098559121,6,data,27,7,0,346,1,8
687.203851437,8,data,27,8,2,357,0,8
687.226146913,3,data,27,3,8,380,0,8
687.241123005,0,data,27,0,8,382,0,8
687.366040199,2,data,27,2,1,332,0,8
687.380900186,6,data,27,0,8,382,1,8
687.460710825,4,data,27,4,7,358,0,8
687.486059863,1,data,27,1,3,380,0,8
687.655553857,6,data,27,6,4,385,0,8
687.759718254,5,data,27,5,6,379,0,8
687.958782531,7,data,27,7,1,347,0,8
688.098559366,3,data,27,7,1,347,1,8
688.203851437,8,data,27,8,3,358,0,8
688.241123005,0,data,27,0,6,383,0,8
688.258815366,3,data,27,3,4,381,0,8
688.366040199,2,data,27,2,4,333,0,8
688.460710825,4,data,27,4,0,359,0,8
688.486059863,1,data,27,1,4,381,0,8
688.655553857,6,data,27,6,5,386,0,8
688.759718254,5,data,27,5,0,380,0,8
688.958782531,7,data,27,7,5,348,0,8
689.203851437,8,data,27,8,5,359,0,8
689.226146913,3,data,27,3,1,382,0,8
689.241123005,0,data,27,0,4,384,0,8
689.366040199,2,data,27,2,4,334,0,8
689.460710825,4,data,27,4,5,360,0,8
689.486059863,1,data,27,1,2,382,0,8
689.655553857,6,data,27,6,2,387,0,8
689.759718254,5,data,27,5,7,381,0,8
689.795330447,3,data,27,6,2,387,1,8
689.958782531,7,data,27,7,2,349,0,8
690.098559366,5,data,27,7,2,349,1,8
690.203851437,8,data,27,8,0,360,0,8
690.226146913,3,data,27,3,6,383,0,8
690.241123005,0,data,27,0,1,385,0,8
690.366040199,2,data,27,2,4,335,0,8
690.460710825,4,data,27,4,8,361,0,8
690.486059863,1,data,27,1,5,383,0,8
690.655553857,6,data,27,6,4,388,0,8
690.759718254,5,data,27,5,3,382,0,8
690.958782531,7,data,27,7,3,350,0,8
691.203851437,8,data,27,8,3,361,0,8
691.226146913,3,data,27,3,7,384,0,8
691.241123005,0,data,27,0,7,386,0,8
691.343628029,7,data,27,8,3,361,1,8
691.366040199,2,data,27,2,5,336,0,8
691.460710825,4,data,27,4,3,362,0,8
691.486059863,1,data,27,1,2,384,0,8
691.655553857,6,data,27,6,7,389,0,8
691.759718254,5,data,27,5,1,383,0,8
691.958782531,7,data,27,7,8,351,0,8
692.203851437,8,data,27,8,0,362,0,8
692.226146913,3,data,27,3,0,385,0,8
692.241123005,0,data,27,0,4,387,0,8
692.366040199,2,data,27,2,0,337,0,8
692.460710825,4,data,27,4,5,363,0,8
692.486059863,1,data,27,1,7,385,0,8
692.655553857,6,data,27,6,8,390,0,8
692.759718254,5,data,27,5,7,384,0,8
692.899494846,8,data,27,5,7,384,1,8
692.958782531,7,data,27,7,3,352,0,8
693.203851437,8,data,27,8,6,363,0,8
693.226146913,3,data,27,3,6,386,0,8
693.241123005,0,data,27,0,6,388,0,8
693.366040199,2,data,27,2,7,338,0,8
693.460710825,4,data,27,4,8,364,0,8
693.486059863,1,data,27,1,2,386,0,8
693.655553857,6,data,27,6,7,391,0,8
693.759718254,5,data,27,5,8,385,0,8
693.958782531,7,data,27,7,8,353,0,8
694.203851437,8,data,27,8,4,364,0,8
694.226146913,3,data,27,3,7,387,0,8
694.241123005,0,data,27,0,2,389,0,8
694.343628029,7,data,27,8,4,364,1,8
694.366040199,2,data,27,2,8,339,0,8
694.460710825,4,data,27,4,5,365,0,8
694.486059863,1,data,27,1,2,387,0,8
694.655553857,6,data,27,6,8,392,0,8
694.759718254,5,data,27,5,0,386,0,8
694.958782531,7,data,27,7,1,354,0,8
695.098559366,3,data,27,7,1,354,1,8
695.203851437,8,data,27,8,4,365,0,8
695.241123005,0,data,27,0,7,390,0,8
695.258815366,3,data,27,3,6,388,0,8
695.366040199,2,data,27,2,8,340,0,8
695.460710825,4,data,27,4,7,366,0,8
695.486059863,1,data,27,1,0,388,0,8
695.655553857,6,data,27,6,3,393,0,8
695.759718254,5,data,27,5,6,387,0,8
695.958782531,7,data,27,7,3,355,0,8
696.203851437,8,data,27,8,0,366,0,8
696.226146913,3,data,27,3,0,389,0,8
696.241123005,0,data,27,0,6,391,0,8
696.343628029,5,data,27,8,0,366,1,8
696.366040199,2,data,27,2,7,341,0,8
696.460710825,4,data,27,4,3,367,0,8
696.486059863,1,data,27,1,2,389,0,8
696.655553857,6,data,27,6,2,394,0,8
696.759718254,5,data,27,5,2,388,0,8
696.958782531,7,data,27,7,5,356,0,8
697.203851437,8,data,27,8,6,367,0,8
697.226146913,3,data,27,3,0,390,0,8
697.241123005,0,data,27,0,4,392,0,8
697.366040199,2,data,27,2,5,342,0,8
697.460710825,4,data,27,4,1,368,0,8
697.486059863,1,data,27,1,4,390,0,8
697.655553857,6,data,27,6,1,395,0,8
697.759718254,5,data,27,5,4,389,0,8
697.958782531,7,data,27,7,4,357,0,8
698.203851437,8,data,27,8,0,368,0,8
698.226146913,3,data,27,3,7,391,0,8
698.241123005,0,data,27,0,4,393,0,8
698.366040199,2,data,27,2,5,343,0,8
698.460710825,4,data,27,4,2,369,0,8
698.486059863,1,data,27,1,4,391,0,8
698.655553857,6,data,27,6,2,396,0,8
698.759718254,5,data,27,5,8,390,0,8
698.795330447,3,data,27,6,2,396,1,8
698.958782531,7,data,27,7,2,358,0,8
699.098559366,5,data,27,7,2,358,1,8
699.203851437,8,data,27,8,7,369,0,8
699.226146913,3,data,27,3,6,392,0,8
699.241123005,0,data,27,0,2,394,0,8
699.366040199,2,data,27,2,4,344,0,8
699.460710825,4,data,27,4,1,370,0,8
699.486059863,1,data,27,1,7,392,0,8
699.655553857,6,data,27,6,7,397,0,8
699.759718254,5,data,27,5,8,391,0,8
699.958782531,7,data,27,7,3,359,0,8
700.203851437,8,data,27,8,2,370,0,8
700.226146913,3,data,27,3,4,393,0,8
700.241123005,0,data,27,0,8,395,0,8
700.366040199,2,data,27,2,0,345,0,8
700.460710825,4,data,27,4,2,371,0,8
700.486059863,1,data,27,1,7,393,0,8
700.505816789,5,data,27,2,0,345,1,8
700.655553857,6,data,27,6,8,398,0,8
700.759718254,5,data,27,5,6,392,0,8
700.958782531,7,data,27,7,5,360,0,8
701.203851437,8,data,27,8,5,371,0,8
701.226146913,3,data,27,3,5,394,0,8
701.241123005,0,data,27,0,4,396,0,8
701.366040199,2,data,27,2,3,346,0,8
701.460710825,4,data,27,4,8,372,0,8
701.486059863,1,data,27,1,0,394,0,8
701.655553857,6,data,27,6,7,399,0,8
701.759718254,5,data,27,5,2,393,0,8
701.958782531,7,data,27,7,2,361,0,8
702.098559366,5,data,27,7,2,361,1,8
702.203851437,8,data,27,8,6,372,0,8
702.226146913,3,data,27,3,2,395,0,8
702.241123005,0,data,27,0,1,397,0,8
702.366040199,2,data,27,2,0,347,0,8
702.460710825,4,data,27,4,0,373,0,8
702.486059863,1,data,27,1,0,395,0,8
702.655553857,6,data,27,6,2,400,0,8
702.759718254,5,data,27,5,6,394,0,8
702.958782531,7,data,27,7,5,362,0,8
703.203851437,8,data,27,8,0,373,0,8
703.226146913,3,data,27,3,1,396,0,8
703.241123005,0,data,27,0,6,398,0,8
703.343628029,5,data,27,8,0,373,1,8
703.366040199,2,data,27,2,0,348,0,8
703.460710825,4,data,27,4,7,374,0,8
703.486059863,1,data,27,1,2,396,0,8
703.655553857,6,data,27,6,3,401,0,8
703.759718254,5,data,27,5,8,395,0,8
703.958782531,7,data,27,7,5,363,0,8
704.203851437,8,data,27,8,3,374,0,8
704.226146913,3,data,27,3,5,397,0,8
704.241123005,0,data,27,0,6,399,0,8
704.343628029,7,data,27,8,3,374,1,8
704.366040199,2,data,27,2,6,349,0,8
704.460710825,4,data,27,4,3,375,0,8
704.486059863,1,data,27,1,8,397,0,8
704.655553857,6,data,27,6,5,402,0,8
704.759718254,5,data,27,5,7,396,0,8
704.899494846,8,data,27,5,7,396,1,8
704.958782531,7,data,27,7,6,364,0,8
705.203851437,8,data,27,8,3,375,0,8
705.226146913,3,data,27,3,2,398,0,8
705.241123005,0,data,27,0,4,400,0,8
705.343628029,7,data,27,8,3,375,1,8
705.366040199,2,data,27,2,8,350,0,8
705.460710825,4,data,27,4,2,376,0,8
705.486059863,1,data,27,1,2,398,0,8
705.655553857,6,data,27,6,7,403,0,8
705.759718254,5,data,27,5,0,397,0,8
705.958782531,7,data,27,7,1,365,0,8
706.098559366,3,data,27,7,1,365,1,8
706.203851437,8,data,27,8,0,376,0,8
706.241123005,0,data,27,0,5,401,0,8
706.258815366,3,data,27,3,6,399,0,8
706.366040199,2,data,27,2,1,351,0,8
706.460710825,4,data,27,4,2,377,0,8
706.486059863,1,data,27,1,6,399,0,8
706.655553857,6,data,27,6,5,404,0,8
706.759718254,5,data,27,5,4,398,0,8
706.958782531,7,data,27,7,6,366,0,8
707.203851437,8,data,27,8,6,377,0,8
707.226146913,3,data,27,3,2,400,0,8
707.241123005,0,data,27,0,1,402,0,8
707.366040199,2,data,27,2,8,352,0,8
707.460710825,4,data,27,4,8,378,0,8
707.486059863,1,data,27,1,0,400,0,8
707.655553857,6,data,27,6,0,405,0,8
707.759718254,5,data,27,5,7,399,0,8
707.958782531,7,data,27,7,6,367,0,8
708.203851437,8,data,27,8,6,378,0,8
708.226146913,3,data,27,3,5,401,0,8
708.241123005,0,data,27,0,1,403,0,8
708.366040199,2,data,27,2,6,353,0,8
708.460710825,4,data,27,4,0,379,0,8
708.486059863,1,data,27,1,7,401,0,8
708.655553857,6,data,27,6,3,406,0,8
708.759718254,5,data,27,5,6,400,0,8
708.958782531,7,data,27,7,8,368,0,8
709.203851437,8,data,27,8,4,379,0,8
709.226146913,3,data,27,3,8,402,0,8
709.241123005,0,data,27,0,3,404,0,8
709.366040199,2,data,27,2,6,354,0,8
709.460710825,4,data,27,4,3,380,0,8
709.486059863,1,data,27,1,6,402,0,8
709.655553857,6,data,27,6,3,407,0,8
709.759718254,5,data,27,5,2,401,0,8
709.958782531,7,data,27,7,8,369,0,8
710.203851437,8,data,27,8,1,380,0,8
710.226146913,3,data,27,3,7,403,0,8
710.241123005,0,data,27,0,5,405,0,8
710.366040199,2,data,27,2,4,355,0,8
710.460710825,4,data,27,4,8,381,0,8
710.486059863,1,data,27,1,6,403,0,8
710.655553857,6,data,27,6,3,408,0,8
710.759718254,5,data,27,5,7,402,0,8
710.899494846,8,data,27,5,7,402,1,8
710.958782531,7,data,27,7,3,370,0,8
711.203851437,8,data,27,8,4,381,0,8
711.226146913,3,data,27,3,0,404,0,8
711.241123005,0,data,27,0,4,406,0,8
711.366040199,2,data,27,2,0,356,0,8
711.460710825,4,data,27,4,2,382,0,8
711.486059863,1,data,27,1,4,404,0,8
711.655553857,6,data,27,6,4,409,0,8
711.759718254,5,data,27,5,6,403,0,8
711.958782531,7,data,27,7,8,371,0,8
712.203851437,8,data,27,8,6,382,0,8
712.226146913,3,data,27,3,7,405,0,8
712.241123005,0,data,27,0,1,407,0,8
712.343628029,7,data,27,8,6,382,1,8
712.366040199,2,data,27,2,4,357,0,8
712.460710825,4,data,27,4,3,383,0,8
712.486059863,1,data,27,1,0,405,0,8
712.655553857,6,data,27,6,0,410,0,8
712.759718254,5,data,27,5,0,404,0,8
712.958782531,7,data,27,7,2,372,0,8
713.098559366,5,data,27,7,2,372,1,8
713.203851437,8,data,27,8,4,383,0,8
713.226146913,3,data,27,3,6,406,0,8
713.241123005,0,data,27,0,7,408,0,8
713.366040199,2,data,27,2,7,358,0,8
713.460710825,4,data,27,4,5,384,0,8
713.486059863,1,data,27,1,2,406,0,8
713.655553857,6,data,27,6,2,411,0,8
713.759718254,5,data,27,5,4,405,0,8
713.795330447,3,data,27,6,2,411,1,8
713.958782531,7,data,27,7,8,373,0,8
714.203851437,8,data,27,8,1,384,0,8
714.226146913,3,data,27,3,7,407,0,8
714.241123005,0,data,27,0,5,409,0,8
714.343628029,7,data,27,8,1,384,1,8
714.366040199,2,data,27,2,7,359,0,8
714.460710825,4,data,27,4,7,385,0,8
714.486059863,1,data,27,1,5,407,0,8
714.655553857,6,data,27,6,1,412,0,8
714.759718254,5,data,27,5,1,406,0,8
714.958782531,7,data,27,7,4,374,0,8
715.203851437,8,data,27,8,3,385,0,8
715.226146913,3,data,27,3,0,408,0,8
715.241123005,0,data,27,0,7,410,0,8
715.366040199,2,data,27,2,6,360,0,8
715.460710825,4,data,27,4,8,386,0,8
715.486059863,1,data,27,1,8,408,0,8
715.655553857,6,data,27,6,1,413,0,8
715.759718254,5,data,27,5,1,407,0,8
715.958782531,7,data,27,7,3,375,0,8
716.203851437,8,data,27,8,5,386,0,8
716.226146913,3,data,27,3,1,409,0,8
716.241123005,0,data,27,0,2,411,0,8
716.366040199,2,data,27,2,1,361,0,8
716.460710825,4,data,27,4,6,387,0,8
716.486059863,1,data,27,1,7,409,0,8
716.655553857,6,data,27,6,5,414,0,8
716.759718254,5,data,27,5,4,408,0,8
716.958782531,7,data,27,7,4,376,0,8
717.203851437,8,data,27,8,3,387,0,8
717.226146913,3,data,27,3,5,410,0,8
717.241123005,0,data,27,0,4,412,0,8
717.366040199,2,data,27,2,8,362,0,8
717.460710825,4,data,27,4,1,388,0,8
717.486059863,1,data,27,1,7,410,0,8
717.655553857,6,data,27,6,5,415,0,8
717.759718254,5,data,27,5,2,409,0,8
717.795330447,7,data,27,6,5,415,1,8
717.958782531,7,data,27,7,6,377,0,8
718.203851437,8,data,27,8,1,388,0,8
718.226146913,3,data,27,3,1,411,0,8
718.241123005,0,data,27,0,4,413,0,8
718.343628029,7,data,27,8,1,388,1,8
718.366040199,2,data,27,2,8,363,0,8
718.460710825,4,data,27,4,2,389,0,8
718.486059863,1,data,27,1,8,411,0,8
718.655553857,6,data,27,6,2,416,0,8
718.759718254,5,data,27,5,7,410,0,8
718.958782531,7,data,27,7,3,378,0,8
719.203851437,8,data,27,8,7,389,0,8
719.226146913,3,data,27,3,0,412,0,8
719.241123005,0,data,27,0,3,414,0,8
719.366040199,2,data,27,2,8,364,0,8
719.460710825,4,data,27,4,3,390,0,8
719.486059863,1,data,27,1,8,412,0,8
719.655553857,6,data,27,6,1,417,0,8
719.759718254,5,data,27,5,3,411,0,8
719.958782531,7,data,27,7,3,379,0,8
720.203851437,8,data,27,8,3,390,0,8
720.226146913,3,data,27,3,7,413,0,8
720.241123005,0,data,27,0,3,415,0,8
720.366040199,2,data,27,2,4,365,0,8
720.460710825,4,data,27,4,2,391,0,8
720.486059863,1,data,27,1,7,413,0,8
720.655553857,6,data,27,6,5,418,0,8
720.759718254,5,data,27,5,4,412,0,8
720.795330447,7,data,27,6,5,418,1,8
720.958782531,7,data,27,7,8,380,0,8
721.203851437,8,data,27,8,7,391,0,8
721.226146913,3,data,27,3,4,414,0,8
721.241123005,0,data,27,0,8,416,0,8
721.366040199,2,data,27,2,3,366,0,8
721.460710825,4,data,27,4,0,392,0,8
721.486059863,1,data,27,1,6,414,0,8
721.655553857,6,data,27,6,4,419,0,8
721.759718254,5,data,27,5,0,413,0,8
721.958782531,7,data,27,7,5,381,0,8
722.203851437,8,data,27,8,3,392,0,8
722.226146913,3,data,27,3,1,415,0,8
722.241123005,0,data,27,0,8,417,0,8
722.366040199,2,data,27,2,0,367,0,8
722.460710825,4,data,27,4,6,393,0,8
722.486059863,1,data,27,1,4,415,0,8
722.655553857,6,data,27,6,0,420,0,8
722.759718254,5,data,27,5,7,414,0,8
722.958782531,7,data,27,7,3,382,0,8
723.203851437,8,data,27,8,4,393,0,8
723.205627681,2,beacon,30,2,65535,13,0,7
723.226146913,3,data,27,3,0,416,0,8
723.241123005,0,data,27,0,1,418,0,8
723.366040199,2,data,27,2,7,368,0,8
723.460710825,4,data,27,4,2,394,0,8
723.486059863,1,data,27,1,2,416,0,8
723.655553857,6,data,27,6,1,421,0,8
723.759718254,5,data,27,5,3,415,0,8
723.899494846,8,data,27,5,3,415,1,8
723.958782531,7,data,27,7,1,383,0,8
724.203851437,8,data,27,8,3,394,0,8
724.226146913,3,data,27,3,2,417,0,8
724.241123005,0,data,27,0,7,419,0,8
724.366040199,2,data,27,2,5,369,0,8
724.460710825,4,data,27,4,5,395,0,8
724.486059863,1,data,27,1,6,417,0,8
724.655553857,6,data,27,6,4,422,0,8
724.759718254,5,data,27,5,6,416,0,8
724.899494844,4,data,27,5,6,416,1,8
724.958782531,7,data,27,7,1,384,0,8
725.203851437,8,data,27,8,5,395,0,8
725.226146913,3,data,27,3,1,418,0,8
725.241123005,0,data,27,0,4,420,0,8
725.366040199,2,data,27,2,5,370,0,8
725.460710825,4,data,27,4,2,396,0,8
725.486059863,1,data,27,1,4,418,0,8
725.655553857,6,data,27,6,7,423,0,8
725.759718254,5,data,27,5,8,417,0,8
725.958782531,7,data,27,7,2,385,0,8
726.060164480,4,beacon,30,4,65535,13,0,7
726.098559366,5,data,27,7,2,385,1,8
726.203851437,8,data,27,8,0,396,0,8
726.226146913,3,data,27,3,6,419,0,8
726.241123005,0,data,27,0,7,421,0,8
726.366040199,2,data,27,2,7,371,0,8
726.422851395,0,beacon,30,0,65535,13,0,7
726.460710825,4,data,27,4,1,397,0,8
726.486059863,1,data,27,1,4,419,0,8
726.655553857,6,data,27,6,5,424,0,8
726.759718254,5,data,27,5,7,418,0,8
726.958782531,7,data,27,7,2,386,0,8
727.203851437,8,data,27,8,3,397,0,8
727.226146913,3,data,27,3,0,420,0,8
727.241123005,0,data,27,0,4,422,0,8
727.366040199,2,data,27,2,5,372,0,8
727.460710825,4,data,27,4,0,398,0,8
727.486059863,1,data,27,1,0,420,0,8
727.655553857,6,data,27,6,5,425,0,8
727.759718254,5,data,27,5,0,419,0,8
727.795330447,7,data,27,6,5,425,1,8
727.815809857,6,beacon,30,6,65535,13,0,7
727.931177313,1,beacon,30,1,65535,13,0,7
727.958782531,7,data,27,7,3,387,0,8
728.129722679,8,beacon,30,8,65535,13,0,7
728.225210679,8,data,27,8,3,398,0,8
728.226146913,3,data,27,3,2,421,0,8
728.241123005,0,data,27,0,6,423,0,8
728.366040199,2,data,27,2,1,373,0,8
728.460710825,4,data,27,4,5,399,0,8
728.486059863,1,data,27,1,3,421,0,8
728.655553857,6,data,27,6,3,426,0,8
728.759718254,5,data,27,5,6,420,0,8
728.958782531,7,data,27,7,2,388,0,8
729.098559366,5,data,27,7,2,388,1,8
729.203851437,8,data,27,8,0,399,0,8
729.226146913,3,data,27,3,0,422,0,8
729.241123005,0,data,27,0,6,424,0,8
729.366040199,2,data,27,2,4,374,0,8
729.460710825,4,data,27,4,7,400,0,8
729.486059863,1,data,27,1,8,422,0,8
729.655553857,6,data,27,6,2,427,0,8
729.759718254,5,data,27,5,8,421,0,8
729.795330447,3,data,27,6,2,427,1,8
729.958782531,7,data,27,7,0,389,0,8
730.098559121,6,data,27,7,0,389,1,8
730.179680522,5,beacon,30,5,65535,13,0,8
730.203851437,8,data,27,8,5,400,0,8
730.226146913,3,data,27,3,4,423,0,8
730.241123005,0,data,27,0,2,425,0,8
730.366040199,2,data,27,2,3,375,0,8
730.460710825,4,data,27,4,8,401,0,8
730.486059863,1,data,27,1,8,423,0,8
730.655553857,6,data,27,6,3,428,0,8
730.759718254,5,data,27,5,8,422,0,8
730.958782531,7,data,27,7,4,390,0,8
731.000395817,3,beacon,30,3,65535,13,0,7
731.203851437,8,data,27,8,1,401,0,8
731.226146913,3,data,27,3,6,424,0,8
731.241123005,0,data,27,0,2,426,0,8
731.343628029,7,data,27,8,1,401,1,8
731.366040199,2,data,27,2,5,376,0,8
731.460710825,4,data,27,4,6,402,0,8
731.486059863,1,data,27,1,3,424,0,8
731.655553857,6,data,27,6,4,429,0,8
731.759718254,5,data,27,5,7,423,0,8
731.899495089,1,data,27,5,7,423,1,8
731.958782531,7,data,27,7,8,391,0,8
732.203851437,8,data,27,8,2,402,0,8
732.226146913,3,data,27,3,6,425,0,8
732.241123005,0,data,27,0,3,427,0,8
732.343628029,5,data,27,8,2,402,1,8
732.366040199,2,data,27,2,6,377,0,8
732.460710825,4,data,27,4,5,403,0,8
732.486059863,1,data,27,1,3,425,0,8
732.655553857,6,data,27,6,7,430,0,8
732.759718254,5,data,27,5,4,424,0,8
732.847284098,7,beacon,30,7,65535,13,0,8
733.017780098,7,data,27,7,1,392,0,8
733.157556933,3,data,27,7,1,392,1,8
733.203851437,8,data,27,8,6,403,0,8
733.241123005,0,data,27,0,5,428,0,8
733.317812933,3,data,27,3,7,426,0,8
733.366040199,2,data,27,2,4,378,0,8
733.460710825,4,data,27,4,3,404,0,8
733.486059863,1,data,27,1,4,426,0,8
733.655553857,6,data,27,6,0,431,0,8
733.759718254,5,data,27,5,0,425,0,8
733.958782531,7,data,27,7,8,393,0,8
734.203851437,8,data,27,8,2,404,0,8
734.226146913,3,data,27,3,2,427,0,8
734.241123005,0,data,27,0,1,429,0,8
734.343628029,5,data,27,8,2,404,1,8
734.366040199,2,data,27,2,7,379,0,8
734.460710825,4,data,27,4,2,405,0,8
734.486059863,1,data,27,1,7,427,0,8
734.655553857,6,data,27,6,1,432,0,8
734.759718254,5,data,27,5,0,426,0,8
734.958782531,7,data,27,7,2,394,0,8
735.098559366,5,data,27,7,2,394,1,8
735.203851437,8,data,27,8,6,405,0,8
735.226146913,3,data,27,3,0,428,0,8
735.241123005,0,data,27,0,1,430,0,8
735.366040199,2,data,27,2,5,380,0,8
735.460710825,4,data,27,4,3,406,0,8
735.486059863,1,data,27,1,4,428,0,8
735.655553857,6,data,27,6,3,433,0,8
735.759718254,5,data,27,5,3,427,0,8
735.958782531,7,data,27,7,1,395,0,8
736.098559366,3,data,27,7,1,395,1,8
736.203851437,8,data,27,8,6,406,0,8
736.241123005,0,data,27,0,5,431,0,8
736.258815366,3,data,27,3,7,429,0,8
736.366040199,2,data,27,2,3,381,0,8
736.460710825,4,data,27,4,5,407,0,8
736.486059863,1,data,27,1,5,429,0,8
736.655553857,6,data,27,6,0,434,0,8
736.759718254,5,data,27,5,1,428,0,8
736.958782531,7,data,27,7,6,396,0,8
737.203851437,8,data,27,8,1,407,0,8
737.226146913,3,data,27,3,4,430,0,8
737.241123005,0,data,27,0,7,432,0,8
737.343628029,7,data,27,8,1,407,1,8
737.366040199,2,data,27,2,8,382,0,8
737.460710825,4,data,27,4,1,408,0,8
737.486059863,1,data,27,1,3,430,0,8
737.655553857,6,data,27,6,0,435,0,8
737.759718254,5,data,27,5,6,429,0,8
737.958782531,7,data,27,7,0,397,0,8
738.098559121,6,data,27,7,0,397,1,8
738.203851437,8,data,27,8,0,408,0,8
738.226146913,3,data,27,3,0,431,0,8
738.241123005,0,data,27,0,1,433,0,8
738.366040199,2,data,27,2,0,383,0,8
738.460710825,4,data,27,4,5,409,0,8
738.486059863,1,data,27,1,5,431,0,8
738.655553857,6,data,27,6,7,436,0,8
738.759718254,5,data,27,5,4,430,0,8
738.958782531,7,data,27,7,4,398,0,8
739.203851437,8,data,27,8,7,409,0,8
739.226146913,3,data,27,3,4,432,0,8
739.241123005,0,data,27,0,8,434,0,8
739.366040199,2,data,27,2,5,384,0,8
739.460710825,4,data,27,4,0,410,0,8
739.486059863,1,data,27,1,0,432,0,8
739.655553857,6,data,27,6,3,437,0,8
739.759718254,5,data,27,5,8,431,0,8
739.958782531,7,data,27,7,6,399,0,8
740.203851437,8,data,27,8,4,410,0,8
740.226146913,3,data,27,3,4,433,0,8
740.241123005,0,data,27,0,4,435,0,8
740.366040199,2,data,27,2,3,385,0,8
740.460710825,4,data,27,4,5,411,0,8
740.486059863,1,data,27,1,3,433,0,8
740.655553857,6,data,27,6,7,438,0,8
740.759718254,5,data,27,5,0,432,0,8
740.958782531,7,data,27,7,6,400,0,8
741.203851437,8,data,27,8,6,411,0,8
741.226146913,3,data,27,3,6,434,0,8
741.241123005,0,data,27,0,1,436,0,8
741.343628029,7,data,27,8,6,411,1,8
741.366040199,2,data,27,2,5,386,0,8
741.460710825,4,data,27,4,1,412,0,8
741.486059863,1,data,27,1,7,434,0,8
741.655553857,6,data,27,6,0,439,0,8
741.759718254,5,data,27,5,6,433,0,8
741.899494844,4,data,27,5,6,433,1,8
741.958782531,7,data,27,7,3,401,0,8
742.203851437,8,data,27,8,5,412,0,8
742.226146913,3,data,27,3,1,435,0,8
742.241123005,0,data,27,0,7,437,0,8
742.366040199,2,data,27,2,7,387,0,8
742.460710825,4,data,27,4,1,413,0,8
742.486059863,1,data,27,1,7,435,0,8
742.655553857,6,data,27,6,5,440,0,8
742.759718254,5,data,27,5,0,434,0,8
742.958782531,7,data,27,7,5,402,0,8
743.203851437,8,data,27,8,4,413,0,8
743.226146913,3,data,27,3,5,436,0,8
743.241123005,0,data,27,0,2,438,0,8
743.366040199,2,data,27,2,3,388,0,8
743.460710825,4,data,27,4,7,414,0,8
743.486059863,1,data,27,1,7,436,0,8
743.655553857,6,data,27,6,1,441,0,8
743.759718254,5,data,27,5,4,435,0,8
743.958782531,7,data,27,7,8,403,0,8
744.203851437,8,data,27,8,3,414,0,8
744.226146913,3,data,27,3,2,437,0,8
744.241123005,0,data,27,0,1,439,0,8
744.366040199,2,data,27,2,0,389,0,8
744.460710825,4,data,27,4,3,415,0,8
744.486059863,1,data,27,1,2,437,0,8
744.655553857,6,data,27,6,1,442,0,8
744.759718254,5,data,27,5,8,436,0,8
744.958782531,7,data,27,7,5,404,0,8
745.203851437,8,data,27,8,4,415,0,8
745.226146913,3,data,27,3,0,438,0,8
745.241123005,0,data,27,0,3,440,0,8
745.343628029,7,data,27,8,4,415,1,8
745.366040199,2,data,27,2,3,390,0,8
745.460710825,4,data,27,4,0,416,0,8
745.486059863,1,data,27,1,5,438,0,8
745.655553857,6,data,27,6,7,443,0,8
745.759718254,5,data,27,5,4,437,0,8
745.958782531,7,data,27,7,8,405,0,8
746.203851437,8,data,27,8,0,416,0,8
746.226146913,3,data,27,3,1,439,0,8
746.241123005,0,data,27,0,8,441,0,8
746.343628029,5,data,27,8,0,416,1,8
746.366040199,2,data,27,2,6,391,0,8
746.460710825,4,data,27,4,5,417,0,8
746.486059863,1,data,27,1,7,439,0,8
746.655553857,6,data,27,6,4,444,0,8
746.759718254,5,data,27,5,4,438,0,8
746.958782531,7,data,27,7,5,406,0,8
747.203851437,8,data,27,8,2,417,0,8
747.226146913,3,data,27,3,8,440,0,8
747.241123005,0,data,27,0,3,442,0,8
747.343628029,5,data,27,8,2,417,1,8
747.366040199,2,data,27,2,7,392,0,8
747.460710825,4,data,27,4,2,418,0,8
747.486059863,1,data,27,1,4,440,0,8
747.655553857,6,data,27,6,0,445,0,8
747.759718254,5,data,27,5,3,439,0,8
747.899495089,1,data,27,5,3,439,1,8
747.958782531,7,data,27,7,3,407,0,8
748.203851437,8,data,27,8,6,418,0,8
748.226146913,3,data,27,3,2,441,0,8
748.241123005,0,data,27,0,5,443,0,8
748.366040199,2,data,27,2,5,393,0,8
748.460710825,4,data,27,4,2,419,0,8
748.486059863,1,data,27,1,0,441,0,8
748.655553857,6,data,27,6,5,446,0,8
748.759718254,5,data,27,5,0,440,0,8
748.958782531,7,data,27,7,1,408,0,8
749.098559366,3,data,27,7,1,408,1,8
749.203851437,8,data,27,8,2,419,0,8
749.241123005,0,data,27,0,8,444,0,8
749.258815366,3,data,27,3,8,442,0,8
749.366040199,2,data,27,2,0,394,0,8
749.460710825,4,data,27,4,0,420,0,8
749.486059863,1,data,27,1,6,442,0,8
749.655553857,6,data,27,6,5,447,0,8
749.759718254,5,data,27,5,6,441,0,8
749.958782531,7,data,27,7,0,409,0,8
750.098559121,6,data,27,7,0,409,1,8
750.203851437,8,data,27,8,0,420,0,8
750.226146913,3,data,27,3,0,443,0,8
750.241123005,0,data,27,0,5,445,0,8
750.366040199,2,data,27,2,6,395,0,8
750.460710825,4,data,27,4,8,421,0,8
750.486059863,1,data,27,1,5,443,0,8
750.655553857,6,data,27,6,1,448,0,8
750.759718254,5,data,27,5,3,442,0,8
750.958782531,7,data,27,7,4,410,0,8
751.203851437,8,data,27,8,0,421,0,8
751.226146913,3,data,27,3,5,444,0,8
751.241123005,0,data,27,0,6,446,0,8
751.343628029,5,data,27,8,0,421,1,8
751.366040199,2,data,27,2,3,396,0,8
751.460710825,4,data,27,4,1,422,0,8
751.486059863,1,data,27,1,5,444,0,8
751.655553857,6,data,27,6,2,449,0,8
751.759718254,5,data,27,5,3,443,0,8
751.795330447,3,data,27,6,2,449,1,8
751.958782531,7,data,27,7,8,411,0,8
752.203851437,8,data,27,8,0,422,0,8
752.226146913,3,data,27,3,8,445,0,8
752.241123005,0,data,27,0,3,447,0,8
752.365923503,6,data,27,3,8,445,1,8
752.366040199,2,data,27,2,0,397,0,8
752.460710825,4,data,27,4,7,423,0,8
752.486059863,1,data,27,1,7,445,0,8
752.655553857,6,data,27,6,4,450,0,8
752.759718254,5,data,27,5,2,444,0,8
752.958782531,7,data,27,7,1,412,0,8
753.098559366,3,data,27,7,1,412,1,8
753.203851437,8,data,27,8,3,423,0,8
753.241123005,0,data,27,0,2,448,0,8
753.258815366,3,data,27,3,2,446,0,8
753.343628029,7,data,27,8,3,423,1,8
753.366040199,2,data,27,2,7,398,0,8
753.460710825,4,data,27,4,3,424,0,8
753.486059863,1,data,27,1,8,446,0,8
753.655553857,6,data,27,6,5,451,0,8
753.759718254,5,data,27,5,8,445,0,8
753.795330447,7,data,27,6,5,451,1,8
753.958782531,7,data,27,7,2,413,0,8
754.098559366,5,data,27,7,2,413,1,8
754.203851437,8,data,27,8,3,424,0,8
754.226146913,3,data,27,3,8,447,0,8
754.241123005,0,data,27,0,7,449,0,8
754.365923503,6,data,27,3,8,447,1,8
754.366040199,2,data,27,2,1,399,0,8
754.460710825,4,data,27,4,3,425,0,8
754.486059863,1,data,27,1,0,447,0,8
754.655553857,6,data,27,6,8,452,0,8
754.759718254,5,data,27,5,8,446,0,8
754.958782531,7,data,27,7,0,414,0,8
755.098559121,6,data,27,7,0,414,1,8
755.203851437,8,data,27,8,7,425,0,8
755.226146913,3,data,27,3,5,448,0,8
755.241123005,0,data,27,0,8,450,0,8
755.366040199,2,data,27,2,7,400,0,8
755.460710825,4,data,27,4,7,426,0,8
755.486059863,1,data,27,1,8,448,0,8
755.655553857,6,data,27,6,0,453,0,8
755.759718254,5,data,27,5,0,447,0,8
755.958782531,7,data,27,7,8,415,0,8
756.203851437,8,data,27,8,4,426,0,8
756.226146913,3,data,27,3,2,449,0,8
756.241123005,0,data,27,0,4,451,0,8
756.343628029,7,data,27,8,4,426,1,8
756.366040199,2,data,27,2,5,401,0,8
756.460710825,4,data,27,4,7,427,0,8
756.486059863,1,data,27,1,5,449,0,8
756.655553857,6,data,27,6,7,454,0,8
756.759718254,5,data,27,5,1,448,0,8
756.958782531,7,data,27,7,8,416,0,8
757.203851437,8,data,27,8,0,427,0,8
757.226146913,3,data,27,3,7,450,0,8
757.241123005,0,data,27,0,4,452,0,8
757.366040199,2,data,27,2,1,402,0,8
757.460710825,4,data,27,4,0,428,0,8
757.486059863,1,data,27,1,3,450,0,8
757.655553857,6,data,27,6,8,455,0,8
757.759718254,5,data,27,5,3,449,0,8
757.899495089,1,data,27,5,3,449,1,8
757.958782531,7,data,27,7,6,417,0,8
758.203851437,8,data,27,8,4,428,0,8
758.226146913,3,data,27,3,5,451,0,8
758.241123005,0,data,27,0,6,453,0,8
758.343628029,7,data,27,8,4,428,1,8
758.366040199,2,data,27,2,0,403,0,8
758.460710825,4,data,27,4,8,429,0,8
758.486059863,1,data,27,1,0,451,0,8
758.655553857,6,data,27,6,0,456,0,8
758.759718254,5,data,27,5,4,450,0,8
758.958782531,7,data,27,7,3,418,0,8
759.203851437,8,data,27,8,7,429,0,8
759.226146913,3,data,27,3,5,452,0,8
759.241123005,0,data,27,0,3,454,0,8
759.366040199,2,data,27,2,7,404,0,8
759.460710825,4,data,27,4,5,430,0,8
759.486059863,1,data,27,1,0,452,0,8
759.600487415,7,data,27,4,5,430,1,8
759.655553857,6,data,27,6,0,457,0,8
759.759718254,5,data,27,5,4,451,0,8
759.958782531,7,data,27,7,1,419,0,8
760.098559366,3,data,27,7,1,419,1,8
760.203851437,8,data,27,8,0,430,0,8
760.241123005,0,data,27,0,5,455,0,8
760.258815366,3,data,27,3,8,453,0,8
760.366040199,2,data,27,2,8,405,0,8
760.460710825,4,data,27,4,3,431,0,8
760.486059863,1,data,27,1,3,453,0,8
760.655553857,6,data,27,6,4,458,0,8
760.759718254,5,data,27,5,2,452,0,8
760.958782531,7,data,27,7,6,420,0,8
761.203851437,8,data,27,8,3,431,0,8
761.226146913,3,data,27,3,5,454,0,8
761.241123005,0,data,27,0,8,456,0,8
761.366040199,2,data,27,2,6,406,0,8
761.460710825,4,data,27,4,7,432,0,8
761.486059863,1,data,27,1,7,454,0,8
761.655553857,6,data,27,6,2,459,0,8
761.759718254,5,data,27,5,3,453,0,8
761.795330447,3,data,27,6,2,459,1,8
761.958782531,7,data,27,7,0,421,0,8
762.098559121,6,data,27,7,0,421,1,8
762.203851437,8,data,27,8,2,432,0,8
762.226146913,3,data,27,3,6,455,0,8
762.241123005,0,data,27,0,4,457,0,8
762.343628029,5,data,27,8,2,432,1,8
762.366040199,2,data,27,2,4,407,0,8
762.460710825,4,data,27,4,2,433,0,8
762.486059863,1,data,27,1,6,455,0,8
762.655553857,6,data,27,6,4,460,0,8
762.759718254,5,data,27,5,4,454,0,8
762.958782531,7,data,27,7,4,422,0,8
763.203851437,8,data,27,8,5,433,0,8
763.226146913,3,data,27,3,4,456,0,8
763.241123005,0,data,27,0,7,458,0,8
763.366040199,2,data,27,2,7,408,0,8
763.460710825,4,data,27,4,2,434,0,8
763.486059863,1,data,27,1,3,456,0,8
763.655553857,6,data,27,6,7,461,0,8
763.759718254,5,data,27,5,0,455,0,8
763.958782531,7,data,27,7,1,423,0,8
764.098559366,3,data,27,7,1,423,1,8
764.203851437,8,data,27,8,5,434,0,8
764.241123005,0,data,27,0,4,459,0,8
764.258815366,3,data,27,3,8,457,0,8
764.366040199,2,data,27,2,0,409,0,8
764.398591956,6,data,27,3,8,457,1,8
764.460710825,4,data,27,4,7,435,0,8
764.486059863,1,data,27,1,8,457,0,8
764.655553857,6,data,27,6,2,462,0,8
764.759718254,5,data,27,5,0,456,0,8
764.795330447,3,data,27,6,2,462,1,8
764.958782531,7,data,27,7,0,424,0,8
765.098559121,6,data,27,7,0,424,1,8
765.203851437,8,data,27,8,2,435,0,8
765.226146913,3,data,27,3,7,458,0,8
765.241123005,0,data,27,0,5,460,0,8
765.366040199,2,data,27,2,4,410,0,8
765.460710825,4,data,27,4,2,436,0,8
765.486059863,1,data,27,1,6,458,0,8
765.655553857,6,data,27,6,3,463,0,8
765.759718254,5,data,27,5,2,457,0,8
765.958782531,7,data,27,7,2,425,0,8
766.203851437,8,data,27,8,7,436,0,8
766.226146913,3,data,27,3,5,459,0,8
766.241123005,0,data,27,0,6,461,0,8
766.366040199,2,data,27,2,8,411,0,8
766.460710825,4,data,27,4,6,437,0,8
766.486059863,1,data,27,1,8,459,0,8
766.655553857,6,data,27,6,8,464,0,8
766.759718254,5,data,27,5,6,458,0,8
766.958782531,7,data,27,7,3,426,0,8
767.203851437,8,data,27,8,4,437,0,8
767.226146913,3,data,27,3,7,460,0,8
767.241123005,0,data,27,0,1,462,0,8
767.366040199,2,data,27,2,8,412,0,8
767.460710825,4,data,27,4,2,438,0,8
767.486059863,1,data,27,1,0,460,0,8
767.655553857,6,data,27,6,8,465,0,8
767.759718254,5,data,27,5,4,459,0,8
767.958782531,7,data,27,7,3,427,0,8
768.203851437,8,data,27,8,6,438,0,8
768.226146913,3,data,27,3,2,461,0,8
768.241123005,0,data,27,0,4,463,0,8
768.366040199,2,data,27,2,4,413,0,8
768.460710825,4,data,27,4,7,439,0,8
768.486059863,1,data,27,1,6,461,0,8
768.655553857,6,data,27,6,1,466,0,8
768.759718254,5,data,27,5,3,460,0,8
768.899495089,1,data,27,5,3,460,1,8
768.958782531,7,data,27,7,5,428,0,8
769.203851437,8,data,27,8,1,439,0,8
769.226146913,3,data,27,3,8,462,0,8
769.241123005,0,data,27,0,8,464,0,8
769.366040199,2,data,27,2,3,414,0,8
769.460710825,4,data,27,4,8,440,0,8
769.486059863,1,data,27,1,2,462,0,8
769.655553857,6,data,27,6,1,467,0,8
769.759718254,5,data,27,5,0,461,0,8
769.958782531,7,data,27,7,2,429,0,8
770.098559366,5,data,27,7,2,429,1,8
770.203851437,8,data,27,8,5,440,0,8
770.226146913,3,data,27,3,4,463,0,8
770.241123005,0,data,27,0,4,465,0,8
770.366040199,2,data,27,2,1,415,0,8
770.460710825,4,data,27,4,1,441,0,8
770.486059863,1,data,27,1,7,463,0,8
770.655553857,6,data,27,6,7,468,0,8
770.759718254,5,data,27,5,4,462,0,8
770.958782531,7,data,27,7,0,430,0,8
771.098559121,6,data,27,7,0,430,1,8
771.203851437,8,data,27,8,6,441,0,8
771.226146913,3,data,27,3,6,464,0,8
771.241123005,0,data,27,0,4,466,0,8
771.366040199,2,data,27,2,6,416,0,8
771.460710825,4,data,27,4,7,442,0,8
771.486059863,1,data,27,1,2,464,0,8
771.655553857,6,data,27,6,3,469,0,8
771.759718254,5,data,27,5,7,463,0,8
771.958782531,7,data,27,7,1,431,0,8
772.098559366,3,data,27,7,1,431,1,8
772.203851437,8,data,27,8,4,442,0,8
772.241123005,0,data,27,0,2,467,0,8
772.258815366,3,data,27,3,0,465,0,8
772.366040199,2,data,27,2,7,417,0,8
772.460710825,4,data,27,4,2,443,0,8
772.486059863,1,data,27,1,3,465,0,8
772.655553857,6,data,27,6,5,470,0,8
772.759718254,5,data,27,5,6,464,0,8
772.958782531,7,data,27,7,5,432,0,8
773.203851437,8,data,27,8,7,443,0,8
773.226146913,3,data,27,3,5,466,0,8
773.241123005,0,data,27,0,5,468,0,8
773.366040199,2,data,27,2,1,418,0,8
773.460710825,4,data,27,4,8,444,0,8
773.486059863,1,data,27,1,4,466,0,8
773.655553857,6,data,27,6,3,471,0,8
773.759718254,5,data,27,5,6,465,0,8
773.958782531,7,data,27,7,0,433,0,8
774.098559121,6,data,27,7,0,433,1,8
774.203851437,8,data,27,8,2,444,0,8
774.226146913,3,data,27,3,7,467,0,8
774.241123005,0,data,27,0,1,469,0,8
774.366040199,2,data,27,2,8,419,0,8
774.460710825,4,data,27,4,3,445,0,8
774.486059863,1,data,27,1,4,467,0,8
774.655553857,6,data,27,6,5,472,0,8
774.759718254,5,data,27,5,7,466,0,8
774.958782531,7,data,27,7,1,434,0,8
775.098559366,3,data,27,7,1,434,1,8
775.203851437,8,data,27,8,0,445,0,8
775.241123005,0,data,27,0,2,470,0,8
775.258815366,3,data,27,3,2,468,0,8
775.366040199,2,data,27,2,6,420,0,8
775.460710825,4,data,27,4,0,446,0,8
775.486059863,1,data,27,1,4,468,0,8
775.655553857,6,data,27,6,3,473,0,8
775.759718254,5,data,27,5,8,467,0,8
775.958782531,7,data,27,7,3,435,0,8
776.203851437,8,data,27,8,0,446,0,8
776.226146913,3,data,27,3,2,469,0,8
776.241123005,0,data,27,0,5,471,0,8
776.366040199,2,data,27,2,8,421,0,8
776.460710825,4,data,27,4,2,447,0,8
776.486059863,1,data,27,1,7,469,0,8
776.655553857,6,data,27,6,2,474,0,8
776.759718254,5,data,27,5,3,468,0,8
776.795330447,3,data,27,6,2,474,1,8
776.958782531,7,data,27,7,3,436,0,8
777.203851437,8,data,27,8,2,447,0,8
777.226146913,3,data,27,3,0,470,0,8
777.241123005,0,data,27,0,8,472,0,8
777.366040199,2,data,27,2,5,422,0,8
777.460710825,4,data,27,4,0,448,0,8
777.486059863,1,data,27,1,8,470,0,8
777.655553857,6,data,27,6,1,475,0,8
777.759718254,5,data,27,5,6,469,0,8
777.958782531,7,data,27,7,3,437,0,8
778.203851437,8,data,27,8,0,448,0,8
778.226146913,3,data,27,3,0,471,0,8
778.241123005,0,data,27,0,6,473,0,8
778.343628029,5,data,27,8,0,448,1,8
778.366040199,2,data,27,2,7,423,0,8
778.460710825,4,data,27,4,7,449,0,8
778.486059863,1,data,27,1,7,471,0,8
778.655553857,6,data,27,6,3,476,0,8
778.759718254,5,data,27,5,0,470,0,8
778.958782531,7,data,27,7,1,438,0,8
779.098559366,3,data,27,7,1,438,1,8
779.203851437,8,data,27,8,6,449,0,8
779.241123005,0,data,27,0,3,474,0,8
779.258815366,3,data,27,3,8,472,0,8
779.366040199,2,data,27,2,8,424,0,8
779.398591956,6,data,27,3,8,472,1,8
779.460710825,4,data,27,4,8,450,0,8
779.486059863,1,data,27,1,0,472,0,8
779.655553857,6,data,27,6,8,477,0,8
779.759718254,5,data,27,5,8,471,0,8
779.958782531,7,data,27,7,0,439,0,8
780.203851437,8,data,27,8,1,450,0,8
780.226146913,3,data,27,3,4,473,0,8
780.241123005,0,data,27,0,1,475,0,8
780.343628029,7,data,27,8,1,450,1,8
780.366040199,2,data,27,2,5,425,0,8
780.460710825,4,data,27,4,8,451,0,8
780.486059863,1,data,27,1,5,473,0,8
780.655553857,6,data,27,6,0,478,0,8
780.759718254,5,data,27,5,0,472,0,8
780.958782531,7,data,27,7,6,440,0,8
781.203851437,8,data,27,8,4,451,0,8
781.226146913,3,data,27,3,5,474,0,8
781.241123005,0,data,27,0,2,476,0,8
781.366040199,2,data,27,2,7,426,0,8
781.460710825,4,data,27,4,1,452,0,8
781.486059863,1,data,27,1,8,474,0,8
781.655553857,6,data,27,6,0,479,0,8
781.759718254,5,data,27,5,0,473,0,8
781.958782531,7,data,27,7,6,441,0,8
782.203851437,8,data,27,8,7,452,0,8
782.226146913,3,data,27,3,0,475,0,8
782.241123005,0,data,27,0,6,477,0,8
782.366040199,2,data,27,2,3,427,0,8
782.460710825,4,data,27,4,2,453,0,8
782.486059863,1,data,27,1,6,475,0,8
782.655553857,6,data,27,6,8,480,0,8
782.759718254,5,data,27,5,2,474,0,8
782.958782531,7,data,27,7,0,442,0,8
783.098559121,6,data,27,7,0,442,1,8
783.203851437,8,data,27,8,3,453,0,8
783.205627681,2,beacon,30,2,65535,14,0,8
783.226146913,3,data,27,3,8,476,0,8
783.241123005,0,data,27,0,7,478,0,8
783.376123681,2,data,27,2,0,428,0,8
783.460710825,4,data,27,4,6,454,0,8
783.486059863,1,data,27,1,8,476,0,8
783.655553857,6,data,27,6,7,481,0,8
783.759718254,5,data,27,5,8,475,0,8
783.958782531,7,data,27,7,5,443,0,8
784.203851437,8,data,27,8,6,454,0,8
784.226146913,3,data,27,3,1,477,0,8
784.241123005,0,data,27,0,5,479,0,8
784.366040199,2,data,27,2,8,429,0,8
784.460710825,4,data,27,4,1,455,0,8
784.486059863,1,data,27,1,0,477,0,8
784.655553857,6,data,27,6,3,482,0,8
784.759718254,5,data,27,5,4,476,0,8
784.958782531,7,data,27,7,1,444,0,8
785.098559366,3,data,27,7,1,444,1,8
785.203851437,8,data,27,8,4,455,0,8
785.241123005,0,data,27,0,4,480,0,8
785.258815366,3,data,27,3,6,478,0,8
785.366040199,2,data,27,2,3,430,0,8
785.460710825,4,data,27,4,8,456,0,8
785.486059863,1,data,27,1,7,478,0,8
785.655553857,6,data,27,6,5,483,0,8
785.759718254,5,data,27,5,0,477,0,8
785.958782531,7,data,27,7,1,445,0,8
786.060164480,4,beacon,30,4,65535,14,0,8
786.098559366,3,data,27,7,1,445,1,8
786.203851437,8,data,27,8,5,456,0,8
786.241123005,0,data,27,0,6,481,0,8
786.258815366,3,data,27,3,8,479,0,8
786.366040199,2,data,27,2,0,431,0,8
786.398591956,6,data,27,3,8,479,1,8
786.422851395,0,beacon,30,0,65535,14,0,7
786.460710825,4,data,27,4,5,457,0,8
786.486059863,1,data,27,1,0,479,0,8
786.655553857,6,data,27,6,0,484,0,8
786.759718254,5,data,27,5,8,478,0,8
786.958782531,7,data,27,7,4,446,0,8
787.203851437,8,data,27,8,1,457,0,8
787.226146913,3,data,27,3,8,480,0,8
787.241123005,0,data,27,0,7,482,0,8
787.343628029,7,data,27,8,1,457,1,8
787.366040199,2,data,27,2,1,432,0,8
787.460710825,4,data,27,4,0,458,0,8
787.486059863,1,data,27,1,8,480,0,8
787.655553857,6,data,27,6,7,485,0,8
787.759718254,5,data,27,5,1,479,0,8
787.815809857,6,beacon,30,6,65535,14,0,8
787.931177313,1,beacon,30,1,65535,14,0,8
787.958782531,7,data,27,7,8,447,0,8
788.129722679,8,beacon,30,8,65535,14,0,7
788.225210679,8,data,27,8,5,458,0,8
788.226146913,3,data,27,3,1,481,0,8
788.241123005,0,data,27,0,6,483,0,8
788.366040199,2,data,27,2,7,433,0,8
788.460710825,4,data,27,4,3,459,0,8
788.486059863,1,data,27,1,0,481,0,8
788.655553857,6,data,27,6,1,486,0,8
788.759718254,5,data,27,5,6,480,0,8
788.958782531,7,data,27,7,5,448,0,8
789.203851437,8,data,27,8,0,459,0,8
789.226146913,3,data,27,3,1,482,0,8
789.241123005,0,data,27,0,7,484,0,8
789.366040199,2,data,27,2,5,434,0,8
789.460710825,4,data,27,4,5,460,0,8
789.486059863,1,data,27,1,4,482,0,8
789.655553857,6,data,27,6,4,487,0,8
789.759718254,5,data,27,5,1,481,0,8
789.958782531,7,data,27,7,0,449,0,8
790.098559121,6,data,27,7,0,449,1,8
790.179680522,5,beacon,30,5,65535,14,0,7
790.203851437,8,data,27,8,1,460,0,8
790.226146913,3,data,27,3,6,483,0,8
790.241123005,0,data,27,0,4,485,0,8
790.366040199,2,data,27,2,7,435,0,8
790.460710825,4,data,27,4,3,461,0,8
790.486059863,1,data,27,1,3,483,0,8
790.655553857,6,data,27,6,8,488,0,8
790.759718254,5,data,27,5,4,482,0,8
790.958782531,7,data,27,7,8,450,0,8
791.000395817,3,beacon,30,3,65535,14,0,7
791.203851437,8,data,27,8,2,461,0,8
791.226146913,3,data,27,3,4,484,0,8
791.241123005,0,data,27,0,1,486,0,8
791.366040199,2,data,27,2,6,436,0,8
791.460710825,4,data,27,4,6,462,0,8
791.486059863,1,data,27,1,4,484,0,8
791.655553857,6,data,27,6,8,489,0,8
791.759718254,5,data,27,5,0,483,0,8
791.958782531,7,data,27,7,8,451,0,8
792.203851437,8,data,27,8,7,462,0,8
792.226146913,3,data,27,3,7,485,0,8
792.241123005,0,data,27,0,7,487,0,8
792.366040199,2,data,27,2,0,437,0,8
792.460710825,4,data,27,4,5,463,0,8
792.486059863,1,data,27,1,6,485,0,8
792.655553857,6,data,27,6,2,490,0,8
792.759718254,5,data,27,5,0,484,0,8
792.847284098,7,beacon,30,7,65535,14,0,7
792.958782531,7,data,27,7,3,452,0,8
793.203851437,8,data,27,8,1,463,0,8
793.226146913,3,data,27,3,6,486,0,8
793.241123005,0,data,27,0,8,488,0,8
793.366040199,2,data,27,2,3,438,0,8
793.460710825,4,data,27,4,3,464,0,8
793.486059863,1,data,27,1,5,486,0,8
793.655553857,6,data,27,6,8,491,0,8
793.759718254,5,data,27,5,1,485,0,8
793.958782531,7,data,27,7,4,453,0,8
794.203851437,8,data,27,8,3,464,0,8
794.226146913,3,data,27,3,0,487,0,8
794.241123005,0,data,27,0,3,489,0,8
794.366040199,2,data,27,2,3,439,0,8
794.460710825,4,data,27,4,0,465,0,8
794.486059863,1,data,27,1,2,487,0,8
794.655553857,6,data,27,6,4,492,0,8
794.759718254,5,data,27,5,4,486,0,8
794.958782531,7,data,27,7,3,454,0,8
795.203851437,8,data,27,8,2,465,0,8
795.226146913,3,data,27,3,6,488,0,8
795.241123005,0,data,27,0,8,490,0,8
795.343628029,5,data,27,8,2,465,1,8
795.366040199,2,data,27,2,4,440,0,8
795.460710825,4,data,27,4,1,466,0,8
795.486059863,1,data,27,1,3,488,0,8
795.655553857,6,data,27,6,4,493,0,8
795.759718254,5,data,27,5,1,487,0,8
795.958782531,7,data,27,7,0,455,0,8
796.098559121,6,data,27,7,0,455,1,8
796.203851437,8,data,27,8,2,466,0,8
796.226146913,3,data,27,3,5,489,0,8
796.241123005,0,data,27,0,7,491,0,8
796.343628029,5,data,27,8,2,466,1,8
796.366040199,2,data,27,2,3,441,0,8
796.460710825,4,data,27,4,6,467,0,8
796.486059863,1,data,27,1,7,489,0,8
796.655553857,6,data,27,6,5,494,0,8
796.759718254,5,data,27,5,0,488,0,8
796.958782531,7,data,27,7,4,456,0,8
797.203851437,8,data,27,8,6,467,0,8
797.226146913,3,data,27,3,4,490,0,8
797.241123005,0,data,27,0,3,492,0,8
797.343628029,7,data,27,8,6,467,1,8
797.366040199,2,data,27,2,0,442,0,8
797.460710825,4,data,27,4,0,468,0,8
797.486059863,1,data,27,1,2,490,0,8
797.655553857,6,data,27,6,4,495,0,8
797.759718254,5,data,27,5,3,489,0,8
797.958782531,7,data,27,7,1,457,0,8
798.098559366,3,data,27,7,1,457,1,8
798.203851437,8,data,27,8,7,468,0,8
798.241123005,0,data,27,0,1,493,0,8
798.258815366,3,data,27,3,2,491,0,8
798.366040199,2,data,27,2,7,443,0,8
798.460710825,4,data,27,4,2,469,0,8
798.486059863,1,data,27,1,3,491,0,8
798.655553857,6,data,27,6,2,496,0,8
798.759718254,5,data,27,5,1,490,0,8
798.795330447,3,data,27,6,2,496,1,8
798.958782531,7,data,27,7,8,458,0,8
799.203851437,8,data,27,8,0,469,0,8
799.226146913,3,data,27,3,4,492,0,8
799.241123005,0,data,27,0,1,494,0,8
799.343628029,5,data,27,8,0,469,1,8
799.366040199,2,data,27,2,7,444,0,8
799.460710825,4,data,27,4,5,470,0,8
799.486059863,1,data,27,1,7,492,0,8
799.655553857,6,data,27,6,2,497,0,8
799.759718254,5,data,27,5,6,491,0,8
799.958782531,7,data,27,7,8,459,0,8
800.203851437,8,data,27,8,5,470,0,8
800.226146913,3,data,27,3,4,493,0,8
800.241123005,0,data,27,0,8,495,0,8
800.366040199,2,data,27,2,4,445,0,8
800.460710825,4,data,27,4,5,471,0,8
800.486059863,1,data,27,1,3,493,0,8
800.655553857,6,data,27,6,1,498,0,8
800.759718254,5,data,27,5,8,492,0,8
800.958782531,7,data,27,7,5,460,0,8
801.203851437,8,data,27,8,4,471,0,8
801.226146913,3,data,27,3,1,494,0,8
801.241123005,0,data,27,0,2,496,0,8
801.366040199,2,data,27,2,7,446,0,8
801.460710825,4,data,27,4,3,472,0,8
801.486059863,1,data,27,1,4,494,0,8
801.655553857,6,data,27,6,0,499,0,8
801.759718254,5,data,27,5,0,493,0,8
801.958782531,7,data,27,7,5,461,0,8
802.203851437,8,data,27,8,2,472,0,8
802.226146913,3,data,27,3,4,495,0,8
802.241123005,0,data,27,0,8,497,0,8
802.366040199,2,data,27,2,4,447,0,8
802.460710825,4,data,27,4,6,473,0,8
802.486059863,1,data,27,1,4,495,0,8
802.655553857,6,data,27,6,2,500,0,8
802.759718254,5,data,27,5,3,494,0,8
802.958782531,7,data,27,7,8,462,0,8
803.203851437,8,data,27,8,1,473,0,8
803.226146913,3,data,27,3,7,496,0,8
803.241123005,0,data,27,0,1,498,0,8
803.366040199,2,data,27,2,6,448,0,8
803.460710825,4,data,27,4,1,474,0,8
803.486059863,1,data,27,1,2,496,0,8
803.655553857,6,data,27,6,1,501,0,8
803.759718254,5,data,27,5,4,495,0,8
803.958782531,7,data,27,7,8,463,0,8
804.203851437,8,data,27,8,7,474,0,8
804.226146913,3,data,27,3,2,497,0,8
804.241123005,0,data,27,0,2,499,0,8
804.366040199,2,data,27,2,3,449,0,8
804.460710825,4,data,27,4,2,475,0,8
804.486059863,1,data,27,1,5,497,0,8
804.655553857,6,data,27,6,3,502,0,8
804.759718254,5,data,27,5,3,496,0,8
804.899495089,1,data,27,5,3,496,1,8
804.958782531,7,data,27,7,5,464,0,8
805.203851437,8,data,27,8,0,475,0,8
805.226146913,3,data,27,3,8,498,0,8
805.241123005,0,data,27,0,3,500,0,8
805.366040199,2,data,27,2,7,450,0,8
805.460710825,4,data,27,4,6,476,0,8
805.486059863,1,data,27,1,0,498,0,8
805.655553857,6,data,27,6,3,503,0,8
805.759718254,5,data,27,5,8,497,0,8
805.958782531,7,data,27,7,1,465,0,8
806.098559366,3,data,27,7,1,465,1,8
806.203851437,8,data,27,8,0,476,0,8
806.241123005,0,data,27,0,1,501,0,8
806.258815366,3,data,27,3,7,499,0,8
806.366040199,2,data,27,2,8,451,0,8
806.460710825,4,data,27,4,7,477,0,8
806.486059863,1,data,27,1,6,499,0,8
806.655553857,6,data,27,6,7,504,0,8
806.759718254,5,data,27,5,8,498,0,8
806.958782531,7,data,27,7,5,466,0,8
807.203851437,8,data,27,8,2,477,0,8
807.226146913,3,data,27,3,4,500,0,8
807.241123005,0,data,27,0,2,502,0,8
807.343628029,5,data,27,8,2,477,1,8
807.366040199,2,data,27,2,6,452,0,8
807.460710825,4,data,27,4,6,478,0,8
807.486059863,1,data,27,1,7,500,0,8
807.655553857,6,data,27,6,4,505,0,8
807.759718254,5,data,27,5,6,499,0,8
807.958782531,7,data,27,7,6,467,0,8
808.203851437,8,data,27,8,6,478,0,8
808.226146913,3,data,27,3,4,501,0,8
808.241123005,0,data,27,0,6,503,0,8
808.366040199,2,data,27,2,8,453,0,8
808.460710825,4,data,27,4,2,479,0,8
808.486059863,1,data,27,1,6,501,0,8
808.655553857,6,data,27,6,4,506,0,8
808.759718254,5,data,27,5,0,500,0,8
808.958782531,7,data,27,7,4,468,0,8
809.203851437,8,data,27,8,3,479,0,8
809.226146913,3,data,27,3,6,502,0,8
809.241123005,0,data,27,0,2,504,0,8
809.343628029,7,data,27,8,3,479,1,8
809.366040199,2,data,27,2,0,454,0,8
809.460710825,4,data,27,4,8,480,0,8
809.486059863,1,data,27,1,2,502,0,8
809.655553857,6,data,27,6,0,507,0,8
809.759718254,5,data,27,5,0,501,0,8
809.958782531,7,data,27,7,6,469,0,8
810.203851437,8,data,27,8,2,480,0,8
810.226146913,3,data,27,3,7,503,0,8
810.241123005,0,data,27,0,3,505,0,8
810.343628029,5,data,27,8,2,480,1,8
810.366040199,2,data,27,2,7,455,0,8
810.460710825,4,data,27,4,8,481,0,8
810.486059863,1,data,27,1,3,503,0,8
810.655553857,6,data,27,6,5,508,0,8
810.759718254,5,data,27,5,6,502,0,8
810.795330447,7,data,27,6,5,508,1,8
810.958782531,7,data,27,7,6,470,0,8
811.203851437,8,data,27,8,6,481,0,8
811.226146913,3,data,27,3,5,504,0,8
811.241123005,0,data,27,0,4,506,0,8
811.366040199,2,data,27,2,3,456,0,8
811.460710825,4,data,27,4,1,482,0,8
811.486059863,1,data,27,1,8,504,0,8
811.655553857,6,data,27,6,7,509,0,8
811.759718254,5,data,27,5,2,503,0,8
811.958782531,7,data,27,7,4,471,0,8
812.203851437,8,data,27,8,6,482,0,8
812.226146913,3,data,27,3,5,505,0,8
812.241123005,0,data,27,0,8,507,0,8
812.366040199,2,data,27,2,1,457,0,8
812.460710825,4,data,27,4,6,483,0,8
812.486059863,1,data,27,1,5,505,0,8
812.655553857,6,data,27,6,4,510,0,8
812.759718254,5,data,27,5,0,504,0,8
812.958782531,7,data,27,7,1,472,0,8
813.098559366,3,data,27,7,1,472,1,8
813.203851437,8,data,27,8,2,483,0,8
813.241123005,0,data,27,0,3,508,0,8
813.258815366,3,data,27,3,6,506,0,8
813.366040199,2,data,27,2,3,458,0,8
813.460710825,4,data,27,4,8,484,0,8
813.486059863,1,data,27,1,8,506,0,8
813.655553857,6,data,27,6,3,511,0,8
813.759718254,5,data,27,5,0,505,0,8
813.958782531,7,data,27,7,2,473,0,8
814.098559366,5,data,27,7,2,473,1,8
814.203851437,8,data,27,8,5,484,0,8
814.226146913,3,data,27,3,6,507,0,8
814.241123005,0,data,27,0,8,509,0,8
814.366040199,2,data,27,2,5,459,0,8
814.460710825,4,data,27,4,2,485,0,8
814.486059863,1,data,27,1,8,507,0,8
814.655553857,6,data,27,6,7,512,0,8
814.759718254,5,data,27,5,6,506,0,8
814.958782531,7,data,27,7,0,474,0,8
815.098559121,6,data,27,7,0,474,1,8
815.203851437,8,data,27,8,5,485,0,8
815.226146913,3,data,27,3,4,508,0,8
815.241123005,0,data,27,0,8,510,0,8
815.366040199,2,data,27,2,3,460,0,8
815.460710825,4,data,27,4,1,486,0,8
815.486059863,1,data,27,1,8,508,0,8
815.655553857,6,data,27,6,0,513,0,8
815.759718254,5,data,27,5,4,507,0,8
815.958782531,7,data,27,7,0,475,0,8
816.098559121,6,data,27,7,0,475,1,8
816.203851437,8,data,27,8,0,486,0,8
816.226146913,3,data,27,3,6,509,0,8
816.241123005,0,data,27,0,3,511,0,8
816.366040199,2,data,27,2,1,461,0,8
816.460710825,4,data,27,4,7,487,0,8
816.486059863,1,data,27,1,2,509,0,8
816.655553857,6,data,27,6,0,514,0,8
816.759718254,5,data,27,5,4,508,0,8
816.958782531,7,data,27,7,8,476,0,8
817.203851437,8,data,27,8,1,487,0,8
817.226146913,3,data,27,3,5,510,0,8
817.241123005,0,data,27,0,2,512,0,8
817.366040199,2,data,27,2,4,462,0,8
817.460710825,4,data,27,4,0,488,0,8
817.486059863,1,data,27,1,4,510,0,8
817.655553857,6,data,27,6,1,515,0,8
817.759718254,5,data,27,5,2,509,0,8
817.958782531,7,data,27,7,5,477,0,8
818.203851437,8,data,27,8,4,488,0,8
818.226146913,3,data,27,3,6,511,0,8
818.241123005,0,data,27,0,4,513,0,8
818.366040199,2,data,27,2,0,463,0,8
818.460710825,4,data,27,4,8,489,0,8
818.486059863,1,data,27,1,2,511,0,8
818.655553857,6,data,27,6,0,516,0,8
818.759718254,5,data,27,5,7,510,0,8
818.958782531,7,data,27,7,8,478,0,8
819.203851437,8,data,27,8,1,489,0,8
819.226146913,3,data,27,3,4,512,0,8
819.241123005,0,data,27,0,7,514,0,8
819.343628029,7,data,27,8,1,489,1,8
819.366040199,2,data,27,2,1,464,0,8
819.460710825,4,data,27,4,2,490,0,8
819.486059863,1,data,27,1,0,512,0,8
819.655553857,6,data,27,6,5,517,0,8
819.759718254,5,data,27,5,4,511,0,8
819.958782531,7,data,27,7,6,479,0,8
820.203851437,8,data,27,8,7,490,0,8
820.226146913,3,data,27,3,5,513,0,8
820.241123005,0,data,27,0,5,515,0,8
820.366040199,2,data,27,2,8,465,0,8
820.460710825,4,data,27,4,0,491,0,8
820.486059863,1,data,27,1,5,513,0,8
820.655553857,6,data,27,6,2,518,0,8
820.759718254,5,data,27,5,2,512,0,8
820.958782531,7,data,27,7,1,480,0,8
821.098559366,3,data,27,7,1,480,1,8
821.203851437,8,data,27,8,7,491,0,8
821.241123005,0,data,27,0,1,516,0,8
821.258815366,3,data,27,3,4,514,0,8
821.366040199,2,data,27,2,3,466,0,8
821.460710825,4,data,27,4,7,492,0,8
821.486059863,1,data,27,1,2,514,0,8
821.655553857,6,data,27,6,2,519,0,8
821.759718254,5,data,27,5,2,513,0,8
821.795330447,3,data,27,6,2,519,1,8
821.958782531,7,data,27,7,6,481,0,8
822.203851437,8,data,27,8,1,492,0,8
822.226146913,3,data,27,3,8,515,0,8
822.241123005,0,data,27,0,7,517,0,8
822.343628029,7,data,27,8,1,492,1,8
822.366040199,2,data,27,2,1,467,0,8
822.460710825,4,data,27,4,1,493,0,8
822.486059863,1,data,27,1,8,515,0,8
822.655553857,6,data,27,6,3,520,0,8
822.759718254,5,data,27,5,3,514,0,8
822.958782531,7,data,27,7,6,482,0,8
823.203851437,8,data,27,8,3,493,0,8
823.226146913,3,data,27,3,5,516,0,8
823.241123005,0,data,27,0,8,518,0,8
823.366040199,2,data,27,2,7,468,0,8
823.460710825,4,data,27,4,0,494,0,8
823.486059863,1,data,27,1,3,516,0,8
823.655553857,6,data,27,6,7,521,0,8
823.759718254,5,data,27,5,2,515,0,8
823.958782531,7,data,27,7,8,483,0,8
824.203851437,8,data,27,8,6,494,0,8
824.226146913,3,data,27,3,8,517,0,8
824.241123005,0,data,27,0,5,519,0,8
824.343628029,7,data,27,8,6,494,1,8
824.366040199,2,data,27,2,6,469,0,8
824.460710825,4,data,27,4,0,495,0,8
824.486059863,1,data,27,1,5,517,0,8
824.655553857,6,data,27,6,0,522,0,8
824.759718254,5,data,27,5,1,516,0,8
824.958782531,7,data,27,7,0,484,0,8
825.098559121,6,data,27,7,0,484,1,8
825.203851437,8,data,27,8,6,495,0,8
825.226146913,3,data,27,3,6,518,0,8
825.241123005,0,data,27,0,8,520,0,8
825.366040199,2,data,27,2,7,470,0,8
825.460710825,4,data,27,4,1,496,0,8
825.486059863,1,data,27,1,7,518,0,8
825.655553857,6,data,27,6,0,523,0,8
825.759718254,5,data,27,5,8,517,0,8
825.958782531,7,data,27,7,0,485,0,8
826.098559121,6,data,27,7,0,485,1,8
826.203851437,8,data,27,8,0,496,0,8
826.226146913,3,data,27,3,2,519,0,8
826.241123005,0,data,27,0,4,521,0,8
826.343628029,5,data,27,8,0,496,1,8
826.366040199,2,data,27,2,6,471,0,8
826.460710825,4,data,27,4,8,497,0,8
826.486059863,1,data,27,1,7,519,0,8
826.655553857,6,data,27,6,3,524,0,8
826.759718254,5,data,27,5,8,518,0,8
826.958782531,7,data,27,7,5,486,0,8
827.203851437,8,data,27,8,4,497,0,8
827.226146913,3,data,27,3,5,520,0,8
827.241123005,0,data,27,0,6,522,0,8
827.366040199,2,data,27,2,7,472,0,8
827.460710825,4,data,27,4,6,498,0,8
827.486059863,1,data,27,1,5,520,0,8
827.655553857,6,data,27,6,1,525,0,8
827.759718254,5,data,27,5,4,519,0,8
827.958782531,7,data,27,7,3,487,0,8
828.203851437,8,data,27,8,0,498,0,8
828.226146913,3,data,27,3,6,521,0,8
828.241123005,0,data,27,0,3,523,0,8
828.366040199,2,data,27,2,5,473,0,8
828.460710825,4,data,27,4,0,499,0,8
828.486059863,1,data,27,1,4,521,0,8
828.655553857,6,data,27,6,4,526,0,8
828.759718254,5,data,27,5,2,520,0,8
828.958782531,7,data,27,7,5,488,0,8
829.203851437,8,data,27,8,1,499,0,8
829.226146913,3,data,27,3,0,522,0,8
829.241123005,0,data,27,0,8,524,0,8
829.366040199,2,data,27,2,3,474,0,8
829.460710825,4,data,27,4,6,500,0,8
829.486059863,1,data,27,1,2,522,0,8
829.655553857,6,data,27,6,1,527,0,8
829.759718254,5,data,27,5,1,521,0,8
829.958782531,7,data,27,7,0,489,0,8
830.098559121,6,data,27,7,0,489,1,8
830.203851437,8,data,27,8,5,500,0,8
830.226146913,3,data,27,3,6,523,0,8
830.241123005,0,data,27,0,7,525,0,8
830.366040199,2,data,27,2,7,475,0,8
830.460710825,4,data,27,4,7,501,0,8
830.486059863,1,data,27,1,0,523,0,8
830.655553857,6,data,27,6,0,528,0,8
830.759718254,5,data,27,5,0,522,0,8
830.958782531,7,data,27,7,5,490,0,8
831.203851437,8,data,27,8,5,501,0,8
831.226146913,3,data,27,3,6,524,0,8
831.241123005,0,data,27,0,5,526,0,8
831.366040199,2,data,27,2,8,476,0,8
831.460710825,4,data,27,4,2,502,0,8
831.486059863,1,data,27,1,0,524,0,8
831.655553857,6,data,27,6,0,529,0,8
831.759718254,5,data,27,5,8,523,0,8
831.958782531,7,data,27,7,0,491,0,8
832.098559121,6,data,27,7,0,491,1,8
832.203851437,8,data,27,8,4,502,0,8
832.226146913,3,data,27,3,2,525,0,8
832.241123005,0,data,27,0,3,527,0,8
832.366040199,2,data,27,2,8,477,0,8
832.460710825,4,data,27,4,0,503,0,8
832.486059863,1,data,27,1,8,525,0,8
832.655553857,6,data,27,6,1,530,0,8
832.759718254,5,data,27,5,3,524,0,8
832.958782531,7,data,27,7,2,492,0,8
833.098559366,5,data,27,7,2,492,1,8
833.203851437,8,data,27,8,5,503,0,8
833.226146913,3,data,27,3,4,526,0,8
833.241123005,0,data,27,0,4,528,0,8
833.366040199,2,data,27,2,5,478,0,8
833.460710825,4,data,27,4,3,504,0,8
833.486059863,1,data,27,1,4,526,0,8
833.655553857,6,data,27,6,4,531,0,8
833.759718254,5,data,27,5,3,525,0,8
833.958782531,7,data,27,7,2,493,0,8
834.098559366,5,data,27,7,2,493,1,8
834.203851437,8,data,27,8,0,504,0,8
834.226146913,3,data,27,3,2,527,0,8
834.241123005,0,data,27,0,2,529,0,8
834.366040199,2,data,27,2,1,479,0,8
834.460710825,4,data,27,4,2,505,0,8
834.486059863,1,data,27,1,4,527,0,8
834.655553857,6,data,27,6,3,532,0,8
834.759718254,5,data,27,5,6,526,0,8
834.958782531,7,data,27,7,4,494,0,8
835.203851437,8,data,27,8,4,505,0,8
835.226146913,3,data,27,3,6,528,0,8
835.241123005,0,data,27,0,1,530,0,8
835.366040199,2,data,27,2,1,480,0,8
835.460710825,4,data,27,4,7,506,0,8
835.486059863,1,data,27,1,6,528,0,8
835.655553857,6,data,27,6,3,533,0,8
835.759718254,5,data,27,5,4,527,0,8
835.958782531,7,data,27,7,2,495,0,8
836.098559366,5,data,27,7,2,495,1,8
836.203851437,8,data,27,8,4,506,0,8
836.226146913,3,data,27,3,8,529,0,8
836.241123005,0,data,27,0,5,531,0,8
836.365923503,6,data,27,3,8,529,1,8
836.366040199,2,data,27,2,5,481,0,8
836.460710825,4,data,27,4,2,507,0,8
836.486059863,1,data,27,1,8,529,0,8
836.655553857,6,data,27,6,7,534,0,8
836.759718254,5,data,27,5,4,528,0,8
836.958782531,7,data,27,7,1,496,0,8
837.098559366,3,data,27,7,1,496,1,8
837.203851437,8,data,27,8,5,507,0,8
837.241123005,0,data,27,0,7,532,0,8
837.258815366,3,data,27,3,2,530,0,8
837.366040199,2,data,27,2,6,482,0,8
837.460710825,4,data,27,4,5,508,0,8
837.486059863,1,data,27,1,6,530,0,8
837.600487415,7,data,27,4,5,508,1,8
837.655553857,6,data,27,6,8,535,0,8
837.759718254,5,data,27,5,8,529,0,8
837.958782531,7,data,27,7,1,497,0,8
838.203851437,8,data,27,8,6,508,0,8
838.226146913,3,data,27,3,4,531,0,8
838.241123005,0,data,27,0,4,533,0,8
838.366040199,2,data,27,2,3,483,0,8
838.460710825,4,data,27,4,2,509,0,8
838.486059863,1,data,27,1,2,531,0,8
838.655553857,6,data,27,6,4,536,0,8
838.759718254,5,data,27,5,1,530,0,8
838.958782531,7,data,27,7,6,498,0,8
839.203851437,8,data,27,8,3,509,0,8
839.226146913,3,data,27,3,2,532,0,8
839.241123005,0,data,27,0,2,534,0,8
839.366040199,2,data,27,2,1,484,0,8
839.460710825,4,data,27,4,3,510,0,8
839.486059863,1,data,27,1,5,532,0,8
839.655553857,6,data,27,6,4,537,0,8
839.759718254,5,data,27,5,3,531,0,8
839.899495089,1,data,27,5,3,531,1,8
839.958782531,7,data,27,7,3,499,0,8
840.203851437,8,data,27,8,7,510,0,8
840.226146913,3,data,27,3,5,533,0,8
840.241123005,0,data,27,0,7,535,0,8
840.366040199,2,data,27,2,6,485,0,8
840.460710825,4,data,27,4,0,511,0,8
840.486059863,1,data,27,1,0,533,0,8
840.655553857,6,data,27,6,5,538,0,8
840.759718254,5,data,27,5,1,532,0,8
840.958782531,7,data,27,7,2,500,0,8
841.098559366,5,data,27,7,2,500,1,8
841.203851437,8,data,27,8,4,511,0,8
841.226146913,3,data,27,3,1,534,0,8
841.241123005,0,data,27,0,6,536,0,8
841.366040199,2,data,27,2,7,486,0,8
841.460710825,4,data,27,4,8,512,0,8
841.486059863,1,data,27,1,7,534,0,8
841.655553857,6,data,27,6,4,539,0,8
841.759718254,5,data,27,5,3,533,0,8
841.899495089,1,data,27,5,3,533,1,8
841.958782531,7,data,27,7,3,501,0,8
842.203851437,8,data,27,8,4,512,0,8
842.226146913,3,data,27,3,4,535,0,8
842.241123005,0,data,27,0,1,537,0,8
842.366040199,2,data,27,2,8,487,0,8
842.460710825,4,data,27,4,0,513,0,8
842.486059863,1,data,27,1,7,535,0,8
842.655553857,6,data,27,6,5,540,0,8
842.759718254,5,data,27,5,7,534,0,8
842.958782531,7,data,27,7,3,502,0,8
843.203851437,8,data,27,8,7,513,0,8
843.205627681,2,beacon,30,2,65535,15,0,7
843.226146913,3,data,27,3,7,536,0,8
843.241123005,0,data,27,0,4,538,0,8
843.366040199,2,data,27,2,4,488,0,8
843.460710825,4,data,27,4,1,514,0,8
843.486059863,1,data,27,1,6,536,0,8
843.655553857,6,data,27,6,4,541,0,8
843.759718254,5,data,27,5,0,535,0,8
843.958782531,7,data,27,7,6,503,0,8
844.203851437,8,data,27,8,0,514,0,8
844.226146913,3,data,27,3,4,537,0,8
844.241123005,0,data,27,0,6,539,0,8
844.343628029,5,data,27,8,0,514,1,8
844.366040199,2,data,27,2,6,489,0,8
844.460710825,4,data,27,4,1,515,0,8
844.486059863,1,data,27,1,3,537,0,8
844.655553857,6,data,27,6,1,542,0,8
844.759718254,5,data,27,5,6,536,0,8
844.958782531,7,data,27,7,2,504,0,8
845.098559366,5,data,27,7,2,504,1,8
845.203851437,8,data,27,8,1,515,0,8
845.226146913,3,data,27,3,4,538,0,8
845.241123005,0,data,27,0,7,540,0,8
845.366040199,2,data,27,2,0,490,0,8
845.460710825,4,data,27,4,5,516,0,8
845.486059863,1,data,27,1,5,538,0,8
845.655553857,6,data,27,6,2,543,0,8
845.759718254,5,data,27,5,1,537,0,8
845.795330447,3,data,27,6,2,543,1,8
845.958782531,7,data,27,7,8,505,0,8
846.060164480,4,beacon,30,4,65535,15,0,8
846.203851437,8,data,27,8,1,516,0,8
846.226146913,3,data,27,3,6,539,0,8
846.241123005,0,data,27,0,3,541,0,8
846.343628029,7,data,27,8,1,516,1,8
846.366040199,2,data,27,2,1,491,0,8
846.422851395,0,beacon,30,0,65535,15,0,7
846.460710825,4,data,27,4,8,517,0,8
846.486059863,1,data,27,1,2,539,0,8
846.655553857,6,data,27,6,3,544,0,8
846.759718254,5,data,27,5,7,538,0,8
846.899494846,8,data,27,5,7,538,1,8
846.958782531,7,data,27,7,2,506,0,8
847.203851437,8,data,27,8,3,517,0,8
847.226146913,3,data,27,3,5,540,0,8
847.241123005,0,data,27,0,8,542,0,8
847.343628029,7,data,27,8,3,517,1,8
847.366040199,2,data,27,2,4,492,0,8
847.460710825,4,data,27,4,0,518,0,8
847.486059863,1,data,27,1,3,540,0,8
847.655553857,6,data,27,6,4,545,0,8
847.759718254,5,data,27,5,4,539,0,8
847.815809857,6,beacon,30,6,65535,15,0,7
847.931177313,1,beacon,30,1,65535,15,0,7
847.958782531,7,data,27,7,5,507,0,8
848.129722679,8,beacon,30,8,65535,15,0,7
848.225210679,8,data,27,8,4,518,0,8
848.226146913,3,data,27,3,8,541,0,8
848.241123005,0,data,27,0,3,543,0,8
848.366040199,2,data,27,2,5,493,0,8
848.460710825,4,data,27,4,1,519,0,8
848.486059863,1,data,27,1,5,541,0,8
848.655553857,6,data,27,6,1,546,0,8
848.759718254,5,data,27,5,1,540,0,8
848.958782531,7,data,27,7,6,508,0,8
849.203851437,8,data,27,8,1,519,0,8
849.226146913,3,data,27,3,6,542,0,8
849.241123005,0,data,27,0,7,544,0,8
849.366040199,2,data,27,2,0,494,0,8
849.460710825,4,data,27,4,7,520,0,8
849.486059863,1,data,27,1,2,542,0,8
849.655553857,6,data,27,6,1,547,0,8
849.759718254,5,data,27,5,4,541,0,8
849.958782531,7,data,27,7,5,509,0,8
850.179680522,5,beacon,27,5,65535,15,0,7
850.203851437,8,data,27,8,3,520,0,8
850.226146913,3,data,27,3,2,543,0,8
850.241123005,0,data,27,0,6,545,0,8
850.366040199,2,data,27,2,0,495,0,8
850.460710825,4,data,27,4,0,521,0,8
850.486059863,1,data,27,1,8,543,0,8
850.655553857,6,data,27,6,2,548,0,8
850.759718254,5,data,27,5,4,542,0,8
850.958782531,7,data,27,7,2,510,0,8
851.000395817,3,beacon,30,3,65535,15,0,7
851.098559366,5,data,27,7,2,510,1,8
851.203851437,8,data,27,8,7,521,0,8
851.226146913,3,data,27,3,6,544,0,8
851.241123005,0,data,27,0,6,546,0,8
851.366040199,2,data,27,2,3,496,0,8
851.460710825,4,data,27,4,5,522,0,8
851.486059863,1,data,27,1,7,544,0,8
851.655553857,6,data,27,6,4,549,0,8
851.759718254,5,data,27,5,3,543,0,8
851.899495089,1,data,27,5,3,543,1,8
851.958782531,7,data,27,7,0,511,0,8
852.039271679,4,data,27,5,3,543,2,8
852.203851437,8,data,27,8,0,522,0,8
852.226146913,3,data,27,3,1,545,0,8
852.241123005,0,data,27,0,3,547,0,8
852.366040199,2,data,27,2,6,497,0,8
852.460710825,4,data,27,4,7,523,0,8
852.486059863,1,data,27,1,2,545,0,8
852.655553857,6,data,27,6,8,550,0,8
852.759718254,5,data,27,5,7,544,0,8
852.847284098,7,beacon,27,7,65535,15,0,7
852.899494846,8,data,27,5,7,544,1,8
852.958782531,7,data,27,7,8,512,0,8
853.098559121,6,data,27,7,8,512,1,8
853.203851437,8,data,27,8,5,523,0,8
853.226146913,3,data,27,3,7,546,0,8
853.241123005,0,data,27,0,5,548,0,8
853.366040199,2,data,27,2,5,498,0,8
853.460710825,4,data,27,4,5,524,0,8
853.486059863,1,data,27,1,8,546,0,8
853.655553857,6,data,27,6,8,551,0,8
853.759718254,5,data,27,5,4,545,0,8
853.958782531,7,data,27,7,8,513,0,8
854.098559121,6,data,27,7,8,513,1,8
854.203851437,8,data,27,8,7,524,0,8
854.226146913,3,data,27,3,4,547,0,8
854.241123005,0,data,27,0,7,549,0,8
854.366040199,2,data,27,2,0,499,0,8
854.460710825,4,data,27,4,5,525,0,8
854.486059863,1,data,27,1,0,547,0,8
854.655553857,6,data,27,6,7,552,0,8
854.759718254,5,data,27,5,7,546,0,8
854.958782531,7,data,27,7,8,514,0,8
855.098559121,6,data,27,7,8,514,1,8
855.203851437,8,data,27,8,1,525,0,8
855.226146913,3,data,27,3,2,548,0,8
855.241123005,0,data,27,0,4,550,0,8
855.366040199,2,data,27,2,3,500,0,8
855.460710825,4,data,27,4,3,526,0,8
855.486059863,1,data,27,1,5,548,0,8
855.655553857,6,data,27,6,0,553,0,8
855.759718254,5,data,27,5,0,547,0,8
855.958782531,7,data,27,7,1,515,0,8
856.098559366,3,data,27,7,1,515,1,8
856.203851437,8,data,27,8,4,526,0,8
856.241123005,0,data,27,0,8,551,0,8
856.258815366,3,data,27,3,4,549,0,8
856.366040199,2,data,27,2,5,501,0,8
856.460710825,4,data,27,4,7,527,0,8
856.486059863,1,data,27,1,2,549,0,8
856.655553857,6,data,27,6,1,554,0,8
856.759718254,5,data,27,5,2,548,0,8
856.958782531,7,data,27,7,5,516,0,8
857.203851437,8,data,27,8,2,527,0,8
857.226146913,3,data,27,3,0,550,0,8
857.241123005,0,data,27,0,3,552,0,8
857.366040199,2,data,27,2,0,502,0,8
857.460710825,4,data,27,4,7,528,0,8
857.486059863,1,data,27,1,3,550,0,8
857.655553857,6,data,27,6,0,555,0,8
857.759718254,5,data,27,5,0,549,0,8
857.958782531,7,data,27,7,3,517,0,8
858.203851437,8,data,27,8,3,528,0,8
858.226146913,3,data,27,3,7,551,0,8
858.241123005,0,data,27,0,1,553,0,8
858.366040199,2,data,27,2,5,503,0,8
858.460710825,4,data,27,4,7,529,0,8
858.486059863,1,data,27,1,8,551,0,8
858.655553857,6,data,27,6,1,556,0,8
858.759718254,5,data,27,5,2,550,0,8
858.958782531,7,data,27,7,5,518,0,8
859.203851437,8,data,27,8,6,529,0,8
859.226146913,3,data,27,3,8,552,0,8
859.241123005,0,data,27,0,5,554,0,8
859.366040199,2,data,27,2,8,504,0,8
859.460710825,4,data,27,4,5,530,0,8
859.486059863,1,data,27,1,3,552,0,8
859.600487415,7,data,27,4,5,530,1,8
859.655553857,6,data,27,6,7,557,0,8
859.759718254,5,data,27,5,6,551,0,8
859.958782531,7,data,27,7,0,519,0,8
860.098559121,6,data,27,7,0,519,1,8
860.203851437,8,data,27,8,0,530,0,8
860.226146913,3,data,27,3,0,553,0,8
860.241123005,0,data,27,0,1,555,0,8
860.366040199,2,data,27,2,6,505,0,8
860.460710825,4,data,27,4,0,531,0,8
860.486059863,1,data,27,1,3,553,0,8
860.655553857,6,data,27,6,1,558,0,8
860.759718254,5,data,27,5,1,552,0,8
860.958782531,7,data,27,7,1,520,0,8
861.098559366,3,data,27,7,1,520,1,8
861.203851437,8,data,27,8,3,531,0,8
861.241123005,0,data,27,0,1,556,0,8
861.258815366,3,data,27,3,1,554,0,8
861.366040199,2,data,27,2,0,506,0,8
861.460710825,4,data,27,4,6,532,0,8
861.486059863,1,data,27,1,6,554,0,8
861.655553857,6,data,27,6,3,559,0,8
861.759718254,5,data,27,5,8,553,0,8
861.958782531,7,data,27,7,3,521,0,8
862.203851437,8,data,27,8,7,532,0,8
862.226146913,3,data,27,3,0,555,0,8
862.241123005,0,data,27,0,6,557,0,8
862.366040199,2,data,27,2,3,507,0,8
862.460710825,4,data,27,4,0,533,0,8
862.486059863,1,data,27,1,6,555,0,8
862.600487415,3,data,27,4,0,533,1,8
862.655553857,6,data,27,6,7,560,0,8
862.759718254,5,data,27,5,1,554,0,8
862.958782531,7,data,27,7,8,522,0,8
863.098559121,6,data,27,7,8,522,1,8
863.203851437,8,data,27,8,2,533,0,8
863.226146913,3,data,27,3,1,556,0,8
863.241123005,0,data,27,0,4,558,0,8
863.366040199,2,data,27,2,1,508,0,8
863.460710825,4,data,27,4,2,534,0,8
863.486059863,1,data,27,1,4,556,0,8
863.655553857,6,data,27,6,1,561,0,8
863.759718254,5,data,27,5,6,555,0,8
863.958782531,7,data,27,7,0,523,0,8
864.098559121,6,data,27,7,0,523,1,8
864.203851437,8,data,27,8,5,534,0,8
864.226146913,3,data,27,3,5,557,0,8
864.241123005,0,data,27,0,1,559,0,8
864.366040199,2,data,27,2,8,509,0,8
864.460710825,4,data,27,4,8,535,0,8
864.486059863,1,data,27,1,4,557,0,8
864.655553857,6,data,27,6,2,562,0,8
864.759718254,5,data,27,5,0,556,0,8
864.795330447,3,data,27,6,2,562,1,8
864.958782531,7,data,27,7,3,524,0,8
865.203851437,8,data,27,8,2,535,0,8
865.226146913,3,data,27,3,5,558,0,8
865.241123005,0,data,27,0,7,560,0,8
865.366040199,2,data,27,2,1,510,0,8
865.460710825,4,data,27,4,0,536,0,8
865.486059863,1,data,27,1,0,558,0,8
865.655553857,6,data,27,6,8,563,0,8
865.759718254,5,data,27,5,3,557,0,8
865.899495089,1,data,27,5,3,557,1,8
865.958782531,7,data,27,7,1,525,0,8
866.203851437,8,data,27,8,7,536,0,8
866.226146913,3,data,27,3,2,559,0,8
866.241123005,0,data,27,0,6,561,0,8
866.366040199,2,data,27,2,4,511,0,8
866.460710825,4,data,27,4,8,537,0,8
866.486059863,1,data,27,1,5,559,0,8
866.655553857,6,data,27,6,4,564,0,8
866.759718254,5,data,27,5,2,558,0,8
866.958782531,7,data,27,7,8,526,0,8
867.203851437,8,data,27,8,7,537,0,8
867.226146913,3,data,27,3,8,560,0,8
867.241123005,0,data,27,0,8,562,0,8
867.366040199,2,data,27,2,1,512,0,8
867.460710825,4,data,27,4,5,538,0,8
867.486059863,1,data,27,1,2,560,0,8
867.655553857,6,data,27,6,1,565,0,8
867.759718254,5,data,27,5,8,559,0,8
867.795331038,0,data,27,6,1,565,1,8
867.958782531,7,data,27,7,5,527,0,8
868.203851437,8,data,27,8,0,538,0,8
868.226146913,3,data,27,3,8,561,0,8
868.241123005,0,data,27,0,2,563,0,8
868.343628029,5,data,27,8,0,538,1,8
868.366040199,2,data,27,2,5,513,0,8
868.460710825,4,data,27,4,8,539,0,8
868.486059863,1,data,27,1,3,561,0,8
868.655553857,6,data,27,6,2,566,0,8
868.759718254,5,data,27,5,2,560,0,8
868.795330447,3,data,27,6,2,566,1,8
868.958782531,7,data,27,7,0,528,0,8
869.098559121,6,data,27,7,0,528,1,8
869.203851437,8,data,27,8,0,539,0,8
869.226146913,3,data,27,3,8,562,0,8
869.241123005,0,data,27,0,4,564,0,8
869.366040199,2,data,27,2,4,514,0,8
869.460710825,4,data,27,4,1,540,0,8
869.486059863,1,data,27,1,2,562,0,8
869.655553857,6,data,27,6,7,567,0,8
869.759718254,5,data,27,5,1,561,0,8
869.958782531,7,data,27,7,6,529,0,8
870.203851437,8,data,27,8,1,540,0,8
870.226146913,3,data,27,3,8,563,0,8
870.241123005,0,data,27,0,5,565,0,8
870.366040199,2,data,27,2,7,515,0,8
870.460710825,4,data,27,4,6,541,0,8
870.486059863,1,data,27,1,3,563,0,8
870.655553857,6,data,27,6,5,568,0,8
870.759718254,5,data,27,5,2,562,0,8
870.795330447,7,data,27,6,5,568,1,8
870.958782531,7,data,27,7,8,530,0,8
871.098559121,6,data,27,7,8,530,1,8
871.203851437,8,data,27,8,3,541,0,8
871.226146913,3,data,27,3,6,564,0,8
871.241123005,0,data,27,0,5,566,0,8
871.366040199,2,data,27,2,5,516,0,8
871.460710825,4,data,27,4,2,542,0,8
871.486059863,1,data,27,1,3,564,0,8
871.655553857,6,data,27,6,8,569,0,8
871.759718254,5,data,27,5,1,563,0,8
871.958782531,7,data,27,7,0,531,0,8
872.098559121,6,data,27,7,0,531,1,8
872.203851437,8,data,27,8,6,542,0,8
872.226146913,3,data,27,3,1,565,0,8
872.241123005,0,data,27,0,8,567,0,8
872.366040199,2,data,27,2,0,517,0,8
872.460710825,4,data,27,4,1,543,0,8
872.486059863,1,data,27,1,8,565,0,8
872.655553857,6,data,27,6,4,570,0,8
872.759718254,5,data,27,5,0,564,0,8
872.899494844,4,data,27,5,0,564,1,8
872.958782531,7,data,27,7,0,532,0,8
873.203851437,8,data,27,8,7,543,0,8
873.226146913,3,data,27,3,5,566,0,8
873.241123005,0,data,27,0,2,568,0,8
873.366040199,2,data,27,2,7,518,0,8
873.460710825,4,data,27,4,3,544,0,8
873.486059863,1,data,27,1,2,566,0,8
873.655553857,6,data,27,6,7,571,0,8
873.759718254,5,data,27,5,2,565,0,8
873.958782531,7,data,27,7,3,533,0,8
874.203851437,8,data,27,8,1,544,0,8
874.226146913,3,data,27,3,2,567,0,8
874.241123005,0,data,27,0,4,569,0,8
874.366040199,2,data,27,2,5,519,0,8
874.460710825,4,data,27,4,1,545,0,8
874.486059863,1,data,27,1,0,567,0,8
874.655553857,6,data,27,6,2,572,0,8
874.759718254,5,data,27,5,4,566,0,8
874.958782531,7,data,27,7,2,534,0,8
875.098559366,5,data,27,7,2,534,1,8
875.203851437,8,data,27,8,0,545,0,8
875.226146913,3,data,27,3,8,568,0,8
875.241123005,0,data,27,0,1,570,0,8
875.366040199,2,data,27,2,4,520,0,8
875.460710825,4,data,27,4,2,546,0,8
875.486059863,1,data,27,1,4,568,0,8
875.655553857,6,data,27,6,0,573,0,8
875.759718254,5,data,27,5,1,567,0,8
875.958782531,7,data,27,7,0,535,0,8
876.098559121,6,data,27,7,0,535,1,8
876.203851437,8,data,27,8,2,546,0,8
876.226146913,3,data,27,3,4,569,0,8
876.241123005,0,data,27,0,7,571,0,8
876.343628029,5,data,27,8,2,546,1,8
876.366040199,2,data,27,2,0,521,0,8
876.460710825,4,data,27,4,6,547,0,8
876.486059863,1,data,27,1,3,569,0,8
876.655553857,6,data,27,6,2,574,0,8
876.759718254,5,data,27,5,2,568,0,8
876.958782531,7,data,27,7,2,536,0,8
877.203851437,8,data,27,8,7,547,0,8
877.226146913,3,data,27,3,1,570,0,8
877.241123005,0,data,27,0,6,572,0,8
877.366040199,2,data,27,2,5,522,0,8
877.460710825,4,data,27,4,1,548,0,8
877.486059863,1,data,27,1,8,570,0,8
877.655553857,6,data,27,6,3,575,0,8
877.759718254,5,data,27,5,8,569,0,8
877.958782531,7,data,27,7,5,537,0,8
878.203851437,8,data,27,8,6,548,0,8
878.226146913,3,data,27,3,5,571,0,8
878.241123005,0,data,27,0,1,573,0,8
878.343628029,7,data,27,8,6,548,1,8
878.366040199,2,data,27,2,3,523,0,8
878.460710825,4,data,27,4,1,549,0,8
878.486059863,1,data,27,1,3,571,0,8
878.655553857,6,data,27,6,3,576,0,8
878.759718254,5,data,27,5,3,570,0,8
878.899495089,1,data,27,5,3,570,1,8
878.958782531,7,data,27,7,1,538,0,8
879.203851437,8,data,27,8,6,549,0,8
879.226146913,3,data,27,3,2,572,0,8
879.241123005,0,data,27,0,7,574,0,8
879.366040199,2,data,27,2,3,524,0,8
879.460710825,4,data,27,4,5,550,0,8
879.486059863,1,data,27,1,5,572,0,8
879.600487415,7,data,27,4,5,550,1,8
879.655553857,6,data,27,6,4,577,0,8
879.759718254,5,data,27,5,1,571,0,8
879.958782531,7,data,27,7,8,539,0,8
880.098559121,6,data,27,7,8,539,1,8
880.203851437,8,data,27,8,2,550,0,8
880.226146913,3,data,27,3,1,573,0,8
880.241123005,0,data,27,0,6,575,0,8
880.343628029,5,data,27,8,2,550,1,8
880.366040199,2,data,27,2,8,525,0,8
880.460710825,4,data,27,4,2,551,0,8
880.486059863,1,data,27,1,8,573,0,8
880.625836698,5,data,27,1,8,573,1,8
880.655553857,6,data,27,6,3,578,0,8
880.786092698,5,data,27,5,3,572,0,8
880.925869533,1,data,27,5,3,572,1,8
880.958782531,7,data,27,7,3,540,0,8
881.203851437,8,data,27,8,4,551,0,8
881.226146913,3,data,27,3,1,574,0,8
881.241123005,0,data,27,0,1,576,0,8
881.343628029,7,data,27,8,4,551,1,8
881.366040199,2,data,27,2,0,526,0,8
881.460710825,4,data,27,4,2,552,0,8
881.483404619,6,data,27,8,4,551,2,8
881.486059863,1,data,27,1,8,574,0,8
881.655553857,6,data,27,6,4,579,0,8
881.759718254,5,data,27,5,6,573,0,8
881.958782531,7,data,27,7,8,541,0,8
882.098559121,6,data,27,7,8,541,1,8
882.203851437,8,data,27,8,6,552,0,8
882.226146913,3,data,27,3,8,575,0,8
882.241123005,0,data,27,0,1,577,0,8
882.366040199,2,data,27,2,4,527,0,8
882.460710825,4,data,27,4,7,553,0,8
882.486059863,1,data,27,1,3,575,0,8
882.655553857,6,data,27,6,1,580,0,8
882.759718254,5,data,27,5,1,574,0,8
882.958782531,7,data,27,7,4,542,0,8
883.098559121,6,data,27,7,4,542,1,8
883.203851437,8,data,27,8,0,553,0,8
883.226146913,3,data,27,3,7,576,0,8
883.241123005,0,data,27,0,8,578,0,8
883.366040199,2,data,27,2,8,528,0,8
883.460710825,4,data,27,4,6,554,0,8
883.486059863,1,data,27,1,4,576,0,8
883.655553857,6,data,27,6,2,581,0,8
883.759718254,5,data,27,5,3,575,0,8
883.795330447,3,data,27,6,2,581,1,8
883.958782531,7,data,27,7,2,543,0,8
884.203851437,8,data,27,8,4,554,0,8
884.226146913,3,data,27,3,2,577,0,8
884.241123005,0,data,27,0,2,579,0,8
884.366040199,2,data,27,2,5,529,0,8
884.460710825,4,data,27,4,2,555,0,8
884.486059863,1,data,27,1,5,577,0,8
884.655553857,6,data,27,6,8,582,0,8
884.759718254,5,data,27,5,2,576,0,8
884.958782531,7,data,27,7,3,544,0,8
885.203851437,8,data,27,8,6,555,0,8
885.226146913,3,data,27,3,0,578,0,8
885.241123005,0,data,27,0,3,580,0,8
885.366040199,2,data,27,2,4,530,0,8
885.460710825,4,data,27,4,6,556,0,8
885.486059863,1,data,27,1,5,578,0,8
885.655553857,6,data,27,6,4,583,0,8
885.759718254,5,data,27,5,7,577,0,8
885.899494846,8,data,27,5,7,577,1,8
885.958782531,7,data,27,7,3,545,0,8
886.203851437,8,data,27,8,1,556,0,8
886.226146913,3,data,27,3,4,579,0,8
886.241123005,0,data,27,0,2,581,0,8
886.366040199,2,data,27,2,6,531,0,8
886.460710825,4,data,27,4,1,557,0,8
886.486059863,1,data,27,1,5,579,0,8
886.655553857,6,data,27,6,0,584,0,8
886.759718254,5,data,27,5,2,578,0,8
886.958782531,7,data,27,7,5,546,0,8
887.203851437,8,data,27,8,1,557,0,8
887.226146913,3,data,27,3,4,580,0,8
887.241123005,0,data,27,0,7,582,0,8
887.343628029,7,data,27,8,1,557,1,8
887.366040199,2,data,27,2,1,532,0,8
887.460710825,4,data,27,4,7,558,0,8
887.486059863,1,data,27,1,6,580,0,8
887.655553857,6,data,27,6,7,585,0,8
887.759718254,5,data,27,5,6,579,0,8
887.958782531,7,data,27,7,0,547,0,8
888.098559121,6,data,27,7,0,547,1,8
888.203851437,8,data,27,8,7,558,0,8
888.226146913,3,data,27,3,1,581,0,8
888.241123005,0,data,27,0,7,583,0,8
888.366040199,2,data,27,2,8,533,0,8
888.460710825,4,data,27,4,8,559,0,8
888.486059863,1,data,27,1,4,581,0,8
888.655553857,6,data,27,6,7,586,0,8
888.759718254,5,data,27,5,2,580,0,8
888.958782531,7,data,27,7,1,548,0,8
889.098559366,3,data,27,7,1,548,1,8
889.203851437,8,data,27,8,4,559,0,8
889.241123005,0,data,27,0,7,584,0,8
889.258815366,3,data,27,3,7,582,0,8
889.366040199,2,data,27,2,8,534,0,8
889.460710825,4,data,27,4,1,560,0,8
889.486059863,1,data,27,1,5,582,0,8
889.655553857,6,data,27,6,0,587,0,8
889.759718254,5,data,27,5,3,581,0,8
889.958782531,7,data,27,7,8,549,0,8
890.098559121,6,data,27,7,8,549,1,8
890.203851437,8,data,27,8,3,560,0,8
890.226146913,3,data,27,3,6,583,0,8
890.241123005,0,data,27,0,8,585,0,8
890.366040199,2,data,27,2,1,535,0,8
890.460710825,4,data,27,4,7,561,0,8
890.486059863,1,data,27,1,0,583,0,8
890.655553857,6,data,27,6,8,588,0,8
890.759718254,5,data,27,5,4,582,0,8
890.958782531,7,data,27,7,5,550,0,8
891.203851437,8,data,27,8,4,561,0,8
891.226146913,3,data,27,3,6,584,0,8
891.241123005,0,data,27,0,3,586,0,8
891.366040199,2,data,27,2,3,536,0,8
891.460710825,4,data,27,4,1,562,0,8
891.486059863,1,data,27,1,2,584,0,8
891.655553857,6,data,27,6,1,589,0,8
891.759718254,5,data,27,5,7,583,0,8
891.899494846,8,data,27,5,7,583,1,8
891.958782531,7,data,27,7,6,551,0,8
892.203851437,8,data,27,8,7,562,0,8
892.226146913,3,data,27,3,1,585,0,8
892.241123005,0,data,27,0,4,587,0,8
892.366040199,2,data,27,2,4,537,0,8
892.460710825,4,data,27,4,5,563,0,8
892.486059863,1,data,27,1,3,585,0,8
892.655553857,6,data,27,6,2,590,0,8
892.759718254,5,data,27,5,7,584,0,8
892.899494846,8,data,27,5,7,584,1,8
892.958782531,7,data,27,7,0,552,0,8
893.203851437,8,data,27,8,6,563,0,8
893.226146913,3,data,27,3,1,586,0,8
893.241123005,0,data,27,0,2,588,0,8
893.366040199,2,data,27,2,8,538,0,8
893.460710825,4,data,27,4,8,564,0,8
893.486059863,1,data,27,1,6,586,0,8
893.655553857,6,data,27,6,7,591,0,8
893.759718254,5,data,27,5,8,585,0,8
893.958782531,7,data,27,7,0,553,0,8
894.203851437,8,data,27,8,7,564,0,8
894.226146913,3,data,27,3,7,587,0,8
894.241123005,0,data,27,0,2,589,0,8
894.366040199,2,data,27,2,7,539,0,8
894.460710825,4,data,27,4,5,565,0,8
894.486059863,1,data,27,1,6,587,0,8
894.655553857,6,data,27,6,8,592,0,8
894.759718254,5,data,27,5,3,586,0,8
894.958782531,7,data,27,7,8,554,0,8
895.098559121,6,data,27,7,8,554,1,8
895.203851437,8,data,27,8,7,565,0,8
895.226146913,3,data,27,3,4,588,0,8
895.241123005,0,data,27,0,2,590,0,8
895.366040199,2,data,27,2,5,540,0,8
895.460710825,4,data,27,4,1,566,0,8
895.486059863,1,data,27,1,8,588,0,8
895.655553857,6,data,27,6,2,593,0,8
895.759718254,5,data,27,5,6,587,0,8
895.795330447,3,data,27,6,2,593,1,8
895.958782531,7,data,27,7,8,555,0,8
896.098559121,6,data,27,7,8,555,1,8
896.203851437,8,data,27,8,3,566,0,8
896.226146913,3,data,27,3,0,589,0,8
896.241123005,0,data,27,0,7,591,0,8
896.366040199,2,data,27,2,7,541,0,8
896.460710825,4,data,27,4,8,567,0,8
896.486059863,1,data,27,1,0,589,0,8
896.655553857,6,data,27,6,0,594,0,8
896.759718254,5,data,27,5,3,588,0,8
896.958782531,7,data,27,7,4,556,0,8
897.098559121,6,data,27,7,4,556,1,8
897.203851437,8,data,27,8,4,567,0,8
897.226146913,3,data,27,3,0,590,0,8
897.241123005,0,data,27,0,5,592,0,8
897.366040199,2,data,27,2,4,542,0,8
897.380899595,1,data,27,0,5,592,1,8
897.460710825,4,data,27,4,5,568,0,8
897.541155595,1,data,27,1,7,590,0,8
897.655553857,6,data,27,6,0,595,0,8
897.680932185,2,data,27,1,7,590,1,8
897.759718254,5,data,27,5,8,589,0,8
897.958782531,7,data,27,7,1,557,0,8
898.098559366,3,data,27,7,1,557,1,8
898.203851437,8,data,27,8,5,568,0,8
898.241123005,0,data,27,0,4,593,0,8
898.258815366,3,data,27,3,1,591,0,8
898.366040199,2,data,27,2,4,543,0,8
898.460710825,4,data,27,4,8,569,0,8
898.486059863,1,data,27,1,5,591,0,8
898.655553857,6,data,27,6,2,596,0,8
898.759718254,5,data,27,5,0,590,0,8
898.795330447,3,data,27,6,2,596,1,8
898.958782531,7,data,27,7,0,558,0,8
899.098559121,6,data,27,7,0,558,1,8
899.203851437,8,data,27,8,1,569,0,8
899.226146913,3,data,27,3,0,592,0,8
899.241123005,0,data,27,0,8,594,0,8
899.366040199,2,data,27,2,4,544,0,8
899.380900186,6,data,27,0,8,594,1,8
899.460710825,4,data,27,4,0,570,0,8
899.486059863,1,data,27,1,4,592,0,8
899.655553857,6,data,27,6,4,597,0,8
899.759718254,5,data,27,5,4,591,0,8
899.958782531,7,data,27,7,5,559,0,8
900.203851437,8,data,27,8,4,570,0,8
900.226146913,3,data,27,3,7,593,0,8
900.241123005,0,data,27,0,1,595,0,8
900.366040199,2,data,27,2,4,545,0,8
900.460710825,4,data,27,4,3,571,0,8
900.486059863,1,data,27,1,3,593,0,8
900.655553857,6,data,27,6,2,598,0,8
900.759718254,5,data,27,5,0,592,0,8
900.795330447,3,data,27,6,2,598,1,8
900.958782531,7,data,27,7,1,560,0,8
901.203851437,8,data,27,8,1,571,0,8
901.226146913,3,data,27,3,6,594,0,8
901.241123005,0,data,27,0,4,596,0,8
901.366040199,2,data,27,2,7,546,0,8
901.460710825,4,data,27,4,3,572,0,8
901.486059863,1,data,27,1,5,594,0,8
901.655553857,6,data,27,6,8,599,0,8
901.759718254,5,data,27,5,3,593,0,8
901.958782531,7,data,27,7,1,561,0,8
902.203851437,8,data,27,8,0,572,0,8
902.226146913,3,data,27,3,2,595,0,8
902.241123005,0,data,27,0,2,597,0,8
902.343628029,5,data,27,8,0,572,1,8
902.366040199,2,data,27,2,8,547,0,8
902.460710825,4,data,27,4,1,573,0,8
902.486059863,1,data,27,1,2,595,0,8
902.655553857,6,data,27,6,0,600,0,8
902.759718254,5,data,27,5,7,594,0,8
902.958782531,7,data,27,7,1,562,0,8
903.098559366,3,data,27,7,1,562,1,8
903.203851437,8,data,27,8,1,573,0,8
903.205627681,2,beacon,30,2,65535,16,0,7
903.241123005,0,data,27,0,8,598,0,8
903.258815366,3,data,27,3,8,596,0,8
903.366040199,2,data,27,2,0,548,0,8
903.460710825,4,data,27,4,5,574,0,8
903.486059863,1,data,27,1,6,596,0,8
903.655553857,6,data,27,6,7,601,0,8
903.759718254,5,data,27,5,8,595,0,8
903.958782531,7,data,27,7,0,563,0,8
904.098559121,6,data,27,7,0,563,1,8
904.203851437,8,data,27,8,3,574,0,8
904.226146913,3,data,27,3,8,597,0,8
904.241123005,0,data,27,0,4,599,0,8
904.366040199,2,data,27,2,8,549,0,8
904.460710825,4,data,27,4,5,575,0,8
904.486059863,1,data,27,1,6,597,0,8
904.655553857,6,data,27,6,2,602,0,8
904.759718254,5,data,27,5,0,596,0,8
904.795330447,3,data,27,6,2,602,1,8
904.935107037,6,data,27,6,2,602,2,8
904.958782531,7,data,27,7,5,564,0,8
905.203851437,8,data,27,8,6,575,0,8
905.226146913,3,data,27,3,7,598,0,8
905.241123005,0,data,27,0,5,600,0,8
905.366040199,2,data,27,2,5,550,0,8
905.460710825,4,data,27,4,3,576,0,8
905.486059863,1,data,27,1,3,598,0,8
905.655553857,6,data,27,6,1,603,0,8
905.759718254,5,data,27,5,8,597,0,8
905.958782531,7,data,27,7,2,565,0,8
906.060164480,4,beacon,30,4,65535,16,0,7
906.098559366,5,data,27,7,2,565,1,8
906.203851437,8,data,27,8,1,576,0,8
906.226146913,3,data,27,3,1,599,0,8
906.241123005,0,data,27,0,6,601,0,8
906.366040199,2,data,27,2,7,551,0,8
906.422851395,0,beacon,30,0,65535,16,0,7
906.460710825,4,data,27,4,5,577,0,8
906.486059863,1,data,27,1,4,599,0,8
906.655553857,6,data,27,6,7,604,0,8
906.759718254,5,data,27,5,1,598,0,8
906.958782531,7,data,27,7,1,566,0,8
907.098559366,3,data,27,7,1,566,1,8
907.203851437,8,data,27,8,2,577,0,8
907.238335956,0,data,27,7,1,566,2,8
907.258815366,3,data,27,3,6,600,0,8
907.343628029,5,data,27,8,2,577,1,8
907.366040199,2,data,27,2,0,552,0,8
907.398591956,0,data,27,0,2,602,0,8
907.460710825,4,data,27,4,5,578,0,8
907.486059863,1,data,27,1,0,600,0,8
907.655553857,6,data,27,6,7,605,0,8
907.759718254,5,data,27,5,2,599,0,8
907.815809857,6,beacon,27,6,65535,16,0,8
907.931177313,1,beacon,30,1,65535,16,0,7
907.958782531,7,data,27,7,0,567,0,8
908.098559121,6,data,27,7,0,567,1,8
908.129722679,8,beacon,30,8,65535,16,0,8
908.226146913,3,data,27,3,6,601,0,8
908.241123005,0,data,27,0,1,603,0,8
908.300218679,8,data,27,8,1,578,0,8
908.366040199,2,data,27,2,7,553,0,8
908.460710825,4,data,27,4,3,579,0,8
908.486059863,1,data,27,1,6,601,0,8
908.655553857,6,data,27,6,7,606,0,8
908.759718254,5,data,27,5,7,600,0,8
908.958782531,7,data,27,7,0,568,0,8
909.098559121,6,data,27,7,0,568,1,8
909.203851437,8,data,27,8,2,579,0,8
909.226146913,3,data,27,3,7,602,0,8
909.241123005,0,data,27,0,1,604,0,8
909.366040199,2,data,27,2,4,554,0,8
909.460710825,4,data,27,4,0,580,0,8
909.486059863,1,data,27,1,4,602,0,8
909.600487415,3,data,27,4,0,580,1,8
909.655553857,6,data,27,6,2,607,0,8
909.759718254,5,data,27,5,1,601,0,8
909.958782531,7,data,27,7,0,569,0,8
910.098559121,6,data,27,7,0,569,1,8
910.179680522,5,beacon,21,5,65535,16,0,7
910.203851437,8,data,27,8,2,580,0,8
910.226146913,3,data,27,3,2,603,0,8
910.241123005,0,data,27,0,5,605,0,8
910.366040199,2,data,27,2,1,555,0,8
910.460710825,4,data,27,4,2,581,0,8
910.486059863,1,data,27,1,5,603,0,8
910.655553857,6,data,27,6,7,608,0,8
910.759718254,5,data,27,5,4,602,0,8
910.958782531,7,data,27,7,8,570,0,8
911.000395817,3,beacon,27,3,65535,16,0,7
911.098559121,6,data,27,7,8,570,1,8
911.203851437,8,data,27,8,2,581,0,8
911.226146913,3,data,27,3,5,604,0,8
911.241123005,0,data,27,0,5,606,0,8
911.366040199,2,data,27,2,6,556,0,8
911.460710825,4,data,27,4,2,582,0,8
911.486059863,1,data,27,1,3,604,0,8
911.655553857,6,data,27,6,0,609,0,8
911.759718254,5,data,27,5,6,603,0,8
911.899495089,1,data,27,5,6,603,1,8
911.958782531,7,data,27,7,5,571,0,8
912.039271679,4,data,27,5,6,603,2,8
912.203851437,8,data,27,8,1,582,0,8
912.226146913,3,data,27,3,8,605,0,8
912.241123005,0,data,27,0,3,607,0,8
912.366040199,2,data,27,2,4,557,0,8
912.460710825,4,data,27,4,3,583,0,8
912.486059863,1,data,27,1,8,605,0,8
912.655553857,6,data,27,6,5,610,0,8
912.759718254,5,data,27,5,3,604,0,8
912.847284098,7,beacon,24,7,65535,16,0,7
912.958782531,7,data,27,7,3,572,0,8
913.098559121,6,data,27,7,3,572,1,8
913.203851437,8,data,27,8,7,583,0,8
913.226146913,3,data,27,3,0,606,0,8
913.241123005,0,data,27,0,4,608,0,8
913.366040199,2,data,27,2,6,558,0,8
913.460710825,4,data,27,4,8,584,0,8
913.486059863,1,data,27,1,6,606,0,8
913.655553857,6,data,27,6,3,611,0,8
913.759718254,5,data,27,5,2,605,0,8
913.899495089,1,data,27,5,2,605,1,8
913.958782531,7,data,27,7,3,573,0,8
914.098559121,6,data,27,7,3,573,1,8
914.203851437,8,data,27,8,3,584,0,8
914.226146913,3,data,27,3,7,607,0,8
914.241123005,0,data,27,0,5,609,0,8
914.366040199,2,data,27,2,8,559,0,8
914.460710825,4,data,27,4,7,585,0,8
914.486059863,1,data,27,1,7,607,0,8
914.655553857,6,data,27,6,1,612,0,8
914.759718254,5,data,27,5,2,606,0,8
914.899495089,1,data,27,5,2,606,1,8
914.958782531,7,data,27,7,6,574,0,8
915.203851437,8,data,27,8,7,585,0,8
915.226146913,3,data,27,3,2,608,0,8
915.241123005,0,data,27,0,7,610,0,8
915.366040199,2,data,27,2,8,560,0,8
915.460710825,4,data,27,4,8,586,0,8
915.486059863,1,data,27,1,6,608,0,8
915.655553857,6,data,27,6,1,613,0,8
915.759718254,5,data,27,5,6,607,0,8
915.899495089,1,data,27,5,6,607,1,8
915.958782531,7,data,27,7,4,575,0,8
916.098559121,6,data,27,7,4,575,1,8
916.203851437,8,data,27,8,5,586,0,8
916.226146913,3,data,27,3,1,609,0,8
916.241123005,0,data,27,0,6,611,0,8
916.366040199,2,data,27,2,4,561,0,8
916.460710825,4,data,27,4,5,587,0,8
916.486059863,1,data,27,1,3,609,0,8
916.655553857,6,data,27,6,3,614,0,8
916.759718254,5,data,27,5,2,608,0,8
916.899495089,1,data,27,5,2,608,1,8
917.203851437,8,data,27,8,7,587,0,8
917.226146913,3,data,27,3,8,610,0,8
917.241123005,0,data,27,0,3,612,0,8
917.366040199,2,data,27,2,0,562,0,8
917.460710825,4,data,27,4,5,588,0,8
917.486059863,1,data,27,1,7,610,0,8
917.600487415,7,data,27,4,5,588,1,8
917.655553857,6,data,27,6,7,615,0,8
917.759718254,5,data,27,5,1,609,0,8
917.958782531,7,data,27,7,4,577,0,8
918.098559121,6,data,27,7,4,577,1,8
918.203851437,8,data,27,8,0,588,0,8
918.226146913,3,data,27,3,7,611,0,8
918.241123005,0,data,27,0,5,613,0,8
918.366040199,2,data,27,2,5,563,0,8
918.460710825,4,data,27,4,6,589,0,8
918.486059863,1,data,27,1,8,611,0,8
918.655553857,6,data,27,6,4,616,0,8
918.759718254,5,data,27,5,6,610,0,8
918.899495089,1,data,27,5,6,610,1,8
918.958782531,7,data,27,7,2,578,0,8
919.203851437,8,data,27,8,3,589,0,8
919.226146913,3,data,27,3,6,612,0,8
919.241123005,0,data,27,0,7,614,0,8
919.366040199,2,data,27,2,3,564,0,8
919.460710825,4,data,27,4,1,590,0,8
919.486059863,1,data,27,1,3,612,0,8
919.655553857,6,data,27,6,8,617,0,8
919.759718254,5,data,27,5,0,611,0,8
919.958782531,7,data,27,7,2,579,0,8
920.098559366,5,data,27,7,2,579,1,8
920.203851437,8,data,27,8,4,590,0,8
920.226146913,3,data,27,3,8,613,0,8
920.241123005,0,data,27,0,8,615,0,8
920.366040199,2,data,27,2,3,565,0,8
920.460710825,4,data,27,4,5,591,0,8
920.486059863,1,data,27,1,7,613,0,8
920.655553857,6,data,27,6,2,618,0,8
920.759718254,5,data,27,5,4,612,0,8
920.958782531,7,data,27,7,2,580,0,8
921.098559366,5,data,27,7,2,580,1,8
921.203851437,8,data,27,8,5,591,0,8
921.226146913,3,data,27,3,6,614,0,8
921.241123005,0,data,27,0,7,616,0,8
921.366040199,2,data,27,2,0,566,0,8
921.460710825,4,data,27,4,0,592,0,8
921.486059863,1,data,27,1,7,614,0,8
921.655553857,6,data,27,6,4,619,0,8
921.759718254,5,data,27,5,2,613,0,8
921.795330447,7,data,27,6,4,619,1,8
921.935107037,6,data,27,6,4,619,2,8
921.958782531,7,data,27,7,0,581,0,8
922.203851437,8,data,27,8,2,592,0,8
922.226146913,3,data,27,3,1,615,0,8
922.241123005,0,data,27,0,3,617,0,8
922.343628029,7,data,27,8,2,592,1,8
922.366040199,2,data,27,2,5,567,0,8
922.460710825,4,data,27,4,8,593,0,8
922.486059863,1,data,27,1,3,615,0,8
922.655553857,6,data,27,6,1,620,0,8
922.759718254,5,data,27,5,3,614,0,8
922.958782531,7,data,27,7,0,582,0,8
923.098559121,6,data,27,7,0,582,1,8
923.203851437,8,data,27,8,5,593,0,8
923.226146913,3,data,27,3,1,616,0,8
923.241123005,0,data,27,0,8,618,0,8
923.366040199,2,data,27,2,8,568,0,8
923.380900186,6,data,27,0,8,618,1,8
923.460710825,4,data,27,4,2,594,0,8
923.486059863,1,data,27,1,7,616,0,8
923.655553857,6,data,27,6,7,621,0,8
923.759718254,5,data,27,5,3,615,0,8
923.958782531,7,data,27,7,0,583,0,8
924.098559121,6,data,27,7,0,583,1,8
924.203851437,8,data,27,8,2,594,0,8
924.226146913,3,data,27,3,6,617,0,8
924.241123005,0,data,27,0,3,619,0,8
924.366040199,2,data,27,2,6,569,0,8
924.460710825,4,data,27,4,0,595,0,8
924.486059863,1,data,27,1,3,617,0,8
924.600487415,3,data,27,4,0,595,1,8
924.655553857,6,data,27,6,7,622,0,8
924.759718254,5,data,27,5,3,616,0,8
925.203851437,8,data,27,8,1,595,0,8
925.226146913,3,data,27,3,6,618,0,8
925.241123005,0,data,27,0,1,620,0,8
925.366040199,2,data,27,2,7,570,0,8
925.460710825,4,data,27,4,7,596,0,8
925.486059863,1,data,27,1,7,618,0,8
925.655553857,6,data,27,6,1,623,0,8
925.759718254,5,data,27,5,7,617,0,8
925.958782531,7,data,27,7,5,585,0,8
926.203851437,8,data,27,8,6,596,0,8
926.226146913,3,data,27,3,0,619,0,8
926.241123005,0,data,27,0,8,621,0,8
926.366040199,2,data,27,2,3,571,0,8
926.460710825,4,data,27,4,5,597,0,8
926.486059863,1,data,27,1,6,619,0,8
926.600487415,7,data,27,4,5,597,1,8
926.655553857,6,data,27,6,5,624,0,8
926.759718254,5,data,27,5,2,618,0,8
926.958782531,7,data,27,7,6,586,0,8
927.203851437,8,data,27,8,4,597,0,8
927.226146913,3,data,27,3,0,620,0,8
927.241123005,0,data,27,0,3,622,0,8
927.366040199,2,data,27,2,4,572,0,8
927.460710825,4,data,27,4,3,598,0,8
927.486059863,1,data,27,1,3,620,0,8
927.655553857,6,data,27,6,3,625,0,8
927.759718254,5,data,27,5,3,619,0,8
927.958782531,7,data,27,7,4,587,0,8
928.098559121,6,data,27,7,4,587,1,8
928.203851437,8,data,27,8,2,598,0,8
928.226146913,3,data,27,3,2,621,0,8
928.241123005,0,data,27,0,5,623,0,8
928.343628029,7,data,27,8,2,598,1,8
928.366040199,2,data,27,2,0,573,0,8
928.460710825,4,data,27,4,0,599,0,8
928.486059863,1,data,27,1,4,621,0,8
928.600487415,3,data,27,4,0,599,1,8
928.655553857,6,data,27,6,8,626,0,8
928.759718254,5,data,27,5,2,620,0,8
928.958782531,7,data,27,7,0,588,0,8
929.098559121,6,data,27,7,0,588,1,8
929.203851437,8,data,27,8,7,599,0,8
929.226146913,3,data,27,3,6,622,0,8
929.241123005,0,data,27,0,4,624,0,8
929.366040199,2,data,27,2,3,574,0,8
929.460710825,4,data,27,4,2,600,0,8
929.486059863,1,data,27,1,2,622,0,8
929.655553857,6,data,27,6,1,627,0,8
929.759718254,5,data,27,5,2,621,0,8
929.795331038,0,data,27,6,1,627,1,8
929.958782531,7,data,27,7,4,589,0,8
930.098559121,6,data,27,7,4,589,1,8
930.203851437,8,data,27,8,1,600,0,8
930.226146913,3,data,27,3,5,623,0,8
930.241123005,0,data,27,0,5,625,0,8
930.366040199,2,data,27,2,4,575,0,8
930.460710825,4,data,27,4,1,601,0,8
930.486059863,1,data,27,1,4,623,0,8
930.655553857,6,data,27,6,4,628,0,8
930.759718254,5,data,27,5,6,622,0,8
930.958782531,7,data,27,7,4,590,0,8
931.098559121,6,data,27,7,4,590,1,8
931.203851437,8,data,27,8,2,601,0,8
931.226146913,3,data,27,3,4,624,0,8
931.241123005,0,data,27,0,8,626,0,8
931.366040199,2,data,27,2,1,576,0,8
931.460710825,4,data,27,4,6,602,0,8
931.486059863,1,data,27,1,2,624,0,8
931.655553857,6,data,27,6,0,629,0,8
931.759718254,5,data,27,5,4,623,0,8
931.958782531,7,data,27,7,8,591,0,8
932.098559121,6,data,27,7,8,591,1,8
932.203851437,8,data,27,8,2,602,0,8
932.226146913,3,data,27,3,6,625,0,8
932.241123005,0,data,27,0,1,627,0,8
932.366040199,2,data,27,2,0,577,0,8
932.460710825,4,data,27,4,3,603,0,8
932.486059863,1,data,27,1,6,625,0,8
932.655553857,6,data,27,6,3,630,0,8
932.759718254,5,data,27,5,6,624,0,8
933.203851437,8,data,27,8,5,603,0,8
933.226146913,3,data,27,3,1,626,0,8
933.241123005,0,data,27,0,5,628,0,8
933.366040199,2,data,27,2,1,578,0,8
933.460710825,4,data,27,4,5,604,0,8
933.486059863,1,data,27,1,4,626,0,8
933.600487415,7,data,27,4,5,604,1,8
933.655553857,6,data,27,6,5,631,0,8
933.759718254,5,data,27,5,4,625,0,8
933.958782531,7,data,27,7,5,593,0,8
934.203851437,8,data,27,8,6,604,0,8
934.226146913,3,data,27,3,2,627,0,8
934.241123005,0,data,27,0,7,629,0,8
934.366040199,2,data,27,2,0,579,0,8
934.460710825,4,data,27,4,5,605,0,8
934.486059863,1,data,27,1,4,627,0,8
934.600487415,7,data,27,4,5,605,1,8
934.655553857,6,data,27,6,3,632,0,8
934.759718254,5,data,27,5,7,626,0,8
935.203851437,8,data,27,8,5,605,0,8
935.226146913,3,data,27,3,8,628,0,8
935.241123005,0,data,27,0,6,630,0,8
935.366040199,2,data,27,2,3,580,0,8
935.460710825,4,data,27,4,7,606,0,8
935.486059863,1,data,27,1,6,628,0,8
935.655553857,6,data,27,6,0,633,0,8
935.759718254,5,data,27,5,8,627,0,8
935.958782531,7,data,27,7,6,595,0,8
936.203851437,8,data,27,8,0,606,0,8
936.226146913,3,data,27,3,7,629,0,8
936.241123005,0,data,27,0,3,631,0,8
936.343628029,7,data,27,8,0,606,1,8
936.366040199,2,data,27,2,6,581,0,8
936.460710825,4,data,27,4,2,607,0,8
936.486059863,1,data,27,1,8,629,0,8
936.655553857,6,data,27,6,8,634,0,8
936.759718254,5,data,27,5,1,628,0,8
936.958782531,7,data,27,7,4,596,0,8
937.098559121,6,data,27,7,4,596,1,8
937.203851437,8,data,27,8,6,607,0,8
937.226146913,3,data,27,3,1,630,0,8
937.241123005,0,data,27,0,7,632,0,8
937.366040199,2,data,27,2,0,582,0,8
937.460710825,4,data,27,4,7,608,0,8
937.486059863,1,data,27,1,3,630,0,8
937.655553857,6,data,27,6,7,635,0,8
937.759718254,5,data,27,5,6,629,0,8
937.958782531,7,data,27,7,4,597,0,8
938.098559121,6,data,27,7,4,597,1,8
938.203851437,8,data,27,8,3,608,0,8
938.226146913,3,data,27,3,4,631,0,8
938.238335711,7,data,27,7,4,597,2,8
938.241123005,0,data,27,0,6,633,0,8
938.366040199,2,data,27,2,7,583,0,8
938.460710825,4,data,27,4,3,609,0,8
938.486059863,1,data,27,1,5,631,0,8
938.655553857,6,data,27,6,8,636,0,8
938.759718254,5,data,27,5,1,630,0,8
938.958782531,7,data,27,7,6,598,0,8
939.203851437,8,data,27,8,7,609,0,8
939.226146913,3,data,27,3,2,632,0,8
939.241123005,0,data,27,0,6,634,0,8
939.366040199,2,data,27,2,5,584,0,8
939.460710825,4,data,27,4,8,610,0,8
939.486059863,1,data,27,1,0,632,0,8
939.655553857,6,data,27,6,8,637,0,8
939.759718254,5,data,27,5,6,631,0,8
939.958782531,7,data,27,7,0,599,0,8
940.098559121,6,data,27,7,0,599,1,8
940.203851437,8,data,27,8,1,610,0,8
940.226146913,3,data,27,3,7,633,0,8
940.241123005,0,data,27,0,2,635,0,8
940.366040199,2,data,27,2,1,585,0,8
940.460710825,4,data,27,4,6,611,0,8
940.486059863,1,data,27,1,2,633,0,8
940.655553857,6,data,27,6,4,638,0,8
940.759718254,5,data,27,5,8,632,0,8
940.958782531,7,data,27,7,5,600,0,8
941.203851437,8,data,27,8,1,611,0,8
941.226146913,3,data,27,3,5,634,0,8
941.241123005,0,data,27,0,6,636,0,8
941.366040199,2,data,27,2,7,586,0,8
941.460710825,4,data,27,4,0,612,0,8
941.486059863,1,data,27,1,7,634,0,8
941.655553857,6,data,27,6,1,639,0,8
941.759718254,5,data,27,5,4,633,0,8
941.899495089,1,data,27,5,4,633,1,8
941.958782531,7,data,27,7,5,601,0,8
942.203851437,8,data,27,8,0,612,0,8
942.226146913,3,data,27,3,2,635,0,8
942.241123005,0,data,27,0,5,637,0,8
942.343628029,7,data,27,8,0,612,1,8
942.366040199,2,data,27,2,3,587,0,8
942.460710825,4,data,27,4,0,613,0,8
942.486059863,1,data,27,1,5,635,0,8
942.655553857,6,data,27,6,5,640,0,8
942.759718254,5,data,27,5,0,634,0,8
942.958782531,7,data,27,7,0,602,0,8
943.098559121,6,data,27,7,0,602,1,8
943.203851437,8,data,27,8,2,613,0,8
943.226146913,3,data,27,3,4,636,0,8
943.241123005,0,data,27,0,6,638,0,8
943.366040199,2,data,27,2,0,588,0,8
943.460710825,4,data,27,4,1,614,0,8
943.486059863,1,data,27,1,4,636,0,8
943.655553857,6,data,27,6,2,641,0,8
943.759718254,5,data,27,5,8,635,0,8
943.795330447,3,data,27,6,2,641,1,8
943.935107037,6,data,27,6,2,641,2,8
943.958782531,7,data,27,7,6,603,0,8
944.203851437,8,data,27,8,2,614,0,8
944.226146913,3,data,27,3,7,637,0,8
944.241123005,0,data,27,0,6,639,0,8
944.343628029,7,data,27,8,2,614,1,8
944.366040199,2,data,27,2,5,589,0,8
944.460710825,4,data,27,4,6,615,0,8
944.486059863,1,data,27,1,4,637,0,8
944.655553857,6,data,27,6,1,642,0,8
944.759718254,5,data,27,5,2,636,0,8
944.958782531,7,data,27,7,8,604,0,8
945.098559121,6,data,27,7,8,604,1,8
945.203851437,8,data,27,8,3,615,0,8
945.226146913,3,data,27,3,4,638,0,8
945.241123005,0,data,27,0,3,640,0,8
945.366040199,2,data,27,2,5,590,0,8
945.460710825,4,data,27,4,0,616,0,8
945.486059863,1,data,27,1,5,638,0,8
945.655553857,6,data,27,6,5,643,0,8
945.759718254,5,data,27,5,2,637,0,8
945.958782531,7,data,27,7,4,605,0,8
946.098559121,6,data,27,7,4,605,1,8
946.203851437,8,data,27,8,5,616,0,8
946.226146913,3,data,27,3,8,639,0,8
946.241123005,0,data,27,0,8,641,0,8
946.366040199,2,data,27,2,5,591,0,8
946.380900186,6,data,27,0,8,641,1,8
946.460710825,4,data,27,4,5,617,0,8
946.486059863,1,data,27,1,2,639,0,8
946.655553857,6,data,27,6,7,644,0,8
946.759718254,5,data,27,5,0,638,0,8
946.958782531,7,data,27,7,6,606,0,8
947.203851437,8,data,27,8,3,617,0,8
947.226146913,3,data,27,3,8,640,0,8
947.241123005,0,data,27,0,2,642,0,8
947.366040199,2,data,27,2,8,592,0,8
947.460710825,4,data,27,4,3,618,0,8
947.486059863,1,data,27,1,5,640,0,8
947.655553857,6,data,27,6,4,645,0,8
947.759718254,5,data,27,5,2,639,0,8
947.958782531,7,data,27,7,6,607,0,8
948.203851437,8,data,27,8,6,618,0,8
948.226146913,3,data,27,3,0,641,0,8
948.241123005,0,data,27,0,5,643,0,8
948.343628029,7,data,27,8,6,618,1,8
948.366040199,2,data,27,2,3,593,0,8
948.460710825,4,data,27,4,1,619,0,8
948.486059863,1,data,27,1,3,641,0,8
948.655553857,6,data,27,6,1,646,0,8
948.759718254,5,data,27,5,3,640,0,8
948.899495089,1,data,27,5,3,640,1,8
948.958782531,7,data,27,7,0,608,0,8
949.098559121,6,data,27,7,0,608,1,8
949.203851437,8,data,27,8,4,619,0,8
949.226146913,3,data,27,3,6,642,0,8
949.241123005,0,data,27,0,3,644,0,8
949.366040199,2,data,27,2,0,594,0,8
949.460710825,4,data,27,4,1,620,0,8
949.486059863,1,data,27,1,3,642,0,8
949.655553857,6,data,27,6,0,647,0,8
949.759718254,5,data,27,5,4,641,0,8
949.958782531,7,data,27,7,5,609,0,8
950.203851437,8,data,27,8,6,620,0,8
950.226146913,3,data,27,3,4,643,0,8
950.241123005,0,data,27,0,3,645,0,8
950.343628029,7,data,27,8,6,620,1,8
950.366040199,2,data,27,2,4,595,0,8
950.460710825,4,data,27,4,7,621,0,8
950.486059863,1,data,27,1,2,643,0,8
950.655553857,6,data,27,6,0,648,0,8
950.759718254,5,data,27,5,0,642,0,8
950.958782531,7,data,27,7,6,610,0,8
951.203851437,8,data,27,8,0,621,0,8
951.226146913,3,data,27,3,6,644,0,8
951.241123005,0,data,27,0,3,646,0,8
951.343628029,7,data,27,8,0,621,1,8
951.366040199,2,data,27,2,4,596,0,8
951.460710825,4,data,27,4,2,622,0,8
951.486059863,1,data,27,1,5,644,0,8
951.655553857,6,data,27,6,5,649,0,8
951.759718254,5,data,27,5,0,643,0,8
951.899495089,1,data,27,5,0,643,1,8
951.958782531,7,data,27,7,2,611,0,8
952.039271679,4,data,27,5,0,643,2,8
952.203851437,8,data,27,8,6,622,0,8
952.226146913,3,data,27,3,5,645,0,8
952.241123005,0,data,27,0,5,647,0,8
952.366040199,2,data,27,2,1,597,0,8
952.460710825,4,data,27,4,1,623,0,8
952.486059863,1,data,27,1,4,645,0,8
952.655553857,6,data,27,6,3,650,0,8
952.759718254,5,data,27,5,7,644,0,8
952.958782531,7,data,27,7,8,612,0,8
953.098559121,6,data,27,7,8,612,1,8
953.203851437,8,data,27,8,5,623,0,8
953.226146913,3,data,27,3,6,646,0,8
953.241123005,0,data,27,0,8,648,0,8
953.343628029,7,data,27,8,5,623,1,8
953.366040199,2,data,27,2,6,598,0,8
953.460710825,4,data,27,4,0,624,0,8
953.486059863,1,data,27,1,8,646,0,8
953.655553857,6,data,27,6,8,651,0,8
953.759718254,5,data,27,5,7,645,0,8
953.899494846,8,data,27,5,7,645,1,8
953.958782531,7,data,27,7,5,613,0,8
954.203851437,8,data,27,8,6,624,0,8
954.226146913,3,data,27,3,2,647,0,8
954.241123005,0,data,27,0,4,649,0,8
954.366040199,2,data,27,2,7,599,0,8
954.460710825,4,data,27,4,6,625,0,8
954.486059863,1,data,27,1,0,647,0,8
954.655553857,6,data,27,6,8,652,0,8
954.759718254,5,data,27,5,7,646,0,8
954.958782531,7,data,27,7,3,614,0,8
955.098559121,6,data,27,7,3,614,1,8
955.203851437,8,data,27,8,4,625,0,8
955.226146913,3,data,27,3,7,648,0,8
955.241123005,0,data,27,0,4,650,0,8
955.366040199,2,data,27,2,3,600,0,8
955.460710825,4,data,27,4,7,626,0,8
955.486059863,1,data,27,1,8,648,0,8
955.655553857,6,data,27,6,3,653,0,8
955.759718254,5,data,27,5,1,647,0,8
955.958782531,7,data,27,7,8,615,0,8
956.098559121,6,data,27,7,8,615,1,8
956.203851437,8,data,27,8,4,626,0,8
956.226146913,3,data,27,3,7,649,0,8
956.241123005,0,data,27,0,1,651,0,8
956.366040199,2,data,27,2,4,601,0,8
956.460710825,4,data,27,4,3,627,0,8
956.486059863,1,data,27,1,4,649,0,8
956.655553857,6,data,27,6,4,654,0,8
956.759718254,5,data,27,5,7,648,0,8
956.899494846,8,data,27,5,7,648,1,8
956.958782531,7,data,27,7,2,616,0,8
957.203851437,8,data,27,8,1,627,0,8
957.226146913,3,data,27,3,2,650,0,8
957.241123005,0,data,27,0,7,652,0,8
957.366040199,2,data,27,2,0,602,0,8
957.460710825,4,data,27,4,5,628,0,8
957.486059863,1,data,27,1,6,650,0,8
957.655553857,6,data,27,6,8,655,0,8
957.759718254,5,data,27,5,2,649,0,8
957.958782531,7,data,27,7,3,617,0,8
958.098559121,6,data,27,7,3,617,1,8
958.203851437,8,data,27,8,3,628,0,8
958.226146913,3,data,27,3,5,651,0,8
958.241123005,0,data,27,0,5,653,0,8
958.366040199,2,data,27,2,6,603,0,8
958.460710825,4,data,27,4,5,629,0,8
958.486059863,1,data,27,1,5,651,0,8
958.655553857,6,data,27,6,3,656,0,8
958.759718254,5,data,27,5,0,650,0,8
958.958782531,7,data,27,7,0,618,0,8
959.098559121,6,data,27,7,0,618,1,8
959.203851437,8,data,27,8,2,629,0,8
959.226146913,3,data,27,3,2,652,0,8
959.241123005,0,data,27,0,4,654,0,8
959.366040199,2,data,27,2,3,604,0,8
959.460710825,4,data,27,4,6,630,0,8
959.486059863,1,data,27,1,7,652,0,8
959.655553857,6,data,27,6,7,657,0,8
959.759718254,5,data,27,5,0,651,0,8
959.958782531,7,data,27,7,5,619,0,8
960.203851437,8,data,27,8,0,630,0,8
960.226146913,3,data,27,3,1,653,0,8
960.241123005,0,data,27,0,2,655,0,8
960.366040199,2,data,27,2,4,605,0,8
960.460710825,4,data,27,4,3,631,0,8
960.486059863,1,data,27,1,8,653,0,8
960.655553857,6,data,27,6,8,658,0,8
960.759718254,5,data,27,5,4,652,0,8
960.958782531,7,data,27,7,0,620,0,8
961.098559121,6,data,27,7,0,620,1,8
961.203851437,8,data,27,8,2,631,0,8
961.226146913,3,data,27,3,1,654,0,8
961.241123005,0,data,27,0,1,656,0,8
961.366040199,2,data,27,2,0,606,0,8
961.460710825,4,data,27,4,8,632,0,8
961.486059863,1,data,27,1,5,654,0,8
961.655553857,6,data,27,6,1,659,0,8
961.759718254,5,data,27,5,2,653,0,8
961.958782531,7,data,27,7,6,621,0,8
962.203851437,8,data,27,8,0,632,0,8
962.226146913,3,data,27,3,6,655,0,8
962.241123005,0,data,27,0,5,657,0,8
962.366040199,2,data,27,2,3,607,0,8
962.460710825,4,data,27,4,1,633,0,8
962.486059863,1,data,27,1,7,655,0,8
962.655553857,6,data,27,6,7,660,0,8
962.759718254,5,data,27,5,2,654,0,8
962.958782531,7,data,27,7,2,622,0,8
963.098559366,5,data,27,7,2,622,1,8
963.203851437,8,data,27,8,0,633,0,8
963.205627681,2,beacon,30,2,65535,17,0,8
963.226146913,3,data,27,3,6,656,0,8
963.241123005,0,data,27,0,2,658,0,8
963.376123681,2,data,27,2,3,608,0,8
963.460710825,4,data,27,4,7,634,0,8
963.486059863,1,data,27,1,0,656,0,8
963.655553857,6,data,27,6,4,661,0,8
963.759718254,5,data,27,5,7,655,0,8
963.795330447,7,data,27,6,4,661,1,8
963.935107037,6,data,27,6,4,661,2,8
963.958782531,7,data,27,7,0,623,0,8
964.203851437,8,data,27,8,5,634,0,8
964.226146913,3,data,27,3,0,657,0,8
964.241123005,0,data,27,0,3,659,0,8
964.366040199,2,data,27,2,0,609,0,8
964.460710825,4,data,27,4,7,635,0,8
964.486059863,1,data,27,1,4,657,0,8
964.655553857,6,data,27,6,0,662,0,8
964.759718254,5,data,27,5,7,656,0,8
964.899494846,8,data,27,5,7,656,1,8
964.958782531,7,data,27,7,8,624,0,8
965.098559121,6,data,27,7,8,624,1,8
965.203851437,8,data,27,8,4,635,0,8
965.226146913,3,data,27,3,0,658,0,8
965.241123005,0,data,27,0,7,660,0,8
965.366040199,2,data,27,2,6,610,0,8
965.460710825,4,data,27,4,7,636,0,8
965.486059863,1,data,27,1,0,658,0,8
965.655553857,6,data,27,6,0,663,0,8
965.759718254,5,data,27,5,0,657,0,8
965.899495089,1,data,27,5,0,657,1,8
965.958782531,7,data,27,7,0,625,0,8
966.060164480,4,beacon,30,4,65535,17,0,8
966.203851437,8,data,27,8,1,636,0,8
966.226146913,3,data,27,3,1,659,0,8
966.241123005,0,data,27,0,4,661,0,8
966.366040199,2,data,27,2,3,611,0,8
966.422851395,0,beacon,30,0,65535,17,0,8
966.460710825,4,data,27,4,6,637,0,8
966.486059863,1,data,27,1,3,659,0,8
966.655553857,6,data,27,6,5,664,0,8
966.759718254,5,data,27,5,8,658,0,8
966.795330447,7,data,27,6,5,664,1,8
966.958782531,7,data,27,7,3,626,0,8
967.098559121,6,data,27,7,3,626,1,8
967.203851437,8,data,27,8,1,637,0,8
967.226146913,3,data,27,3,7,660,0,8
967.241123005,0,data,27,0,1,662,0,8
967.366040199,2,data,27,2,8,612,0,8
967.460710825,4,data,27,4,6,638,0,8
967.486059863,1,data,27,1,5,660,0,8
967.655553857,6,data,27,6,8,665,0,8
967.759718254,5,data,27,5,7,659,0,8
967.815809857,6,beacon,30,6,65535,17,0,7
967.931177313,1,beacon,30,1,65535,17,0,7
967.958782531,7,data,27,7,8,627,0,8
968.098559121,6,data,27,7,8,627,1,8
968.129722679,8,beacon,30,8,65535,17,0,7
968.225210679,8,data,27,8,2,638,0,8
968.226146913,3,data,27,3,5,661,0,8
968.241123005,0,data,27,0,5,663,0,8
968.366040199,2,data,27,2,3,613,0,8
968.460710825,4,data,27,4,1,639,0,8
968.486059863,1,data,27,1,5,661,0,8
968.655553857,6,data,27,6,5,666,0,8
968.759718254,5,data,27,5,3,660,0,8
968.958782531,7,data,27,7,8,628,0,8
969.098559121,6,data,27,7,8,628,1,8
969.203851437,8,data,27,8,7,639,0,8
969.226146913,3,data,27,3,4,662,0,8
969.241123005,0,data,27,0,1,664,0,8
969.366040199,2,data,27,2,8,614,0,8
969.460710825,4,data,27,4,6,640,0,8
969.486059863,1,data,27,1,2,662,0,8
969.655553857,6,data,27,6,0,667,0,8
969.759718254,5,data,27,5,2,661,0,8
969.958782531,7,data,27,7,3,629,0,8
970.098559121,6,data,27,7,3,629,1,8
970.179680522,5,beacon,30,5,65535,17,0,7
970.203851437,8,data,27,8,2,640,0,8
970.226146913,3,data,27,3,4,663,0,8
970.241123005,0,data,27,0,5,665,0,8
970.366040199,2,data,27,2,6,615,0,8
970.460710825,4,data,27,4,1,641,0,8
970.486059863,1,data,27,1,3,663,0,8
970.655553857,6,data,27,6,2,668,0,8
970.759718254,5,data,27,5,2,662,0,8
970.795330447,3,data,27,6,2,668,1,8
970.935107037,6,data,27,6,2,668,2,8
970.958782531,7,data,27,7,8,630,0,8
971.000395817,3,beacon,30,3,65535,17,0,8
971.203851437,8,data,27,8,4,641,0,8
971.226146913,3,data,27,3,4,664,0,8
971.241123005,0,data,27,0,5,666,0,8
971.365923748,1,data,27,3,4,664,1,8
971.366040199,2,data,27,2,6,616,0,8
971.460710825,4,data,27,4,3,642,0,8
971.526179748,1,data,27,1,0,664,0,8
971.655553857,6,data,27,6,5,669,0,8
971.759718254,5,data,27,5,2,663,0,8
971.899495089,1,data,27,5,2,663,1,8
971.958782531,7,data,27,7,4,631,0,8
972.098559121,6,data,27,7,4,631,1,8
972.203851437,8,data,27,8,0,642,0,8
972.226146913,3,data,27,3,0,665,0,8
972.241123005,0,data,27,0,5,667,0,8
972.366040199,2,data,27,2,3,617,0,8
972.460710825,4,data,27,4,6,643,0,8
972.486059863,1,data,27,1,0,665,0,8
972.655553857,6,data,27,6,0,670,0,8
972.759718254,5,data,27,5,2,664,0,8
972.847284098,7,beacon,30,7,65535,17,0,8
973.017780098,7,data,27,7,4,632,0,8
973.157556688,6,data,27,7,4,632,1,8
973.203851437,8,data,27,8,7,643,0,8
973.226146913,3,data,27,3,4,666,0,8
973.241123005,0,data,27,0,1,668,0,8
973.366040199,2,data,27,2,3,618,0,8
973.460710825,4,data,27,4,3,644,0,8
973.486059863,1,data,27,1,4,666,0,8
973.600487660,6,data,27,4,3,644,1,8
973.759718254,5,data,27,5,1,665,0,8
973.760743660,6,data,27,6,7,671,0,8
973.958782531,7,data,27,7,5,633,0,8
974.203851437,8,data,27,8,3,644,0,8
974.226146913,3,data,27,3,4,667,0,8
974.241123005,0,data,27,0,8,669,0,8
974.366040199,2,data,27,2,5,619,0,8
974.460710825,4,data,27,4,0,645,0,8
974.486059863,1,data,27,1,5,667,0,8
974.655553857,6,data,27,6,3,672,0,8
974.759718254,5,data,27,5,2,666,0,8
974.958782531,7,data,27,7,1,634,0,8
975.098559121,6,data,27,7,1,634,1,8
975.203851437,8,data,27,8,4,645,0,8
975.226146913,3,data,27,3,8,668,0,8
975.241123005,0,data,27,0,7,670,0,8
975.366040199,2,data,27,2,4,620,0,8
975.460710825,4,data,27,4,5,646,0,8
975.486059863,1,data,27,1,4,668,0,8
975.655553857,6,data,27,6,8,673,0,8
975.759718254,5,data,27,5,3,667,0,8
975.958782531,7,data,27,7,3,635,0,8
976.098559121,6,data,27,7,3,635,1,8
976.203851437,8,data,27,8,2,646,0,8
976.226146913,3,data,27,3,5,669,0,8
976.241123005,0,data,27,0,8,671,0,8
976.366040199,2,data,27,2,0,621,0,8
976.380900186,6,data,27,0,8,671,1,8
976.460710825,4,data,27,4,7,647,0,8
976.486059863,1,data,27,1,2,669,0,8
976.655553857,6,data,27,6,8,674,0,8
976.759718254,5,data,27,5,7,668,0,8
976.958782531,7,data,27,7,2,636,0,8
977.203851437,8,data,27,8,6,647,0,8
977.226146913,3,data,27,3,8,670,0,8
977.241123005,0,data,27,0,8,672,0,8
977.366040199,2,data,27,2,8,622,0,8
977.460710825,4,data,27,4,6,648,0,8
977.486059863,1,data,27,1,6,670,0,8
977.655553857,6,data,27,6,8,675,0,8
977.759718254,5,data,27,5,2,669,0,8
977.958782531,7,data,27,7,3,637,0,8
978.098559121,6,data,27,7,3,637,1,8
978.203851437,8,data,27,8,7,648,0,8
978.226146913,3,data,27,3,1,671,0,8
978.241123005,0,data,27,0,3,673,0,8
978.366040199,2,data,27,2,1,623,0,8
978.460710825,4,data,27,4,6,649,0,8
978.486059863,1,data,27,1,0,671,0,8
978.655553857,6,data,27,6,4,676,0,8
978.759718254,5,data,27,5,2,670,0,8
978.958782531,7,data,27,7,1,638,0,8
979.098559121,6,data,27,7,1,638,1,8
979.203851437,8,data,27,8,4,649,0,8
979.226146913,3,data,27,3,5,672,0,8
979.241123005,0,data,27,0,2,674,0,8
979.366040199,2,data,27,2,3,624,0,8
979.460710825,4,data,27,4,1,650,0,8
979.486059863,1,data,27,1,6,672,0,8
979.655553857,6,data,27,6,1,677,0,8
979.759718254,5,data,27,5,8,671,0,8
979.795331038,0,data,27,6,1,677,1,8
979.958782531,7,data,27,7,0,639,0,8
980.098559121,6,data,27,7,0,639,1,8
980.203851437,8,data,27,8,1,650,0,8
980.226146913,3,data,27,3,4,673,0,8
980.241123005,0,data,27,0,3,675,0,8
980.366040199,2,data,27,2,7,625,0,8
980.460710825,4,data,27,4,6,651,0,8
980.486059863,1,data,27,1,8,673,0,8
980.655553857,6,data,27,6,5,678,0,8
980.759718254,5,data,27,5,1,672,0,8
980.958782531,7,data,27,7,3,640,0,8
981.098559121,6,data,27,7,3,640,1,8
981.203851437,8,data,27,8,6,651,0,8
981.226146913,3,data,27,3,2,674,0,8
981.241123005,0,data,27,0,3,676,0,8
981.366040199,2,data,27,2,8,626,0,8
981.460710825,4,data,27,4,7,652,0,8
981.486059863,1,data,27,1,4,674,0,8
981.655553857,6,data,27,6,7,679,0,8
981.759718254,5,data,27,5,6,673,0,8
981.958782531,7,data,27,7,8,641,0,8
982.098559121,6,data,27,7,8,641,1,8
982.203851437,8,data,27,8,1,652,0,8
982.226146913,3,data,27,3,7,675,0,8
982.241123005,0,data,27,0,3,677,0,8
982.366040199,2,data,27,2,6,627,0,8
982.460710825,4,data,27,4,0,653,0,8
982.486059863,1,data,27,1,6,675,0,8
982.655553857,6,data,27,6,5,680,0,8
982.759718254,5,data,27,5,1,674,0,8
982.958782531,7,data,27,7,8,642,0,8
983.098559121,6,data,27,7,8,642,1,8
983.203851437,8,data,27,8,5,653,0,8
983.226146913,3,data,27,3,8,676,0,8
983.241123005,0,data,27,0,8,678,0,8
983.366040199,2,data,27,2,6,628,0,8
983.460710825,4,data,27,4,2,654,0,8
983.486059863,1,data,27,1,6,676,0,8
983.655553857,6,data,27,6,8,681,0,8
983.759718254,5,data,27,5,7,675,0,8
983.958782531,7,data,27,7,4,643,0,8
984.203851437,8,data,27,8,6,654,0,8
984.226146913,3,data,27,3,6,677,0,8
984.241123005,0,data,27,0,7,679,0,8
984.366040199,2,data,27,2,4,629,0,8
984.460710825,4,data,27,4,7,655,0,8
984.486059863,1,data,27,1,4,677,0,8
984.655553857,6,data,27,6,0,682,0,8
984.759718254,5,data,27,5,2,676,0,8
984.899495089,1,data,27,5,2,676,1,8
984.958782531,7,data,27,7,2,644,0,8
985.203851437,8,data,27,8,4,655,0,8
985.226146913,3,data,27,3,5,678,0,8
985.241123005,0,data,27,0,1,680,0,8
985.343628029,7,data,27,8,4,655,1,8
985.366040199,2,data,27,2,7,630,0,8
985.460710825,4,data,27,4,2,656,0,8
985.486059863,1,data,27,1,6,678,0,8
985.655553857,6,data,27,6,3,683,0,8
985.759718254,5,data,27,5,0,677,0,8
985.958782531,7,data,27,7,3,645,0,8
986.098559121,6,data,27,7,3,645,1,8
986.203851437,8,data,27,8,7,656,0,8
986.226146913,3,data,27,3,0,679,0,8
986.241123005,0,data,27,0,6,681,0,8
986.366040199,2,data,27,2,8,631,0,8
986.460710825,4,data,27,4,7,657,0,8
986.486059863,1,data,27,1,8,679,0,8
986.655553857,6,data,27,6,1,684,0,8
986.759718254,5,data,27,5,8,678,0,8
986.958782531,7,data,27,7,5,646,0,8
987.203851437,8,data,27,8,5,657,0,8
987.226146913,3,data,27,3,8,680,0,8
987.241123005,0,data,27,0,1,682,0,8
987.365923503,6,data,27,3,8,680,1,8
987.366040199,2,data,27,2,6,632,0,8
987.460710825,4,data,27,4,0,658,0,8
987.486059863,1,data,27,1,0,680,0,8
987.655553857,6,data,27,6,8,685,0,8
987.759718254,5,data,27,5,0,679,0,8
987.958782531,7,data,27,7,2,647,0,8
988.098559366,5,data,27,7,2,647,1,8
988.203851437,8,data,27,8,1,658,0,8
988.226146913,3,data,27,3,0,681,0,8
988.241123005,0,data,27,0,7,683,0,8
988.366040199,2,data,27,2,5,633,0,8
988.460710825,4,data,27,4,6,659,0,8
988.486059863,1,data,27,1,3,681,0,8
988.655553857,6,data,27,6,5,686,0,8
988.759718254,5,data,27,5,7,680,0,8
988.958782531,7,data,27,7,6,648,0,8
989.203851437,8,data,27,8,6,659,0,8
989.226146913,3,data,27,3,2,682,0,8
989.241123005,0,data,27,0,8,684,0,8
989.366040199,2,data,27,2,4,634,0,8
989.460710825,4,data,27,4,6,660,0,8
989.486059863,1,data,27,1,8,682,0,8
989.655553857,6,data,27,6,2,687,0,8
989.759718254,5,data,27,5,6,681,0,8
989.958782531,7,data,27,7,3,649,0,8
990.098559121,6,data,27,7,3,649,1,8
990.203851437,8,data,27,8,6,660,0,8
990.226146913,3,data,27,3,4,683,0,8
990.241123005,0,data,27,0,6,685,0,8
990.366040199,2,data,27,2,8,635,0,8
990.460710825,4,data,27,4,1,661,0,8
990.486059863,1,data,27,1,6,683,0,8
990.505816789,5,data,27,2,8,635,1,8
990.655553857,6,data,27,6,5,688,0,8
990.759718254,5,data,27,5,2,682,0,8
990.795330447,7,data,27,6,5,688,1,8
990.899495089,1,data,27,5,2,682,1,8
990.958782531,7,data,27,7,6,650,0,8
991.203851437,8,data,27,8,2,661,0,8
991.226146913,3,data,27,3,5,684,0,8
991.241123005,0,data,27,0,7,686,0,8
991.366040199,2,data,27,2,5,636,0,8
991.460710825,4,data,27,4,2,662,0,8
991.486059863,1,data,27,1,2,684,0,8
991.655553857,6,data,27,6,0,689,0,8
991.759718254,5,data,27,5,1,683,0,8
991.958782531,7,data,27,7,2,651,0,8
992.203851437,8,data,27,8,2,662,0,8
992.226146913,3,data,27,3,1,685,0,8
992.241123005,0,data,27,0,6,687,0,8
992.366040199,2,data,27,2,7,637,0,8
992.460710825,4,data,27,4,8,663,0,8
992.486059863,1,data,27,1,6,685,0,8
992.655553857,6,data,27,6,8,690,0,8
992.759718254,5,data,27,5,8,684,0,8
992.958782531,7,data,27,7,0,652,0,8
993.203851437,8,data,27,8,2,663,0,8
993.226146913,3,data,27,3,7,686,0,8
993.241123005,0,data,27,0,4,688,0,8
993.366040199,2,data,27,2,0,638,0,8
993.460710825,4,data,27,4,0,664,0,8
993.486059863,1,data,27,1,7,686,0,8
993.655553857,6,data,27,6,7,691,0,8
993.759718254,5,data,27,5,8,685,0,8
993.958782531,7,data,27,7,6,653,0,8
994.203851437,8,data,27,8,0,664,0,8
994.226146913,3,data,27,3,1,687,0,8
994.241123005,0,data,27,0,6,689,0,8
994.343628029,7,data,27,8,0,664,1,8
994.366040199,2,data,27,2,1,639,0,8
994.460710825,4,data,27,4,2,665,0,8
994.483404619,6,data,27,8,0,664,2,8
994.486059863,1,data,27,1,6,687,0,8
994.655553857,6,data,27,6,0,692,0,8
994.759718254,5,data,27,5,4,686,0,8
994.958782531,7,data,27,7,8,654,0,8
995.098559121,6,data,27,7,8,654,1,8
995.203851437,8,data,27,8,1,665,0,8
995.226146913,3,data,27,3,8,688,0,8
995.241123005,0,data,27,0,6,690,0,8
995.366040199,2,data,27,2,7,640,0,8
995.460710825,4,data,27,4,0,666,0,8
995.486059863,1,data,27,1,4,688,0,8
995.600487660,6,data,27,4,0,666,1,8
995.759718254,5,data,27,5,7,687,0,8
995.760743660,6,data,27,6,1,693,0,8
995.958782531,7,data,27,7,3,655,0,8
996.203851437,8,data,27,8,6,666,0,8
996.226146913,3,data,27,3,1,689,0,8
996.241123005,0,data,27,0,7,691,0,8
996.366040199,2,data,27,2,4,641,0,8
996.460710825,4,data,27,4,2,667,0,8
996.486059863,1,data,27,1,7,689,0,8
996.655553857,6,data,27,6,5,694,0,8
996.759718254,5,data,27,5,3,688,0,8
996.795330447,7,data,27,6,5,694,1,8
996.958782531,7,data,27,7,6,656,0,8
997.203851437,8,data,27,8,3,667,0,8
997.226146913,3,data,27,3,6,690,0,8
997.241123005,0,data,27,0,8,692,0,8
997.366040199,2,data,27,2,0,642,0,8
997.460710825,4,data,27,4,8,668,0,8
997.486059863,1,data,27,1,4,690,0,8
997.655553857,6,data,27,6,4,695,0,8
997.759718254,5,data,27,5,3,689,0,8
997.958782531,7,data,27,7,4,657,0,8
998.098559121,6,data,27,7,4,657,1,8
998.203851437,8,data,27,8,7,668,0,8
998.226146913,3,data,27,3,5,691,0,8
998.241123005,0,data,27,0,5,693,0,8
998.366040199,2,data,27,2,0,643,0,8
998.460710825,4,data,27,4,1,669,0,8
998.486059863,1,data,27,1,6,691,0,8
998.655553857,6,data,27,6,0,696,0,8
998.759718254,5,data,27,5,3,690,0,8
998.958782531,7,data,27,7,3,658,0,8
999.098559121,6,data,27,7,3,658,1,8
999.203851437,8,data,27,8,7,669,0,8
999.226146913,3,data,27,3,7,692,0,8
999.241123005,0,data,27,0,5,694,0,8
999.366040199,2,data,27,2,0,644,0,8
999.460710825,4,data,27,4,8,670,0,8
999.486059863,1,data,27,1,0,692,0,8
999.655553857,6,data,27,6,1,697,0,8
999.759718254,5,data,27,5,1,691,0,8
999.958782531,7,data,27,7,6,659,0,8
1000.203851437,8,data,27,8,4,670,0,8
1000.226146913,3,data,27,3,5,693,0,8
1000.241123005,0,data,27,0,6,695,0,8
1000.366040199,2,data,27,2,3,645,0,8
1000.460710825,4,data,27,4,6,671,0,8
1000.486059863,1,data,27,1,8,693,0,8
1000.655553857,6,data,27,6,4,698,0,8
1000.759718254,5,data,27,5,7,692,0,8
1000.795330447,7,data,27,6,4,698,1,8
1000.935107037,6,data,27,6,4,698,2,8
1000.958782531,7,data,27,7,1,660,0,8
1001.203851437,8,data,27,8,0,671,0,8
1001.226146913,3,data,27,3,2,694,0,8
1001.241123005,0,data,27,0,1,696,0,8
1001.343628029,7,data,27,8,0,671,1,8
1001.366040199,2,data,27,2,3,646,0,8
1001.460710825,4,data,27,4,7,672,0,8
1001.486059863,1,data,27,1,6,694,0,8
1001.655553857,6,data,27,6,7,699,0,8
1001.759718254,5,data,27,5,4,693,0,8
1001.958782531,7,data,27,7,2,661,0,8
1002.098559366,5,data,27,7,2,661,1,8
1002.203851437,8,data,27,8,0,672,0,8
1002.226146913,3,data,27,3,6,695,0,8
1002.241123005,0,data,27,0,7,697,0,8
1002.366040199,2,data,27,2,8,647,0,8
1002.460710825,4,data,27,4,3,673,0,8
1002.486059863,1,data,27,1,7,695,0,8
1002.600487660,6,data,27,4,3,673,1,8
1002.759718254,5,data,27,5,1,694,0,8
1002.760743660,6,data,27,6,8,700,0,8
1002.958782531,7,data,27,7,1,662,0,8
1003.098559121,6,data,27,7,1,662,1,8
1003.203851437,8,data,27,8,6,673,0,8
1003.226146913,3,data,27,3,5,696,0,8
1003.241123005,0,data,27,0,1,698,0,8
1003.366040199,2,data,27,2,5,648,0,8
1003.460710825,4,data,27,4,0,674,0,8
1003.486059863,1,data,27,1,5,696,0,8
1003.655553857,6,data,27,6,4,701,0,8
1003.759718254,5,data,27,5,8,695,0,8
1003.958782531,7,data,27,7,5,663,0,8
1004.203851437,8,data,27,8,1,674,0,8
1004.226146913,3,data,27,3,8,697,0,8
1004.241123005,0,data,27,0,3,699,0,8
1004.366040199,2,data,27,2,3,649,0,8
1004.460710825,4,data,27,4,6,675,0,8
1004.486059863,1,data,27,1,3,697,0,8
1004.655553857,6,data,27,6,7,702,0,8
1004.759718254,5,data,27,5,6,696,0,8
1004.958782531,7,data,27,7,6,664,0,8
1005.203851437,8,data,27,8,4,675,0,8
1005.226146913,3,data,27,3,2,698,0,8
1005.241123005,0,data,27,0,3,700,0,8
1005.366040199,2,data,27,2,4,650,0,8
1005.460710825,4,data,27,4,1,676,0,8
1005.486059863,1,data,27,1,4,698,0,8
1005.655553857,6,data,27,6,5,703,0,8
1005.759718254,5,data,27,5,3,697,0,8
1005.958782531,7,data,27,7,3,665,0,8
1006.203851437,8,data,27,8,4,676,0,8
1006.226146913,3,data,27,3,1,699,0,8
1006.241123005,0,data,27,0,3,701,0,8
1006.366040199,2,data,27,2,6,651,0,8
1006.460710825,4,data,27,4,3,677,0,8
1006.486059863,1,data,27,1,6,699,0,8
1006.600487660,6,data,27,4,3,677,1,8
1006.759718254,5,data,27,5,7,698,0,8
1006.760743660,6,data,27,6,4,704,0,8
1006.958782531,7,data,27,7,3,666,0,8
1007.098559121,6,data,27,7,3,666,1,8
1007.203851437,8,data,27,8,2,677,0,8
1007.226146913,3,data,27,3,1,700,0,8
1007.241123005,0,data,27,0,8,702,0,8
1007.366040199,2,data,27,2,4,652,0,8
1007.380900186,6,data,27,0,8,702,1,8
1007.460710825,4,data,27,4,7,678,0,8
1007.486059863,1,data,27,1,6,700,0,8
1007.655553857,6,data,27,6,1,705,0,8
1007.759718254,5,data,27,5,2,699,0,8
1007.795331038,0,data,27,6,1,705,1,8
1007.958782531,7,data,27,7,5,667,0,8
1008.203851437,8,data,27,8,5,678,0,8
1008.226146913,3,data,27,3,8,701,0,8
1008.241123005,0,data,27,0,7,703,0,8
1008.365923503,6,data,27,3,8,701,1,8
1008.366040199,2,data,27,2,6,653,0,8
1008.460710825,4,data,27,4,1,679,0,8
1008.486059863,1,data,27,1,5,701,0,8
1008.655553857,6,data,27,6,0,706,0,8
1008.759718254,5,data,27,5,6,700,0,8
1008.958782531,7,data,27,7,2,668,0,8
1009.098559366,5,data,27,7,2,668,1,8
1009.203851437,8,data,27,8,4,679,0,8
1009.226146913,3,data,27,3,5,702,0,8
1009.241123005,0,data,27,0,3,704,0,8
1009.366040199,2,data,27,2,1,654,0,8
1009.460710825,4,data,27,4,8,680,0,8
1009.486059863,1,data,27,1,2,702,0,8
1009.600487660,6,data,27,4,8,680,1,8
1009.759718254,5,data,27,5,2,701,0,8
1009.760743660,6,data,27,6,3,707,0,8
1009.958782531,7,data,27,7,6,669,0,8
1010.203851437,8,data,27,8,2,680,0,8
1010.226146913,3,data,27,3,2,703,0,8
1010.241123005,0,data,27,0,3,705,0,8
1010.366040199,2,data,27,2,1,655,0,8
1010.460710825,4,data,27,4,0,681,0,8
1010.486059863,1,data,27,1,7,703,0,8
1010.655553857,6,data,27,6,4,708,0,8
1010.759718254,5,data,27,5,3,702,0,8
1010.958782531,7,data,27,7,8,670,0,8
1011.098559121,6,data,27,7,8,670,1,8
1011.203851437,8,data,27,8,3,681,0,8
1011.226146913,3,data,27,3,6,704,0,8
1011.241123005,0,data,27,0,3,706,0,8
1011.366040199,2,data,27,2,3,656,0,8
1011.460710825,4,data,27,4,3,682,0,8
1011.486059863,1,data,27,1,7,704,0,8
1011.600487660,6,data,27,4,3,682,1,8
1011.759718254,5,data,27,5,7,703,0,8
1011.760743660,6,data,27,6,0,709,0,8
1011.958782531,7,data,27,7,8,671,0,8
1012.098559121,6,data,27,7,8,671,1,8
1012.203851437,8,data,27,8,6,682,0,8
1012.226146913,3,data,27,3,7,705,0,8
1012.241123005,0,data,27,0,3,707,0,8
1012.366040199,2,data,27,2,4,657,0,8
1012.460710825,4,data,27,4,8,683,0,8
1012.486059863,1,data,27,1,6,705,0,8
1012.655553857,6,data,27,6,4,710,0,8
1012.759718254,5,data,27,5,0,704,0,8
1012.958782531,7,data,27,7,2,672,0,8
1013.098559366,5,data,27,7,2,672,1,8
1013.203851437,8,data,27,8,4,683,0,8
1013.226146913,3,data,27,3,7,706,0,8
1013.241123005,0,data,27,0,5,708,0,8
1013.366040199,2,data,27,2,3,658,0,8
1013.460710825,4,data,27,4,7,684,0,8
1013.486059863,1,data,27,1,8,706,0,8
1013.655553857,6,data,27,6,4,711,0,8
1013.759718254,5,data,27,5,3,705,0,8
1013.958782531,7,data,27,7,1,673,0,8
1014.203851437,8,data,27,8,5,684,0,8
1014.226146913,3,data,27,3,1,707,0,8
1014.241123005,0,data,27,0,1,709,0,8
1014.366040199,2,data,27,2,6,659,0,8
1014.460710825,4,data,27,4,0,685,0,8
1014.486059863,1,data,27,1,7,707,0,8
1014.655553857,6,data,27,6,1,712,0,8
1014.759718254,5,data,27,5,6,706,0,8
1014.958782531,7,data,27,7,6,674,0,8
1015.203851437,8,data,27,8,5,685,0,8
1015.226146913,3,data,27,3,5,708,0,8
1015.241123005,0,data,27,0,2,710,0,8
1015.366040199,2,data,27,2,0,660,0,8
1015.460710825,4,data,27,4,6,686,0,8
1015.486059863,1,data,27,1,7,708,0,8
1015.655553857,6,data,27,6,8,713,0,8
1015.759718254,5,data,27,5,4,707,0,8
1015.958782531,7,data,27,7,1,675,0,8
1016.098559121,6,data,27,7,1,675,1,8
1016.203851437,8,data,27,8,6,686,0,8
1016.226146913,3,data,27,3,1,709,0,8
1016.241123005,0,data,27,0,4,711,0,8
1016.366040199,2,data,27,2,6,661,0,8
1016.460710825,4,data,27,4,1,687,0,8
1016.486059863,1,data,27,1,8,709,0,8
1016.655553857,6,data,27,6,5,714,0,8
1016.759718254,5,data,27,5,4,708,0,8
1016.795330447,7,data,27,6,5,714,1,8
1016.958782531,7,data,27,7,2,676,0,8
1017.098559366,5,data,27,7,2,676,1,8
1017.203851437,8,data,27,8,7,687,0,8
1017.226146913,3,data,27,3,4,710,0,8
1017.241123005,0,data,27,0,5,712,0,8
1017.366040199,2,data,27,2,5,662,0,8
1017.460710825,4,data,27,4,1,688,0,8
1017.486059863,1,data,27,1,2,710,0,8
1017.655553857,6,data,27,6,3,715,0,8
1017.759718254,5,data,27,5,2,709,0,8
1017.899495089,1,data,27,5,2,709,1,8
1017.958782531,7,data,27,7,5,677,0,8
1018.203851437,8,data,27,8,6,688,0,8
1018.226146913,3,data,27,3,7,711,0,8
1018.241123005,0,data,27,0,5,713,0,8
1018.366040199,2,data,27,2,6,663,0,8
1018.460710825,4,data,27,4,3,689,0,8
1018.486059863,1,data,27,1,6,711,0,8
1018.655553857,6,data,27,6,5,716,0,8
1018.759718254,5,data,27,5,0,710,0,8
1018.958782531,7,data,27,7,5,678,0,8
1019.203851437,8,data,27,8,2,689,0,8
1019.226146913,3,data,27,3,0,712,0,8
1019.241123005,0,data,27,0,4,714,0,8
1019.343628029,7,data,27,8,2,689,1,8
1019.366040199,2,data,27,2,7,664,0,8
1019.460710825,4,data,27,4,6,690,0,8
1019.486059863,1,data,27,1,8,712,0,8
1019.655553857,6,data,27,6,2,717,0,8
1019.759718254,5,data,27,5,4,711,0,8
1019.795330447,3,data,27,6,2,717,1,8
1019.935107037,6,data,27,6,2,717,2,8
1019.958782531,7,data,27,7,3,679,0,8
1020.203851437,8,data,27,8,5,690,0,8
1020.226146913,3,data,27,3,0,713,0,8
1020.241123005,0,data,27,0,2,715,0,8
1020.366040199,2,data,27,2,1,665,0,8
1020.460710825,4,data,27,4,1,691,0,8
1020.486059863,1,data,27,1,6,713,0,8
1020.655553857,6,data,27,6,7,718,0,8
1020.759718254,5,data,27,5,6,712,0,8
1020.958782531,7,data,27,7,2,680,0,8
1021.098559366,5,data,27,7,2,680,1,8
1021.203851437,8,data,27,8,3,691,0,8
1021.226146913,3,data,27,3,2,714,0,8
1021.241123005,0,data,27,0,3,716,0,8
1021.366040199,2,data,27,2,7,666,0,8
1021.460710825,4,data,27,4,8,692,0,8
1021.486059863,1,data,27,1,2,714,0,8
1021.600487660,6,data,27,4,8,692,1,8
1021.759718254,5,data,27,5,1,713,0,8
1021.760743660,6,data,27,6,5,719,0,8
1021.958782531,7,data,27,7,6,681,0,8
1022.203851437,8,data,27,8,4,692,0,8
1022.226146913,3,data,27,3,4,715,0,8
1022.241123005,0,data,27,0,7,717,0,8
1022.366040199,2,data,27,2,0,667,0,8
1022.460710825,4,data,27,4,0,693,0,8
1022.486059863,1,data,27,1,0,715,0,8
1022.600487660,6,data,27,4,0,693,1,8
1022.759718254,5,data,27,5,1,714,0,8
1022.760743660,6,data,27,6,8,720,0,8
1022.958782531,7,data,27,7,5,682,0,8
1023.203851437,8,data,27,8,7,693,0,8
1023.205627681,2,beacon,30,2,65535,18,0,7
1023.226146913,3,data,27,3,0,716,0,8
1023.241123005,0,data,27,0,5,718,0,8
1023.366040199,2,data,27,2,8,668,0,8
1023.460710825,4,data,27,4,3,694,0,8
1023.486059863,1,data,27,1,2,716,0,8
1023.655553857,6,data,27,6,8,721,0,8
1023.759718254,5,data,27,5,2,715,0,8
1023.958782531,7,data,27,7,3,683,0,8
1024.098559121,6,data,27,7,3,683,1,8
1024.203851437,8,data,27,8,6,694,0,8
1024.226146913,3,data,27,3,4,717,0,8
1024.241123005,0,data,27,0,2,719,0,8
1024.366040199,2,data,27,2,4,669,0,8
1024.460710825,4,data,27,4,3,695,0,8
1024.486059863,1,data,27,1,0,717,0,8
1024.655553857,6,data,27,6,4,722,0,8
1024.759718254,5,data,27,5,3,716,0,8
1024.958782531,7,data,27,7,5,684,0,8
1025.203851437,8,data,27,8,1,695,0,8
1025.226146913,3,data,27,3,5,718,0,8
1025.241123005,0,data,27,0,6,720,0,8
1025.366040199,2,data,27,2,1,670,0,8
1025.460710825,4,data,27,4,3,696,0,8
1025.486059863,1,data,27,1,7,718,0,8
1025.655553857,6,data,27,6,3,723,0,8
1025.759718254,5,data,27,5,6,717,0,8
1025.958782531,7,data,27,7,0,685,0,8
1026.060164480,4,beacon,30,4,65535,18,0,7
1026.098559121,6,data,27,7,0,685,1,8
1026.203851437,8,data,27,8,4,696,0,8
1026.226146913,3,data,27,3,1,719,0,8
1026.241123005,0,data,27,0,3,721,0,8
1026.366040199,2,data,27,2,8,671,0,8
1026.422851395,0,beacon,30,0,65535,18,0,8
1026.460710825,4,data,27,4,0,697,0,8
1026.486059863,1,data,27,1,3,719,0,8
1026.655553857,6,data,27,6,8,724,0,8
1026.759718254,5,data,27,5,4,718,0,8
1026.958782531,7,data,27,7,8,686,0,8
1027.098559121,6,data,27,7,8,686,1,8
1027.203851437,8,data,27,8,6,697,0,8
1027.226146913,3,data,27,3,0,720,0,8
1027.241123005,0,data,27,0,7,722,0,8
1027.366040199,2,data,27,2,4,672,0,8
1027.460710825,4,data,27,4,0,698,0,8
1027.486059863,1,data,27,1,4,720,0,8
1027.600487660,6,data,27,4,0,698,1,8
1027.759718254,5,data,27,5,1,719,0,8
1027.760743660,6,data,27,6,1,725,0,8
1027.920999660,6,beacon,30,6,65535,18,0,7
1027.931177313,1,beacon,30,1,65535,18,0,7
1027.958782531,7,data,27,7,3,687,0,8
1028.129722679,8,beacon,30,8,65535,18,0,7
1028.225210679,8,data,27,8,0,698,0,8
1028.226146913,3,data,27,3,1,721,0,8
1028.241123005,0,data,27,0,5,723,0,8
1028.366040199,2,data,27,2,1,673,0,8
1028.460710825,4,data,27,4,3,699,0,8
1028.486059863,1,data,27,1,2,721,0,8
1028.655553857,6,data,27,6,3,726,0,8
1028.759718254,5,data,27,5,7,720,0,8
1028.958782531,7,data,27,7,5,688,0,8
1029.203851437,8,data,27,8,0,699,0,8
1029.226146913,3,data,27,3,4,722,0,8
1029.241123005,0,data,27,0,7,724,0,8
1029.366040199,2,data,27,2,7,674,0,8
1029.460710825,4,data,27,4,5,700,0,8
1029.486059863,1,data,27,1,6,722,0,8
1029.655553857,6,data,27,6,4,727,0,8
1029.759718254,5,data,27,5,6,721,0,8
1029.958782531,7,data,27,7,3,689,0,8
1030.098559121,6,data,27,7,3,689,1,8
1030.179680522,5,beacon,30,5,65535,18,0,7
1030.203851437,8,data,27,8,7,700,0,8
1030.226146913,3,data,27,3,1,723,0,8
1030.241123005,0,data,27,0,3,725,0,8
1030.366040199,2,data,27,2,5,675,0,8
1030.460710825,4,data,27,4,0,701,0,8
1030.486059863,1,data,27,1,7,723,0,8
1030.655553857,6,data,27,6,0,728,0,8
1030.759718254,5,data,27,5,6,722,0,8
1030.958782531,7,data,27,7,3,690,0,8
1031.000395817,3,beacon,30,3,65535,18,0,7
1031.098559121,6,data,27,7,3,690,1,8
1031.203851437,8,data,27,8,5,701,0,8
1031.226146913,3,data,27,3,4,724,0,8
1031.241123005,0,data,27,0,3,726,0,8
1031.366040199,2,data,27,2,8,676,0,8
1031.460710825,4,data,27,4,7,702,0,8
1031.486059863,1,data,27,1,8,724,0,8
1031.655553857,6,data,27,6,2,729,0,8
1031.759718254,5,data,27,5,6,723,0,8
1031.958782531,7,data,27,7,5,691,0,8
1032.203851437,8,data,27,8,4,702,0,8
1032.226146913,3,data,27,3,2,725,0,8
1032.241123005,0,data,27,0,7,727,0,8
1032.366040199,2,data,27,2,4,677,0,8
1032.460710825,4,data,27,4,2,703,0,8
1032.486059863,1,data,27,1,3,725,0,8
1032.655553857,6,data,27,6,2,730,0,8
1032.759718254,5,data,27,5,7,724,0,8
1032.795330447,3,data,27,6,2,730,1,8
1032.847284098,7,beacon,30,7,65535,18,0,7
1032.935107037,6,data,27,6,2,730,2,8
1032.958782531,7,data,27,7,0,692,0,8
1033.203851437,8,data,27,8,2,703,0,8
1033.226146913,3,data,27,3,0,726,0,8
1033.241123005,0,data,27,0,2,728,0,8
1033.366040199,2,data,27,2,7,678,0,8
1033.460710825,4,data,27,4,2,704,0,8
1033.486059863,1,data,27,1,5,726,0,8
1033.655553857,6,data,27,6,0,731,0,8
1033.759718254,5,data,27,5,4,725,0,8
1033.958782531,7,data,27,7,2,693,0,8
1034.203851437,8,data,27,8,2,704,0,8
1034.226146913,3,data,27,3,2,727,0,8
1034.241123005,0,data,27,0,2,729,0,8
1034.366040199,2,data,27,2,6,679,0,8
1034.460710825,4,data,27,4,5,705,0,8
1034.486059863,1,data,27,1,8,727,0,8
1034.655553857,6,data,27,6,3,732,0,8
1034.759718254,5,data,27,5,0,726,0,8
1034.958782531,7,data,27,7,4,694,0,8
1035.098559123,8,data,27,7,4,694,1,8
1035.226146913,3,data,27,3,0,728,0,8
1035.241123005,0,data,27,0,4,730,0,8
1035.258815123,8,data,27,8,1,705,0,8
1035.366040199,2,data,27,2,1,680,0,8
1035.460710825,4,data,27,4,7,706,0,8
1035.486059863,1,data,27,1,0,728,0,8
1035.655553857,6,data,27,6,7,733,0,8
1035.759718254,5,data,27,5,8,727,0,8
1035.958782531,7,data,27,7,6,695,0,8
1036.203851437,8,data,27,8,3,706,0,8
1036.226146913,3,data,27,3,4,729,0,8
1036.241123005,0,data,27,0,4,731,0,8
1036.365923748,1,data,27,3,4,729,1,8
1036.366040199,2,data,27,2,3,681,0,8
1036.460710825,4,data,27,4,6,707,0,8
1036.526179748,1,data,27,1,8,729,0,8
1036.655553857,6,data,27,6,2,734,0,8
1036.665956338,2,data,27,1,8,729,1,8
1036.759718254,5,data,27,5,1,728,0,8
1036.958782531,7,data,27,7,1,696,0,8
1037.098559121,6,data,27,7,1,696,1,8
1037.203851437,8,data,27,8,2,707,0,8
1037.226146913,3,data,27,3,8,730,0,8
1037.241123005,0,data,27,0,4,732,0,8
1037.366040199,2,data,27,2,6,682,0,8
1037.460710825,4,data,27,4,1,708,0,8
1037.486059863,1,data,27,1,3,730,0,8
1037.655553857,6,data,27,6,8,735,0,8
1037.759718254,5,data,27,5,8,729,0,8
1037.958782531,7,data,27,7,4,697,0,8
1038.203851437,8,data,27,8,2,708,0,8
1038.226146913,3,data,27,3,5,731,0,8
1038.241123005,0,data,27,0,1,733,0,8
1038.366040199,2,data,27,2,7,683,0,8
1038.460710825,4,data,27,4,1,709,0,8
1038.486059863,1,data,27,1,0,731,0,8
1038.655553857,6,data,27,6,8,736,0,8
1038.759718254,5,data,27,5,7,730,0,8
1038.958782531,7,data,27,7,3,698,0,8
1039.098559121,6,data,27,7,3,698,1,8
1039.203851437,8,data,27,8,7,709,0,8
1039.226146913,3,data,27,3,4,732,0,8
1039.241123005,0,data,27,0,7,734,0,8
1039.366040199,2,data,27,2,0,684,0,8
1039.460710825,4,data,27,4,7,710,0,8
1039.486059863,1,data,27,1,4,732,0,8
1039.655553857,6,data,27,6,5,737,0,8
1039.759718254,5,data,27,5,4,731,0,8
1039.958782531,7,data,27,7,2,699,0,8
1040.203851437,8,data,27,8,6,710,0,8
1040.226146913,3,data,27,3,1,733,0,8
1040.241123005,0,data,27,0,6,735,0,8
1040.343628029,7,data,27,8,6,710,1,8
1040.366040199,2,data,27,2,5,685,0,8
1040.460710825,4,data,27,4,8,711,0,8
1040.486059863,1,data,27,1,6,733,0,8
1040.655553857,6,data,27,6,5,738,0,8
1040.759718254,5,data,27,5,2,732,0,8
1040.958782531,7,data,27,7,2,700,0,8
1041.098559366,5,data,27,7,2,700,1,8
1041.203851437,8,data,27,8,6,711,0,8
1041.226146913,3,data,27,3,1,734,0,8
1041.241123005,0,data,27,0,1,736,0,8
1041.366040199,2,data,27,2,3,686,0,8
1041.460710825,4,data,27,4,5,712,0,8
1041.486059863,1,data,27,1,2,734,0,8
1041.600487415,7,data,27,4,5,712,1,8
1041.655553857,6,data,27,6,8,739,0,8
1041.759718254,5,data,27,5,1,733,0,8
1041.958782531,7,data,27,7,1,701,0,8
1042.098559121,6,data,27,7,1,701,1,8
1042.203851437,8,data,27,8,6,712,0,8
1042.226146913,3,data,27,3,1,735,0,8
1042.241123005,0,data,27,0,8,737,0,8
1042.366040199,2,data,27,2,1,687,0,8
1042.460710825,4,data,27,4,6,713,0,8
1042.486059863,1,data,27,1,7,735,0,8
1042.655553857,6,data,27,6,4,740,0,8
1042.759718254,5,data,27,5,6,734,0,8
1042.795330447,7,data,27,6,4,740,1,8
1042.958782531,7,data,27,7,0,702,0,8
1043.098559121,6,data,27,7,0,702,1,8
1043.203851437,8,data,27,8,0,713,0,8
1043.226146913,3,data,27,3,7,736,0,8
1043.241123005,0,data,27,0,8,738,0,8
1043.366040199,2,data,27,2,3,688,0,8
1043.460710825,4,data,27,4,7,714,0,8
1043.486059863,1,data,27,1,3,736,0,8
1043.655553857,6,data,27,6,8,741,0,8
1043.759718254,5,data,27,5,0,735,0,8
1043.958782531,7,data,27,7,8,703,0,8
1044.203851437,8,data,27,8,6,714,0,8
1044.226146913,3,data,27,3,6,737,0,8
1044.241123005,0,data,27,0,2,739,0,8
1044.366040199,2,data,27,2,0,689,0,8
1044.460710825,4,data,27,4,7,715,0,8
1044.486059863,1,data,27,1,0,737,0,8
1044.655553857,6,data,27,6,2,742,0,8
1044.759718254,5,data,27,5,4,736,0,8
1044.795330447,3,data,27,6,2,742,1,8
1044.935107037,6,data,27,6,2,742,2,8
1044.958782531,7,data,27,7,5,704,0,8
1045.203851437,8,data,27,8,2,715,0,8
1045.226146913,3,data,27,3,4,738,0,8
1045.241123005,0,data,27,0,6,740,0,8
1045.366040199,2,data,27,2,1,690,0,8
1045.460710825,4,data,27,4,6,716,0,8
1045.486059863,1,data,27,1,0,738,0,8
1045.655553857,6,data,27,6,0,743,0,8
1045.759718254,5,data,27,5,4,737,0,8
1045.958782531,7,data,27,7,3,705,0,8
1046.098559121,6,data,27,7,3,705,1,8
1046.203851437,8,data,27,8,2,716,0,8
1046.226146913,3,data,27,3,8,739,0,8
1046.241123005,0,data,27,0,4,741,0,8
1046.366040199,2,data,27,2,7,691,0,8
1046.460710825,4,data,27,4,6,717,0,8
1046.486059863,1,data,27,1,3,739,0,8
1046.655553857,6,data,27,6,7,744,0,8
1046.759718254,5,data,27,5,4,738,0,8
1046.958782531,7,data,27,7,2,706,0,8
1047.203851437,8,data,27,8,0,717,0,8
1047.226146913,3,data,27,3,8,740,0,8
1047.241123005,0,data,27,0,5,742,0,8
1047.365923503,6,data,27,3,8,740,1,8
1047.366040199,2,data,27,2,7,692,0,8
1047.460710825,4,data,27,4,5,718,0,8
1047.486059863,1,data,27,1,7,740,0,8
1047.655553857,6,data,27,6,7,745,0,8
1047.759718254,5,data,27,5,4,739,0,8
1047.958782531,7,data,27,7,8,707,0,8
1048.203851437,8,data,27,8,5,718,0,8
1048.226146913,3,data,27,3,2,741,0,8
1048.241123005,0,data,27,0,2,743,0,8
1048.343628029,7,data,27,8,5,718,1,8
1048.366040199,2,data,27,2,1,693,0,8
1048.460710825,4,data,27,4,6,719,0,8
1048.486059863,1,data,27,1,2,741,0,8
1048.655553857,6,data,27,6,5,746,0,8
1048.759718254,5,data,27,5,1,740,0,8
1048.795330447,7,data,27,6,5,746,1,8
1048.958782531,7,data,27,7,3,708,0,8
1049.098559121,6,data,27,7,3,708,1,8
1049.203851437,8,data,27,8,3,719,0,8
1049.226146913,3,data,27,3,0,742,0,8
1049.241123005,0,data,27,0,6,744,0,8
1049.366040199,2,data,27,2,5,694,0,8
1049.460710825,4,data,27,4,6,720,0,8
1049.486059863,1,data,27,1,4,742,0,8
1049.655553857,6,data,27,6,7,747,0,8
1049.759718254,5,data,27,5,0,741,0,8
1049.958782531,7,data,27,7,0,709,0,8
1050.098559121,6,data,27,7,0,709,1,8
1050.203851437,8,data,27,8,7,720,0,8
1050.226146913,3,data,27,3,4,743,0,8
1050.241123005,0,data,27,0,1,745,0,8
1050.366040199,2,data,27,2,7,695,0,8
1050.460710825,4,data,27,4,5,721,0,8
1050.486059863,1,data,27,1,8,743,0,8
1050.655553857,6,data,27,6,7,748,0,8
1050.759718254,5,data,27,5,8,742,0,8
1050.958782531,7,data,27,7,1,710,0,8
1051.098559121,6,data,27,7,1,710,1,8
1051.203851437,8,data,27,8,4,721,0,8
1051.226146913,3,data,27,3,6,744,0,8
1051.241123005,0,data,27,0,4,746,0,8
1051.366040199,2,data,27,2,6,696,0,8
1051.460710825,4,data,27,4,7,722,0,8
1051.486059863,1,data,27,1,4,744,0,8
1051.655553857,6,data,27,6,3,749,0,8
1051.759718254,5,data,27,5,0,743,0,8
1051.958782531,7,data,27,7,4,711,0,8
1052.098559123,8,data,27,7,4,711,1,8
1052.226146913,3,data,27,3,5,745,0,8
1052.241123005,0,data,27,0,4,747,0,8
1052.258815123,8,data,27,8,5,722,0,8
1052.366040199,2,data,27,2,7,697,0,8
1052.460710825,4,data,27,4,1,723,0,8
1052.486059863,1,data,27,1,0,745,0,8
1052.655553857,6,data,27,6,4,750,0,8
1052.759718254,5,data,27,5,4,744,0,8
1052.958782531,7,data,27,7,1,712,0,8
1053.098559121,6,data,27,7,1,712,1,8
1053.203851437,8,data,27,8,5,723,0,8
1053.226146913,3,data,27,3,1,746,0,8
1053.241123005,0,data,27,0,3,748,0,8
1053.366040199,2,data,27,2,6,698,0,8
1053.460710825,4,data,27,4,6,724,0,8
1053.486059863,1,data,27,1,7,746,0,8
1053.655553857,6,data,27,6,1,751,0,8
1053.759718254,5,data,27,5,7,745,0,8
1053.899494846,8,data,27,5,7,745,1,8
1053.958782531,7,data,27,7,2,713,0,8
1054.203851437,8,data,27,8,2,724,0,8
1054.226146913,3,data,27,3,2,747,0,8
1054.241123005,0,data,27,0,3,749,0,8
1054.366040199,2,data,27,2,8,699,0,8
1054.460710825,4,data,27,4,2,725,0,8
1054.486059863,1,data,27,1,3,747,0,8
1054.655553857,6,data,27,6,5,752,0,8
1054.759718254,5,data,27,5,0,746,0,8
1054.795330447,7,data,27,6,5,752,1,8
1054.958782531,7,data,27,7,1,714,0,8
1055.098559121,6,data,27,7,1,714,1,8
1055.203851437,8,data,27,8,0,725,0,8
1055.226146913,3,data,27,3,7,748,0,8
1055.241123005,0,data,27,0,7,750,0,8
1055.366040199,2,data,27,2,5,700,0,8
1055.460710825,4,data,27,4,0,726,0,8
1055.486059863,1,data,27,1,7,748,0,8
1055.655553857,6,data,27,6,2,753,0,8
1055.759718254,5,data,27,5,0,747,0,8
1055.795330447,3,data,27,6,2,753,1,8
1055.935107037,6,data,27,6,2,753,2,8
1055.958782531,7,data,27,7,5,715,0,8
1056.203851437,8,data,27,8,6,726,0,8
1056.226146913,3,data,27,3,2,749,0,8
1056.241123005,0,data,27,0,6,751,0,8
1056.366040199,2,data,27,2,6,701,0,8
1056.460710825,4,data,27,4,6,727,0,8
1056.486059863,1,data,27,1,3,749,0,8
1056.655553857,6,data,27,6,0,754,0,8
1056.759718254,5,data,27,5,8,748,0,8
1056.958782531,7,data,27,7,4,716,0,8
1057.098559123,8,data,27,7,4,716,1,8
1057.226146913,3,data,27,3,4,750,0,8
1057.241123005,0,data,27,0,1,752,0,8
1057.258815123,8,data,27,8,5,727,0,8
1057.366040199,2,data,27,2,6,702,0,8
1057.460710825,4,data,27,4,6,728,0,8
1057.486059863,1,data,27,1,4,750,0,8
1057.655553857,6,data,27,6,1,755,0,8
1057.759718254,5,data,27,5,7,749,0,8
1057.899494846,8,data,27,5,7,749,1,8
1057.958782531,7,data,27,7,2,717,0,8
1058.203851437,8,data,27,8,4,728,0,8
1058.226146913,3,data,27,3,1,751,0,8
1058.241123005,0,data,27,0,5,753,0,8
1058.366040199,2,data,27,2,7,703,0,8
1058.460710825,4,data,27,4,6,729,0,8
1058.486059863,1,data,27,1,6,751,0,8
1058.655553857,6,data,27,6,3,756,0,8
1058.759718254,5,data,27,5,3,750,0,8
1058.958782531,7,data,27,7,3,718,0,8
1059.098559121,6,data,27,7,3,718,1,8
1059.203851437,8,data,27,8,2,729,0,8
1059.226146913,3,data,27,3,4,752,0,8
1059.241123005,0,data,27,0,3,754,0,8
1059.366040199,2,data,27,2,6,704,0,8
1059.460710825,4,data,27,4,0,730,0,8
1059.486059863,1,data,27,1,2,752,0,8
1059.655553857,6,data,27,6,1,757,0,8
1059.759718254,5,data,27,5,2,751,0,8
1059.899495089,1,data,27,5,2,751,1,8
1059.958782531,7,data,27,7,1,719,0,8
1060.203851437,8,data,27,8,3,730,0,8
1060.226146913,3,data,27,3,6,753,0,8
1060.241123005,0,data,27,0,5,755,0,8
1060.366040199,2,data,27,2,1,705,0,8
1060.460710825,4,data,27,4,2,731,0,8
1060.486059863,1,data,27,1,6,753,0,8
1060.655553857,6,data,27,6,4,758,0,8
1060.759718254,5,data,27,5,3,752,0,8
1060.958782531,7,data,27,7,1,720,0,8
1061.098559121,6,data,27,7,1,720,1,8
1061.203851437,8,data,27,8,2,731,0,8
1061.226146913,3,data,27,3,4,754,0,8
1061.241123005,0,data,27,0,6,756,0,8
1061.366040199,2,data,27,2,7,706,0,8
1061.460710825,4,data,27,4,3,732,0,8
1061.486059863,1,data,27,1,7,754,0,8
1061.655553857,6,data,27,6,0,759,0,8
1061.759718254,5,data,27,5,4,753,0,8
1061.958782531,7,data,27,7,0,721,0,8
1062.098559121,6,data,27,7,0,721,1,8
1062.203851437,8,data,27,8,5,732,0,8
1062.226146913,3,data,27,3,0,755,0,8
1062.241123005,0,data,27,0,3,757,0,8
1062.366040199,2,data,27,2,5,707,0,8
1062.460710825,4,data,27,4,6,733,0,8
1062.486059863,1,data,27,1,6,755,0,8
1062.655553857,6,data,27,6,4,760,0,8
1062.759718254,5,data,27,5,4,754,0,8
1062.958782531,7,data,27,7,0,722,0,8
1063.098559121,6,data,27,7,0,722,1,8
1063.203851437,8,data,27,8,2,733,0,8
1063.226146913,3,data,27,3,1,756,0,8
1063.241123005,0,data,27,0,8,758,0,8
1063.366040199,2,data,27,2,7,708,0,8
1063.460710825,4,data,27,4,7,734,0,8
1063.486059863,1,data,27,1,0,756,0,8
1063.655553857,6,data,27,6,5,761,0,8
1063.759718254,5,data,27,5,3,755,0,8
1063.958782531,7,data,27,7,1,723,0,8
1064.098559121,6,data,27,7,1,723,1,8
1064.203851437,8,data,27,8,2,734,0,8
1064.226146913,3,data,27,3,4,757,0,8
1064.241123005,0,data,27,0,7,759,0,8
1064.366040199,2,data,27,2,3,709,0,8
1064.460710825,4,data,27,4,6,735,0,8
1064.486059863,1,data,27,1,6,757,0,8
1064.505816789,5,data,27,2,3,709,1,8
1064.655553857,6,data,27,6,2,762,0,8
1064.759718254,5,data,27,5,7,756,0,8
1064.899494846,8,data,27,5,7,756,1,8
1064.958782531,7,data,27,7,4,724,0,8
1065.203851437,8,data,27,8,1,735,0,8
1065.226146913,3,data,27,3,7,758,0,8
1065.241123005,0,data,27,0,6,760,0,8
1065.366040199,2,data,27,2,4,710,0,8
1065.460710825,4,data,27,4,0,736,0,8
1065.486059863,1,data,27,1,5,758,0,8
1065.600487660,6,data,27,4,0,736,1,8
1065.759718254,5,data,27,5,4,757,0,8
1065.760743660,6,data,27,6,8,763,0,8
1065.958782531,7,data,27,7,4,725,0,8
1066.098559123,8,data,27,7,4,725,1,8
1066.226146913,3,data,27,3,2,759,0,8
1066.241123005,0,data,27,0,5,761,0,8
1066.258815123,8,data,27,8,5,736,0,8
1066.366040199,2,data,27,2,7,711,0,8
1066.460710825,4,data,27,4,1,737,0,8
1066.486059863,1,data,27,1,5,759,0,8
1066.655553857,6,data,27,6,5,764,0,8
1066.759718254,5,data,27,5,6,758,0,8
1066.958782531,7,data,27,7,2,726,0,8
1067.098559366,5,data,27,7,2,726,1,8
1067.203851437,8,data,27,8,6,737,0,8
1067.226146913,3,data,27,3,5,760,0,8
1067.241123005,0,data,27,0,3,762,0,8
1067.343628029,7,data,27,8,6,737,1,8
1067.366040199,2,data,27,2,8,712,0,8
1067.460710825,4,data,27,4,1,738,0,8
1067.486059863,1,data,27,1,8,760,0,8
1067.655553857,6,data,27,6,4,765,0,8
1067.759718254,5,data,27,5,7,759,0,8
1067.795330447,7,data,27,6,4,765,1,8
1067.935107039,8,data,27,6,4,765,2,8
1067.958782531,7,data,27,7,2,727,0,8
1068.203851437,8,data,27,8,7,738,0,8
1068.226146913,3,data,27,3,4,761,0,8
1068.241123005,0,data,27,0,4,763,0,8
1068.366040199,2,data,27,2,0,713,0,8
1068.460710825,4,data,27,4,0,739,0,8
1068.486059863,1,data,27,1,7,761,0,8
1068.655553857,6,data,27,6,7,766,0,8
1068.759718254,5,data,27,5,7,760,0,8
1068.958782531,7,data,27,7,8,728,0,8
1069.203851437,8,data,27,8,7,739,0,8
1069.226146913,3,data,27,3,5,762,0,8
1069.241123005,0,data,27,0,6,764,0,8
1069.366040199,2,data,27,2,8,714,0,8
1069.460710825,4,data,27,4,6,740,0,8
1069.486059863,1,data,27,1,0,762,0,8
1069.655553857,6,data,27,6,4,767,0,8
1069.759718254,5,data,27,5,3,761,0,8
1069.958782531,7,data,27,7,6,729,0,8
1070.203851437,8,data,27,8,3,740,0,8
1070.226146913,3,data,27,3,7,763,0,8
1070.241123005,0,data,27,0,3,765,0,8
1070.366040199,2,data,27,2,6,715,0,8
1070.460710825,4,data,27,4,1,741,0,8
1070.486059863,1,data,27,1,0,763,0,8
1070.655553857,6,data,27,6,5,768,0,8
1070.759718254,5,data,27,5,8,762,0,8
1070.958782531,7,data,27,7,2,730,0,8
1071.098559366,5,data,27,7,2,730,1,8
1071.203851437,8,data,27,8,7,741,0,8
1071.226146913,3,data,27,3,0,764,0,8
1071.241123005,0,data,27,0,6,766,0,8
1071.366040199,2,data,27,2,7,716,0,8
1071.460710825,4,data,27,4,1,742,0,8
1071.486059863,1,data,27,1,5,764,0,8
1071.655553857,6,data,27,6,1,769,0,8
1071.759718254,5,data,27,5,3,763,0,8
1071.958782531,7,data,27,7,6,731,0,8
1072.203851437,8,data,27,8,4,742,0,8
1072.226146913,3,data,27,3,7,765,0,8
1072.241123005,0,data,27,0,7,767,0,8
1072.366040199,2,data,27,2,5,717,0,8
1072.460710825,4,data,27,4,1,743,0,8
1072.486059863,1,data,27,1,4,765,0,8
1072.655553857,6,data,27,6,1,770,0,8
1072.759718254,5,data,27,5,2,764,0,8
1072.958782531,7,data,27,7,0,732,0,8
1073.098559121,6,data,27,7,0,732,1,8
1073.203851437,8,data,27,8,2,743,0,8
1073.226146913,3,data,27,3,0,766,0,8
1073.241123005,0,data,27,0,1,768,0,8
1073.366040199,2,data,27,2,7,718,0,8
1073.460710825,4,data,27,4,8,744,0,8
1073.486059863,1,data,27,1,3,766,0,8
1073.655553857,6,data,27,6,7,771,0,8
1073.759718254,5,data,27,5,3,765,0,8
1073.958782531,7,data,27,7,2,733,0,8
1074.203851437,8,data,27,8,6,744,0,8
1074.226146913,3,data,27,3,0,767,0,8
1074.241123005,0,data,27,0,5,769,0,8
1074.343628029,7,data,27,8,6,744,1,8
1074.366040199,2,data,27,2,4,719,0,8
1074.460710825,4,data,27,4,1,745,0,8
1074.486059863,1,data,27,1,5,767,0,8
1074.655553857,6,data,27,6,8,772,0,8
1074.759718254,5,data,27,5,3,766,0,8
1074.958782531,7,data,27,7,5,734,0,8
1075.203851437,8,data,27,8,1,745,0,8
1075.226146913,3,data,27,3,1,768,0,8
1075.241123005,0,data,27,0,7,770,0,8
1075.366040199,2,data,27,2,1,720,0,8
1075.460710825,4,data,27,4,7,746,0,8
1075.486059863,1,data,27,1,0,768,0,8
1075.655553857,6,data,27,6,5,773,0,8
1075.759718254,5,data,27,5,4,767,0,8
1075.958782531,7,data,27,7,4,735,0,8
1076.098559123,8,data,27,7,4,735,1,8
1076.226146913,3,data,27,3,4,769,0,8
1076.241123005,0,data,27,0,7,771,0,8
1076.258815123,8,data,27,8,7,746,0,8
1076.366040199,2,data,27,2,4,721,0,8
1076.460710825,4,data,27,4,6,747,0,8
1076.486059863,1,data,27,1,7,769,0,8
1076.655553857,6,data,27,6,7,774,0,8
1076.759718254,5,data,27,5,6,768,0,8
1076.958782531,7,data,27,7,0,736,0,8
1077.098559121,6,data,27,7,0,736,1,8
1077.203851437,8,data,27,8,2,747,0,8
1077.226146913,3,data,27,3,0,770,0,8
1077.241123005,0,data,27,0,6,772,0,8
1077.366040199,2,data,27,2,3,722,0,8
1077.460710825,4,data,27,4,5,748,0,8
1077.486059863,1,data,27,1,5,770,0,8
1077.655553857,6,data,27,6,0,775,0,8
1077.759718254,5,data,27,5,4,769,0,8
1077.958782531,7,data,27,7,0,737,0,8
1078.098559121,6,data,27,7,0,737,1,8
1078.203851437,8,data,27,8,7,748,0,8
1078.226146913,3,data,27,3,4,771,0,8
1078.241123005,0,data,27,0,1,773,0,8
1078.366040199,2,data,27,2,0,723,0,8
1078.460710825,4,data,27,4,2,749,0,8
1078.486059863,1,data,27,1,4,771,0,8
1078.655553857,6,data,27,6,0,776,0,8
1078.759718254,5,data,27,5,8,770,0,8
1078.958782531,7,data,27,7,8,738,0,8
1079.203851437,8,data,27,8,1,749,0,8
1079.226146913,3,data,27,3,7,772,0,8
1079.241123005,0,data,27,0,4,774,0,8
1079.366040199,2,data,27,2,6,724,0,8
1079.460710825,4,data,27,4,2,750,0,8
1079.486059863,1,data,27,1,0,772,0,8
1079.655553857,6,data,27,6,8,777,0,8
1079.759718254,5,data,27,5,1,771,0,8
1079.958782531,7,data,27,7,3,739,0,8
1080.098559121,6,data,27,7,3,739,1,8
1080.203851437,8,data,27,8,6,750,0,8
1080.226146913,3,data,27,3,4,773,0,8
1080.241123005,0,data,27,0,2,775,0,8
1080.366040199,2,data,27,2,8,725,0,8
1080.460710825,4,data,27,4,6,751,0,8
1080.486059863,1,data,27,1,8,773,0,8
1080.655553857,6,data,27,6,0,778,0,8
1080.759718254,5,data,27,5,0,772,0,8
1080.958782531,7,data,27,7,6,740,0,8
1081.203851437,8,data,27,8,5,751,0,8
1081.226146913,3,data,27,3,8,774,0,8
1081.241123005,0,data,27,0,1,776,0,8
1081.366040199,2,data,27,2,8,726,0,8
1081.460710825,4,data,27,4,5,752,0,8
1081.486059863,1,data,27,1,4,774,0,8
1081.655553857,6,data,27,6,0,779,0,8
1081.759718254,5,data,27,5,8,773,0,8
1081.958782531,7,data,27,7,2,741,0,8
1082.098559366,5,data,27,7,2,741,1,8
1082.203851437,8,data,27,8,0,752,0,8
1082.226146913,3,data,27,3,7,775,0,8
1082.241123005,0,data,27,0,2,777,0,8
1082.366040199,2,data,27,2,8,727,0,8
1082.460710825,4,data,27,4,7,753,0,8
1082.486059863,1,data,27,1,5,775,0,8
1082.655553857,6,data,27,6,8,780,0,8
1082.759718254,5,data,27,5,4,774,0,8
1082.958782531,7,data,27,7,8,742,0,8
1083.203851437,8,data,27,8,5,753,0,8
1083.205627681,2,beacon,30,2,65535,19,0,7
1083.226146913,3,data,27,3,2,776,0,8
1083.241123005,0,data,27,0,5,778,0,8
1083.343628029,7,data,27,8,5,753,1,8
1083.366040199,2,data,27,2,5,728,0,8
1083.460710825,4,data,27,4,8,754,0,8
1083.486059863,1,data,27,1,3,776,0,8
1083.655553857,6,data,27,6,1,781,0,8
1083.759718254,5,data,27,5,4,775,0,8
1083.958782531,7,data,27,7,6,743,0,8
1084.203851437,8,data,27,8,6,754,0,8
1084.226146913,3,data,27,3,6,777,0,8
1084.241123005,0,data,27,0,8,779,0,8
1084.366040199,2,data,27,2,1,729,0,8
1084.460710825,4,data,27,4,2,755,0,8
1084.486059863,1,data,27,1,4,777,0,8
1084.655553857,6,data,27,6,0,782,0,8
1084.759718254,5,data,27,5,6,776,0,8
1084.958782531,7,data,27,7,4,744,0,8
1085.098559123,8,data,27,7,4,744,1,8
1085.226146913,3,data,27,3,6,778,0,8
1085.241123005,0,data,27,0,4,780,0,8
1085.258815123,8,data,27,8,1,755,0,8
1085.366040199,2,data,27,2,8,730,0,8
1085.460710825,4,data,27,4,0,756,0,8
1085.486059863,1,data,27,1,5,778,0,8
1085.655553857,6,data,27,6,3,783,0,8
1085.759718254,5,data,27,5,8,777,0,8
1085.958782531,7,data,27,7,0,745,0,8
1086.060164480,4,beacon,30,4,65535,19,0,7
1086.098559121,6,data,27,7,0,745,1,8
1086.203851437,8,data,27,8,3,756,0,8
1086.226146913,3,data,27,3,8,779,0,8
1086.241123005,0,data,27,0,5,781,0,8
1086.366040199,2,data,27,2,5,731,0,8
1086.422851395,0,beacon,30,0,65535,19,0,7
1086.460710825,4,data,27,4,3,757,0,8
1086.486059863,1,data,27,1,0,779,0,8
1086.655553857,6,data,27,6,1,784,0,8
1086.759718254,5,data,27,5,2,778,0,8
1086.958782531,7,data,27,7,6,746,0,8
1087.203851437,8,data,27,8,4,757,0,8
1087.226146913,3,data,27,3,8,780,0,8
1087.241123005,0,data,27,0,7,782,0,8
1087.343628029,7,data,27,8,4,757,1,8
1087.366040199,2,data,27,2,4,732,0,8
1087.460710825,4,data,27,4,1,758,0,8
1087.483404621,8,data,27,8,4,757,2,8
1087.486059863,1,data,27,1,0,780,0,8
1087.655553857,6,data,27,6,2,785,0,8
1087.759718254,5,data,27,5,1,779,0,8
1087.795330447,3,data,27,6,2,785,1,8
1087.815809857,6,beacon,30,6,65535,19,0,8
1087.931177313,1,beacon,30,1,65535,19,0,8
1087.958782531,7,data,27,7,6,747,0,8
1088.129722679,8,beacon,30,8,65535,19,0,7
1088.225210679,8,data,27,8,0,758,0,8
1088.226146913,3,data,27,3,2,781,0,8
1088.241123005,0,data,27,0,8,783,0,8
1088.364987271,7,data,27,8,0,758,1,8
1088.366040199,2,data,27,2,5,733,0,8
1088.460710825,4,data,27,4,2,759,0,8
1088.486059863,1,data,27,1,4,781,0,8
1088.655553857,6,data,27,6,8,786,0,8
1088.759718254,5,data,27,5,1,780,0,8
1088.958782531,7,data,27,7,8,748,0,8
1089.203851437,8,data,27,8,7,759,0,8
1089.226146913,3,data,27,3,6,782,0,8
1089.241123005,0,data,27,0,4,784,0,8
1089.366040199,2,data,27,2,1,734,0,8
1089.460710825,4,data,27,4,1,760,0,8
1089.486059863,1,data,27,1,2,782,0,8
1089.655553857,6,data,27,6,5,787,0,8
1089.759718254,5,data,27,5,3,781,0,8
1089.958782531,7,data,27,7,8,749,0,8
1090.179680522,5,beacon,30,5,65535,19,0,7
1090.203851437,8,data,27,8,2,760,0,8
1090.226146913,3,data,27,3,5,783,0,8
1090.241123005,0,data,27,0,7,785,0,8
1090.366040199,2,data,27,2,6,735,0,8
1090.460710825,4,data,27,4,1,761,0,8
1090.486059863,1,data,27,1,2,783,0,8
1090.655553857,6,data,27,6,3,788,0,8
1090.759718254,5,data,27,5,6,782,0,8
1090.958782531,7,data,27,7,8,750,0,8
1091.000395817,3,beacon,30,3,65535,19,0,8
1091.203851437,8,data,27,8,3,761,0,8
1091.226146913,3,data,27,3,6,784,0,8
1091.241123005,0,data,27,0,6,786,0,8
1091.366040199,2,data,27,2,0,736,0,8
1091.460710825,4,data,27,4,0,762,0,8
1091.486059863,1,data,27,1,7,784,0,8
1091.655553857,6,data,27,6,0,789,0,8
1091.759718254,5,data,27,5,1,783,0,8
1091.958782531,7,data,27,7,6,751,0,8
1092.203851437,8,data,27,8,6,762,0,8
1092.226146913,3,data,27,3,0,785,0,8
1092.241123005,0,data,27,0,8,787,0,8
1092.366040199,2,data,27,2,6,737,0,8
1092.460710825,4,data,27,4,1,763,0,8
1092.486059863,1,data,27,1,4,785,0,8
1092.655553857,6,data,27,6,5,790,0,8
1092.759718254,5,data,27,5,4,784,0,8
1092.795330447,7,data,27,6,5,790,1,8
1092.955586447,7,beacon,27,7,65535,19,0,7
1093.045954447,7,data,27,7,0,752,0,8
1093.185731037,6,data,27,7,0,752,1,8
1093.203851437,8,data,27,8,7,763,0,8
1093.226146913,3,data,27,3,8,786,0,8
1093.241123005,0,data,27,0,2,788,0,8
1093.366040199,2,data,27,2,1,738,0,8
1093.460710825,4,data,27,4,3,764,0,8
1093.486059863,1,data,27,1,3,786,0,8
1093.655553857,6,data,27,6,0,791,0,8
1093.759718254,5,data,27,5,1,785,0,8
1093.958782531,7,data,27,7,1,753,0,8
1094.098559121,6,data,27,7,1,753,1,8
1094.203851437,8,data,27,8,0,764,0,8
1094.226146913,3,data,27,3,0,787,0,8
1094.241123005,0,data,27,0,7,789,0,8
1094.366040199,2,data,27,2,7,739,0,8
1094.460710825,4,data,27,4,2,765,0,8
1094.486059863,1,data,27,1,3,787,0,8
1094.655553857,6,data,27,6,7,792,0,8
1094.759718254,5,data,27,5,1,786,0,8
1094.958782531,7,data,27,7,8,754,0,8
1095.203851437,8,data,27,8,4,765,0,8
1095.226146913,3,data,27,3,7,788,0,8
1095.241123005,0,data,27,0,6,790,0,8
1095.366040199,2,data,27,2,1,740,0,8
1095.460710825,4,data,27,4,5,766,0,8
1095.486059863,1,data,27,1,7,788,0,8
1095.655553857,6,data,27,6,8,793,0,8
1095.759718254,5,data,27,5,6,787,0,8
1095.958782531,7,data,27,7,5,755,0,8
1096.098559123,8,data,27,7,5,755,1,8
1096.226146913,3,data,27,3,7,789,0,8
1096.238335715,7,data,27,7,5,755,2,8
1096.241123005,0,data,27,0,6,791,0,8
1096.258815123,8,data,27,8,1,766,0,8
1096.366040199,2,data,27,2,1,741,0,8
1096.460710825,4,data,27,4,2,767,0,8
1096.486059863,1,data,27,1,8,789,0,8
1096.655553857,6,data,27,6,7,794,0,8
1096.759718254,5,data,27,5,0,788,0,8
1096.958782531,7,data,27,7,5,756,0,8
1097.098559123,8,data,27,7,5,756,1,8
1097.226146913,3,data,27,3,5,790,0,8
1097.241123005,0,data,27,0,6,792,0,8
1097.258815123,8,data,27,8,4,767,0,8
1097.366040199,2,data,27,2,5,742,0,8
1097.460710825,4,data,27,4,0,768,0,8
1097.486059863,1,data,27,1,4,790,0,8
1097.600487660,6,data,27,4,0,768,1,8
1097.759718254,5,data,27,5,6,789,0,8
1097.760743660,6,data,27,6,8,795,0,8
1097.958782531,7,data,27,7,3,757,0,8
1098.098559121,6,data,27,7,3,757,1,8
1098.203851437,8,data,27,8,6,768,0,8
1098.226146913,3,data,27,3,2,791,0,8
1098.241123005,0,data,27,0,1,793,0,8
1098.366040199,2,data,27,2,7,743,0,8
1098.460710825,4,data,27,4,5,769,0,8
1098.486059863,1,data,27,1,8,791,0,8
1098.655553857,6,data,27,6,5,796,0,8
1098.759718254,5,data,27,5,2,790,0,8
1098.958782531,7,data,27,7,4,758,0,8
1099.203851437,8,data,27,8,5,769,0,8
1099.226146913,3,data,27,3,8,792,0,8
1099.241123005,0,data,27,0,4,794,0,8
1099.366040199,2,data,27,2,1,744,0,8
1099.460710825,4,data,27,4,8,770,0,8
1099.486059863,1,data,27,1,8,792,0,8
1099.655553857,6,data,27,6,3,797,0,8
1099.759718254,5,data,27,5,1,791,0,8
1099.958782531,7,data,27,7,2,759,0,8
1100.098559121,6,data,27,7,2,759,1,8
1100.203851437,8,data,27,8,1,770,0,8
1100.226146913,3,data,27,3,5,793,0,8
1100.241123005,0,data,27,0,7,795,0,8
1100.366040199,2,data,27,2,4,745,0,8
1100.460710825,4,data,27,4,6,771,0,8
1100.486059863,1,data,27,1,2,793,0,8
1100.655553857,6,data,27,6,4,798,0,8
1100.759718254,5,data,27,5,0,792,0,8
1100.958782531,7,data,27,7,2,760,0,8
1101.098559121,6,data,27,7,2,760,1,8
1101.203851437,8,data,27,8,2,771,0,8
1101.226146913,3,data,27,3,5,794,0,8
1101.241123005,0,data,27,0,3,796,0,8
1101.366040199,2,data,27,2,8,746,0,8
1101.460710825,4,data,27,4,7,772,0,8
1101.486059863,1,data,27,1,8,794,0,8
1101.655553857,6,data,27,6,3,799,0,8
1101.759718254,5,data,27,5,8,793,0,8
1101.958782531,7,data,27,7,8,761,0,8
1102.203851437,8,data,27,8,3,772,0,8
1102.226146913,3,data,27,3,7,795,0,8
1102.241123005,0,data,27,0,2,797,0,8
1102.366040199,2,data,27,2,5,747,0,8
1102.460710825,4,data,27,4,0,773,0,8
1102.486059863,1,data,27,1,2,795,0,8
1102.655553857,6,data,27,6,3,800,0,8
1102.759718254,5,data,27,5,6,794,0,8
1102.958782531,7,data,27,7,4,762,0,8
1103.098559123,8,data,27,7,4,762,1,8
1103.226146913,3,data,27,3,8,796,0,8
1103.241123005,0,data,27,0,7,798,0,8
1103.258815123,8,data,27,8,0,773,0,8
1103.366040199,2,data,27,2,5,748,0,8
1103.398591715,7,data,27,8,0,773,1,8
1103.460710825,4,data,27,4,3,774,0,8
1103.486059863,1,data,27,1,5,796,0,8
1103.759718254,5,data,27,5,4,795,0,8
1103.958782531,7,data,27,7,2,763,0,8
1104.098559121,6,data,27,7,2,763,1,8
1104.203851437,8,data,27,8,6,774,0,8
1104.226146913,3,data,27,3,4,797,0,8
1104.241123005,0,data,27,0,2,799,0,8
1104.366040199,2,data,27,2,0,749,0,8
1104.460710825,4,data,27,4,1,775,0,8
1104.486059863,1,data,27,1,2,797,0,8
1104.759718254,5,data,27,5,7,796,0,8
1104.958782531,7,data,27,7,2,764,0,8
1105.098559121,6,data,27,7,2,764,1,8
1105.203851437,8,data,27,8,7,775,0,8
1105.226146913,3,data,27,3,6,798,0,8
1105.241123005,0,data,27,0,5,800,0,8
1105.366040199,2,data,27,2,1,750,0,8
1105.460710825,4,data,27,4,3,776,0,8
1105.486059863,1,data,27,1,5,798,0,8
1105.600487660,6,data,27,4,3,776,1,8
1105.759718254,5,data,27,5,8,797,0,8
1105.958782531,7,data,27,7,8,765,0,8
1106.203851437,8,data,27,8,1,776,0,8
1106.226146913,3,data,27,3,8,799,0,8
1106.366040199,2,data,27,2,7,751,0,8
1106.460710825,4,data,27,4,6,777,0,8
1106.486059863,1,data,27,1,0,799,0,8
1106.759718254,5,data,27,5,0,798,0,8
1106.899495435,3,data,27,5,0,798,1,8
1106.958782531,7,data,27,7,2,766,0,8
1107.203851437,8,data,27,8,5,777,0,8
1107.226146913,3,data,27,3,1,800,0,8
1107.366040199,2,data,27,2,1,752,0,8
1107.460710825,4,data,27,4,0,778,0,8
1107.486059863,1,data,27,1,5,800,0,8
1107.759718254,5,data,27,5,2,799,0,8
1107.958782531,7,data,27,7,4,767,0,8
1108.098559123,8,data,27,7,4,767,1,8
1108.258815123,8,data,27,8,0,778,0,8
1108.366040199,2,data,27,2,0,753,0,8
1108.398591715,7,data,27,8,0,778,1,8
1108.460710825,4,data,27,4,0,779,0,8
1108.759718254,5,data,27,5,3,800,0,8
1108.958782531,7,data,27,7,6,768,0,8
1109.203851437,8,data,27,8,4,779,0,8
1109.343628029,7,data,27,8,4,779,1,8
1109.366040199,2,data,27,2,6,754,0,8
1109.460710825,4,data,27,4,7,780,0,8
1109.958782531,7,data,27,7,8,769,0,8
1110.203851437,8,data,27,8,1,780,0,8
1110.343628029,7,data,27,8,1,780,1,8
1110.366040199,2,data,27,2,6,755,0,8
1110.460710825,4,data,27,4,3,781,0,8
1110.958782531,7,data,27,7,8,770,0,8
1111.203851437,8,data,27,8,3,781,0,8
1111.343628029,7,data,27,8,3,781,1,8
1111.366040199,2,data,27,2,5,756,0,8
1111.460710825,4,data,27,4,5,782,0,8
1111.958782531,7,data,27,7,5,771,0,8
1112.098559123,8,data,27,7,5,771,1,8
1112.238335715,7,data,27,7,5,771,2,8
1112.258815123,8,data,27,8,4,782,0,8
1112.366040199,2,data,27,2,8,757,0,8
1112.460710825,4,data,27,4,8,783,0,8
1112.958782531,7,data,27,7,6,772,0,8
1113.203851437,8,data,27,8,5,783,0,8
1113.343628029,7,data,27,8,5,783,1,8
1113.366040199,2,data,27,2,8,758,0,8
1113.460710825,4,data,27,4,2,784,0,8
1113.958782531,7,data,27,7,6,773,0,8
1114.203851437,8,data,27,8,0,784,0,8
1114.343628029,7,data,27,8,0,784,1,8
1114.366040199,2,data,27,2,7,759,0,8
1114.460710825,4,data,27,4,7,785,0,8
1114.958782531,7,data,27,7,3,774,0,8
1115.098559121,6,data,27,7,3,774,1,8
1115.203851437,8,data,27,8,0,785,0,8
1115.343628029,7,data,27,8,0,785,1,8
1115.366040199,2,data,27,2,4,760,0,8
1115.460710825,4,data,27,4,3,786,0,8
1115.483404619,6,data,27,8,0,785,2,8
1115.958782531,7,data,27,7,8,775,0,8
1116.203851437,8,data,27,8,7,786,0,8
1116.366040199,2,data,27,2,7,761,0,8
1116.460710825,4,data,27,4,0,787,0,8
1116.958782531,7,data,27,7,0,776,0,8
1117.098559121,6,data,27,7,0,776,1,8
1117.203851437,8,data,27,8,2,787,0,8
1117.366040199,2,data,27,2,3,762,0,8
1117.460710825,4,data,27,4,6,788,0,8
1117.505816789,5,data,27,2,3,762,1,8
1117.958782531,7,data,27,7,8,777,0,8
1118.203851437,8,data,27,8,2,788,0,8
1118.343628029,7,data,27,8,2,788,1,8
1118.366040199,2,data,27,2,1,763,0,8
1118.460710825,4,data,27,4,2,789,0,8
1118.483404619,6,data,27,8,2,788,2,8
1118.958782531,7,data,27,7,3,778,0,8
1119.098559121,6,data,27,7,3,778,1,8
1119.203851437,8,data,27,8,1,789,0,8
1119.366040199,2,data,27,2,0,764,0,8
1119.460710825,4,data,27,4,6,790,0,8
1119.958782531,7,data,27,7,1,779,0,8
1120.098559121,6,data,27,7,1,779,1,8
1120.203851437,8,data,27,8,0,790,0,8
1120.366040199,2,data,27,2,8,765,0,8
1120.460710825,4,data,27,4,8,791,0,8
1120.958782531,7,data,27,7,6,780,0,8
1121.203851437,8,data,27,8,3,791,0,8
1121.343628029,7,data,27,8,3,791,1,8
1121.366040199,2,data,27,2,4,766,0,8
1121.460710825,4,data,27,4,8,792,0,8
1121.483404619,6,data,27,8,3,791,2,8
1121.958782531,7,data,27,7,4,781,0,8
1122.098559123,8,data,27,7,4,781,1,8
1122.238335715,7,data,27,7,4,781,2,8
1122.258815123,8,data,27,8,1,792,0,8
1122.366040199,2,data,27,2,7,767,0,8
1122.460710825,4,data,27,4,0,793,0,8
1122.958782531,7,data,27,7,6,782,0,8
1123.203851437,8,data,27,8,2,793,0,8
1123.343628029,7,data,27,8,2,793,1,8
1123.366040199,2,data,27,2,4,768,0,8
1123.460710825,4,data,27,4,2,794,0,8
1123.483404619,6,data,27,8,2,793,2,8
1123.958782531,7,data,27,7,1,783,0,8
1124.098559121,6,data,27,7,1,783,1,8
1124.203851437,8,data,27,8,1,794,0,8
1124.238336302,0,data,27,7,1,783,2,8
1124.366040199,2,data,27,2,0,769,0,8
1124.460710825,4,data,27,4,7,795,0,8
1124.958782531,7,data,27,7,6,784,0,8
1125.203851437,8,data,27,8,1,795,0,8
1125.343628029,7,data,27,8,1,795,1,8
1125.366040199,2,data,27,2,3,770,0,8
1125.460710825,4,data,27,4,2,796,0,8
1125.958782531,7,data,27,7,2,785,0,8
1126.098559121,6,data,27,7,2,785,1,8
1126.203851437,8,data,27,8,1,796,0,8
1126.238335711,3,data,27,7,2,785,2,8
1126.366040199,2,data,27,2,7,771,0,8
1126.460710825,4,data,27,4,3,797,0,8
1126.958782531,7,data,27,7,0,786,0,8
1127.098559121,6,data,27,7,0,786,1,8
1127.203851437,8,data,27,8,3,797,0,8
1127.366040199,2,data,27,2,5,772,0,8
1127.460710825,4,data,27,4,6,798,0,8
1127.958782531,7,data,27,7,0,787,0,8
1128.203851437,8,data,27,8,5,798,0,8
1128.343628029,7,data,27,8,5,798,1,8
1128.366040199,2,data,27,2,7,773,0,8
1128.460710825,4,data,27,4,1,799,0,8
1128.483404621,8,data,27,8,5,798,2,8
1128.958782531,7,data,27,7,1,788,0,8
1129.098559121,6,data,27,7,1,788,1,8
1129.203851437,8,data,27,8,6,799,0,8
1129.238336302,0,data,27,7,1,788,2,8
1129.366040199,2,data,27,2,0,774,0,8
1129.460710825,4,data,27,4,0,800,0,8
1129.600487660,6,data,27,4,0,800,1,8
1129.958782531,7,data,27,7,5,789,0,8
1130.098559123,8,data,27,7,5,789,1,8
1130.238335715,7,data,27,7,5,789,2,8
1130.258815123,8,data,27,8,0,800,0,8
1130.366040199,2,data,27,2,8,775,0,8
1130.958782531,7,data,27,7,5,790,0,8
1131.098559123,8,data,27,7,5,790,1,8
1131.238335715,7,data,27,7,5,790,2,8
1131.366040199,2,data,27,2,3,776,0,8
1131.958782531,7,data,27,7,3,791,0,8
1132.098559121,6,data,27,7,3,791,1,8
1132.366040199,2,data,27,2,7,777,0,8
1132.505817034,4,data,27,2,7,777,1,8
1132.958782531,7,data,27,7,5,792,0,8
1133.098559123,8,data,27,7,5,792,1,8
1133.238335715,7,data,27,7,5,792,2,8
1133.366040199,2,data,27,2,8,778,0,8
1133.505816789,5,data,27,2,8,778,1,8
1133.958782531,7,data,27,7,3,793,0,8
1134.098559121,6,data,27,7,3,793,1,8
1134.366040199,2,data,27,2,7,779,0,8
1134.505817034,4,data,27,2,7,779,1,8
1134.958782531,7,data,27,7,5,794,0,8
1135.098559123,8,data,27,7,5,794,1,8
1135.238335715,7,data,27,7,5,794,2,8
1135.366040199,2,data,27,2,0,780,0,8
1135.958782531,7,data,27,7,0,795,0,8
1136.366040199,2,data,27,2,6,781,0,8
1136.505817034,4,data,27,2,6,781,1,8
1136.958782531,7,data,27,7,1,796,0,8
1137.098559121,6,data,27,7,1,796,1,8
1137.238336302,0,data,27,7,1,796,2,8
1137.366040199,2,data,27,2,7,782,0,8
1137.958782531,7,data,27,7,2,797,0,8
1138.098559121,6,data,27,7,2,797,1,8
1138.238335711,3,data,27,7,2,797,2,8
1138.366040199,2,data,27,2,6,783,0,8
1138.958782531,7,data,27,7,1,798,0,8
1139.366040199,2,data,27,2,8,784,0,8
1139.505816789,5,data,27,2,8,784,1,8
1139.958782531,7,data,27,7,2,799,0,8
1140.098559121,6,data,27,7,2,799,1,8
1140.238335711,3,data,27,7,2,799,2,8
1140.366040199,2,data,27,2,7,785,0,8
1140.958782531,7,data,27,7,8,800,0,8
1141.366040199,2,data,27,2,7,786,0,8
1141.505817034,4,data,27,2,7,786,1,8
1142.366040199,2,data,27,2,7,787,0,8
1142.505817034,4,data,27,2,7,787,1,8
1143.205627681,2,beacon,30,2,65535,20,0,8
1143.376123681,2,data,27,2,4,788,0,8
1144.366040199,2,data,27,2,8,789,0,8
1144.505816789,5,data,27,2,8,789,1,8
1145.366040199,2,data,27,2,7,790,0,8
1145.505817034,4,data,27,2,7,790,1,8
1146.060164480,4,beacon,30,4,65535,20,0,7
1146.366040199,2,data,27,2,3,791,0,8
1146.422851395,0,beacon,30,0,65535,20,0,7
1146.505816789,5,data,27,2,3,791,1,8
1147.366040199,2,data,27,2,5,792,0,8
1147.769219712,6,beacon,30,6,65535,20,0,7
1147.931177313,1,beacon,30,1,65535,20,0,7
1148.129722679,8,beacon,30,8,65535,20,0,7
1148.366040199,2,data,27,2,7,793,0,8
1149.366040199,2,data,27,2,0,794,0,8
1149.505816789,1,data,27,2,0,794,1,8
1150.179680522,5,beacon,30,5,65535,20,0,8
1150.366040199,2,data,27,2,4,795,0,8
1151.000395817,3,beacon,30,3,65535,20,0,7
1151.366040199,2,data,27,2,3,796,0,8
1151.505816789,5,data,27,2,3,796,1,8
1152.366040199,2,data,27,2,8,797,0,8
1152.505817034,4,data,27,2,8,797,1,8
1152.847284098,7,beacon,30,7,65535,20,0,8
1153.366040199,2,data,27,2,4,798,0,8
1154.366040199,2,data,27,2,5,799,0,8
1155.366040199,2,data,27,2,3,800,0,8
1155.505816789,5,data,27,2,3,800,1,8
1203.205627681,2,beacon,30,2,65535,21,0,7
1206.060164480,4,beacon,30,4,65535,21,0,7
1206.422851395,0,beacon,30,0,65535,21,0,8
1207.769219712,6,beacon,30,6,65535,21,0,8
1207.931177313,1,beacon,30,1,65535,21,0,8
1208.129722679,8,beacon,30,8,65535,21,0,8
1210.179680522,5,beacon,30,5,65535,21,0,7
1211.000395817,3,beacon,30,3,65535,21,0,7
1212.847284098,7,beacon,30,7,65535,21,0,7
1263.205627681,2,beacon,30,2,65535,22,0,7
1266.060164480,4,beacon,30,4,65535,22,0,7
1266.422851395,0,beacon,30,0,65535,22,0,7
1267.769219712,6,beacon,30,6,65535,22,0,7
1267.931177313,1,beacon,30,1,65535,22,0,8
1268.129722679,8,beacon,30,8,65535,22,0,7
1270.179680522,5,beacon,30,5,65535,22,0,7
1271.000395817,3,beacon,30,3,65535,22,0,7
1272.847284098,7,beacon,30,7,65535,22,0,8
1323.205627681,2,beacon,30,2,65535,23,0,7
1326.060164480,4,beacon,30,4,65535,23,0,7
1326.422851395,0,beacon,30,0,65535,23,0,8
1327.769219712,6,beacon,30,6,65535,23,0,7
1327.931177313,1,beacon,30,1,65535,23,0,7
1328.129722679,8,beacon,30,8,65535,23,0,7
1330.179680522,5,beacon,30,5,65535,23,0,7
1331.000395817,3,beacon,30,3,65535,23,0,7
1332.847284098,7,beacon,30,7,65535,23,0,7
1383.205627681,2,beacon,30,2,65535,24,0,8
1386.060164480,4,beacon,30,4,65535,24,0,7
1386.422851395,0,beacon,30,0,65535,24,0,7
1387.769219712,6,beacon,30,6,65535,24,0,7
1387.931177313,1,beacon,30,1,65535,24,0,7
1388.129722679,8,beacon,30,8,65535,24,0,7
1390.179680522,5,beacon,30,5,65535,24,0,7
1391.000395817,3,beacon,30,3,65535,24,0,7
1392.847284098,7,beacon,30,7,65535,24,0,8
1443.205627681,2,beacon,30,2,65535,25,0,7
1446.060164480,4,beacon,30,4,65535,25,0,7
1446.422851395,0,beacon,30,0,65535,25,0,8
1447.769219712,6,beacon,30,6,65535,25,0,7
1447.931177313,1,beacon,30,1,65535,25,0,8
1448.129722679,8,beacon,30,8,65535,25,0,7
1450.179680522,5,beacon,30,5,65535,25,0,8
1451.000395817,3,beacon,30,3,65535,25,0,8
1452.847284098,7,beacon,30,7,65535,25,0,8
1503.205627681,2,beacon,30,2,65535,26,0,7
1506.060164480,4,beacon,30,4,65535,26,0,8
1506.422851395,0,beacon,30,0,65535,26,0,7
1507.769219712,6,beacon,30,6,65535,26,0,7
1507.931177313,1,beacon,30,1,65535,26,0,7
1508.129722679,8,beacon,30,8,65535,26,0,7
1510.179680522,5,beacon,30,5,65535,26,0,8
1511.000395817,3,beacon,30,3,65535,26,0,7
1512.847284098,7,beacon,30,7,65535,26,0,7
1563.205627681,2,beacon,30,2,65535,27,0,7
1566.060164480,4,beacon,30,4,65535,27,0,7
1566.422851395,0,beacon,30,0,65535,27,0,7
1567.769219712,6,beacon,30,6,65535,27,0,7
1567.931177313,1,beacon,30,1,65535,27,0,7
1568.129722679,8,beacon,30,8,65535,27,0,7
1570.179680522,5,beacon,30,5,65535,27,0,7
1571.000395817,3,beacon,30,3,65535,27,0,8
1572.847284098,7,beacon,30,7,65535,27,0,7
1623.205627681,2,beacon,30,2,65535,28,0,7
1626.060164480,4,beacon,30,4,65535,28,0,7
1626.422851395,0,beacon,30,0,65535,28,0,7
1627.769219712,6,beacon,30,6,65535,28,0,7
1627.931177313,1,beacon,30,1,65535,28,0,7
1628.129722679,8,beacon,30,8,65535,28,0,8
1630.179680522,5,beacon,30,5,65535,28,0,7
1631.000395817,3,beacon,30,3,65535,28,0,7
1632.847284098,7,beacon,30,7,65535,28,0,7
1683.205627681,2,beacon,30,2,65535,29,0,7
1686.060164480,4,beacon,30,4,65535,29,0,7
1686.422851395,0,beacon,30,0,65535,29,0,7
1687.769219712,6,beacon,30,6,65535,29,0,7
1687.931177313,1,beacon,30,1,65535,29,0,7
1688.129722679,8,beacon,30,8,65535,29,0,7
1690.179680522,5,beacon,30,5,65535,29,0,8
1691.000395817,3,beacon,30,3,65535,29,0,8
1692.847284098,7,beacon,30,7,65535,29,0,8
1743.205627681,2,beacon,30,2,65535,30,0,8
1746.060164480,4,beacon,30,4,65535,30,0,7
1746.422851395,0,beacon,30,0,65535,30,0,7
1747.769219712,6,beacon,30,6,65535,30,0,7
1747.931177313,1,beacon,30,1,65535,30,0,8
1748.129722679,8,beacon,30,8,65535,30,0,7
1750.179680522,5,beacon,30,5,65535,30,0,7
1751.000395817,3,beacon,30,3,65535,30,0,7
1752.847284098,7,beacon,30,7,65535,30,0,7
