timestamp(s),nodeId,src,seq,dst,ttl,hops,rssi(dBm),battery(mV),score,sf,energyJ,energyFrac,forwarded,ok
3.205627681,2,2,1,65535,63,0,0,4200,0,7,3887.964707169,0.999990923,0,1
6.060164480,4,4,1,65535,63,0,0,4200,0,8,3887.929604572,0.999981894,0,1
6.422851395,0,0,1,65535,63,0,0,4200,0,8,3887.922907495,0.999980172,0,1
7.769219712,6,6,1,65535,63,0,0,4200,0,7,3887.937152941,0.999983836,0,1
7.931177313,1,1,1,65535,63,0,0,4200,0,7,3887.922752079,0.999980132,0,1
8.129722679,8,8,1,65535,63,0,0,4200,0,7,3887.939212493,0.999984365,0,1
10.179680522,5,5,1,65535,63,0,0,4200,0,7,3887.916050900,0.999978408,0,1
11.000395817,3,3,1,65535,63,0,0,4200,0,7,3887.906617890,0.999975982,0,1
12.847284098,7,7,1,65535,63,0,0,4200,0,7,3887.900397964,0.999974382,0,1
63.205627681,2,2,2,65535,63,0,0,4200,0,7,3887.582660100,0.999892659,0,1
66.060164480,4,4,2,65535,63,0,0,4200,0,7,3887.530746045,0.999879307,0,1
66.422851395,0,0,2,65535,63,0,0,4200,0,7,3887.532136562,0.999879665,0,1
67.769219712,6,6,2,65535,63,0,0,4200,0,8,3887.541849302,0.999882163,0,1
67.931177313,1,1,2,65535,63,0,0,4200,0,7,3887.532484247,0.999879754,0,1
68.129722679,8,8,2,65535,63,0,0,4200,0,8,3887.522483773,0.999877182,0,1
70.179680522,5,5,2,65535,63,0,0,4200,0,8,3887.486298498,0.999867875,0,1
71.000395817,3,3,2,65535,63,0,0,4200,0,7,3887.505414721,0.999872792,0,1
72.847284098,7,7,2,65535,63,0,0,4200,0,8,3887.469886164,0.999863654,0,1
123.205627681,2,2,3,65535,63,0,0,4200,0,7,3887.176397439,0.999788168,0,1
126.060164480,4,4,3,65535,63,0,0,4200,0,7,3887.119680189,0.999773580,0,1
126.422851395,0,0,3,65535,63,0,0,4200,0,7,3887.136495986,0.999777905,0,1
127.769219712,6,6,3,65535,63,0,0,4200,0,8,3887.116140697,0.999772670,0,1
127.931177313,1,1,3,65535,63,0,0,4200,0,8,3887.087050268,0.999765188,0,1
128.129722679,8,8,3,65535,63,0,0,4200,0,8,3887.087671880,0.999765348,0,1
130.179680522,5,5,3,65535,63,0,0,4200,0,8,3887.057808596,0.999757667,0,1
131.000395817,3,3,3,65535,63,0,0,4200,0,7,3887.096370763,0.999767585,0,1
132.847284098,7,7,3,65535,63,0,0,4200,0,7,3887.063623503,0.999759162,0,1
183.205627681,2,2,4,65535,63,0,0,4200,0,8,3886.757770224,0.999680496,0,1
186.060164480,4,4,4,65535,63,0,0,4200,0,7,3886.697232850,0.999664926,0,1
186.422851395,0,0,4,65535,63,0,0,4200,0,8,3886.710787380,0.999668412,0,1
187.769219712,6,6,4,65535,63,0,0,4200,0,7,3886.718981324,0.999670520,0,1
187.931177313,1,1,4,65535,63,0,0,4200,0,8,3886.661341663,0.999655695,0,1
188.129722679,8,8,4,65535,63,0,0,4200,0,7,3886.691271905,0.999663393,0,1
190.179680522,5,5,4,65535,63,0,0,4200,0,7,3886.661408622,0.999655712,0,1
191.000395817,3,3,4,65535,63,0,0,4200,0,8,3886.664340166,0.999656466,0,1
192.847284098,7,7,4,65535,63,0,0,4200,0,7,3886.656601443,0.999654476,0,1
243.205627681,2,2,5,65535,63,0,0,4200,0,8,3886.328520923,0.999570093,0,1
246.060164480,4,4,5,65535,63,0,0,4199,0,7,3886.281107502,0.999557898,0,1
246.422851395,0,0,5,65535,63,0,0,4199,0,8,3886.288619470,0.999559830,0,1
247.769219712,6,6,5,65535,63,0,0,4199,0,8,3886.286950727,0.999559401,0,1
247.931177313,1,1,5,65535,63,0,0,4199,0,8,3886.239173752,0.999547113,0,1
248.129722679,8,8,5,65535,63,0,0,4199,0,8,3886.271885291,0.999555526,0,1
250.179680522,5,5,5,65535,63,0,0,4199,0,7,3886.246042672,0.999548879,0,1
251.000395817,3,3,5,65535,63,0,0,4199,0,7,3886.274262183,0.999556137,0,1
252.847284098,7,7,5,65535,63,0,0,4199,0,7,3886.256660774,0.999551610,0,1
303.205627681,2,2,6,65535,63,0,0,4199,0,7,3885.922258262,0.999465601,0,1
303.655553857,6,6,1,7,63,0,0,4199,48,8,3885.891258828,0.999457628,0,1
304.655553857,6,6,2,0,63,0,0,4199,48,8,3885.825115596,0.999440616,0,1
304.795330447,3,6,2,0,62,1,0,4199,48,8,3885.885054153,0.999456032,1,1
305.655553857,6,6,3,3,63,0,0,4199,48,8,3885.753030072,0.999422076,0,1
306.060164480,4,4,6,65535,63,0,0,4199,0,7,3885.843614582,0.999445374,0,1
306.241123005,0,0,1,1,63,0,0,4199,48,8,3885.866738916,0.999451322,0,1
306.422851395,0,0,6,65535,63,0,0,4199,0,7,3885.831076865,0.999442149,0,1
306.655553857,6,6,4,2,63,0,0,4199,48,8,3885.673863157,0.999401714,0,1
306.795330692,4,6,4,2,62,1,0,4199,48,8,3885.767112207,0.999425698,1,1
307.241123005,0,0,2,7,63,0,0,4199,48,8,3885.760038096,0.999423878,0,1
307.655553857,6,6,5,0,63,0,0,4199,48,8,3885.595835340,0.999381645,0,1
307.815809857,6,6,6,65535,63,0,0,4199,0,7,3885.560296970,0.999372504,0,1
307.931177313,1,1,6,65535,63,0,0,4199,0,8,3885.780972388,0.999429262,0,1
308.129722679,8,8,6,65535,63,0,0,4199,0,7,3885.863980431,0.999450612,0,1
308.226146913,3,3,1,6,63,0,0,4199,48,8,3885.752311586,0.999421891,0,1
308.241123005,0,0,3,5,63,0,0,4199,48,8,3885.681630580,0.999403712,0,1
308.486059863,1,1,1,6,63,0,0,4199,48,8,3885.717393032,0.999412910,0,1
308.625836453,4,1,1,6,62,1,0,4199,48,8,3885.664955003,0.999399423,1,1
308.655553857,6,6,6,5,63,0,0,4199,48,8,3885.489134520,0.999354201,0,1
309.226146913,3,3,2,0,63,0,0,4199,48,8,3885.680226062,0.999403350,0,1
309.241123005,0,0,4,1,63,0,0,4199,48,8,3885.609545055,0.999385171,0,1
309.486059863,1,1,2,6,63,0,0,4199,48,8,3885.639365216,0.999392841,0,1
309.625836453,4,1,2,6,62,1,0,4199,48,8,3885.592869478,0.999380882,1,1
309.655553857,6,6,7,3,63,0,0,4199,48,8,3885.411106703,0.999334132,0,1
309.759718254,5,5,1,1,63,0,0,4199,48,8,3885.805305871,0.999435521,0,1
310.179680522,5,5,6,65535,63,0,0,4199,0,7,3885.768271593,0.999425996,0,1
310.226146913,3,3,3,2,63,0,0,4199,48,8,3885.614082830,0.999386338,0,1
310.241123005,0,0,5,7,63,0,0,4199,48,8,3885.531517238,0.999365102,0,1
310.486059863,1,1,3,8,63,0,0,4199,48,8,3885.569681288,0.999374918,0,1
310.625836698,5,1,3,8,62,1,0,4199,48,8,3885.699376208,0.999408276,1,1
310.655553857,6,6,8,5,63,0,0,4199,48,8,3885.335480483,0.999314681,0,1
310.786092698,5,5,2,0,63,0,0,4199,48,8,3885.638069902,0.999392508,0,1
311.000395817,3,3,6,65535,63,0,0,4199,0,7,3885.569065568,0.999374760,0,1
311.226146913,3,3,4,1,63,0,0,4199,48,8,3885.507382009,0.999358895,0,1
311.241123005,0,0,6,7,63,0,0,4199,48,8,3885.455891019,0.999345651,0,1
311.486059863,1,1,4,4,63,0,0,4199,48,8,3885.488112776,0.999353938,0,1
311.655553857,6,6,9,8,63,0,0,4199,48,8,3885.259854264,0.999295230,0,1
311.759718254,5,5,3,6,63,0,0,4199,48,8,3885.566136294,0.999374006,0,1
312.226146913,3,3,5,2,63,0,0,4199,48,8,3885.429354193,0.999338826,0,1
312.241123005,0,0,7,6,63,0,0,4199,48,8,3885.383805494,0.999327110,0,1
312.486059863,1,1,5,2,63,0,0,4199,48,8,3885.416027252,0.999335398,0,1
312.625836453,4,1,5,2,62,1,0,4199,48,8,3885.484355686,0.999352972,1,1
312.655553857,6,6,10,3,63,0,0,4199,48,8,3885.187768739,0.999276689,0,1
312.759718254,5,5,4,4,63,0,0,4199,48,8,3885.494050770,0.999355466,0,1
312.847284098,7,7,6,65535,63,0,0,4199,0,7,3885.783390696,0.999429884,0,1
313.226146913,3,3,6,5,63,0,0,4199,48,8,3885.357268668,0.999320285,0,1
313.241123005,0,0,8,2,63,0,0,4199,48,8,3885.311719970,0.999308570,0,1
313.365923503,6,3,6,5,62,1,0,4199,48,8,3885.113810791,0.999257667,1,1
313.486059863,1,1,6,5,63,0,0,4199,48,8,3885.343941728,0.999316857,0,1
313.655553857,6,6,11,8,63,0,0,4199,48,8,3885.051759288,0.999241708,0,1
313.759718254,5,5,5,2,63,0,0,4199,48,8,3885.427907538,0.999338454,0,1
314.226146913,3,3,7,2,63,0,0,4199,48,8,3885.285183144,0.999301745,0,1
314.241123005,0,0,9,4,63,0,0,4199,48,8,3885.239634445,0.999290029,0,1
314.486059863,1,1,7,0,63,0,0,4199,48,8,3885.271856203,0.999298317,0,1
314.625836698,3,1,7,0,62,1,0,4199,48,8,3885.216555406,0.999284093,1,1
314.655553857,6,6,12,5,63,0,0,4199,48,8,3884.979673763,0.999223167,0,1
314.759718254,5,5,6,1,63,0,0,4199,48,8,3885.355822013,0.999319913,0,1
315.226146913,3,3,8,8,63,0,0,4199,48,8,3885.152714387,0.999267673,0,1
315.241123005,0,0,10,7,63,0,0,4199,48,8,3885.161606628,0.999269961,0,1
315.365923503,6,3,8,8,62,1,0,4199,48,8,3884.909256510,0.999205056,1,1
315.486059863,1,1,8,7,63,0,0,4199,48,8,3885.199770679,0.999279776,0,1
315.655553857,6,6,13,3,63,0,0,4199,48,8,3884.847205007,0.999189096,0,1
315.759718254,5,5,7,7,63,0,0,4199,48,8,3885.283736489,0.999301373,0,1
315.899494846,8,5,7,7,62,1,0,4199,48,8,3885.695879692,0.999407376,1,1
316.226146913,3,3,9,0,63,0,0,4199,48,8,3885.086571155,0.999250661,0,1
316.241123005,0,0,11,7,63,0,0,4199,48,8,3885.089521104,0.999251420,0,1
316.486059863,1,1,9,3,63,0,0,4199,48,8,3885.133627447,0.999262764,0,1
316.655553857,6,6,14,0,63,0,0,4199,48,8,3884.781061775,0.999172084,0,1
316.759718254,5,5,8,8,63,0,0,4199,48,8,3885.205708672,0.999281304,0,1
317.226146913,3,3,10,5,63,0,0,4199,48,8,3885.014485631,0.999232121,0,1
317.241123005,0,0,12,5,63,0,0,4199,48,8,3885.017435579,0.999232880,0,1
317.365923503,6,3,10,5,62,1,0,4199,48,8,3884.710644521,0.999153972,1,1
317.486059863,1,1,10,0,63,0,0,4199,48,8,3885.067484215,0.999245752,0,1
317.655553857,6,6,15,0,63,0,0,4199,48,8,3884.648593018,0.999138013,0,1
317.759718254,5,5,9,3,63,0,0,4199,48,8,3885.133623147,0.999262763,0,1
318.226146913,3,3,11,0,63,0,0,4199,48,8,3884.948342399,0.999215109,0,1
318.241123005,0,0,13,1,63,0,0,4199,48,8,3884.945350055,0.999214339,0,1
318.486059863,1,1,11,6,63,0,0,4199,48,8,3884.995398690,0.999227212,0,1
318.625836453,4,1,11,6,62,1,0,4199,48,8,3885.332391127,0.999313887,1,1
318.655553857,6,6,16,0,63,0,0,4199,48,8,3884.582449786,0.999121000,0,1
318.759718254,5,5,10,7,63,0,0,4199,48,8,3885.061537623,0.999244223,0,1
319.226146913,3,3,12,4,63,0,0,4199,48,8,3884.876256874,0.999196568,0,1
319.241123005,0,0,14,6,63,0,0,4199,48,8,3884.867322238,0.999194270,0,1
319.486059863,1,1,12,5,63,0,0,4199,48,8,3884.917370873,0.999207143,0,1
319.655553857,6,6,17,4,63,0,0,4199,48,8,3884.510364262,0.999102460,0,1
319.759718254,5,5,11,8,63,0,0,4199,48,8,3884.989452098,0.999225682,0,1
320.226146913,3,3,13,7,63,0,0,4199,48,8,3884.798229057,0.999176499,0,1
320.241123005,0,0,15,8,63,0,0,4199,48,8,3884.801179006,0.999177258,0,1
320.380899595,1,0,15,8,62,1,0,4199,48,8,3884.845891072,0.999188758,1,1
320.520676430,5,0,15,8,61,2,0,4199,48,8,3884.912801162,0.999205967,1,1
320.541155595,1,1,13,0,63,0,0,4199,48,8,3884.784584765,0.999172990,0,1
320.655553857,6,6,18,1,63,0,0,4199,48,8,3884.438278737,0.999083919,0,1
320.759718254,5,5,12,8,63,0,0,4199,48,8,3884.851041049,0.999190083,0,1
321.226146913,3,3,14,8,63,0,0,4199,48,8,3884.726143533,0.999157959,0,1
321.241123005,0,0,16,6,63,0,0,4199,48,8,3884.735035774,0.999160246,0,1
321.486059863,1,1,14,6,63,0,0,4199,48,8,3884.712816592,0.999154531,0,1
321.655553857,6,6,19,3,63,0,0,4199,48,8,3884.366193213,0.999065379,0,1
321.759718254,5,5,13,1,63,0,0,4199,48,8,3884.778955525,0.999171542,0,1
322.226146913,3,3,15,0,63,0,0,4199,48,8,3884.648115716,0.999137890,0,1
322.241123005,0,0,17,7,63,0,0,4199,48,8,3884.662950250,0.999141705,0,1
322.486059863,1,1,15,4,63,0,0,4199,48,8,3884.640731068,0.999135991,0,1
322.655553857,6,6,20,1,63,0,0,4199,48,8,3884.300049981,0.999048367,0,1
322.759718254,5,5,14,2,63,0,0,4199,48,8,3884.706870000,0.999153002,0,1
323.226146913,3,3,16,5,63,0,0,4199,48,8,3884.570087899,0.999117821,0,1
323.241123005,0,0,18,6,63,0,0,4199,48,8,3884.590864725,0.999123165,0,1
323.365923503,6,3,16,5,62,1,0,4199,48,8,3884.229632727,0.999030255,1,1
323.486059863,1,1,16,5,63,0,0,4199,48,8,3884.568645543,0.999117450,0,1
323.655553857,6,6,21,7,63,0,0,4199,48,8,3884.167581225,0.999014296,0,1
323.759718254,5,5,15,6,63,0,0,4199,48,8,3884.634784476,0.999134461,0,1
324.226146913,3,3,17,6,63,0,0,4199,48,8,3884.492060082,0.999097752,0,1
324.241123005,0,0,19,3,63,0,0,4199,48,8,3884.518779201,0.999104624,0,1
324.486059863,1,1,17,4,63,0,0,4199,48,8,3884.502502311,0.999100438,0,1
324.655553857,6,6,22,0,63,0,0,4199,48,8,3884.089553408,0.998994227,0,1
324.759718254,5,5,16,3,63,0,0,4199,48,8,3884.556756659,0.999114392,0,1
325.226146913,3,3,18,5,63,0,0,4199,48,8,3884.419974557,0.999079212,0,1
325.241123005,0,0,20,3,63,0,0,4199,48,8,3884.446693676,0.999086084,0,1
325.365923503,6,3,18,5,62,1,0,4199,48,8,3884.019136154,0.998976115,1,1
325.486059863,1,1,18,4,63,0,0,4199,48,8,3884.436359079,0.999083426,0,1
325.655553857,6,6,23,4,63,0,0,4199,48,8,3883.957084651,0.998960156,0,1
325.759718254,5,5,17,2,63,0,0,4199,48,8,3884.484671135,0.999095852,0,1
326.226146913,3,3,19,4,63,0,0,4199,48,8,3884.347889033,0.999060671,0,1
326.241123005,0,0,21,7,63,0,0,4199,48,8,3884.374608152,0.999067543,0,1
326.486059863,1,1,19,6,63,0,0,4199,48,8,3884.364273555,0.999064885,0,1
326.625836453,4,1,19,6,62,1,0,4199,48,8,3885.178389555,0.999274277,1,1
326.655553857,6,6,24,8,63,0,0,4199,48,8,3883.890941419,0.998943143,0,1
326.759718254,5,5,18,7,63,0,0,4199,48,8,3884.412585610,0.999077311,0,1
327.226146913,3,3,20,6,63,0,0,4199,48,8,3884.275803508,0.999042131,0,1
327.241123005,0,0,22,7,63,0,0,4199,48,8,3884.296580335,0.999047474,0,1
327.486059863,1,1,20,5,63,0,0,4199,48,8,3884.298130323,0.999047873,0,1
327.655553857,6,6,25,2,63,0,0,4199,48,8,3883.818855895,0.998924603,0,1
327.759718254,5,5,19,4,63,0,0,4199,48,8,3884.334557793,0.999057242,0,1
327.795330447,3,6,25,2,62,1,0,4199,48,8,3884.200257194,0.999022700,1,1
328.226146913,3,3,21,2,63,0,0,4199,48,8,3884.137392459,0.999006531,0,1
328.241123005,0,0,23,3,63,0,0,4199,48,8,3884.224494810,0.999028934,0,1
328.486059863,1,1,21,2,63,0,0,4199,48,8,3884.231987091,0.999030861,0,1
328.625836453,4,1,21,2,62,1,0,4199,48,8,3885.094601738,0.999252727,1,1
328.655553857,6,6,26,2,63,0,0,4199,48,8,3883.740828078,0.998904534,0,1
328.759718254,5,5,20,1,63,0,0,4199,48,8,3884.262472269,0.999038702,0,1
329.226146913,3,3,22,4,63,0,0,4199,48,8,3884.065306935,0.998987990,0,1
329.241123005,0,0,24,2,63,0,0,4199,48,8,3884.152409286,0.999010393,0,1
329.486059863,1,1,22,2,63,0,0,4199,48,8,3884.153959274,0.999010792,0,1
329.625836453,4,1,22,2,62,1,0,4199,48,8,3885.016573921,0.999232658,1,1
329.655553857,6,6,27,1,63,0,0,4199,48,8,3883.662800261,0.998884465,0,1
329.759718254,5,5,21,2,63,0,0,4199,48,8,3884.184444452,0.999018633,0,1
330.226146913,3,3,23,1,63,0,0,4199,48,8,3883.993221410,0.998969450,0,1
330.241123005,0,0,25,2,63,0,0,4199,48,8,3884.080323761,0.998991853,0,1
330.460710825,4,4,1,2,63,0,0,4199,48,8,3884.951381813,0.999215890,0,1
330.486059863,1,1,23,0,63,0,0,4199,48,8,3884.087816042,0.998993780,0,1
330.655553857,6,6,28,2,63,0,0,4199,48,8,3883.584772444,0.998864396,0,1
330.759718254,5,5,22,4,63,0,0,4199,48,8,3884.118301220,0.999001621,0,1
330.795330447,3,6,28,2,62,1,0,4199,48,8,3883.917675096,0.998950019,1,1
331.203851437,8,8,1,0,63,0,0,4199,48,8,3885.434439809,0.999340134,0,1
331.226146913,3,3,24,4,63,0,0,4199,48,8,3883.854810361,0.998933850,0,1
331.241123005,0,0,26,2,63,0,0,4199,48,8,3884.014180529,0.998974841,0,1
331.460710825,4,4,2,1,63,0,0,4199,48,8,3884.873353996,0.999195822,0,1
331.486059863,1,1,24,3,63,0,0,4199,48,8,3884.021672810,0.998976768,0,1
331.655553857,6,6,29,1,63,0,0,4199,48,8,3883.506744627,0.998844327,0,1
331.759718254,5,5,23,7,63,0,0,4199,48,8,3884.052157988,0.998984609,0,1
331.899494846,8,5,23,7,62,1,0,4199,48,8,3885.358165086,0.999320516,1,1
332.203851437,8,8,2,2,63,0,0,4199,48,8,3885.296028760,0.999304534,0,1
332.226146913,3,3,25,2,63,0,0,4199,48,8,3883.776782545,0.998913782,0,1
332.241123005,0,0,27,4,63,0,0,4199,48,8,3883.948037297,0.998957829,0,1
332.460710825,4,4,3,8,63,0,0,4199,48,8,3884.801268471,0.999177281,0,1
332.486059863,1,1,25,2,63,0,0,4199,48,8,3883.949587285,0.998958227,0,1
332.655553857,6,6,30,8,63,0,0,4199,48,8,3883.434659102,0.998825787,0,1
332.759718254,5,5,24,6,63,0,0,4199,48,8,3883.980072463,0.998966068,0,1
333.203851437,8,8,3,4,63,0,0,4199,48,8,3885.223943235,0.999285994,0,1
333.226146913,3,3,26,5,63,0,0,4199,48,8,3883.698754728,0.998893713,0,1
333.241123005,0,0,28,7,63,0,0,4199,48,8,3883.875951773,0.998939288,0,1
333.460710825,4,4,4,2,63,0,0,4199,48,8,3884.735125239,0.999160269,0,1
333.486059863,1,1,26,3,63,0,0,4199,48,8,3883.883444053,0.998941215,0,1
333.655553857,6,6,31,1,63,0,0,4199,48,8,3883.362573578,0.998807246,0,1
333.759718254,5,5,25,7,63,0,0,4199,48,8,3883.907986939,0.998947528,0,1
333.899494846,8,5,25,7,62,1,0,4199,48,8,3885.153610805,0.999267904,1,1
334.203851437,8,8,4,5,63,0,0,4199,48,8,3885.091474479,0.999251922,0,1
334.226146913,3,3,27,7,63,0,0,4199,48,8,3883.620726911,0.998873644,0,1
334.241123005,0,0,29,5,63,0,0,4199,48,8,3883.803866248,0.998920747,0,1
334.460710825,4,4,5,2,63,0,0,4199,48,8,3884.663039715,0.999141728,0,1
334.486059863,1,1,27,6,63,0,0,4199,48,8,3883.805416236,0.998921146,0,1
334.655553857,6,6,32,5,63,0,0,4199,48,8,3883.296430346,0.998790234,0,1
334.759718254,5,5,26,7,63,0,0,4199,48,8,3883.835901414,0.998928987,0,1
334.899494846,8,5,26,7,62,1,0,4199,48,8,3885.021142048,0.999233833,1,1
335.203851437,8,8,5,3,63,0,0,4199,48,8,3884.959005722,0.999217851,0,1
335.226146913,3,3,28,7,63,0,0,4199,48,8,3883.554583679,0.998856632,0,1
335.241123005,0,0,30,6,63,0,0,4199,48,8,3883.731780724,0.998902207,0,1
335.460710825,4,4,6,8,63,0,0,4199,48,8,3884.590954190,0.999123188,0,1
335.486059863,1,1,28,7,63,0,0,4199,48,8,3883.733330712,0.998902606,0,1
335.655553857,6,6,33,4,63,0,0,4199,48,8,3883.224344821,0.998771694,0,1
335.759718254,5,5,27,1,63,0,0,4199,48,8,3883.763815890,0.998910446,0,1
336.203851437,8,8,6,2,63,0,0,4199,48,8,3884.892862490,0.999200839,0,1
336.226146913,3,3,29,5,63,0,0,4199,48,8,3883.482498154,0.998838091,0,1
336.241123005,0,0,31,4,63,0,0,4199,48,8,3883.665637492,0.998885195,0,1
336.460710825,4,4,7,3,63,0,0,4199,48,8,3884.524810958,0.999106176,0,1
336.486059863,1,1,29,5,63,0,0,4199,48,8,3883.661245187,0.998884065,0,1
336.655553857,6,6,34,4,63,0,0,4199,48,8,3883.152259297,0.998753153,0,1
336.759718254,5,5,28,0,63,0,0,4199,48,8,3883.697672658,0.998893434,0,1
337.203851437,8,8,7,2,63,0,0,4199,48,8,3884.826719258,0.999183827,0,1
337.226146913,3,3,30,7,63,0,0,4199,48,8,3883.404470337,0.998818022,0,1
337.241123005,0,0,32,4,63,0,0,4199,48,8,3883.599494260,0.998868183,0,1
337.460710825,4,4,8,3,63,0,0,4199,48,8,3884.458667726,0.999089164,0,1
337.486059863,1,1,30,5,63,0,0,4199,48,8,3883.589159663,0.998865525,0,1
337.655553857,6,6,35,2,63,0,0,4199,48,8,3883.086116065,0.998736141,0,1
337.759718254,5,5,29,1,63,0,0,4199,48,8,3883.631529426,0.998876422,0,1
337.795330447,3,6,35,2,62,1,0,4199,48,8,3883.334866316,0.998800120,1,1
338.203851437,8,8,8,2,63,0,0,4199,48,8,3884.748691441,0.999163758,0,1
338.226146913,3,3,31,0,63,0,0,4199,48,8,3883.272001581,0.998783951,0,1
338.241123005,0,0,33,3,63,0,0,4199,48,8,3883.533351028,0.998851171,0,1
338.343628029,5,8,8,2,62,1,0,4199,48,8,3883.561840581,0.998858498,1,1
338.460710825,4,4,9,6,63,0,0,4199,48,8,3884.392524494,0.999072151,0,1
338.486059863,1,1,31,0,63,0,0,4199,48,8,3883.517074138,0.998846984,0,1
338.655553857,6,6,36,5,63,0,0,4198,48,8,3883.014030540,0.998717600,0,1
338.759718254,5,5,30,4,63,0,0,4199,48,8,3883.493118377,0.998840823,0,1
339.203851437,8,8,9,0,63,0,0,4199,48,8,3884.682548209,0.999146746,0,1
339.226146913,3,3,32,6,63,0,0,4199,48,8,3883.199916056,0.998765411,0,1
339.241123005,0,0,34,4,63,0,0,4199,48,8,3883.467207796,0.998834158,0,1
339.343628029,5,8,9,0,62,1,0,4199,48,8,3883.423429532,0.998822899,1,1
339.460710825,4,4,10,0,63,0,0,4199,48,8,3884.326381262,0.999055139,0,1
339.486059863,1,1,32,2,63,0,0,4199,48,8,3883.450930906,0.998829972,0,1
339.655553857,6,6,37,7,63,0,0,4198,48,8,3882.941945016,0.998699060,0,1
339.759718254,5,5,31,0,63,0,0,4199,48,8,3883.354707328,0.998805223,0,1
340.203851437,8,8,10,3,63,0,0,4199,48,8,3884.616404977,0.999129734,0,1
340.226146913,3,3,33,2,63,0,0,4199,48,8,3883.121888239,0.998745342,0,1
340.241123005,0,0,35,8,63,0,0,4199,48,8,3883.401064564,0.998817146,0,1
340.460710825,4,4,11,0,63,0,0,4199,48,8,3884.260238030,0.999038127,0,1
340.486059863,1,1,33,2,63,0,0,4199,48,8,3883.384787674,0.998812960,0,1
340.655553857,6,6,38,7,63,0,0,4198,48,8,3882.875801784,0.998682048,0,1
340.759718254,5,5,32,0,63,0,0,4199,48,8,3883.288564096,0.998788211,0,1
341.203851437,8,8,11,2,63,0,0,4199,48,8,3884.550261745,0.999112722,0,1
341.226146913,3,3,34,5,63,0,0,4198,48,8,3883.055745007,0.998728329,0,1
341.241123005,0,0,36,8,63,0,0,4199,48,8,3883.334921332,0.998800134,0,1
341.460710825,4,4,12,6,63,0,0,4199,48,8,3884.194094798,0.999021115,0,1
341.486059863,1,1,34,2,63,0,0,4199,48,8,3883.318644442,0.998795948,0,1
341.655553857,6,6,39,1,63,0,0,4198,48,8,3882.803716259,0.998663507,0,1
341.759718254,5,5,33,2,63,0,0,4199,48,8,3883.222420864,0.998771199,0,1
341.958782531,7,7,1,0,63,0,0,4199,48,8,3885.388941044,0.999328431,0,1
342.098559366,3,7,1,0,62,1,0,4198,48,8,3882.978452095,0.998708450,1,1
342.203851437,8,8,12,6,63,0,0,4199,48,8,3884.472233928,0.999092653,0,1
342.241123005,0,0,37,8,63,0,0,4199,48,8,3883.256893515,0.998780065,0,1
342.258815366,3,3,35,8,63,0,0,4198,48,8,3882.917145788,0.998692682,0,1
342.398591956,6,3,35,8,62,1,0,4198,48,8,3882.721226250,0.998642291,1,1
342.460710825,4,4,13,6,63,0,0,4199,48,8,3884.122009274,0.999002574,0,1
342.486059863,1,1,35,3,63,0,0,4199,48,8,3883.252501210,0.998778935,0,1
342.655553857,6,6,40,2,63,0,0,4198,48,8,3882.659362918,0.998626379,0,1
342.759718254,5,5,34,7,63,0,0,4199,48,8,3883.144393047,0.998751130,0,1
342.958782531,7,7,2,6,63,0,0,4199,48,8,3885.310913227,0.999308362,0,1
343.203851437,8,8,13,2,63,0,0,4199,48,8,3884.400148404,0.999074112,0,1
343.226146913,3,3,36,0,63,0,0,4198,48,8,3882.851190726,0.998675718,0,1
343.241123005,0,0,38,6,63,0,0,4199,48,8,3883.184807990,0.998761525,0,1
343.343628029,5,8,13,2,62,1,0,4198,48,8,3883.068761910,0.998731677,1,1
343.460710825,4,4,14,2,63,0,0,4199,48,8,3884.049923749,0.998984034,0,1
343.486059863,1,1,36,0,63,0,0,4199,48,8,3883.180415686,0.998760395,0,1
343.655553857,6,6,41,2,63,0,0,4198,48,8,3882.575392809,0.998604782,0,1
343.759718254,5,5,35,3,63,0,0,4198,48,8,3883.000039705,0.998714002,0,1
343.958782531,7,7,3,4,63,0,0,4199,48,8,3885.238827703,0.999289822,0,1
344.203851437,8,8,14,6,63,0,0,4199,48,8,3884.322120587,0.999054043,0,1
344.226146913,3,3,37,2,63,0,0,4198,48,8,3882.785047494,0.998658706,0,1
344.241123005,0,0,39,1,63,0,0,4199,48,8,3883.118664758,0.998744513,0,1
344.460710825,4,4,15,6,63,0,0,4199,48,8,3883.977838225,0.998965493,0,1
344.486059863,1,1,37,8,63,0,0,4199,48,8,3883.108330161,0.998741854,0,1
344.655553857,6,6,42,3,63,0,0,4198,48,8,3882.497364992,0.998584713,0,1
344.759718254,5,5,36,6,63,0,0,4198,48,8,3882.927954181,0.998695461,0,1
344.958782531,7,7,4,5,63,0,0,4199,48,8,3885.166742178,0.999271281,0,1
345.203851437,8,8,15,7,63,0,0,4199,48,8,3884.250035062,0.999035503,0,1
345.226146913,3,3,38,6,63,0,0,4198,48,8,3882.712961970,0.998640165,0,1
345.241123005,0,0,40,4,63,0,0,4198,48,8,3883.046579234,0.998725972,0,1
345.460710825,4,4,16,0,63,0,0,4199,48,8,3883.905752701,0.998946953,0,1
345.486059863,1,1,38,6,63,0,0,4198,48,8,3883.036244637,0.998723314,0,1
345.655553857,6,6,43,3,63,0,0,4198,48,8,3882.413394882,0.998563116,0,1
345.759718254,5,5,37,1,63,0,0,4198,48,8,3882.843984071,0.998673864,0,1
345.958782531,7,7,5,4,63,0,0,4199,48,8,3885.100598946,0.999254269,0,1
346.203851437,8,8,16,5,63,0,0,4199,48,8,3884.172007245,0.999015434,0,1
346.226146913,3,3,39,4,63,0,0,4198,48,8,3882.640876445,0.998621625,0,1
346.241123005,0,0,41,4,63,0,0,4198,48,8,3882.974493709,0.998707432,0,1
346.460710825,4,4,17,3,63,0,0,4199,48,8,3883.833667176,0.998928412,0,1
346.486059863,1,1,39,4,63,0,0,4198,48,8,3882.958216820,0.998703245,0,1
346.655553857,6,6,44,5,63,0,0,4198,48,8,3882.335367065,0.998543047,0,1
346.759718254,5,5,38,4,63,0,0,4198,48,8,3882.771898547,0.998655324,0,1
346.958782531,7,7,6,6,63,0,0,4199,48,8,3885.022571129,0.999234200,0,1
347.203851437,8,8,17,3,63,0,0,4199,48,8,3884.099921721,0.998996893,0,1
347.226146913,3,3,40,8,63,0,0,4198,48,8,3882.556906336,0.998600027,0,1
347.241123005,0,0,42,7,63,0,0,4198,48,8,3882.902408185,0.998688891,0,1
347.460710825,4,4,18,6,63,0,0,4199,48,8,3883.761581652,0.998909872,0,1
347.486059863,1,1,40,8,63,0,0,4198,48,8,3882.874246711,0.998681648,0,1
347.655553857,6,6,45,4,63,0,0,4198,48,8,3882.263281541,0.998524507,0,1
347.759718254,5,5,39,7,63,0,0,4198,48,8,3882.699813023,0.998636783,0,1
347.958782531,7,7,7,2,63,0,0,4199,48,8,3884.956427897,0.999217188,0,1
348.098559366,5,7,7,2,62,1,0,4198,48,8,3882.631535773,0.998619222,1,1
348.203851437,8,8,18,3,63,0,0,4199,48,8,3884.021893904,0.998976825,0,1
348.226146913,3,3,41,7,63,0,0,4198,48,8,3882.478878519,0.998579958,0,1
348.241123005,0,0,43,7,63,0,0,4198,48,8,3882.836264953,0.998671879,0,1
348.460710825,4,4,19,1,63,0,0,4199,48,8,3883.689496127,0.998891331,0,1
348.486059863,1,1,41,5,63,0,0,4198,48,8,3882.802161186,0.998663107,0,1
348.655553857,6,6,46,1,63,0,0,4198,48,8,3882.191196016,0.998505966,0,1
348.759718254,5,5,40,0,63,0,0,4198,48,8,3882.567344266,0.998602712,0,1
348.958782531,7,7,8,5,63,0,0,4199,48,8,3884.890284665,0.999200176,0,1
349.203851437,8,8,19,3,63,0,0,4199,48,8,3883.943866087,0.998956756,0,1
349.226146913,3,3,42,2,63,0,0,4198,48,8,3882.400850702,0.998559890,0,1
349.241123005,0,0,44,6,63,0,0,4198,48,8,3882.764179428,0.998653338,0,1
349.460710825,4,4,20,2,63,0,0,4199,48,8,3883.611468310,0.998871262,0,1
349.486059863,1,1,42,7,63,0,0,4198,48,8,3882.730075662,0.998644567,0,1
349.655553857,6,6,47,4,63,0,0,4198,48,8,3882.119110492,0.998487426,0,1
349.759718254,5,5,41,6,63,0,0,4198,48,8,3882.495258742,0.998584171,0,1
349.958782531,7,7,9,8,63,0,0,4199,48,8,3884.812256848,0.999180107,0,1
350.203851437,8,8,20,1,63,0,0,4199,48,8,3883.865838270,0.998936687,0,1
350.226146913,3,3,43,7,63,0,0,4198,48,8,3882.322822885,0.998539821,0,1
350.241123005,0,0,45,7,63,0,0,4198,48,8,3882.692093904,0.998634798,0,1
350.460710825,4,4,21,1,63,0,0,4199,48,8,3883.539382786,0.998852722,0,1
350.486059863,1,1,43,4,63,0,0,4198,48,8,3882.663932430,0.998627555,0,1
350.655553857,6,6,48,4,63,0,0,4198,48,8,3882.041082675,0.998467357,0,1
350.759718254,5,5,42,3,63,0,0,4198,48,8,3882.423173217,0.998565631,0,1
350.958782531,7,7,10,5,63,0,0,4199,48,8,3884.740171324,0.999161567,0,1
351.203851437,8,8,21,4,63,0,0,4199,48,8,3883.793752746,0.998918146,0,1
351.226146913,3,3,44,7,63,0,0,4198,48,8,3882.244795068,0.998519752,0,1
351.241123005,0,0,46,5,63,0,0,4198,48,8,3882.620008379,0.998616257,0,1
351.460710825,4,4,22,5,63,0,0,4199,48,8,3883.467297261,0.998834181,0,1
351.486059863,1,1,44,7,63,0,0,4198,48,8,3882.597789198,0.998610542,0,1
351.655553857,6,6,49,8,63,0,0,4198,48,8,3881.968997150,0.998448816,0,1
351.759718254,5,5,43,8,63,0,0,4198,48,8,3882.357029985,0.998548619,0,1
351.958782531,7,7,11,4,63,0,0,4199,48,8,3884.656201214,0.999139969,0,1
352.203851437,8,8,22,4,63,0,0,4199,48,8,3883.721667221,0.998899606,0,1
352.226146913,3,3,45,4,63,0,0,4198,48,8,3882.172709544,0.998501211,0,1
352.241123005,0,0,47,6,63,0,0,4198,48,8,3882.547922855,0.998597717,0,1
352.460710825,4,4,23,7,63,0,0,4199,48,8,3883.389269444,0.998814113,0,1
352.486059863,1,1,45,6,63,0,0,4198,48,8,3882.525703673,0.998592002,0,1
352.655553857,6,6,50,1,63,0,0,4198,48,8,3881.896911626,0.998430276,0,1
352.759718254,5,5,44,2,63,0,0,4198,48,8,3882.284944461,0.998530078,0,1
352.958782531,7,7,12,5,63,0,0,4199,48,8,3884.578173397,0.999119901,0,1
353.203851437,8,8,23,5,63,0,0,4199,48,8,3883.649581697,0.998881065,0,1
353.226146913,3,3,46,8,63,0,0,4198,48,8,3882.094681727,0.998481142,0,1
353.241123005,0,0,48,3,63,0,0,4198,48,8,3882.481779623,0.998580705,0,1
353.460710825,4,4,24,3,63,0,0,4199,48,8,3883.317183920,0.998795572,0,1
353.486059863,1,1,46,4,63,0,0,4198,48,8,3882.453618149,0.998573461,0,1
353.655553857,6,6,51,7,63,0,0,4198,48,8,3881.818883809,0.998410207,0,1
353.759718254,5,5,45,7,63,0,0,4198,48,8,3882.206916644,0.998510009,0,1
353.958782531,7,7,13,6,63,0,0,4199,48,8,3884.506087873,0.999101360,0,1
354.203851437,8,8,24,7,63,0,0,4199,48,8,3883.577496172,0.998862525,0,1
354.226146913,3,3,47,4,63,0,0,4198,48,8,3882.028538495,0.998464130,0,1
354.241123005,0,0,49,2,63,0,0,4198,48,8,3882.415636391,0.998563692,0,1
354.460710825,4,4,25,8,63,0,0,4199,48,8,3883.245098395,0.998777031,0,1
354.486059863,1,1,47,0,63,0,0,4198,48,8,3882.381532624,0.998554921,0,1
354.655553857,6,6,52,4,63,0,0,4198,48,8,3881.740855992,0.998390138,0,1
354.759718254,5,5,46,3,63,0,0,4198,48,8,3882.134831119,0.998491469,0,1
354.958782531,7,7,14,1,63,0,0,4199,48,8,3884.434002348,0.999082820,0,1
355.098559366,3,7,14,1,62,1,0,4198,48,8,3881.945303289,0.998442722,1,1
355.203851437,8,8,25,0,63,0,0,4199,48,8,3883.499468355,0.998842456,0,1
355.241123005,0,0,50,2,63,0,0,4198,48,8,3882.337608574,0.998543624,0,1
355.258815366,3,3,48,7,63,0,0,4198,48,8,3881.883996983,0.998426954,0,1
355.398591956,6,3,48,7,62,1,0,4198,48,8,3881.664308275,0.998370450,1,1
355.460710825,4,4,26,5,63,0,0,4199,48,8,3883.178955163,0.998760019,0,1
355.486059863,1,1,48,5,63,0,0,4198,48,8,3882.315389392,0.998537909,0,1
355.655553857,6,6,53,3,63,0,0,4198,48,8,3881.602444943,0.998354538,0,1
355.759718254,5,5,47,0,63,0,0,4198,48,8,3882.056803302,0.998471400,0,1
355.958782531,7,7,15,5,63,0,0,4199,48,8,3884.361916824,0.999064279,0,1
356.203851437,8,8,26,0,63,0,0,4199,48,8,3883.421440538,0.998822387,0,1
356.226146913,3,3,49,0,63,0,0,4198,48,8,3881.806157336,0.998406933,0,1
356.241123005,0,0,51,3,63,0,0,4198,48,8,3882.259580757,0.998523555,0,1
356.343628029,5,8,26,0,62,1,0,4198,48,8,3881.987114457,0.998453476,1,1
356.366040199,2,2,1,8,63,0,0,4199,48,8,3885.096595736,0.999253240,0,1
356.460710825,4,4,27,3,63,0,0,4199,48,8,3883.106869639,0.998741479,0,1
356.486059863,1,1,49,7,63,0,0,4198,48,8,3882.249246160,0.998520897,0,1
356.655553857,6,6,54,5,63,0,0,4198,48,8,3881.530359418,0.998335998,0,1
356.759718254,5,5,48,8,63,0,0,4198,48,8,3881.918392253,0.998435800,0,1
356.958782531,7,7,16,8,63,0,0,4199,48,8,3884.283889007,0.999044210,0,1
357.203851437,8,8,27,3,63,0,0,4199,48,8,3883.355297306,0.998805375,0,1
357.226146913,3,3,50,4,63,0,0,4198,48,8,3881.728129519,0.998386865,0,1
357.241123005,0,0,52,3,63,0,0,4198,48,8,3882.193437525,0.998506543,0,1
357.366040199,2,2,2,7,63,0,0,4199,48,8,3885.024510212,0.999234699,0,1
357.460710825,4,4,28,0,63,0,0,4198,48,8,3883.034784114,0.998722938,0,1
357.486059863,1,1,50,6,63,0,0,4198,48,8,3882.177160636,0.998502356,0,1
357.655553857,6,6,55,7,63,0,0,4198,48,8,3881.458273894,0.998317457,0,1
357.759718254,5,5,49,7,63,0,0,4198,48,8,3881.846306729,0.998417260,0,1
357.899494846,8,5,49,7,62,1,0,4199,48,8,3883.279022583,0.998785757,1,1
357.958782531,7,7,17,6,63,0,0,4199,48,8,3884.211803482,0.999025670,0,1
358.203851437,8,8,28,4,63,0,0,4199,48,8,3883.216886257,0.998769775,0,1
358.226146913,3,3,51,5,63,0,0,4198,48,8,3881.656043995,0.998368324,0,1
358.241123005,0,0,53,2,63,0,0,4198,48,8,3882.109467416,0.998484945,0,1
358.365923503,6,3,51,5,62,1,0,4198,48,8,3881.381914348,0.998297817,1,1
358.366040199,2,2,3,0,63,0,0,4199,48,8,3884.958366980,0.999217687,0,1
358.460710825,4,4,29,3,63,0,0,4198,48,8,3882.968640882,0.998705926,0,1
358.486059863,1,1,51,3,63,0,0,4198,48,8,3882.111017404,0.998485344,0,1
358.655553857,6,6,56,1,63,0,0,4198,48,8,3881.319862845,0.998281858,0,1
358.759718254,5,5,50,8,63,0,0,4198,48,8,3881.774221204,0.998398719,0,1
358.958782531,7,7,18,5,63,0,0,4199,48,8,3884.145660250,0.999008657,0,1
359.203851437,8,8,29,7,63,0,0,4199,48,8,3883.144800733,0.998751235,0,1
359.226146913,3,3,52,6,63,0,0,4198,48,8,3881.583958470,0.998349784,0,1
359.241123005,0,0,54,4,63,0,0,4198,48,8,3882.043324184,0.998467933,0,1
359.366040199,2,2,4,5,63,0,0,4199,48,8,3884.886281455,0.999199146,0,1
359.460710825,4,4,30,0,63,0,0,4198,48,8,3882.896555358,0.998687386,0,1
359.486059863,1,1,52,8,63,0,0,4198,48,8,3882.032989587,0.998465275,0,1
359.655553857,6,6,57,3,63,0,0,4198,48,8,3881.247777320,0.998263317,0,1
359.759718254,5,5,51,1,63,0,0,4198,48,8,3881.696193387,0.998378651,0,1
359.958782531,7,7,19,4,63,0,0,4199,48,8,3884.073574726,0.998990117,0,1
360.203851437,8,8,30,6,63,0,0,4198,48,8,3883.066772916,0.998731166,0,1
360.226146913,3,3,53,7,63,0,0,4198,48,8,3881.511872946,0.998331243,0,1
360.241123005,0,0,55,3,63,0,0,4198,48,8,3881.965296367,0.998447864,0,1
360.343628029,7,8,30,6,62,1,0,4199,48,8,3884.005032491,0.998972488,1,1
360.366040199,2,2,5,1,63,0,0,4199,48,8,3884.814195931,0.999180606,0,1
360.460710825,4,4,31,7,63,0,0,4198,48,8,3882.824469833,0.998668845,0,1
360.486059863,1,1,53,2,63,0,0,4198,48,8,3881.960904062,0.998446735,0,1
360.655553857,6,6,58,0,63,0,0,4198,48,8,3881.175691796,0.998244777,0,1
360.759718254,5,5,52,1,63,0,0,4198,48,8,3881.618165570,0.998358582,0,1
360.958782531,7,7,20,3,63,0,0,4199,48,8,3883.935163677,0.998954517,0,1
361.203851437,8,8,31,1,63,0,0,4198,48,8,3882.988745099,0.998711097,0,1
361.226146913,3,3,54,7,63,0,0,4198,48,8,3881.439787421,0.998312703,0,1
361.241123005,0,0,56,2,63,0,0,4198,48,8,3881.899153135,0.998430852,0,1
361.343628029,5,8,31,1,62,1,0,4198,48,8,3881.542534433,0.998339129,1,1
361.366040199,2,2,6,4,63,0,0,4199,48,8,3884.742110407,0.999162065,0,1
361.460710825,4,4,32,3,63,0,0,4198,48,8,3882.752384309,0.998650305,0,1
361.486059863,1,1,54,0,63,0,0,4198,48,8,3881.888818538,0.998428194,0,1
361.655553857,6,6,59,8,63,0,0,4198,48,8,3881.103606272,0.998226236,0,1
361.759718254,5,5,53,7,63,0,0,4198,48,8,3881.473812229,0.998321454,0,1
361.899494846,8,5,53,7,62,1,0,4198,48,8,3882.918412668,0.998693007,1,1
361.958782531,7,7,21,0,63,0,0,4199,48,8,3883.863078152,0.998935977,0,1
362.203851437,8,8,32,5,63,0,0,4198,48,8,3882.856276342,0.998677026,0,1
362.226146913,3,3,55,5,63,0,0,4198,48,8,3881.373644189,0.998295690,0,1
362.241123005,0,0,57,7,63,0,0,4198,48,8,3881.827067610,0.998412312,0,1
362.366040199,2,2,7,3,63,0,0,4199,48,8,3884.675967175,0.999145053,0,1
362.460710825,4,4,33,8,63,0,0,4198,48,8,3882.686241077,0.998633292,0,1
362.486059863,1,1,55,2,63,0,0,4198,48,8,3881.810790721,0.998408125,0,1
362.655553857,6,6,60,1,63,0,0,4198,48,8,3881.031520747,0.998207696,0,1
362.759718254,5,5,54,3,63,0,0,4198,48,8,3881.401726704,0.998302913,0,1
362.958782531,7,7,22,5,63,0,0,4199,48,8,3883.785050335,0.998915908,0,1
363.203851437,8,8,33,4,63,0,0,4198,48,8,3882.778248525,0.998656957,0,1
363.205627681,2,2,7,65535,63,0,0,4199,0,7,3884.630573562,0.999133378,0,1
363.226146913,3,3,56,7,63,0,0,4198,48,8,3881.289674080,0.998274093,0,1
363.241123005,0,0,58,2,63,0,0,4198,48,8,3881.760924378,0.998395299,0,1
363.366040199,2,2,8,1,63,0,0,4199,48,8,3884.569266354,0.999117610,0,1
363.460710825,4,4,34,5,63,0,0,4198,48,8,3882.620097845,0.998616280,0,1
363.486059863,1,1,56,4,63,0,0,4198,48,8,3881.732762904,0.998388056,0,1
363.655553857,6,6,61,2,63,0,0,4198,48,8,3880.959435223,0.998189155,0,1
363.759718254,5,5,55,7,63,0,0,4198,48,8,3881.323698887,0.998282844,0,1
363.899494846,8,5,55,7,62,1,0,4198,48,8,3882.707916095,0.998638867,1,1
363.958782531,7,7,23,8,63,0,0,4199,48,8,3883.707022519,0.998895839,0,1
364.203851437,8,8,34,4,63,0,0,4198,48,8,3882.645779769,0.998622886,0,1
364.226146913,3,3,57,1,63,0,0,4198,48,8,3881.211646263,0.998254024,0,1
364.241123005,0,0,59,8,63,0,0,4198,48,8,3881.694781146,0.998378287,0,1
364.366040199,2,2,9,0,63,0,0,4199,48,8,3884.503123122,0.999100598,0,1
364.460710825,4,4,35,0,63,0,0,4198,48,8,3882.553954613,0.998599268,0,1
364.486059863,1,1,57,8,63,0,0,4198,48,8,3881.660677379,0.998369516,0,1
364.655553857,6,6,62,3,63,0,0,4198,48,8,3880.893291991,0.998172143,0,1
364.759718254,5,5,56,8,63,0,0,4198,48,8,3881.245671071,0.998262775,0,1
364.958782531,7,7,24,4,63,0,0,4199,48,8,3883.640879287,0.998878827,0,1
365.203851437,8,8,35,3,63,0,0,4198,48,8,3882.573694245,0.998604345,0,1
365.226146913,3,3,58,6,63,0,0,4198,48,8,3881.139560738,0.998235484,0,1
365.241123005,0,0,60,8,63,0,0,4198,48,8,3881.628637914,0.998361275,0,1
365.366040199,2,2,10,7,63,0,0,4199,48,8,3884.431037598,0.999082057,0,1
365.460710825,4,4,36,2,63,0,0,4198,48,8,3882.475926796,0.998579199,0,1
365.486059863,1,1,58,2,63,0,0,4198,48,8,3881.594534147,0.998352504,0,1
365.655553857,6,6,63,1,63,0,0,4198,48,8,3880.821206466,0.998153602,0,1
365.759718254,5,5,57,7,63,0,0,4198,48,8,3881.173585546,0.998244235,0,1
365.958782531,7,7,25,0,63,0,0,4199,48,8,3883.574736055,0.998861815,0,1
366.060164480,4,4,7,65535,63,0,0,4198,0,7,3882.437858647,0.998569408,0,1
366.098559366,3,7,25,0,62,1,0,4198,48,8,3881.062267826,0.998215604,1,1
366.203851437,8,8,36,4,63,0,0,4198,48,8,3882.495666428,0.998584276,0,1
366.241123005,0,0,61,1,63,0,0,4198,48,8,3881.550610097,0.998341206,0,1
366.258815366,3,3,59,2,63,0,0,4198,48,8,3881.000961519,0.998199836,0,1
366.366040199,2,2,11,8,63,0,0,4199,48,8,3884.358952073,0.999063516,0,1
366.422851395,0,0,7,65535,63,0,0,4198,0,7,3881.514948046,0.998332034,0,1
366.460710825,4,4,37,2,63,0,0,4198,48,8,3882.375168268,0.998553284,0,1
366.486059863,1,1,59,3,63,0,0,4198,48,8,3881.518907928,0.998333052,0,1
366.505816789,5,2,11,8,62,1,0,4198,48,8,3881.091077909,0.998223014,1,1
366.655553857,6,6,64,1,63,0,0,4198,48,8,3880.737236357,0.998132005,0,1
366.759718254,5,5,58,0,63,0,0,4198,48,8,3881.029232205,0.998207107,0,1
366.958782531,7,7,26,4,63,0,0,4199,48,8,3883.496708238,0.998841746,0,1
367.203851437,8,8,37,3,63,0,0,4198,48,8,3882.423580903,0.998565736,0,1
367.226146913,3,3,60,1,63,0,0,4198,48,8,3880.925523470,0.998180433,0,1
367.241123005,0,0,62,8,63,0,0,4198,48,8,3881.449851569,0.998315291,0,1
367.366040199,2,2,12,4,63,0,0,4199,48,8,3884.274981964,0.999041919,0,1
367.460710825,4,4,38,6,63,0,0,4198,48,8,3882.303082743,0.998534744,0,1
367.486059863,1,1,60,6,63,0,0,4198,48,8,3881.440880111,0.998312984,0,1
367.655553857,6,6,65,7,63,0,0,4198,48,8,3880.665150832,0.998113465,0,1
367.759718254,5,5,59,6,63,0,0,4198,48,8,3880.951204388,0.998187038,0,1
367.815809857,6,6,7,65535,63,0,0,4198,0,7,3880.629612462,0.998104324,0,1
367.899494844,4,5,59,6,62,1,0,4198,48,8,3882.234229823,0.998517034,1,1
367.931177313,1,1,7,65535,63,0,0,4198,0,7,3881.397758646,0.998301893,0,1
367.958782531,7,7,27,3,63,0,0,4199,48,8,3883.421082018,0.998822295,0,1
368.129722679,8,8,7,65535,63,0,0,4198,0,7,3882.371748004,0.998552404,0,1
368.225210679,8,8,38,1,63,0,0,4198,48,8,3882.310814761,0.998536732,0,1
368.226146913,3,3,61,8,63,0,0,4198,48,8,3880.852298848,0.998161599,0,1
368.241123005,0,0,63,7,63,0,0,4198,48,8,3881.374225350,0.998295840,0,1
368.366040199,2,2,13,5,63,0,0,4199,48,8,3884.202896439,0.999023379,0,1
368.460710825,4,4,39,5,63,0,0,4198,48,8,3882.167073292,0.998499762,0,1
368.486059863,1,1,61,2,63,0,0,4198,48,8,3881.334179290,0.998285540,0,1
368.655553857,6,6,66,4,63,0,0,4198,48,8,3880.564392304,0.998087549,0,1
368.759718254,5,5,60,0,63,0,0,4198,48,8,3880.875578168,0.998167587,0,1
368.958782531,7,7,28,5,63,0,0,4199,48,8,3883.345455799,0.998802844,0,1
369.203851437,8,8,39,1,63,0,0,4198,48,8,3882.238852266,0.998518223,0,1
369.226146913,3,3,62,6,63,0,0,4198,48,8,3880.774271031,0.998141531,0,1
369.241123005,0,0,64,3,63,0,0,4198,48,8,3881.302139825,0.998277299,0,1
369.343628029,5,8,39,1,62,1,0,4198,48,8,3880.799947031,0.998148135,1,1
369.366040199,2,2,14,1,63,0,0,4199,48,8,3884.136753207,0.999006367,0,1
369.460710825,4,4,40,1,63,0,0,4198,48,8,3882.094987767,0.998481221,0,1
369.486059863,1,1,62,5,63,0,0,4198,48,8,3881.262093766,0.998266999,0,1
369.655553857,6,6,67,5,63,0,0,4198,48,8,3880.492306780,0.998069009,0,1
369.759718254,5,5,61,4,63,0,0,4198,48,8,3880.731224827,0.998130459,0,1
369.958782531,7,7,29,3,63,0,0,4199,48,8,3883.273370274,0.998784303,0,1
370.179680522,5,5,7,65535,63,0,0,4198,0,7,3880.688248256,0.998119405,0,1
370.203851437,8,8,40,5,63,0,0,4198,48,8,3882.154882156,0.998496626,0,1
370.226146913,3,3,63,2,63,0,0,4198,48,8,3880.696243214,0.998121462,0,1
370.241123005,0,0,65,5,63,0,0,4198,48,8,3881.224112008,0.998257230,0,1
370.366040199,2,2,15,3,63,0,0,4199,48,8,3884.064667683,0.998987826,0,1
370.460710825,4,4,41,1,63,0,0,4198,48,8,3882.022902243,0.998462681,0,1
370.486059863,1,1,63,4,63,0,0,4198,48,8,3881.180525254,0.998246020,0,1
370.655553857,6,6,68,3,63,0,0,4198,48,8,3880.420221255,0.998050468,0,1
370.759718254,5,5,62,2,63,0,0,4198,48,8,3880.624524006,0.998103015,0,1
370.958782531,7,7,30,2,63,0,0,4199,48,8,3883.197744055,0.998764852,0,1
371.000395817,3,3,7,65535,63,0,0,4198,0,8,3880.619515723,0.998101727,0,1
371.203851437,8,8,41,4,63,0,0,4198,48,8,3882.076854339,0.998476557,0,1
371.226146913,3,3,64,8,63,0,0,4198,48,8,3880.557832165,0.998085862,0,1
371.241123005,0,0,66,8,63,0,0,4198,48,8,3881.151646785,0.998238592,0,1
371.366040199,2,2,16,4,63,0,0,4199,48,8,3883.998524451,0.998970814,0,1
371.460710825,4,4,42,3,63,0,0,4198,48,8,3881.950437019,0.998444042,0,1
371.486059863,1,1,64,5,63,0,0,4198,48,8,3881.108439729,0.998227479,0,1
371.655553857,6,6,69,5,63,0,0,4198,48,8,3880.354078023,0.998033456,0,1
371.759718254,5,5,63,6,63,0,0,4198,48,8,3880.552438482,0.998084475,0,1
371.958782531,7,7,31,1,63,0,0,4199,48,8,3883.113773945,0.998743255,0,1
372.098559366,3,7,31,1,62,1,0,4198,48,8,3880.480539252,0.998065982,1,1
372.203851437,8,8,42,1,63,0,0,4198,48,8,3882.004768815,0.998458017,0,1
372.241123005,0,0,67,2,63,0,0,4198,48,8,3881.073618968,0.998218523,0,1
372.258815366,3,3,65,6,63,0,0,4198,48,8,3880.419232946,0.998050214,0,1
372.366040199,2,2,17,5,63,0,0,4199,48,8,3883.932381219,0.998953802,0,1
372.460710825,4,4,43,2,63,0,0,4198,48,8,3881.872409202,0.998423974,0,1
372.486059863,1,1,65,8,63,0,0,4198,48,8,3881.042296497,0.998210467,0,1
372.655553857,6,6,70,1,63,0,0,4198,48,8,3880.276050206,0.998013387,0,1
372.759718254,5,5,64,2,63,0,0,4198,48,8,3880.486295250,0.998067463,0,1
372.847284098,7,7,7,65535,63,0,0,4198,0,7,3883.062156295,0.998729978,0,1
372.958782531,7,7,32,0,63,0,0,4198,48,8,3883.001130832,0.998714283,0,1
373.098559366,5,7,32,0,62,1,0,4198,48,8,3880.418018000,0.998049902,1,1
373.203851437,8,8,43,4,63,0,0,4198,48,8,3881.923200303,0.998437037,0,1
373.226146913,3,3,66,6,63,0,0,4198,48,8,3880.341393299,0.998030194,0,1
373.241123005,0,0,68,6,63,0,0,4198,48,8,3881.007475736,0.998201511,0,1
373.366040199,2,2,18,6,63,0,0,4199,48,8,3883.866237987,0.998936790,0,1
373.460710825,4,4,44,2,63,0,0,4198,48,8,3881.796782983,0.998404522,0,1
373.486059863,1,1,66,5,63,0,0,4198,48,8,3880.976153265,0.998193455,0,1
373.655553857,6,6,71,7,63,0,0,4198,48,8,3880.200423987,0.997993936,0,1
373.759718254,5,5,65,0,63,0,0,4198,48,8,3880.353826493,0.998033392,0,1
373.958782531,7,7,33,0,63,0,0,4198,48,8,3882.923103015,0.998694214,0,1
374.098559366,5,7,33,0,62,1,0,4198,48,8,3880.285549244,0.998015831,1,1
374.203851437,8,8,44,7,63,0,0,4198,48,8,3881.851114778,0.998418497,0,1
374.226146913,3,3,67,8,63,0,0,4198,48,8,3880.269307775,0.998011653,0,1
374.241123005,0,0,69,1,63,0,0,4198,48,8,3880.935390211,0.998182971,0,1
374.366040199,2,2,19,0,63,0,0,4199,48,8,3883.788210170,0.998916721,0,1
374.460710825,4,4,45,8,63,0,0,4198,48,8,3881.718755166,0.998384453,0,1
374.486059863,1,1,67,4,63,0,0,4198,48,8,3880.898125448,0.998173386,0,1
374.655553857,6,6,72,2,63,0,0,4198,48,8,3880.116453877,0.997972339,0,1
374.759718254,5,5,66,6,63,0,0,4198,48,8,3880.221357737,0.997999320,0,1
374.958782531,7,7,34,1,63,0,0,4198,48,8,3882.851017491,0.998675673,0,1
375.203851437,8,8,45,3,63,0,0,4198,48,8,3881.773086961,0.998398428,0,1
375.226146913,3,3,68,0,63,0,0,4198,48,8,3880.203164543,0.997994641,0,1
375.241123005,0,0,70,7,63,0,0,4198,48,8,3880.869246979,0.998165959,0,1
375.366040199,2,2,20,6,63,0,0,4199,48,8,3883.710182353,0.998896652,0,1
375.460710825,4,4,46,0,63,0,0,4198,48,8,3881.646669641,0.998365913,0,1
375.486059863,1,1,68,3,63,0,0,4198,48,8,3880.831982216,0.998156374,0,1
375.655553857,6,6,73,2,63,0,0,4198,48,8,3880.044368353,0.997953798,0,1
375.759718254,5,5,67,1,63,0,0,4198,48,8,3880.149272212,0.997980780,0,1
375.958782531,7,7,35,1,63,0,0,4198,48,8,3882.772989674,0.998655604,0,1
376.203851437,8,8,46,7,63,0,0,4198,48,8,3881.695059144,0.998378359,0,1
376.226146913,3,3,69,8,63,0,0,4198,48,8,3880.137021311,0.997977629,0,1
376.241123005,0,0,71,6,63,0,0,4198,48,8,3880.797161455,0.998147418,0,1
376.366040199,2,2,21,7,63,0,0,4199,48,8,3883.638096828,0.998878111,0,1
376.460710825,4,4,47,6,63,0,0,4198,48,8,3881.574584117,0.998347372,0,1
376.486059863,1,1,69,6,63,0,0,4198,48,8,3880.753954400,0.998136305,0,1
376.655553857,6,6,74,3,63,0,0,4198,48,8,3879.966340536,0.997933730,0,1
376.759718254,5,5,68,8,63,0,0,4198,48,8,3880.077186688,0.997962239,0,1
376.958782531,7,7,36,5,63,0,0,4198,48,8,3882.700904149,0.998637064,0,1
377.203851437,8,8,47,1,63,0,0,4198,48,8,3881.617031327,0.998358290,0,1
377.226146913,3,3,70,8,63,0,0,4198,48,8,3880.064935786,0.997959088,0,1
377.241123005,0,0,72,6,63,0,0,4198,48,8,3880.725075930,0.998128878,0,1
377.343628029,5,8,47,1,62,1,0,4198,48,8,3880.001555551,0.997942787,1,1
377.366040199,2,2,22,4,63,0,0,4199,48,8,3883.566011304,0.998859571,0,1
377.460710825,4,4,48,7,63,0,0,4198,48,8,3881.502498592,0.998328832,0,1
377.486059863,1,1,70,6,63,0,0,4198,48,8,3880.687811168,0.998119293,0,1
377.655553857,6,6,75,5,63,0,0,4198,48,8,3879.888312719,0.997913661,0,1
377.759718254,5,5,69,1,63,0,0,4198,48,8,3879.932833346,0.997925111,0,1
377.958782531,7,7,37,2,63,0,0,4198,48,8,3882.634760917,0.998620052,0,1
378.098559366,5,7,37,2,62,1,0,4198,48,8,3879.864556097,0.997907550,1,1
378.203851437,8,8,48,7,63,0,0,4198,48,8,3881.544945803,0.998339749,0,1
378.226146913,3,3,71,7,63,0,0,4198,48,8,3879.986907969,0.997939020,0,1
378.241123005,0,0,73,5,63,0,0,4198,48,8,3880.647048113,0.998108809,0,1
378.366040199,2,2,23,4,63,0,0,4199,48,8,3883.487983487,0.998839502,0,1
378.460710825,4,4,49,8,63,0,0,4198,48,8,3881.424470775,0.998308763,0,1
378.486059863,1,1,71,8,63,0,0,4198,48,8,3880.615725643,0.998100752,0,1
378.655553857,6,6,76,7,63,0,0,4197,48,8,3879.810284902,0.997893592,0,1
378.759718254,5,5,70,0,63,0,0,4197,48,8,3879.800364590,0.997891040,0,1
378.958782531,7,7,38,4,63,0,0,4198,48,8,3882.568617685,0.998603040,0,1
379.203851437,8,8,49,7,63,0,0,4198,48,8,3881.466917986,0.998319681,0,1
379.226146913,3,3,72,2,63,0,0,4198,48,8,3879.908880152,0.997918951,0,1
379.241123005,0,0,74,6,63,0,0,4198,48,8,3880.580904881,0.998091797,0,1
379.366040199,2,2,24,5,63,0,0,4199,48,8,3883.415897962,0.998820961,0,1
379.460710825,4,4,50,3,63,0,0,4198,48,8,3881.352385251,0.998290223,0,1
379.486059863,1,1,72,2,63,0,0,4198,48,8,3880.549582411,0.998083740,0,1
379.655553857,6,6,77,4,63,0,0,4197,48,8,3879.726314792,0.997871995,0,1
379.759718254,5,5,71,6,63,0,0,4197,48,8,3879.728279065,0.997872500,0,1
379.958782531,7,7,39,4,63,0,0,4198,48,8,3882.490589868,0.998582971,0,1
380.203851437,8,8,50,4,63,0,0,4198,48,8,3881.394832461,0.998301140,0,1
380.226146913,3,3,73,0,63,0,0,4197,48,8,3879.836794628,0.997900410,0,1
380.241123005,0,0,75,2,63,0,0,4198,48,8,3880.508819357,0.998073256,0,1
380.366040199,2,2,25,1,63,0,0,4199,48,8,3883.343812438,0.998802421,0,1
380.460710825,4,4,51,8,63,0,0,4198,48,8,3881.280299726,0.998271682,0,1
380.486059863,1,1,73,4,63,0,0,4198,48,8,3880.477496887,0.998065200,0,1
380.655553857,6,6,78,2,63,0,0,4197,48,8,3879.648286976,0.997851926,0,1
380.759718254,5,5,72,7,63,0,0,4197,48,8,3879.656193541,0.997853959,0,1
380.795330447,3,6,78,2,62,1,0,4197,48,8,3879.761248314,0.997880980,1,1
380.958782531,7,7,40,2,63,0,0,4198,48,8,3882.418504344,0.998564430,0,1
381.098559366,5,7,40,2,62,1,0,4197,48,8,3879.587916292,0.997836398,1,1
381.203851437,8,8,51,7,63,0,0,4198,48,8,3881.316804645,0.998281071,0,1
381.226146913,3,3,74,2,63,0,0,4197,48,8,3879.698383579,0.997864811,0,1
381.241123005,0,0,76,3,63,0,0,4198,48,8,3880.436733832,0.998054715,0,1
381.366040199,2,2,26,4,63,0,0,4199,48,8,3883.265784621,0.998782352,0,1
381.460710825,4,4,52,5,63,0,0,4198,48,8,3881.208214202,0.998253142,0,1
381.486059863,1,1,74,5,63,0,0,4198,48,8,3880.405411362,0.998046659,0,1
381.655553857,6,6,79,4,63,0,0,4197,48,8,3879.570259159,0.997831857,0,1
381.759718254,5,5,73,7,63,0,0,4197,48,8,3879.523724784,0.997819888,0,1
381.899494846,8,5,73,7,62,1,0,4198,48,8,3881.246472214,0.998262982,1,1
381.958782531,7,7,41,3,63,0,0,4198,48,8,3882.346418819,0.998545890,0,1
382.203851437,8,8,52,6,63,0,0,4198,48,8,3881.184335888,0.998247000,0,1
382.226146913,3,3,75,8,63,0,0,4197,48,8,3879.632240347,0.997847798,0,1
382.241123005,0,0,77,1,63,0,0,4198,48,8,3880.364648308,0.998036175,0,1
382.366040199,2,2,27,1,63,0,0,4199,48,8,3883.193699096,0.998763811,0,1
382.460710825,4,4,53,2,63,0,0,4198,48,8,3881.136128677,0.998234601,0,1
382.486059863,1,1,75,7,63,0,0,4198,48,8,3880.333325838,0.998028119,0,1
382.655553857,6,6,80,8,63,0,0,4197,48,8,3879.498173634,0.997813316,0,1
382.759718254,5,5,74,0,63,0,0,4197,48,8,3879.451639260,0.997801348,0,1
382.958782531,7,7,42,4,63,0,0,4198,48,8,3882.280275587,0.998528877,0,1
383.203851437,8,8,53,5,63,0,0,4198,48,8,3881.106308071,0.998226931,0,1
383.226146913,3,3,76,0,63,0,0,4197,48,8,3879.554212530,0.997827730,0,1
383.241123005,0,0,78,3,63,0,0,4198,48,8,3880.292562783,0.998017634,0,1
383.366040199,2,2,28,1,63,0,0,4199,48,8,3883.115671279,0.998743743,0,1
383.460710825,4,4,54,1,63,0,0,4198,48,8,3881.069985445,0.998217589,0,1
383.486059863,1,1,76,6,63,0,0,4198,48,8,3880.261240313,0.998009578,0,1
383.655553857,6,6,81,2,63,0,0,4197,48,8,3879.420145817,0.997793247,0,1
383.759718254,5,5,75,1,63,0,0,4197,48,8,3879.373611443,0.997781279,0,1
383.958782531,7,7,43,2,63,0,0,4198,48,8,3882.208190063,0.998510337,0,1
384.098559366,5,7,43,2,62,1,0,4197,48,8,3879.305334194,0.997763718,1,1
384.203851437,8,8,54,7,63,0,0,4198,48,8,3881.028280254,0.998206862,0,1
384.226146913,3,3,77,2,63,0,0,4197,48,8,3879.482127005,0.997809189,0,1
384.241123005,0,0,79,3,63,0,0,4198,48,8,3880.214534966,0.997997566,0,1
384.366040199,2,2,29,7,63,0,0,4198,48,8,3883.049528047,0.998726730,0,1
384.460710825,4,4,55,6,63,0,0,4198,48,8,3880.997899921,0.998199048,0,1
384.486059863,1,1,77,8,63,0,0,4198,48,8,3880.195097081,0.997992566,0,1
384.655553857,6,6,82,3,63,0,0,4197,48,8,3879.348060293,0.997774707,0,1
384.759718254,5,5,76,1,63,0,0,4197,48,8,3879.241142687,0.997747207,0,1
384.958782531,7,7,44,2,63,0,0,4198,48,8,3882.136104538,0.998491796,0,1
385.098559366,5,7,44,2,62,1,0,4197,48,8,3879.172865437,0.997729646,1,1
385.203851437,8,8,55,0,63,0,0,4198,48,8,3880.956194730,0.998188322,0,1
385.226146913,3,3,78,1,63,0,0,4197,48,8,3879.404099188,0.997789120,0,1
385.241123005,0,0,80,1,63,0,0,4198,48,8,3880.142449442,0.997979025,0,1
385.366040199,2,2,30,8,63,0,0,4198,48,8,3882.965557938,0.998705133,0,1
385.460710825,4,4,56,7,63,0,0,4198,48,8,3880.931756689,0.998182036,0,1
385.486059863,1,1,78,0,63,0,0,4198,48,8,3880.117069264,0.997972497,0,1
385.655553857,6,6,83,8,63,0,0,4197,48,8,3879.264090183,0.997753110,0,1
385.759718254,5,5,77,7,63,0,0,4197,48,8,3879.108673930,0.997713136,0,1
385.958782531,7,7,45,3,63,0,0,4198,48,8,3882.064019014,0.998473256,0,1
386.203851437,8,8,56,5,63,0,0,4198,48,8,3880.878166913,0.998168253,0,1
386.226146913,3,3,79,0,63,0,0,4197,48,8,3879.326071371,0.997769051,0,1
386.241123005,0,0,81,6,63,0,0,4198,48,8,3880.064421625,0.997958956,0,1
386.366040199,2,2,31,6,63,0,0,4198,48,8,3882.887530121,0.998685064,0,1
386.460710825,4,4,57,2,63,0,0,4198,48,8,3880.853728872,0.998161967,0,1
386.486059863,1,1,79,3,63,0,0,4198,48,8,3880.044983740,0.997953957,0,1
386.655553857,6,6,84,8,63,0,0,4197,48,8,3879.186062366,0.997733041,0,1
386.759718254,5,5,78,7,63,0,0,4197,48,8,3879.030646113,0.997693067,0,1
386.899494846,8,5,78,7,62,1,0,4198,48,8,3880.807834482,0.998150163,1,1
386.958782531,7,7,46,0,63,0,0,4198,48,8,3881.991933489,0.998454715,0,1
387.203851437,8,8,57,5,63,0,0,4198,48,8,3880.745698156,0.998134182,0,1
387.226146913,3,3,80,1,63,0,0,4197,48,8,3879.253985847,0.997750511,0,1
387.241123005,0,0,82,7,63,0,0,4198,48,8,3879.998278393,0.997941944,0,1
387.366040199,2,2,32,4,63,0,0,4198,48,8,3882.821386889,0.998668052,0,1
387.460710825,4,4,58,5,63,0,0,4198,48,8,3880.787585640,0.998144955,0,1
387.486059863,1,1,80,2,63,0,0,4198,48,8,3879.978840508,0.997936945,0,1
387.655553857,6,6,85,4,63,0,0,4197,48,8,3879.113976842,0.997714500,0,1
387.759718254,5,5,79,4,63,0,0,4197,48,8,3878.964502881,0.997676055,0,1
387.958782531,7,7,47,6,63,0,0,4198,48,8,3881.913905672,0.998434647,0,1
388.203851437,8,8,58,2,63,0,0,4198,48,8,3880.673612632,0.998115641,0,1
388.226146913,3,3,81,4,63,0,0,4197,48,8,3879.181900322,0.997731970,0,1
388.241123005,0,0,83,8,63,0,0,4198,48,8,3879.926192868,0.997923404,0,1
388.343628029,5,8,58,2,62,1,0,4197,48,8,3878.888871744,0.997656603,1,1
388.366040199,2,2,33,4,63,0,0,4198,48,8,3882.755243657,0.998651040,0,1
388.460710825,4,4,59,8,63,0,0,4198,48,8,3880.715500116,0.998126415,0,1
388.486059863,1,1,81,7,63,0,0,4198,48,8,3879.912697276,0.997919932,0,1
388.655553857,6,6,86,3,63,0,0,4197,48,8,3879.041891317,0.997695960,0,1
388.759718254,5,5,80,1,63,0,0,4197,48,8,3878.826091832,0.997640456,0,1
388.958782531,7,7,48,1,63,0,0,4198,48,8,3881.847762440,0.998417634,0,1
389.098559366,3,7,48,1,62,1,0,4197,48,8,3879.104607410,0.997712090,1,1
389.203851437,8,8,59,1,63,0,0,4198,48,8,3880.589642522,0.998094044,0,1
389.241123005,0,0,84,7,63,0,0,4198,48,8,3879.848165051,0.997903335,0,1
389.258815366,3,3,82,0,63,0,0,4197,48,8,3879.043301103,0.997696322,0,1
389.366040199,2,2,34,4,63,0,0,4198,48,8,3882.671273548,0.998629443,0,1
389.460710825,4,4,60,1,63,0,0,4198,48,8,3880.637472299,0.998106346,0,1
389.486059863,1,1,82,4,63,0,0,4197,48,8,3879.822784874,0.997896807,0,1
389.655553857,6,6,87,4,63,0,0,4197,48,8,3878.957921208,0.997674362,0,1
389.759718254,5,5,81,6,63,0,0,4197,48,8,3878.754006308,0.997621915,0,1
389.958782531,7,7,49,1,63,0,0,4198,48,8,3881.763792331,0.998396037,0,1
390.098559366,3,7,49,1,62,1,0,4197,48,8,3878.966196361,0.997676491,1,1
390.203851437,8,8,60,3,63,0,0,4198,48,8,3880.511614705,0.998073975,0,1
390.241123005,0,0,85,1,63,0,0,4197,48,8,3879.764194942,0.997881737,0,1
390.258815366,3,3,83,0,63,0,0,4197,48,8,3878.904890054,0.997660723,0,1
390.366040199,2,2,35,5,63,0,0,4198,48,8,3882.593245731,0.998609374,0,1
390.460710825,4,4,61,0,63,0,0,4198,48,8,3880.565386774,0.998087805,0,1
390.486059863,1,1,83,4,63,0,0,4197,48,8,3879.750699349,0.997878266,0,1
390.655553857,6,6,88,0,63,0,0,4197,48,8,3878.873951098,0.997652765,0,1
390.759718254,5,5,82,8,63,0,0,4197,48,8,3878.675978491,0.997601846,0,1
390.958782531,7,7,50,8,63,0,0,4198,48,8,3881.685764514,0.998375968,0,1
391.203851437,8,8,61,4,63,0,0,4198,48,8,3880.439529181,0.998055434,0,1
391.226146913,3,3,84,4,63,0,0,4197,48,8,3878.832992700,0.997642231,0,1
391.241123005,0,0,86,3,63,0,0,4197,48,8,3879.692109418,0.997863197,0,1
391.366040199,2,2,36,4,63,0,0,4198,48,8,3882.521160206,0.998590833,0,1
391.460710825,4,4,62,6,63,0,0,4198,48,8,3880.493301250,0.998069265,0,1
391.486059863,1,1,84,3,63,0,0,4197,48,8,3879.678613825,0.997859726,0,1
391.655553857,6,6,89,2,63,0,0,4197,48,8,3878.801865574,0.997634225,0,1
391.759718254,5,5,83,3,63,0,0,4197,48,8,3878.603892966,0.997583306,0,1
391.795330447,3,6,89,2,62,1,0,4197,48,8,3878.763388678,0.997624328,1,1
391.899494844,4,5,83,3,62,1,0,4198,48,8,3880.424448329,0.998051556,1,1
391.958782531,7,7,51,6,63,0,0,4198,48,8,3881.613678990,0.998357428,0,1
392.203851437,8,8,62,4,63,0,0,4198,48,8,3880.373385949,0.998038422,0,1
392.226146913,3,3,85,4,63,0,0,4197,48,8,3878.694581651,0.997606631,0,1
392.241123005,0,0,87,6,63,0,0,4197,48,8,3879.625966186,0.997846185,0,1
392.366040199,2,2,37,4,63,0,0,4198,48,8,3882.449074682,0.998572293,0,1
392.460710825,4,4,63,7,63,0,0,4198,48,8,3880.360832493,0.998035194,0,1
392.486059863,1,1,85,7,63,0,0,4197,48,8,3879.612470593,0.997842714,0,1
392.655553857,6,6,90,0,63,0,0,4197,48,8,3878.723837757,0.997614156,0,1
392.759718254,5,5,84,7,63,0,0,4197,48,8,3878.531807442,0.997564765,0,1
392.899494846,8,5,84,7,62,1,0,4198,48,8,3880.297111226,0.998018804,1,1
392.958782531,7,7,52,0,63,0,0,4198,48,8,3881.541593465,0.998338887,0,1
393.203851437,8,8,63,7,63,0,0,4198,48,8,3880.234974900,0.998002823,0,1
393.226146913,3,3,86,5,63,0,0,4197,48,8,3878.622496127,0.997588091,0,1
393.241123005,0,0,88,5,63,0,0,4197,48,8,3879.559822954,0.997829173,0,1
393.366040199,2,2,38,6,63,0,0,4198,48,8,3882.376989157,0.998553752,0,1
393.460710825,4,4,64,8,63,0,0,4198,48,8,3880.294689261,0.998018181,0,1
393.486059863,1,1,86,0,63,0,0,4197,48,8,3879.546327361,0.997825701,0,1
393.655553857,6,6,91,5,63,0,0,4197,48,8,3878.651752232,0.997595615,0,1
393.759718254,5,5,85,8,63,0,0,4197,48,8,3878.465664210,0.997547753,0,1
393.958782531,7,7,53,3,63,0,0,4198,48,8,3881.469507941,0.998320347,0,1
394.203851437,8,8,64,7,63,0,0,4198,48,8,3880.162889375,0.997984282,0,1
394.226146913,3,3,87,8,63,0,0,4197,48,8,3878.544468310,0.997568022,0,1
394.241123005,0,0,89,4,63,0,0,4197,48,8,3879.493679722,0.997812160,0,1
394.366040199,2,2,39,8,63,0,0,4198,48,8,3882.298961340,0.998533683,0,1
394.460710825,4,4,65,5,63,0,0,4198,48,8,3880.222603737,0.997999641,0,1
394.486059863,1,1,87,7,63,0,0,4197,48,8,3879.474241836,0.997807161,0,1
394.655553857,6,6,92,4,63,0,0,4197,48,8,3878.573724416,0.997575546,0,1
394.759718254,5,5,86,3,63,0,0,4197,48,8,3878.387636393,0.997527684,0,1
394.958782531,7,7,54,3,63,0,0,4198,48,8,3881.391480124,0.998300278,0,1
395.203851437,8,8,65,6,63,0,0,4198,48,8,3880.090803851,0.997965742,0,1
395.226146913,3,3,88,2,63,0,0,4197,48,8,3878.466440493,0.997547953,0,1
395.241123005,0,0,90,1,63,0,0,4197,48,8,3879.421594197,0.997793620,0,1
395.366040199,2,2,40,6,63,0,0,4198,48,8,3882.220933523,0.998513615,0,1
395.460710825,4,4,66,6,63,0,0,4198,48,8,3880.144575920,0.997979572,0,1
395.486059863,1,1,88,6,63,0,0,4197,48,8,3879.408098604,0.997790149,0,1
395.655553857,6,6,93,5,63,0,0,4197,48,8,3878.501638891,0.997557006,0,1
395.759718254,5,5,87,6,63,0,0,4197,48,8,3878.309608576,0.997507615,0,1
395.795330447,7,6,93,5,62,1,0,4198,48,8,3881.320336083,0.998281979,1,1
395.958782531,7,7,55,3,63,0,0,4198,48,8,3881.259011367,0.998266207,0,1
396.203851437,8,8,66,7,63,0,0,4198,48,8,3880.018718326,0.997947201,0,1
396.226146913,3,3,89,4,63,0,0,4197,48,8,3878.388412676,0.997527884,0,1
396.241123005,0,0,91,1,63,0,0,4197,48,8,3879.349508673,0.997775079,0,1
396.366040199,2,2,41,5,63,0,0,4198,48,8,3882.148847999,0.998495074,0,1
396.460710825,4,4,67,1,63,0,0,4198,48,8,3880.072490395,0.997961031,0,1
396.486059863,1,1,89,0,63,0,0,4197,48,8,3879.336013080,0.997771608,0,1
396.655553857,6,6,94,2,63,0,0,4197,48,8,3878.411726489,0.997533880,0,1
396.759718254,5,5,88,4,63,0,0,4197,48,8,3878.231580759,0.997487546,0,1
396.795330447,3,6,94,2,62,1,0,4197,48,8,3878.312866362,0.997508453,1,1
396.958782531,7,7,56,3,63,0,0,4198,48,8,3881.186925843,0.998247666,0,1
397.203851437,8,8,67,3,63,0,0,4198,48,8,3879.946632802,0.997928661,0,1
397.226146913,3,3,90,2,63,0,0,4197,48,8,3878.250001627,0.997492284,0,1
397.241123005,0,0,92,3,63,0,0,4197,48,8,3879.283365441,0.997758067,0,1
397.366040199,2,2,42,4,63,0,0,4198,48,8,3882.070820182,0.998475005,0,1
397.460710825,4,4,68,8,63,0,0,4198,48,8,3880.000404871,0.997942491,0,1
397.486059863,1,1,90,4,63,0,0,4197,48,8,3879.263927555,0.997753068,0,1
397.655553857,6,6,95,8,63,0,0,4197,48,8,3878.327756380,0.997512283,0,1
397.759718254,5,5,89,0,63,0,0,4197,48,8,3878.159495234,0.997469006,0,1
397.958782531,7,7,57,3,63,0,0,4198,48,8,3881.108898026,0.998227597,0,1
398.203851437,8,8,68,3,63,0,0,4198,48,8,3879.868604985,0.997908592,0,1
398.226146913,3,3,91,6,63,0,0,4197,48,8,3878.171973810,0.997472215,0,1
398.241123005,0,0,93,1,63,0,0,4197,48,8,3879.205337624,0.997737998,0,1
398.366040199,2,2,43,0,63,0,0,4198,48,8,3881.992792365,0.998454936,0,1
398.460710825,4,4,69,8,63,0,0,4198,48,8,3879.928319346,0.997923950,0,1
398.486059863,1,1,91,6,63,0,0,4197,48,8,3879.197784323,0.997736056,0,1
398.655553857,6,6,96,7,63,0,0,4197,48,8,3878.255670855,0.997493743,0,1
398.759718254,5,5,90,8,63,0,0,4197,48,8,3878.093352002,0.997451994,0,1
398.958782531,7,7,58,1,63,0,0,4198,48,8,3881.042754794,0.998210585,0,1
399.098559366,3,7,58,1,62,1,0,4197,48,8,3878.094680897,0.997452336,1,1
399.203851437,8,8,69,3,63,0,0,4197,48,8,3879.790577168,0.997888523,0,1
399.241123005,0,0,94,6,63,0,0,4197,48,8,3879.133252099,0.997719458,0,1
399.258815366,3,3,92,2,63,0,0,4197,48,8,3878.033374591,0.997436568,0,1
399.366040199,2,2,44,1,63,0,0,4198,48,8,3881.914764548,0.998434867,0,1
399.460710825,4,4,70,5,63,0,0,4198,48,8,3879.850291529,0.997903882,0,1
399.486059863,1,1,92,4,63,0,0,4197,48,8,3879.125698799,0.997717515,0,1
399.655553857,6,6,97,4,63,0,0,4197,48,8,3878.177643038,0.997473674,0,1
399.759718254,5,5,91,1,63,0,0,4197,48,8,3878.015324185,0.997431925,0,1
399.958782531,7,7,59,0,63,0,0,4198,48,8,3880.964726977,0.998190516,0,1
400.098559366,5,7,59,0,62,1,0,4197,48,8,3877.947046936,0.997414364,1,1
400.203851437,8,8,70,6,63,0,0,4197,48,8,3879.718491644,0.997869982,0,1
400.226146913,3,3,93,5,63,0,0,4197,48,8,3877.961477236,0.997418075,0,1
400.241123005,0,0,95,3,63,0,0,4197,48,8,3879.061166575,0.997700917,0,1
400.366040199,2,2,45,0,63,0,0,4198,48,8,3881.830794439,0.998413270,0,1
400.460710825,4,4,71,5,63,0,0,4197,48,8,3879.772263712,0.997883813,0,1
400.486059863,1,1,93,0,63,0,0,4197,48,8,3879.047670982,0.997697446,0,1
400.655553857,6,6,98,1,63,0,0,4197,48,8,3878.099615221,0.997453605,0,1
400.759718254,5,5,92,2,63,0,0,4197,48,8,3877.882855429,0.997397854,0,1
400.958782531,7,7,60,3,63,0,0,4198,48,8,3880.886699160,0.998170447,0,1
401.203851437,8,8,71,1,63,0,0,4197,48,8,3879.646406119,0.997851442,0,1
401.226146913,3,3,94,0,63,0,0,4197,48,8,3877.883449419,0.997398007,0,1
401.241123005,0,0,96,3,63,0,0,4197,48,8,3878.995023343,0.997683905,0,1
401.343628029,5,8,71,1,62,1,0,4197,48,8,3877.807224292,0.997378401,1,1
401.366040199,2,2,46,1,63,0,0,4198,48,8,3881.758708914,0.998394730,0,1
401.460710825,4,4,72,5,63,0,0,4197,48,8,3879.700178188,0.997865272,0,1
401.486059863,1,1,94,4,63,0,0,4197,48,8,3878.975585457,0.997678906,0,1
401.655553857,6,6,99,1,63,0,0,4197,48,8,3878.027529697,0.997435064,0,1
401.759718254,5,5,93,6,63,0,0,4197,48,8,3877.738502087,0.997360726,0,1
401.958782531,7,7,61,8,63,0,0,4198,48,8,3880.820555928,0.998153435,0,1
402.203851437,8,8,72,4,63,0,0,4197,48,8,3879.568378302,0.997831373,0,1
402.226146913,3,3,95,8,63,0,0,4197,48,8,3877.811363895,0.997379466,0,1
402.241123005,0,0,97,7,63,0,0,4197,48,8,3878.928880111,0.997666893,0,1
402.366040199,2,2,47,0,63,0,0,4198,48,8,3881.692565682,0.998377718,0,1
402.460710825,4,4,73,1,63,0,0,4197,48,8,3879.628092663,0.997846732,0,1
402.486059863,1,1,95,2,63,0,0,4197,48,8,3878.903499933,0.997660365,0,1
402.655553857,6,6,100,3,63,0,0,4197,48,8,3877.949501880,0.997414995,0,1
402.759718254,5,5,94,0,63,0,0,4197,48,8,3877.666416563,0.997342185,0,1
402.958782531,7,7,62,1,63,0,0,4198,48,8,3880.754412696,0.998136423,0,1
403.098559366,3,7,62,1,62,1,0,4197,48,8,3877.740013275,0.997361115,1,1
403.203851437,8,8,73,0,63,0,0,4197,48,8,3879.490350485,0.997811304,0,1
403.241123005,0,0,98,8,63,0,0,4197,48,8,3878.850852294,0.997646824,0,1
403.258815366,3,3,96,5,63,0,0,4197,48,8,3877.678706968,0.997345346,0,1
403.343628029,5,8,73,0,62,1,0,4197,48,8,3877.590785426,0.997322733,1,1
403.366040199,2,2,48,3,63,0,0,4198,48,8,3881.620480158,0.998359177,0,1
403.460710825,4,4,74,7,63,0,0,4197,48,8,3879.556007139,0.997828191,0,1
403.486059863,1,1,96,2,63,0,0,4197,48,8,3878.825472116,0.997640296,0,1
403.655553857,6,6,101,0,63,0,0,4197,48,8,3877.877416355,0.997396455,0,1
403.759718254,5,5,95,1,63,0,0,4197,48,8,3877.522063222,0.997305057,0,1
403.958782531,7,7,63,4,63,0,0,4198,48,8,3880.688269464,0.998119411,0,1
404.203851437,8,8,74,2,63,0,0,4197,48,8,3879.406380376,0.997789707,0,1
404.226146913,3,3,97,0,63,0,0,4197,48,8,3877.600867321,0.997325326,0,1
404.241123005,0,0,99,5,63,0,0,4197,48,8,3878.784709062,0.997629812,0,1
404.366040199,2,2,49,5,63,0,0,4198,48,8,3881.548394633,0.998340636,0,1
404.460710825,4,4,75,7,63,0,0,4197,48,8,3879.483921614,0.997809651,0,1
404.486059863,1,1,97,8,63,0,0,4197,48,8,3878.759328884,0.997623284,0,1
404.655553857,6,6,102,5,63,0,0,4197,48,8,3877.793446246,0.997374858,0,1
404.759718254,5,5,96,7,63,0,0,4197,48,8,3877.449977697,0.997286517,0,1
404.795330447,7,6,102,5,62,1,0,4198,48,8,3880.611183131,0.998099584,1,1
404.958782531,7,7,64,2,63,0,0,4198,48,8,3880.549858415,0.998083811,0,1
405.098559366,5,7,64,2,62,1,0,4197,48,8,3877.381700448,0.997268956,1,1
405.203851437,8,8,75,3,63,0,0,4197,48,8,3879.334294851,0.997771166,0,1
405.226146913,3,3,98,0,63,0,0,4197,48,8,3877.516897212,0.997303729,0,1
405.241123005,0,0,100,5,63,0,0,4197,48,8,3878.718565830,0.997612800,0,1
405.366040199,2,2,50,7,63,0,0,4198,48,8,3881.476309109,0.998322096,0,1
405.460710825,4,4,76,1,63,0,0,4197,48,8,3879.411836090,0.997791110,0,1
405.486059863,1,1,98,5,63,0,0,4197,48,8,3878.687243360,0.997604744,0,1
405.655553857,6,6,103,5,63,0,0,4197,48,8,3877.715418429,0.997354789,0,1
405.759718254,5,5,97,0,63,0,0,4197,48,8,3877.317508941,0.997252446,0,1
405.795330447,7,6,103,5,62,1,0,4198,48,8,3880.472772082,0.998063985,1,1
405.958782531,7,7,65,3,63,0,0,4198,48,8,3880.411447366,0.998048212,0,1
406.203851437,8,8,76,1,63,0,0,4197,48,8,3879.256267034,0.997751097,0,1
406.226146913,3,3,99,7,63,0,0,4197,48,8,3877.438869395,0.997283660,0,1
406.241123005,0,0,101,3,63,0,0,4197,48,8,3878.646480305,0.997594259,0,1
406.343628029,5,8,76,1,62,1,0,4197,48,8,3877.247820096,0.997234522,1,1
406.366040199,2,2,51,5,63,0,0,4198,48,8,3881.404223584,0.998303555,0,1
406.460710825,4,4,77,5,63,0,0,4197,48,8,3879.339750565,0.997772570,0,1
406.486059863,1,1,99,7,63,0,0,4197,48,8,3878.615157835,0.997586203,0,1
406.655553857,6,6,104,1,63,0,0,4197,48,8,3877.637390612,0.997334720,0,1
406.759718254,5,5,98,8,63,0,0,4197,48,8,3877.185040184,0.997218375,0,1
406.795331038,0,6,104,1,62,1,0,4197,48,8,3878.571020250,0.997574851,1,1
406.958782531,7,7,66,4,63,0,0,4198,48,8,3880.333419549,0.998028143,0,1
407.203851437,8,8,77,2,63,0,0,4197,48,8,3879.178239217,0.997731029,0,1
407.226146913,3,3,100,6,63,0,0,4197,48,8,3877.360841578,0.997263591,0,1
407.241123005,0,0,102,3,63,0,0,4197,48,8,3878.508069256,0.997558660,0,1
407.343628029,5,8,77,2,62,1,0,4197,48,8,3877.109409047,0.997198922,1,1
407.366040199,2,2,52,7,63,0,0,4198,48,8,3881.326195767,0.998283487,0,1
407.460710825,4,4,78,7,63,0,0,4197,48,8,3879.267665041,0.997754029,0,1
407.486059863,1,1,100,8,63,0,0,4197,48,8,3878.543072311,0.997567663,0,1
407.625836698,5,1,100,8,62,1,0,4197,48,8,3877.041458000,0.997181445,1,1
407.655553857,6,6,105,4,63,0,0,4197,48,8,3877.559362795,0.997314651,0,1
407.786092698,5,5,99,4,63,0,0,4197,48,8,3876.980151694,0.997165677,0,1
407.958782531,7,7,67,6,63,0,0,4198,48,8,3880.267276317,0.998011131,0,1
408.203851437,8,8,78,6,63,0,0,4197,48,8,3879.088326815,0.997707903,0,1
408.226146913,3,3,101,6,63,0,0,4197,48,8,3877.288756054,0.997245050,0,1
408.241123005,0,0,103,1,63,0,0,4197,48,8,3878.430041439,0.997538591,0,1
408.366040199,2,2,53,5,63,0,0,4198,48,8,3881.242225658,0.998261889,0,1
408.460710825,4,4,79,2,63,0,0,4197,48,8,3879.189637224,0.997733960,0,1
408.486059863,1,1,101,0,63,0,0,4197,48,8,3878.465044494,0.997547594,0,1
408.655553857,6,6,106,4,63,0,0,4197,48,8,3877.481334978,0.997294582,0,1
408.759718254,5,5,100,2,63,0,0,4197,48,8,3876.914160379,0.997148704,0,1
408.958782531,7,7,68,5,63,0,0,4198,48,8,3880.201133085,0.997994119,0,1
409.203851437,8,8,79,1,63,0,0,4197,48,8,3879.016241291,0.997689362,0,1
409.226146913,3,3,102,2,63,0,0,4197,48,8,3877.210728237,0.997224982,0,1
409.241123005,0,0,104,1,63,0,0,4197,48,8,3878.363898207,0.997521579,0,1
409.366040199,2,2,54,1,63,0,0,4198,48,8,3881.170140133,0.998243349,0,1
409.460710825,4,4,80,5,63,0,0,4197,48,8,3879.117551700,0.997715420,0,1
409.486059863,1,1,102,2,63,0,0,4197,48,8,3878.392958969,0.997529053,0,1
409.655553857,6,6,107,3,63,0,0,4197,48,8,3877.403307161,0.997274513,0,1
409.759718254,5,5,101,3,63,0,0,4197,48,8,3876.848017147,0.997131692,0,1
409.958782531,7,7,69,1,63,0,0,4198,48,8,3880.134989853,0.997977106,0,1
410.098559366,3,7,69,1,62,1,0,4197,48,8,3877.139377616,0.997206630,1,1
410.203851437,8,8,80,4,63,0,0,4197,48,8,3878.944155766,0.997670822,0,1
410.241123005,0,0,105,6,63,0,0,4197,48,8,3878.291812683,0.997503038,0,1
410.258815366,3,3,103,7,63,0,0,4197,48,8,3877.078071310,0.997190862,0,1
410.366040199,2,2,55,1,63,0,0,4198,48,8,3881.086170024,0.998221752,0,1
410.460710825,4,4,81,1,63,0,0,4197,48,8,3879.045466175,0.997696879,0,1
410.486059863,1,1,103,6,63,0,0,4197,48,8,3878.308988860,0.997507456,0,1
410.655553857,6,6,108,7,63,0,0,4197,48,8,3877.319337052,0.997252916,0,1
410.759718254,5,5,102,1,63,0,0,4197,48,8,3876.775931622,0.997113151,0,1
410.958782531,7,7,70,4,63,0,0,4198,48,8,3880.062904328,0.997958566,0,1
411.203851437,8,8,81,3,63,0,0,4197,48,8,3878.872070242,0.997652281,0,1
411.226146913,3,3,104,1,63,0,0,4197,48,8,3877.000231663,0.997170841,0,1
411.241123005,0,0,106,1,63,0,0,4197,48,8,3878.219727158,0.997484498,0,1
411.366040199,2,2,56,8,63,0,0,4198,48,8,3881.014084499,0.998203211,0,1
411.460710825,4,4,82,3,63,0,0,4197,48,8,3878.973380651,0.997678339,0,1
411.486059863,1,1,104,8,63,0,0,4197,48,8,3878.236903335,0.997488915,0,1
411.655553857,6,6,109,7,63,0,0,4197,48,8,3877.241309235,0.997232847,0,1
411.759718254,5,5,103,0,63,0,0,4197,48,8,3876.703846098,0.997094611,0,1
411.958782531,7,7,71,8,63,0,0,4198,48,8,3879.996761096,0.997941554,0,1
412.203851437,8,8,82,3,63,0,0,4197,48,8,3878.799984717,0.997633741,0,1
412.226146913,3,3,105,5,63,0,0,4197,48,8,3876.922203846,0.997150773,0,1
412.241123005,0,0,107,8,63,0,0,4197,48,8,3878.153583926,0.997467486,0,1
412.366040199,2,2,57,1,63,0,0,4198,48,8,3880.941998975,0.998184671,0,1
412.460710825,4,4,83,1,63,0,0,4197,48,8,3878.901295126,0.997659798,0,1
412.486059863,1,1,105,7,63,0,0,4197,48,8,3878.164817811,0.997470375,0,1
412.655553857,6,6,110,5,63,0,0,4197,48,8,3877.169223710,0.997214307,0,1
412.759718254,5,5,104,3,63,0,0,4197,48,8,3876.631760573,0.997076070,0,1
412.958782531,7,7,72,5,63,0,0,4198,48,8,3879.924675572,0.997923013,0,1
413.203851437,8,8,83,3,63,0,0,4197,48,8,3878.727899193,0.997615200,0,1
413.226146913,3,3,106,8,63,0,0,4197,48,8,3876.850118322,0.997132232,0,1
413.241123005,0,0,108,5,63,0,0,4197,48,8,3878.087440694,0.997450473,0,1
413.366040199,2,2,58,8,63,0,0,4198,48,8,3880.875855743,0.998167658,0,1
413.460710825,4,4,84,5,63,0,0,4197,48,8,3878.829209602,0.997641258,0,1
413.486059863,1,1,106,5,63,0,0,4197,48,8,3878.092732286,0.997451834,0,1
413.655553857,6,6,111,5,63,0,0,4197,48,8,3877.091195893,0.997194238,0,1
413.759718254,5,5,105,6,63,0,0,4196,48,8,3876.559675049,0.997057530,0,1
413.958782531,7,7,73,4,63,0,0,4198,48,8,3879.858532340,0.997906001,0,1
414.203851437,8,8,84,0,63,0,0,4197,48,8,3878.649871376,0.997595132,0,1
414.226146913,3,3,107,7,63,0,0,4197,48,8,3876.778032797,0.997113692,0,1
414.241123005,0,0,109,6,63,0,0,4197,48,8,3878.015355170,0.997431933,0,1
414.366040199,2,2,59,5,63,0,0,4198,48,8,3880.809712511,0.998150646,0,1
414.460710825,4,4,85,2,63,0,0,4197,48,8,3878.757124077,0.997622717,0,1
414.486059863,1,1,107,3,63,0,0,4197,48,8,3878.020646762,0.997433294,0,1
414.655553857,6,6,112,4,63,0,0,4197,48,8,3877.013168076,0.997174169,0,1
414.759718254,5,5,106,3,63,0,0,4196,48,8,3876.487589524,0.997038989,0,1
414.958782531,7,7,74,0,63,0,0,4197,48,8,3879.786446815,0.997887461,0,1
415.098559366,5,7,74,0,62,1,0,4196,48,8,3876.419312275,0.997021428,1,1
415.203851437,8,8,85,1,63,0,0,4197,48,8,3878.565901267,0.997573534,0,1
415.226146913,3,3,108,0,63,0,0,4197,48,8,3876.700004980,0.997093623,0,1
415.241123005,0,0,110,5,63,0,0,4197,48,8,3877.937327353,0.997411864,0,1
415.366040199,2,2,60,1,63,0,0,4198,48,8,3880.737626986,0.998132106,0,1
415.460710825,4,4,86,5,63,0,0,4197,48,8,3878.685038553,0.997604177,0,1
415.486059863,1,1,108,5,63,0,0,4197,48,8,3877.948561237,0.997414753,0,1
415.655553857,6,6,113,1,63,0,0,4197,48,8,3876.941082552,0.997155628,0,1
415.759718254,5,5,107,6,63,0,0,4196,48,8,3876.355120768,0.997004918,0,1
415.958782531,7,7,75,2,63,0,0,4197,48,8,3879.720303583,0.997870448,0,1
416.098559366,5,7,75,2,62,1,0,4196,48,8,3876.286843519,0.996987357,1,1
416.203851437,8,8,86,3,63,0,0,4197,48,8,3878.493815742,0.997554994,0,1
416.226146913,3,3,109,8,63,0,0,4197,48,8,3876.621977163,0.997073554,0,1
416.241123005,0,0,111,2,63,0,0,4197,48,8,3877.871184121,0.997394852,0,1
416.366040199,2,2,61,7,63,0,0,4198,48,8,3880.653656877,0.998110508,0,1
416.460710825,4,4,87,5,63,0,0,4197,48,8,3878.612953028,0.997585636,0,1
416.486059863,1,1,109,8,63,0,0,4197,48,8,3877.870533420,0.997394685,0,1
416.655553857,6,6,114,5,63,0,0,4197,48,8,3876.863054735,0.997135559,0,1
416.759718254,5,5,108,6,63,0,0,4196,48,8,3876.222652011,0.996970847,0,1
416.958782531,7,7,76,3,63,0,0,4197,48,8,3879.654160351,0.997853436,0,1
417.203851437,8,8,87,0,63,0,0,4197,48,8,3878.415787925,0.997534925,0,1
417.226146913,3,3,110,1,63,0,0,4196,48,8,3876.549891639,0.997055013,0,1
417.241123005,0,0,112,3,63,0,0,4197,48,8,3877.799098596,0.997376311,0,1
417.366040199,2,2,62,1,63,0,0,4198,48,8,3880.587513645,0.998093496,0,1
417.460710825,4,4,88,5,63,0,0,4197,48,8,3878.546809796,0.997568624,0,1
417.486059863,1,1,110,0,63,0,0,4197,48,8,3877.804390188,0.997377672,0,1
417.655553857,6,6,115,8,63,0,0,4197,48,8,3876.785026918,0.997115490,0,1
417.759718254,5,5,109,2,63,0,0,4196,48,8,3876.150566487,0.996952306,0,1
417.958782531,7,7,77,4,63,0,0,4197,48,8,3879.582074827,0.997834896,0,1
418.203851437,8,8,88,2,63,0,0,4197,48,8,3878.343702401,0.997516384,0,1
418.226146913,3,3,111,5,63,0,0,4196,48,8,3876.471863822,0.997034944,0,1
418.241123005,0,0,113,1,63,0,0,4197,48,8,3877.732955364,0.997359299,0,1
418.366040199,2,2,63,3,63,0,0,4198,48,8,3880.509485828,0.998073427,0,1
418.460710825,4,4,89,3,63,0,0,4197,48,8,3878.474724272,0.997550083,0,1
418.486059863,1,1,111,5,63,0,0,4197,48,8,3877.732304664,0.997359132,0,1
418.655553857,6,6,116,0,63,0,0,4197,48,8,3876.712941393,0.997096950,0,1
418.759718254,5,5,110,8,63,0,0,4196,48,8,3876.078480962,0.996933766,0,1
418.958782531,7,7,78,0,63,0,0,4197,48,8,3879.515931595,0.997817884,0,1
419.203851437,8,8,89,0,63,0,0,4197,48,8,3878.265674584,0.997496315,0,1
419.226146913,3,3,112,4,63,0,0,4196,48,8,3876.399778297,0.997016404,0,1
419.241123005,0,0,114,2,63,0,0,4197,48,8,3877.660869840,0.997340759,0,1
419.343628029,5,8,89,0,62,1,0,4196,48,8,3876.008792118,0.996915842,1,1
419.366040199,2,2,64,3,63,0,0,4198,48,8,3880.431458011,0.998053359,0,1
419.460710825,4,4,90,6,63,0,0,4197,48,8,3878.402638747,0.997531543,0,1
419.486059863,1,1,112,6,63,0,0,4197,48,8,3877.666161432,0.997342120,0,1
419.655553857,6,6,117,2,63,0,0,4197,48,8,3876.640855869,0.997078409,0,1
419.759718254,5,5,111,8,63,0,0,4196,48,8,3875.940069913,0.996898166,0,1
419.795330447,3,6,117,2,62,1,0,4196,48,8,3876.330174276,0.996998502,1,1
419.958782531,7,7,79,8,63,0,0,4197,48,8,3879.443846071,0.997799343,0,1
420.203851437,8,8,90,4,63,0,0,4197,48,8,3878.187646767,0.997476247,0,1
420.226146913,3,3,113,6,63,0,0,4196,48,8,3876.267309541,0.996982333,0,1
420.241123005,0,0,115,2,63,0,0,4197,48,8,3877.582842023,0.997320690,0,1
420.366040199,2,2,65,0,63,0,0,4198,48,8,3880.365314779,0.998036346,0,1
420.460710825,4,4,91,0,63,0,0,4197,48,8,3878.330553223,0.997513002,0,1
420.486059863,1,1,113,7,63,0,0,4197,48,8,3877.594075907,0.997323579,0,1
420.655553857,6,6,118,2,63,0,0,4196,48,8,3876.562828052,0.997058341,0,1
420.759718254,5,5,112,3,63,0,0,4196,48,8,3875.867984389,0.996879626,0,1
420.958782531,7,7,80,8,63,0,0,4197,48,8,3879.377702839,0.997782331,0,1
421.203851437,8,8,91,2,63,0,0,4197,48,8,3878.109618950,0.997456178,0,1
421.226146913,3,3,114,5,63,0,0,4196,48,8,3876.195224016,0.996963792,0,1
421.241123005,0,0,116,8,63,0,0,4197,48,8,3877.504814206,0.997300621,0,1
421.343628029,5,8,91,2,62,1,0,4196,48,8,3875.798295544,0.996861702,1,1
421.366040199,2,2,66,8,63,0,0,4198,48,8,3880.299171547,0.998019334,0,1
421.460710825,4,4,92,0,63,0,0,4197,48,8,3878.258467698,0.997494462,0,1
421.486059863,1,1,114,4,63,0,0,4197,48,8,3877.527932675,0.997306567,0,1
421.655553857,6,6,119,1,63,0,0,4196,48,8,3876.484800235,0.997038272,0,1
421.759718254,5,5,113,4,63,0,0,4196,48,8,3875.729573340,0.996844026,0,1
421.958782531,7,7,81,6,63,0,0,4197,48,8,3879.305617314,0.997763790,0,1
422.203851437,8,8,92,0,63,0,0,4197,48,8,3878.031591133,0.997436109,0,1
422.226146913,3,3,115,7,63,0,0,4196,48,8,3876.117196199,0.996943723,0,1
422.241123005,0,0,117,8,63,0,0,4197,48,8,3877.432728682,0.997282080,0,1
422.366040199,2,2,67,1,63,0,0,4198,48,8,3880.233028315,0.998002322,0,1
422.460710825,4,4,93,3,63,0,0,4197,48,8,3878.186382174,0.997475921,0,1
422.486059863,1,1,115,5,63,0,0,4197,48,8,3877.455847151,0.997288027,0,1
422.655553857,6,6,120,1,63,0,0,4196,48,8,3876.412714711,0.997019731,0,1
422.759718254,5,5,114,1,63,0,0,4196,48,8,3875.663430108,0.996827014,0,1
422.958782531,7,7,82,4,63,0,0,4197,48,8,3879.239474082,0.997746778,0,1
423.203851437,8,8,93,0,63,0,0,4197,48,8,3877.959505608,0.997417568,0,1
423.205627681,2,2,8,65535,63,0,0,4198,0,7,3880.187634703,0.997990647,0,1
423.226146913,3,3,116,7,63,0,0,4196,48,8,3876.039168383,0.996923654,0,1
423.241123005,0,0,118,1,63,0,0,4197,48,8,3877.360643157,0.997263540,0,1
423.366040199,2,2,68,5,63,0,0,4198,48,8,3880.126327495,0.997974878,0,1
423.460710825,4,4,94,7,63,0,0,4197,48,8,3878.120238942,0.997458909,0,1
423.486059863,1,1,116,2,63,0,0,4197,48,8,3877.389703919,0.997271014,0,1
423.655553857,6,6,121,0,63,0,0,4196,48,8,3876.340629186,0.997001191,0,1
423.759718254,5,5,115,2,63,0,0,4196,48,8,3875.591344583,0.996808473,0,1
423.958782531,7,7,83,1,63,0,0,4197,48,8,3879.161446265,0.997726709,0,1
424.098559366,3,7,83,1,62,1,0,4196,48,8,3875.967817762,0.996905303,1,1
424.203851437,8,8,94,7,63,0,0,4197,48,8,3877.887420084,0.997399028,0,1
424.241123005,0,0,119,3,63,0,0,4197,48,8,3877.294499925,0.997246528,0,1
424.258815366,3,3,117,2,63,0,0,4196,48,8,3875.906511456,0.996889535,0,1
424.366040199,2,2,69,5,63,0,0,4198,48,8,3880.060184263,0.997957866,0,1
424.460710825,4,4,95,0,63,0,0,4197,48,8,3878.048153417,0.997440369,0,1
424.486059863,1,1,117,7,63,0,0,4197,48,8,3877.317618394,0.997252474,0,1
424.655553857,6,6,122,8,63,0,0,4196,48,8,3876.262601369,0.996981122,0,1
424.759718254,5,5,116,0,63,0,0,4196,48,8,3875.519259059,0.996789933,0,1
424.958782531,7,7,84,6,63,0,0,4197,48,8,3879.095303033,0.997709697,0,1
425.203851437,8,8,95,0,63,0,0,4197,48,8,3877.809392267,0.997378959,0,1
425.226146913,3,3,118,6,63,0,0,4196,48,8,3875.834614102,0.996871043,0,1
425.241123005,0,0,120,2,63,0,0,4197,48,8,3877.222414401,0.997227987,0,1
425.366040199,2,2,70,3,63,0,0,4198,48,8,3879.982156446,0.997937797,0,1
425.460710825,4,4,96,6,63,0,0,4197,48,8,3877.976067893,0.997421828,0,1
425.486059863,1,1,118,5,63,0,0,4197,48,8,3877.245532870,0.997233933,0,1
425.655553857,6,6,123,7,63,0,0,4196,48,8,3876.190515845,0.996962581,0,1
425.759718254,5,5,117,3,63,0,0,4196,48,8,3875.441231242,0.996769864,0,1
425.958782531,7,7,85,6,63,0,0,4197,48,8,3879.029159801,0.997692685,0,1
426.060164480,4,4,8,65535,63,0,0,4197,0,8,3877.912231808,0.997405409,0,1
426.203851437,8,8,96,0,63,0,0,4197,48,8,3877.737306742,0.997360418,0,1
426.226146913,3,3,119,2,63,0,0,4196,48,8,3875.768470870,0.996854031,0,1
426.241123005,0,0,121,7,63,0,0,4197,48,8,3877.156271169,0.997210975,0,1
426.366040199,2,2,71,6,63,0,0,4198,48,8,3879.916013214,0.997920785,0,1
426.422851395,0,0,8,65535,63,0,0,4197,0,7,3877.120609117,0.997201803,0,1
426.460710825,4,4,97,0,63,0,0,4197,48,8,3877.849541429,0.997389285,0,1
426.486059863,1,1,119,7,63,0,0,4197,48,8,3877.173067646,0.997215295,0,1
426.655553857,6,6,124,2,63,0,0,4196,48,8,3876.118430320,0.996944041,0,1
426.759718254,5,5,118,2,63,0,0,4196,48,8,3875.375088010,0.996752852,0,1
426.795330447,3,6,124,2,62,1,0,4196,48,8,3875.698866848,0.996836128,1,1
426.958782531,7,7,86,1,63,0,0,4197,48,8,3878.963016569,0.997675673,0,1
427.098559366,3,7,86,1,62,1,0,4196,48,8,3875.630794725,0.996818620,1,1
427.203851437,8,8,97,6,63,0,0,4197,48,8,3877.665221218,0.997341878,0,1
427.241123005,0,0,122,2,63,0,0,4197,48,8,3877.043628056,0.997182003,0,1
427.258815366,3,3,120,5,63,0,0,4196,48,8,3875.569488418,0.996802852,0,1
427.366040199,2,2,72,1,63,0,0,4197,48,8,3879.837985397,0.997900716,0,1
427.460710825,4,4,98,5,63,0,0,4197,48,8,3877.771513612,0.997369216,0,1
427.486059863,1,1,120,6,63,0,0,4197,48,8,3877.100982122,0.997196755,0,1
427.655553857,6,6,125,1,63,0,0,4196,48,8,3876.034460211,0.996922443,0,1
427.759718254,5,5,119,1,63,0,0,4196,48,8,3875.308944778,0.996735840,0,1
427.815809857,6,6,8,65535,63,0,0,4196,0,7,3875.998921840,0.996913303,0,1
427.931177313,1,1,8,65535,63,0,0,4197,0,8,3877.032092721,0.997179036,0,1
427.958782531,7,7,87,0,63,0,0,4197,48,8,3878.887390350,0.997656222,0,1
428.129722679,8,8,8,65535,63,0,0,4197,0,7,3877.625272904,0.997331603,0,1
428.225210679,8,8,98,3,63,0,0,4197,48,8,3877.564339661,0.997315931,0,1
428.226146913,3,3,121,7,63,0,0,4196,48,8,3875.494050369,0.996783449,0,1
428.241123005,0,0,123,4,63,0,0,4197,48,8,3876.971162832,0.997163365,0,1
428.366040199,2,2,73,7,63,0,0,4197,48,8,3879.771842165,0.997883704,0,1
428.460710825,4,4,99,0,63,0,0,4197,48,8,3877.699048388,0.997350578,0,1
428.486059863,1,1,121,4,63,0,0,4197,48,8,3876.968513365,0.997162683,0,1
428.655553857,6,6,126,0,63,0,0,4196,48,8,3875.927759390,0.996895000,0,1
428.759718254,5,5,120,6,63,0,0,4196,48,8,3875.239260851,0.996717917,0,1
428.958782531,7,7,88,4,63,0,0,4197,48,8,3878.811764130,0.997636771,0,1
429.203851437,8,8,99,0,63,0,0,4197,48,8,3877.492377165,0.997297422,0,1
429.226146913,3,3,122,1,63,0,0,4196,48,8,3875.410080260,0.996761852,0,1
429.241123005,0,0,124,2,63,0,0,4197,48,8,3876.899077307,0.997144824,0,1
429.343628029,5,8,99,0,62,1,0,4196,48,8,3875.163629714,0.996698464,1,1
429.366040199,2,2,74,1,63,0,0,4197,48,8,3879.699756640,0.997865164,0,1
429.460710825,4,4,100,5,63,0,0,4197,48,8,3877.626962864,0.997332038,0,1
429.486059863,1,1,122,3,63,0,0,4197,48,8,3876.902370133,0.997145671,0,1
429.655553857,6,6,127,0,63,0,0,4196,48,8,3875.849731573,0.996874931,0,1
429.759718254,5,5,121,4,63,0,0,4196,48,8,3875.094907510,0.996680789,0,1
429.958782531,7,7,89,3,63,0,0,4197,48,8,3878.745620898,0.997619758,0,1
430.179680522,5,5,8,65535,63,0,0,4196,0,8,3875.026163002,0.996663108,0,1
430.203851437,8,8,100,7,63,0,0,4197,48,8,3877.420291641,0.997278882,0,1
430.226146913,3,3,123,6,63,0,0,4196,48,8,3875.332052443,0.996741783,0,1
430.241123005,0,0,125,5,63,0,0,4197,48,8,3876.821049491,0.997124756,0,1
430.366040199,2,2,75,8,63,0,0,4197,48,8,3879.627671116,0.997846623,0,1
430.460710825,4,4,101,6,63,0,0,4197,48,8,3877.554877339,0.997313497,0,1
430.486059863,1,1,123,7,63,0,0,4197,48,8,3876.830284609,0.997127131,0,1
430.655553857,6,6,128,2,63,0,0,4196,48,8,3875.771703756,0.996854862,0,1
430.759718254,5,5,122,8,63,0,0,4196,48,8,3874.962438753,0.996646718,0,1
430.958782531,7,7,90,8,63,0,0,4197,48,8,3878.679477666,0.997602746,0,1
431.000395817,3,3,8,65535,63,0,0,4196,0,7,3875.292977473,0.996731733,0,1
431.203851437,8,8,101,5,63,0,0,4197,48,8,3877.348206116,0.997260341,0,1
431.226146913,3,3,124,5,63,0,0,4196,48,8,3875.231293915,0.996715868,0,1
431.241123005,0,0,126,4,63,0,0,4197,48,8,3876.751365563,0.997106833,0,1
431.365923503,6,3,124,5,62,1,0,4196,48,8,3875.695344210,0.996835222,1,1
431.366040199,2,2,76,6,63,0,0,4197,48,8,3879.549643299,0.997826554,0,1
431.460710825,4,4,102,6,63,0,0,4197,48,8,3877.482791815,0.997294957,0,1
431.486059863,1,1,124,3,63,0,0,4197,48,8,3876.758199084,0.997108590,0,1
431.655553857,6,6,129,3,63,0,0,4196,48,8,3875.633292707,0.996819263,0,1
431.759718254,5,5,123,8,63,0,0,4196,48,8,3874.884410936,0.996626649,0,1
431.958782531,7,7,91,1,63,0,0,4197,48,8,3878.613334434,0.997585734,0,1
432.098559366,3,7,91,1,62,1,0,4196,48,8,3875.154001002,0.996695988,1,1
432.203851437,8,8,102,2,63,0,0,4197,48,8,3877.270178300,0.997240272,0,1
432.241123005,0,0,127,5,63,0,0,4197,48,8,3876.679280039,0.997088292,0,1
432.258815366,3,3,125,2,63,0,0,4196,48,8,3875.092694695,0.996680220,0,1
432.366040199,2,2,77,4,63,0,0,4197,48,8,3879.477557774,0.997808014,0,1
432.460710825,4,4,103,5,63,0,0,4197,48,8,3877.410706290,0.997276416,0,1
432.486059863,1,1,125,8,63,0,0,4197,48,8,3876.686113560,0.997090050,0,1
432.655553857,6,6,130,8,63,0,0,4196,48,8,3875.549322598,0.996797665,0,1
432.759718254,5,5,124,6,63,0,0,4196,48,8,3874.812325412,0.996608108,0,1
432.847284098,7,7,8,65535,63,0,0,4197,0,7,3878.567659077,0.997573986,0,1
432.958782531,7,7,92,6,63,0,0,4197,48,8,3878.506633614,0.997558291,0,1
433.203851437,8,8,103,6,63,0,0,4197,48,8,3877.194552080,0.997220821,0,1
433.226146913,3,3,126,1,63,0,0,4196,48,8,3875.017256646,0.996660817,0,1
433.241123005,0,0,128,8,63,0,0,4197,48,8,3876.607194515,0.997069752,0,1
433.366040199,2,2,78,4,63,0,0,4197,48,8,3879.393587665,0.997786417,0,1
433.460710825,4,4,104,5,63,0,0,4197,48,8,3877.335080071,0.997256965,0,1
433.486059863,1,1,126,0,63,0,0,4197,48,8,3876.619970328,0.997073038,0,1
433.655553857,6,6,131,5,63,0,0,4196,48,8,3875.477237073,0.996779125,0,1
433.759718254,5,5,125,1,63,0,0,4196,48,8,3874.740239887,0.996589568,0,1
433.958782531,7,7,93,1,63,0,0,4197,48,8,3878.440490382,0.997541278,0,1
434.203851437,8,8,104,2,63,0,0,4197,48,8,3877.122466556,0.997202280,0,1
434.226146913,3,3,127,0,63,0,0,4196,48,8,3874.945171122,0.996642277,0,1
434.241123005,0,0,129,5,63,0,0,4196,48,8,3876.535108990,0.997051211,0,1
434.366040199,2,2,79,0,63,0,0,4197,48,8,3879.321502140,0.997767876,0,1
434.460710825,4,4,105,1,63,0,0,4197,48,8,3877.262994546,0.997238425,0,1
434.486059863,1,1,127,0,63,0,0,4196,48,8,3876.541942511,0.997052969,0,1
434.655553857,6,6,132,3,63,0,0,4196,48,8,3875.399209256,0.996759056,0,1
434.759718254,5,5,126,1,63,0,0,4196,48,8,3874.662212070,0.996569499,0,1
434.958782531,7,7,94,8,63,0,0,4197,48,8,3878.374347150,0.997524266,0,1
435.203851437,8,8,105,2,63,0,0,4197,48,8,3877.050381031,0.997183740,0,1
435.226146913,3,3,128,8,63,0,0,4196,48,8,3874.873085597,0.996623736,0,1
435.241123005,0,0,130,7,63,0,0,4196,48,8,3876.463023466,0.997032671,0,1
435.343628029,5,8,105,2,62,1,0,4196,48,8,3874.586580933,0.996550047,1,1
435.365923503,6,3,128,8,62,1,0,4196,48,8,3875.322849710,0.996739416,1,1
435.366040199,2,2,80,8,63,0,0,4197,48,8,3879.243474323,0.997747807,0,1
435.460710825,4,4,106,1,63,0,0,4197,48,8,3877.184966729,0.997218356,0,1
435.486059863,1,1,128,8,63,0,0,4196,48,8,3876.469856986,0.997034428,0,1
435.655553857,6,6,133,7,63,0,0,4196,48,8,3875.260798208,0.996723456,0,1
435.759718254,5,5,127,7,63,0,0,4196,48,8,3874.523801021,0.996533899,0,1
435.958782531,7,7,95,1,63,0,0,4197,48,8,3878.302261625,0.997505726,0,1
436.098559366,3,7,95,1,62,1,0,4196,48,8,3874.795792685,0.996603856,1,1
436.203851437,8,8,106,6,63,0,0,4197,48,8,3876.978295507,0.997165199,0,1
436.241123005,0,0,131,4,63,0,0,4196,48,8,3876.379053356,0.997011073,0,1
436.258815366,3,3,129,2,63,0,0,4196,48,8,3874.734486378,0.996588088,0,1
436.366040199,2,2,81,0,63,0,0,4197,48,8,3879.171388799,0.997729267,0,1
436.460710825,4,4,107,5,63,0,0,4197,48,8,3877.106938912,0.997198287,0,1
436.486059863,1,1,129,2,63,0,0,4196,48,8,3876.403713754,0.997017416,0,1
436.655553857,6,6,134,4,63,0,0,4196,48,8,3875.170885806,0.996700331,0,1
436.759718254,5,5,128,0,63,0,0,4196,48,8,3874.451715497,0.996515359,0,1
436.958782531,7,7,96,0,63,0,0,4197,48,8,3878.236118393,0.997488714,0,1
437.098559121,6,7,96,0,62,1,0,4196,48,8,3875.102008571,0.996682615,1,1
437.203851437,8,8,107,6,63,0,0,4197,48,8,3876.900267690,0.997145131,0,1
437.226146913,3,3,130,8,63,0,0,4196,48,8,3874.650704439,0.996566539,0,1
437.241123005,0,0,132,7,63,0,0,4196,48,8,3876.312910124,0.996994061,0,1
437.366040199,2,2,82,4,63,0,0,4197,48,8,3879.099303274,0.997710726,0,1
437.460710825,4,4,108,3,63,0,0,4197,48,8,3877.034853388,0.997179746,0,1
437.486059863,1,1,130,3,63,0,0,4196,48,8,3876.325685937,0.996997347,0,1
437.655553857,6,6,135,5,63,0,0,4196,48,8,3875.026532464,0.996663203,0,1
437.759718254,5,5,129,2,63,0,0,4196,48,8,3874.379629972,0.996496818,0,1
437.958782531,7,7,97,4,63,0,0,4197,48,8,3878.169975161,0.997471701,0,1
438.203851437,8,8,108,5,63,0,0,4197,48,8,3876.822239873,0.997125062,0,1
438.226146913,3,3,131,0,63,0,0,4196,48,8,3874.578618914,0.996547999,0,1
438.241123005,0,0,133,5,63,0,0,4196,48,8,3876.240824600,0.996975521,0,1
438.366040199,2,2,83,3,63,0,0,4197,48,8,3879.027217750,0.997692186,0,1
438.460710825,4,4,109,6,63,0,0,4197,48,8,3876.962767863,0.997161206,0,1
438.486059863,1,1,131,2,63,0,0,4196,48,8,3876.253600413,0.996978807,0,1
438.655553857,6,6,136,8,63,0,0,4196,48,8,3874.954446940,0.996644662,0,1
438.759718254,5,5,130,6,63,0,0,4196,48,8,3874.301602155,0.996476750,0,1
438.958782531,7,7,98,4,63,0,0,4197,48,8,3878.097889637,0.997453161,0,1
439.203851437,8,8,109,7,63,0,0,4197,48,8,3876.744212056,0.997104993,0,1
439.226146913,3,3,132,5,63,0,0,4196,48,8,3874.512475682,0.996530987,0,1
439.241123005,0,0,134,3,63,0,0,4196,48,8,3876.168739075,0.996956980,0,1
439.366040199,2,2,84,4,63,0,0,4197,48,8,3878.961074518,0.997675173,0,1
439.460710825,4,4,110,6,63,0,0,4197,48,8,3876.896624631,0.997144194,0,1
439.486059863,1,1,132,4,63,0,0,4196,48,8,3876.181514888,0.996960266,0,1
439.655553857,6,6,137,8,63,0,0,4196,48,8,3874.876419123,0.996624593,0,1
439.759718254,5,5,131,7,63,0,0,4196,48,8,3874.229516631,0.996458209,0,1
439.958782531,7,7,99,6,63,0,0,4197,48,8,3878.031746405,0.997436149,0,1
440.203851437,8,8,110,2,63,0,0,4197,48,8,3876.672126531,0.997086452,0,1
440.226146913,3,3,133,6,63,0,0,4196,48,8,3874.434447865,0.996510918,0,1
440.241123005,0,0,135,7,63,0,0,4196,48,8,3876.102595843,0.996939968,0,1
440.343628029,5,8,110,2,62,1,0,4196,48,8,3874.159827786,0.996440285,1,1
440.366040199,2,2,85,8,63,0,0,4197,48,8,3878.883046701,0.997655105,0,1
440.460710825,4,4,111,2,63,0,0,4197,48,8,3876.824539107,0.997125653,0,1
440.486059863,1,1,133,2,63,0,0,4196,48,8,3876.115371656,0.996943254,0,1
440.655553857,6,6,138,1,63,0,0,4196,48,8,3874.798391306,0.996604525,0,1
440.759718254,5,5,132,0,63,0,0,4196,48,8,3874.091105582,0.996422609,0,1
440.958782531,7,7,100,6,63,0,0,4197,48,8,3877.959660880,0.997417608,0,1
441.203851437,8,8,111,1,63,0,0,4196,48,8,3876.594098714,0.997066383,0,1
441.226146913,3,3,134,5,63,0,0,4196,48,8,3874.362362341,0.996492377,0,1
441.241123005,0,0,136,2,63,0,0,4196,48,8,3876.030510319,0.996921428,0,1
441.343628029,5,8,111,1,62,1,0,4196,48,8,3874.015474445,0.996403157,1,1
441.366040199,2,2,86,3,63,0,0,4197,48,8,3878.810961176,0.997636564,0,1
441.460710825,4,4,112,5,63,0,0,4197,48,8,3876.752453582,0.997107113,0,1
441.486059863,1,1,134,7,63,0,0,4196,48,8,3876.043286132,0.996924714,0,1
441.655553857,6,6,139,2,63,0,0,4196,48,8,3874.726305781,0.996585984,0,1
441.759718254,5,5,133,8,63,0,0,4196,48,8,3873.946752240,0.996385482,0,1
441.958782531,7,7,101,5,63,0,0,4197,48,8,3877.893517648,0.997400596,0,1
442.203851437,8,8,112,6,63,0,0,4196,48,8,3876.522013190,0.997047843,0,1
442.226146913,3,3,135,1,63,0,0,4196,48,8,3874.296219109,0.996475365,0,1
442.241123005,0,0,137,2,63,0,0,4196,48,8,3875.964367087,0.996904415,0,1
442.366040199,2,2,87,5,63,0,0,4197,48,8,3878.744817944,0.997619552,0,1
442.460710825,4,4,113,8,63,0,0,4197,48,8,3876.680368058,0.997088572,0,1
442.486059863,1,1,135,3,63,0,0,4196,48,8,3875.965258315,0.996904645,0,1
442.655553857,6,6,140,1,63,0,0,4196,48,8,3874.648277964,0.996565915,0,1
442.759718254,5,5,134,3,63,0,0,4196,48,8,3873.874666716,0.996366941,0,1
442.795331038,0,6,140,1,62,1,0,4196,48,8,3875.894849324,0.996886535,1,1
442.958782531,7,7,102,5,63,0,0,4197,48,8,3877.827374416,0.997383584,0,1
443.203851437,8,8,113,1,63,0,0,4196,48,8,3876.443985373,0.997027774,0,1
443.226146913,3,3,136,0,63,0,0,4196,48,8,3874.212248999,0.996453768,0,1
443.241123005,0,0,138,4,63,0,0,4196,48,8,3875.825956038,0.996868816,0,1
443.343628029,5,8,113,1,62,1,0,4196,48,8,3873.799035579,0.996347489,1,1
443.366040199,2,2,88,4,63,0,0,4197,48,8,3878.678674712,0.997602540,0,1
443.460710825,4,4,114,8,63,0,0,4197,48,8,3876.608282533,0.997070032,0,1
443.486059863,1,1,136,7,63,0,0,4196,48,8,3875.899115083,0.996887632,0,1
443.655553857,6,6,141,2,63,0,0,4196,48,8,3874.576192440,0.996547375,0,1
443.759718254,5,5,135,0,63,0,0,4196,48,8,3873.736255667,0.996331341,0,1
443.795330447,3,6,141,2,62,1,0,4196,48,8,3874.142644978,0.996435865,1,1
443.958782531,7,7,103,5,63,0,0,4197,48,8,3877.761231184,0.997366572,0,1
444.203851437,8,8,114,7,63,0,0,4196,48,8,3876.371899848,0.997009234,0,1
444.226146913,3,3,137,1,63,0,0,4196,48,8,3874.073837951,0.996418168,0,1
444.241123005,0,0,139,5,63,0,0,4196,48,8,3875.759812806,0.996851804,0,1
444.366040199,2,2,89,7,63,0,0,4197,48,8,3878.606589188,0.997583999,0,1
444.460710825,4,4,115,8,63,0,0,4196,48,8,3876.536197009,0.997051491,0,1
444.486059863,1,1,137,3,63,0,0,4196,48,8,3875.832971851,0.996870620,0,1
444.655553857,6,6,142,2,63,0,0,4196,48,8,3874.498164623,0.996527306,0,1
444.759718254,5,5,136,0,63,0,0,4196,48,8,3873.664170143,0.996312801,0,1
444.958782531,7,7,104,8,63,0,0,4197,48,8,3877.689145660,0.997348031,0,1
445.203851437,8,8,115,1,63,0,0,4196,48,8,3876.293872031,0.996989165,0,1
445.226146913,3,3,138,4,63,0,0,4196,48,8,3874.001752426,0.996399628,0,1
445.241123005,0,0,140,6,63,0,0,4196,48,8,3875.681784989,0.996831735,0,1
445.343628029,5,8,115,1,62,1,0,4196,48,8,3873.588539005,0.996293349,1,1
445.366040199,2,2,90,8,63,0,0,4197,48,8,3878.534503663,0.997565459,0,1
445.460710825,4,4,116,7,63,0,0,4196,48,8,3876.458169192,0.997031422,0,1
445.486059863,1,1,138,7,63,0,0,4196,48,8,3875.754944034,0.996850551,0,1
445.655553857,6,6,143,8,63,0,0,4196,48,8,3874.420136806,0.996507237,0,1
445.759718254,5,5,137,8,63,0,0,4196,48,8,3873.519816801,0.996275673,0,1
445.958782531,7,7,105,6,63,0,0,4197,48,8,3877.617060135,0.997329491,0,1
446.203851437,8,8,116,5,63,0,0,4196,48,8,3876.221786507,0.996970624,0,1
446.226146913,3,3,139,5,63,0,0,4196,48,8,3873.917782317,0.996378030,0,1
446.241123005,0,0,141,2,63,0,0,4196,48,8,3875.609699464,0.996813194,0,1
446.365923503,6,3,139,5,62,1,0,4196,48,8,3874.343777260,0.996487597,1,1
446.366040199,2,2,91,1,63,0,0,4197,48,8,3878.462418139,0.997546918,0,1
446.460710825,4,4,117,8,63,0,0,4196,48,8,3876.386083668,0.997012882,0,1
446.486059863,1,1,139,2,63,0,0,4196,48,8,3875.682858510,0.996832011,0,1
446.655553857,6,6,144,5,63,0,0,4196,48,8,3874.281725757,0.996471637,0,1
446.759718254,5,5,138,1,63,0,0,4196,48,8,3873.435846692,0.996254076,0,1
446.795330447,7,6,144,5,62,1,0,4197,48,8,3877.545916095,0.997311192,1,1
446.958782531,7,7,106,3,63,0,0,4197,48,8,3877.484591379,0.997295420,0,1
447.203851437,8,8,117,4,63,0,0,4196,48,8,3876.149700982,0.996952084,0,1
447.226146913,3,3,140,0,63,0,0,4196,48,8,3873.845696792,0.996359490,0,1
447.241123005,0,0,142,8,63,0,0,4196,48,8,3875.537613940,0.996794654,0,1
447.366040199,2,2,92,3,63,0,0,4197,48,8,3878.390332615,0.997528378,0,1
447.460710825,4,4,118,3,63,0,0,4196,48,8,3876.313998143,0.996994341,0,1
447.486059863,1,1,140,2,63,0,0,4196,48,8,3875.610772985,0.996813470,0,1
447.655553857,6,6,145,5,63,0,0,4196,48,8,3874.197755648,0.996450040,0,1
447.759718254,5,5,139,3,63,0,0,4196,48,8,3873.369703460,0.996237064,0,1
447.899494846,8,5,139,3,62,1,0,4196,48,8,3876.073426259,0.996932466,1,1
447.958782531,7,7,107,0,63,0,0,4197,48,8,3877.412505854,0.997276879,0,1
448.203851437,8,8,118,7,63,0,0,4196,48,8,3876.011289933,0.996916484,0,1
448.226146913,3,3,141,6,63,0,0,4196,48,8,3873.767668975,0.996339421,0,1
448.241123005,0,0,143,5,63,0,0,4196,48,8,3875.465528415,0.996776113,0,1
448.366040199,2,2,93,1,63,0,0,4197,48,8,3878.318247090,0.997509837,0,1
448.460710825,4,4,119,2,63,0,0,4196,48,8,3876.241912619,0.996975801,0,1
448.486059863,1,1,141,4,63,0,0,4196,48,8,3875.538687461,0.996794930,0,1
448.655553857,6,6,146,0,63,0,0,4196,48,8,3874.131612416,0.996433028,0,1
448.759718254,5,5,140,2,63,0,0,4195,48,8,3873.297617935,0.996218523,0,1
448.958782531,7,7,108,6,63,0,0,4197,48,8,3877.346362622,0.997259867,0,1
449.203851437,8,8,119,4,63,0,0,4196,48,8,3875.939204409,0.996897944,0,1
449.226146913,3,3,142,5,63,0,0,4196,48,8,3873.689641158,0.996319352,0,1
449.241123005,0,0,144,1,63,0,0,4196,48,8,3875.387500598,0.996756044,0,1
449.366040199,2,2,94,6,63,0,0,4197,48,8,3878.246161566,0.997491297,0,1
449.460710825,4,4,120,0,63,0,0,4196,48,8,3876.169827094,0.996957260,0,1
449.486059863,1,1,142,2,63,0,0,4196,48,8,3875.460659644,0.996774861,0,1
449.655553857,6,6,147,2,63,0,0,4196,48,8,3874.059526891,0.996414487,0,1
449.759718254,5,5,141,7,63,0,0,4195,48,8,3873.219590118,0.996198454,0,1
449.958782531,7,7,109,1,63,0,0,4197,48,8,3877.268334805,0.997239798,0,1
450.098559366,3,7,109,1,62,1,0,4196,48,8,3873.618290538,0.996301001,1,1
450.203851437,8,8,120,3,63,0,0,4196,48,8,3875.867118884,0.996879403,0,1
450.241123005,0,0,145,2,63,0,0,4196,48,8,3875.315415074,0.996737504,0,1
450.258815366,3,3,143,5,63,0,0,4196,48,8,3873.556984231,0.996285233,0,1
450.366040199,2,2,95,0,63,0,0,4197,48,8,3878.174076041,0.997472756,0,1
450.460710825,4,4,121,2,63,0,0,4196,48,8,3876.097741570,0.996938720,0,1
450.486059863,1,1,143,4,63,0,0,4196,48,8,3875.388574119,0.996756321,0,1
450.655553857,6,6,148,1,63,0,0,4196,48,8,3873.981499074,0.996394418,0,1
450.759718254,5,5,142,1,63,0,0,4195,48,8,3873.147504594,0.996179914,0,1
450.958782531,7,7,110,3,63,0,0,4197,48,8,3877.196249281,0.997221258,0,1
451.203851437,8,8,121,1,63,0,0,4196,48,8,3875.795033360,0.996860862,0,1
451.226146913,3,3,144,8,63,0,0,4196,48,8,3873.473202292,0.996263684,0,1
451.241123005,0,0,146,6,63,0,0,4196,48,8,3875.249271842,0.996720492,0,1
451.343628029,5,8,121,1,62,1,0,4195,48,8,3873.077815749,0.996161990,1,1
451.366040199,2,2,96,3,63,0,0,4197,48,8,3878.101990517,0.997454216,0,1
451.460710825,4,4,122,6,63,0,0,4196,48,8,3876.025656045,0.996920179,0,1
451.486059863,1,1,144,8,63,0,0,4196,48,8,3875.310546302,0.996736252,0,1
451.655553857,6,6,149,5,63,0,0,4196,48,8,3873.909413550,0.996375878,0,1
451.759718254,5,5,143,3,63,0,0,4195,48,8,3873.015035837,0.996145843,0,1
451.899494846,8,5,143,3,62,1,0,4196,48,8,3875.724700929,0.996842773,1,1
451.958782531,7,7,111,0,63,0,0,4197,48,8,3877.130106049,0.997204245,0,1
452.203851437,8,8,122,0,63,0,0,4196,48,8,3875.662564604,0.996826791,0,1
452.226146913,3,3,145,0,63,0,0,4196,48,8,3873.401116768,0.996245143,0,1
452.241123005,0,0,147,3,63,0,0,4196,48,8,3875.177186317,0.996701951,0,1
452.343628029,5,8,122,0,62,1,0,4195,48,8,3872.939404700,0.996126390,1,1
452.366040199,2,2,97,1,63,0,0,4197,48,8,3878.029904992,0.997435675,0,1
452.460710825,4,4,123,2,63,0,0,4196,48,8,3875.959512813,0.996903167,0,1
452.486059863,1,1,145,5,63,0,0,4196,48,8,3875.244403070,0.996719239,0,1
452.655553857,6,6,150,7,63,0,0,4196,48,8,3873.843270318,0.996358866,0,1
452.759718254,5,5,144,1,63,0,0,4195,48,8,3872.870682496,0.996108715,0,1
452.958782531,7,7,112,3,63,0,0,4197,48,8,3877.058020524,0.997185705,0,1
453.203851437,8,8,123,3,63,0,0,4196,48,8,3875.590479079,0.996808251,0,1
453.226146913,3,3,146,4,63,0,0,4195,48,8,3873.323088951,0.996225074,0,1
453.241123005,0,0,148,4,63,0,0,4196,48,8,3875.099158500,0.996681882,0,1
453.366040199,2,2,98,7,63,0,0,4197,48,8,3877.963761760,0.997418663,0,1
453.460710825,4,4,124,5,63,0,0,4196,48,8,3875.887427289,0.996884626,0,1
453.486059863,1,1,146,2,63,0,0,4196,48,8,3875.178259838,0.996702227,0,1
453.655553857,6,6,151,3,63,0,0,4196,48,8,3873.765242501,0.996338797,0,1
453.759718254,5,5,145,0,63,0,0,4195,48,8,3872.798596971,0.996090174,0,1
453.958782531,7,7,113,5,63,0,0,4197,48,8,3876.991877292,0.997168693,0,1
454.203851437,8,8,124,1,63,0,0,4196,48,8,3875.518393555,0.996789710,0,1
454.226146913,3,3,147,4,63,0,0,4195,48,8,3873.245061134,0.996205005,0,1
454.241123005,0,0,149,6,63,0,0,4196,48,8,3875.027072976,0.996663342,0,1
454.366040199,2,2,99,1,63,0,0,4197,48,8,3877.891676236,0.997400122,0,1
454.460710825,4,4,125,7,63,0,0,4196,48,8,3875.815341764,0.996866086,0,1
454.486059863,1,1,147,3,63,0,0,4196,48,8,3875.106174314,0.996683687,0,1
454.655553857,6,6,152,3,63,0,0,4196,48,8,3873.693156976,0.996320256,0,1
454.759718254,5,5,146,3,63,0,0,4195,48,8,3872.726511447,0.996071634,0,1
454.958782531,7,7,114,5,63,0,0,4197,48,8,3876.919791768,0.997150152,0,1
455.203851437,8,8,125,3,63,0,0,4196,48,8,3875.446308030,0.996771170,0,1
455.226146913,3,3,148,6,63,0,0,4195,48,8,3873.172975609,0.996186465,0,1
455.241123005,0,0,150,3,63,0,0,4196,48,8,3874.960929744,0.996646330,0,1
455.366040199,2,2,100,3,63,0,0,4197,48,8,3877.819590711,0.997381582,0,1
455.460710825,4,4,126,7,63,0,0,4196,48,8,3875.743256240,0.996847545,0,1
455.486059863,1,1,148,3,63,0,0,4196,48,8,3875.040031082,0.996666675,0,1
455.655553857,6,6,153,7,63,0,0,4196,48,8,3873.621071452,0.996301716,0,1
455.759718254,5,5,147,0,63,0,0,4195,48,8,3872.648483630,0.996051565,0,1
455.958782531,7,7,115,4,63,0,0,4197,48,8,3876.847706243,0.997131612,0,1
456.203851437,8,8,126,6,63,0,0,4196,48,8,3875.374222506,0.996752629,0,1
456.226146913,3,3,149,4,63,0,0,4195,48,8,3873.100890085,0.996167924,0,1
456.241123005,0,0,151,8,63,0,0,4196,48,8,3874.894786512,0.996629318,0,1
456.366040199,2,2,101,1,63,0,0,4197,48,8,3877.747505187,0.997363041,0,1
456.460710825,4,4,127,0,63,0,0,4196,48,8,3875.665228423,0.996827476,0,1
456.486059863,1,1,149,3,63,0,0,4196,48,8,3874.973887850,0.996649663,0,1
456.655553857,6,6,154,8,63,0,0,4196,48,8,3873.543043635,0.996281647,0,1
456.759718254,5,5,148,4,63,0,0,4195,48,8,3872.570455813,0.996031496,0,1
456.958782531,7,7,116,4,63,0,0,4197,48,8,3876.769678426,0.997111543,0,1
457.203851437,8,8,127,6,63,0,0,4196,48,8,3875.302136981,0.996734089,0,1
457.226146913,3,3,150,5,63,0,0,4195,48,8,3873.028804560,0.996149384,0,1
457.241123005,0,0,152,7,63,0,0,4196,48,8,3874.828643280,0.996612305,0,1
457.366040199,2,2,102,5,63,0,0,4197,48,8,3877.675419662,0.997344501,0,1
457.460710825,4,4,128,1,63,0,0,4196,48,8,3875.587200606,0.996807408,0,1
457.486059863,1,1,150,3,63,0,0,4196,48,8,3874.907744618,0.996632650,0,1
457.655553857,6,6,155,0,63,0,0,4196,48,8,3873.465015818,0.996261578,0,1
457.759718254,5,5,149,2,63,0,0,4195,48,8,3872.498370288,0.996012955,0,1
457.958782531,7,7,117,2,63,0,0,4197,48,8,3876.703535194,0.997094531,0,1
458.098559366,5,7,117,2,62,1,0,4195,48,8,3872.430093039,0.995995394,1,1
458.203851437,8,8,128,2,63,0,0,4196,48,8,3875.230051457,0.996715548,0,1
458.226146913,3,3,151,6,63,0,0,4195,48,8,3872.950776743,0.996129315,0,1
458.241123005,0,0,153,5,63,0,0,4196,48,8,3874.762500048,0.996595293,0,1
458.366040199,2,2,103,4,63,0,0,4197,48,8,3877.597391845,0.997324432,0,1
458.460710825,4,4,129,6,63,0,0,4196,48,8,3875.515115081,0.996788867,0,1
458.486059863,1,1,151,0,63,0,0,4196,48,8,3874.835659093,0.996614110,0,1
458.655553857,6,6,156,7,63,0,0,4196,48,8,3873.386988001,0.996241509,0,1
458.759718254,5,5,150,8,63,0,0,4195,48,8,3872.365901532,0.995978884,0,1
458.958782531,7,7,118,5,63,0,0,4197,48,8,3876.631449670,0.997075990,0,1
459.203851437,8,8,129,5,63,0,0,4196,48,8,3875.152023640,0.996695479,0,1
459.226146913,3,3,152,5,63,0,0,4195,48,8,3872.878691219,0.996110774,0,1
459.241123005,0,0,154,2,63,0,0,4196,48,8,3874.696356816,0.996578281,0,1
459.366040199,2,2,104,0,63,0,0,4197,48,8,3877.525306321,0.997305892,0,1
459.460710825,4,4,130,3,63,0,0,4196,48,8,3875.437087264,0.996768798,0,1
459.486059863,1,1,152,5,63,0,0,4196,48,8,3874.769515861,0.996597098,0,1
459.655553857,6,6,157,1,63,0,0,4195,48,8,3873.314902476,0.996222969,0,1
459.759718254,5,5,151,2,63,0,0,4195,48,8,3872.293816007,0.995960344,0,1
459.795331038,0,6,157,1,62,1,0,4196,48,8,3874.620896761,0.996558873,1,1
459.958782531,7,7,119,4,63,0,0,4196,48,8,3876.559364145,0.997057450,0,1
460.203851437,8,8,130,0,63,0,0,4196,48,8,3875.079938115,0.996676939,0,1
460.226146913,3,3,153,7,63,0,0,4195,48,8,3872.806605695,0.996092234,0,1
460.241123005,0,0,155,3,63,0,0,4196,48,8,3874.552003475,0.996541153,0,1
460.343628029,5,8,130,0,62,1,0,4195,48,8,3872.224127163,0.995942420,1,1
460.365923503,6,3,153,7,62,1,0,4195,48,8,3873.232600638,0.996201801,1,1
460.366040199,2,2,105,4,63,0,0,4197,48,8,3877.459163089,0.997288879,0,1
460.460710825,4,4,131,1,63,0,0,4196,48,8,3875.370944032,0.996751786,0,1
460.486059863,1,1,153,8,63,0,0,4196,48,8,3874.697430337,0.996578557,0,1
460.655553857,6,6,158,8,63,0,0,4195,48,8,3873.170549135,0.996185841,0,1
460.759718254,5,5,152,8,63,0,0,4195,48,8,3872.155404959,0.995924744,0,1
460.958782531,7,7,120,1,63,0,0,4196,48,8,3876.493220913,0.997040437,0,1
461.098559366,3,7,120,1,62,1,0,4195,48,8,3872.735255074,0.996073882,1,1
461.203851437,8,8,131,5,63,0,0,4196,48,8,3875.001910298,0.996656870,0,1
461.241123005,0,0,156,6,63,0,0,4196,48,8,3874.479917950,0.996522613,0,1
461.258815366,3,3,154,8,63,0,0,4195,48,8,3872.673948768,0.996058114,0,1
461.366040199,2,2,106,8,63,0,0,4197,48,8,3877.387077564,0.997270339,0,1
461.460710825,4,4,132,5,63,0,0,4196,48,8,3875.298858508,0.996733246,0,1
461.486059863,1,1,154,4,63,0,0,4196,48,8,3874.619402520,0.996558488,0,1
461.655553857,6,6,159,3,63,0,0,4195,48,8,3873.098463610,0.996167300,0,1
461.759718254,5,5,153,1,63,0,0,4195,48,8,3872.083319434,0.995906204,0,1
461.958782531,7,7,121,2,63,0,0,4196,48,8,3876.421135389,0.997021897,0,1
462.098559366,5,7,121,2,62,1,0,4195,48,8,3872.015042185,0.995888643,1,1
462.203851437,8,8,132,7,63,0,0,4196,48,8,3874.929824774,0.996638329,0,1
462.226146913,3,3,155,5,63,0,0,4195,48,8,3872.590166829,0.996036566,0,1
462.241123005,0,0,157,8,63,0,0,4196,48,8,3874.401890133,0.996502544,0,1
462.366040199,2,2,107,0,63,0,0,4197,48,8,3877.309049747,0.997250270,0,1
462.460710825,4,4,133,3,63,0,0,4196,48,8,3875.220830691,0.996713177,0,1
462.486059863,1,1,155,5,63,0,0,4196,48,8,3874.547316995,0.996539948,0,1
462.655553857,6,6,160,4,63,0,0,4195,48,8,3873.026378086,0.996148760,0,1
462.759718254,5,5,154,1,63,0,0,4195,48,8,3871.950850678,0.995872132,0,1
462.958782531,7,7,122,0,63,0,0,4196,48,8,3876.354992157,0.997004885,0,1
463.098559121,6,7,122,0,62,1,0,4195,48,8,3872.957500851,0.996131044,1,1
463.203851437,8,8,133,1,63,0,0,4196,48,8,3874.851796957,0.996618261,0,1
463.226146913,3,3,156,8,63,0,0,4195,48,8,3872.518081304,0.996018025,0,1
463.241123005,0,0,158,7,63,0,0,4196,48,8,3874.335746901,0.996485532,0,1
463.343628029,5,8,133,1,62,1,0,4195,48,8,3871.875219540,0.995852680,1,1
463.366040199,2,2,108,0,63,0,0,4197,48,8,3877.231021930,0.997230201,0,1
463.460710825,4,4,134,5,63,0,0,4196,48,8,3875.148745166,0.996694636,0,1
463.486059863,1,1,156,5,63,0,0,4196,48,8,3874.469289178,0.996519879,0,1
463.655553857,6,6,161,0,63,0,0,4195,48,8,3872.893909329,0.996114689,0,1
463.759718254,5,5,155,8,63,0,0,4195,48,8,3871.806497336,0.995835004,0,1
463.958782531,7,7,123,6,63,0,0,4196,48,8,3876.288848925,0.996987873,0,1
464.203851437,8,8,134,5,63,0,0,4196,48,8,3874.773769140,0.996598192,0,1
464.226146913,3,3,157,7,63,0,0,4195,48,8,3872.445995780,0.995999485,0,1
464.241123005,0,0,159,1,63,0,0,4196,48,8,3874.251776792,0.996463934,0,1
464.366040199,2,2,109,6,63,0,0,4197,48,8,3877.164878698,0.997213189,0,1
464.460710825,4,4,135,6,63,0,0,4196,48,8,3875.070717349,0.996674567,0,1
464.486059863,1,1,157,5,63,0,0,4196,48,8,3874.397203654,0.996501338,0,1
464.655553857,6,6,162,8,63,0,0,4195,48,8,3872.821823805,0.996096148,0,1
464.759718254,5,5,156,6,63,0,0,4195,48,8,3871.734411812,0.995816464,0,1
464.958782531,7,7,124,2,63,0,0,4196,48,8,3876.222705693,0.996970861,0,1
465.098559366,5,7,124,2,62,1,0,4195,48,8,3871.666134562,0.995798903,1,1
465.203851437,8,8,135,4,63,0,0,4196,48,8,3874.701683615,0.996579651,0,1
465.226146913,3,3,158,2,63,0,0,4195,48,8,3872.367967963,0.995979416,0,1
465.241123005,0,0,160,5,63,0,0,4196,48,8,3874.179691267,0.996445394,0,1
465.366040199,2,2,110,7,63,0,0,4197,48,8,3877.086850881,0.997193120,0,1
465.460710825,4,4,136,0,63,0,0,4196,48,8,3874.998631825,0.996656027,0,1
465.486059863,1,1,158,8,63,0,0,4196,48,8,3874.325118129,0.996482798,0,1
465.655553857,6,6,163,1,63,0,0,4195,48,8,3872.749738280,0.996077608,0,1
465.759718254,5,5,157,7,63,0,0,4195,48,8,3871.601943055,0.995782393,0,1
465.958782531,7,7,125,5,63,0,0,4196,48,8,3876.150620168,0.996952320,0,1
466.203851437,8,8,136,2,63,0,0,4196,48,8,3874.629598091,0.996561111,0,1
466.226146913,3,3,159,4,63,0,0,4195,48,8,3872.289940146,0.995959347,0,1
466.241123005,0,0,161,8,63,0,0,4196,48,8,3874.113548035,0.996428382,0,1
466.366040199,2,2,111,1,63,0,0,4197,48,8,3877.008823064,0.997173051,0,1
466.460710825,4,4,137,0,63,0,0,4196,48,8,3874.926546301,0.996637486,0,1
466.486059863,1,1,159,2,63,0,0,4196,48,8,3874.258974897,0.996465786,0,1
466.655553857,6,6,164,0,63,0,0,4195,48,8,3872.671710464,0.996057539,0,1
466.759718254,5,5,158,4,63,0,0,4195,48,8,3871.523915238,0.995762324,0,1
466.958782531,7,7,126,6,63,0,0,4196,48,8,3876.078534644,0.996933779,0,1
467.203851437,8,8,137,5,63,0,0,4196,48,8,3874.551570274,0.996541042,0,1
467.226146913,3,3,160,4,63,0,0,4195,48,8,3872.211912329,0.995939278,0,1
467.241123005,0,0,162,8,63,0,0,4196,48,8,3874.041462511,0.996409841,0,1
467.366040199,2,2,112,6,63,0,0,4197,48,8,3876.930795247,0.997152982,0,1
467.460710825,4,4,138,1,63,0,0,4196,48,8,3874.854460776,0.996618946,0,1
467.486059863,1,1,160,4,63,0,0,4196,48,8,3874.186889373,0.996447245,0,1
467.655553857,6,6,165,5,63,0,0,4195,48,8,3872.587740354,0.996035941,0,1
467.759718254,5,5,159,1,63,0,0,4195,48,8,3871.451829714,0.995743783,0,1
467.795330447,7,6,165,5,62,1,0,4196,48,8,3876.001448311,0.996913953,1,1
467.958782531,7,7,127,0,63,0,0,4196,48,8,3875.940123595,0.996898180,0,1
468.098559121,6,7,127,0,62,1,0,4195,48,8,3872.512920827,0.996016698,1,1
468.203851437,8,8,138,1,63,0,0,4196,48,8,3874.473542457,0.996520973,0,1
468.226146913,3,3,161,0,63,0,0,4195,48,8,3872.127942219,0.995917681,0,1
468.241123005,0,0,163,5,63,0,0,4196,48,8,3873.975319279,0.996392829,0,1
468.366040199,2,2,113,6,63,0,0,4197,48,8,3876.864652015,0.997135970,0,1
468.460710825,4,4,139,7,63,0,0,4196,48,8,3874.782375252,0.996600405,0,1
468.486059863,1,1,161,4,63,0,0,4196,48,8,3874.114803848,0.996428705,0,1
468.655553857,6,6,166,0,63,0,0,4195,48,8,3872.449329305,0.996000342,0,1
468.759718254,5,5,160,6,63,0,0,4195,48,8,3871.379744189,0.995725243,0,1
468.958782531,7,7,128,2,63,0,0,4196,48,8,3875.873980363,0.996881168,0,1
469.203851437,8,8,139,1,63,0,0,4196,48,8,3874.401456932,0.996502432,0,1
469.226146913,3,3,162,0,63,0,0,4195,48,8,3872.049914402,0.995897612,0,1
469.241123005,0,0,164,2,63,0,0,4196,48,8,3873.909176047,0.996375817,0,1
469.343628029,5,8,139,1,62,1,0,4195,48,8,3871.310055344,0.995707319,1,1
469.366040199,2,2,114,6,63,0,0,4197,48,8,3876.786624199,0.997115901,0,1
469.460710825,4,4,140,2,63,0,0,4196,48,8,3874.710289727,0.996581865,0,1
469.486059863,1,1,162,6,63,0,0,4196,48,8,3874.042718324,0.996410164,0,1
469.655553857,6,6,167,2,63,0,0,4195,48,8,3872.377243781,0.995981801,0,1
469.759718254,5,5,161,3,63,0,0,4195,48,8,3871.241333140,0.995689643,0,1
469.958782531,7,7,129,2,63,0,0,4196,48,8,3875.807837131,0.996864156,0,1
470.098559366,5,7,129,2,62,1,0,4195,48,8,3871.173055891,0.995672082,1,1
470.203851437,8,8,140,5,63,0,0,4196,48,8,3874.323429116,0.996482363,0,1
470.226146913,3,3,163,4,63,0,0,4195,48,8,3871.977828878,0.995879071,0,1
470.241123005,0,0,165,8,63,0,0,4196,48,8,3873.831148230,0.996355748,0,1
470.366040199,2,2,115,3,63,0,0,4197,48,8,3876.714538674,0.997097361,0,1
470.460710825,4,4,141,7,63,0,0,4196,48,8,3874.638204203,0.996563324,0,1
470.486059863,1,1,163,5,63,0,0,4196,48,8,3873.970632799,0.996391624,0,1
470.655553857,6,6,168,1,63,0,0,4195,48,8,3872.299215964,0.995961733,0,1
470.759718254,5,5,162,8,63,0,0,4195,48,8,3871.108864384,0.995655572,0,1
470.958782531,7,7,130,2,63,0,0,4196,48,8,3875.741693899,0.996847143,0,1
471.098559366,5,7,130,2,62,1,0,4195,48,8,3871.040587135,0.995638011,1,1
471.203851437,8,8,141,5,63,0,0,4196,48,8,3874.245401299,0.996462295,0,1
471.226146913,3,3,164,1,63,0,0,4195,48,8,3871.905743353,0.995860531,0,1
471.241123005,0,0,166,1,63,0,0,4196,48,8,3873.759062705,0.996337207,0,1
471.366040199,2,2,116,5,63,0,0,4197,48,8,3876.630568565,0.997075764,0,1
471.460710825,4,4,142,1,63,0,0,4196,48,8,3874.566118678,0.996544784,0,1
471.486059863,1,1,164,2,63,0,0,4196,48,8,3873.898547275,0.996373083,0,1
471.655553857,6,6,169,8,63,0,0,4195,48,8,3872.221188147,0.995941664,0,1
471.759718254,5,5,163,6,63,0,0,4195,48,8,3870.976395627,0.995621501,0,1
471.958782531,7,7,131,0,63,0,0,4196,48,8,3875.663666082,0.996827075,0,1
472.098559121,6,7,131,0,62,1,0,4195,48,8,3872.152310912,0.995923948,1,1
472.203851437,8,8,142,0,63,0,0,4196,48,8,3874.173315774,0.996443754,0,1
472.226146913,3,3,165,7,63,0,0,4195,48,8,3871.833657829,0.995841990,0,1
472.241123005,0,0,167,3,63,0,0,4196,48,8,3873.692919473,0.996320195,0,1
472.366040199,2,2,117,7,63,0,0,4196,48,8,3876.558483040,0.997057223,0,1
472.460710825,4,4,143,7,63,0,0,4196,48,8,3874.494033154,0.996526243,0,1
472.486059863,1,1,165,8,63,0,0,4196,48,8,3873.826461751,0.996354543,0,1
472.655553857,6,6,170,8,63,0,0,4195,48,8,3872.082777098,0.995906064,0,1
472.759718254,5,5,164,7,63,0,0,4195,48,8,3870.904310103,0.995602960,0,1
472.899494846,8,5,164,7,62,1,0,4196,48,8,3874.102983344,0.996425664,1,1
472.958782531,7,7,132,3,63,0,0,4196,48,8,3875.597522850,0.996810062,0,1
473.203851437,8,8,143,3,63,0,0,4196,48,8,3874.040847018,0.996409683,0,1
473.226146913,3,3,166,1,63,0,0,4195,48,8,3871.761572304,0.995823450,0,1
473.241123005,0,0,168,3,63,0,0,4196,48,8,3873.620833949,0.996301655,0,1
473.366040199,2,2,118,7,63,0,0,4196,48,8,3876.486397516,0.997038682,0,1
473.460710825,4,4,144,3,63,0,0,4196,48,8,3874.427889922,0.996509231,0,1
473.486059863,1,1,166,0,63,0,0,4196,48,8,3873.754376226,0.996336002,0,1
473.655553857,6,6,171,7,63,0,0,4195,48,8,3872.010691573,0.995887524,0,1
473.759718254,5,5,165,1,63,0,0,4195,48,8,3870.832224578,0.995584420,0,1
473.958782531,7,7,133,1,63,0,0,4196,48,8,3875.531379618,0.996793050,0,1
474.098559366,3,7,133,1,62,1,0,4195,48,8,3871.690221684,0.995805098,1,1
474.203851437,8,8,144,4,63,0,0,4196,48,8,3873.968761493,0.996391142,0,1
474.241123005,0,0,169,5,63,0,0,4196,48,8,3873.548748424,0.996283114,0,1
474.258815366,3,3,167,6,63,0,0,4195,48,8,3871.628915378,0.995789330,0,1
474.366040199,2,2,119,0,63,0,0,4196,48,8,3876.408369699,0.997018614,0,1
474.460710825,4,4,145,5,63,0,0,4196,48,8,3874.349862105,0.996489162,0,1
474.486059863,1,1,167,7,63,0,0,4196,48,8,3873.670406117,0.996314405,0,1
474.655553857,6,6,172,3,63,0,0,4195,48,8,3871.932663756,0.995867455,0,1
474.759718254,5,5,166,4,63,0,0,4195,48,8,3870.760139054,0.995565879,0,1
474.958782531,7,7,134,1,63,0,0,4196,48,8,3875.465236386,0.996776038,0,1
475.203851437,8,8,145,7,63,0,0,4196,48,8,3873.896675969,0.996372602,0,1
475.226146913,3,3,168,0,63,0,0,4195,48,8,3871.557018023,0.995770838,0,1
475.241123005,0,0,170,4,63,0,0,4196,48,8,3873.476662900,0.996264574,0,1
475.366040199,2,2,120,8,63,0,0,4196,48,8,3876.330341882,0.996998545,0,1
475.460710825,4,4,146,5,63,0,0,4196,48,8,3874.277776580,0.996470622,0,1
475.486059863,1,1,168,2,63,0,0,4196,48,8,3873.592378300,0.996294336,0,1
475.655553857,6,6,173,1,63,0,0,4195,48,8,3871.860578232,0.995848914,0,1
475.759718254,5,5,167,3,63,0,0,4195,48,8,3870.688053529,0.995547339,0,1
475.958782531,7,7,135,4,63,0,0,4196,48,8,3875.393150862,0.996757498,0,1
476.203851437,8,8,146,3,63,0,0,4196,48,8,3873.824590444,0.996354061,0,1
476.226146913,3,3,169,0,63,0,0,4195,48,8,3871.478990207,0.995750769,0,1
476.241123005,0,0,171,1,63,0,0,4196,48,8,3873.410519668,0.996247562,0,1
476.366040199,2,2,121,3,63,0,0,4196,48,8,3876.264198650,0.996981533,0,1
476.460710825,4,4,147,1,63,0,0,4196,48,8,3874.205691056,0.996452081,0,1
476.486059863,1,1,169,8,63,0,0,4196,48,8,3873.520292775,0.996275795,0,1
476.655553857,6,6,174,1,63,0,0,4195,48,8,3871.788492707,0.995830374,0,1
476.759718254,5,5,168,8,63,0,0,4195,48,8,3870.621910297,0.995530327,0,1
476.958782531,7,7,136,2,63,0,0,4196,48,8,3875.315123045,0.996737429,0,1
477.098559366,5,7,136,2,62,1,0,4195,48,8,3870.553633048,0.995512766,1,1
477.203851437,8,8,147,7,63,0,0,4196,48,8,3873.752504920,0.996335521,0,1
477.226146913,3,3,170,5,63,0,0,4195,48,8,3871.406904682,0.995732229,0,1
477.241123005,0,0,172,8,63,0,0,4195,48,8,3873.338434143,0.996229021,0,1
477.366040199,2,2,122,1,63,0,0,4196,48,8,3876.192113125,0.996962992,0,1
477.460710825,4,4,148,7,63,0,0,4196,48,8,3874.133605531,0.996433541,0,1
477.486059863,1,1,170,0,63,0,0,4196,48,8,3873.448207251,0.996257255,0,1
477.655553857,6,6,175,2,63,0,0,4195,48,8,3871.710464890,0.995810305,0,1
477.759718254,5,5,169,6,63,0,0,4195,48,8,3870.489441541,0.995496256,0,1
477.958782531,7,7,137,0,63,0,0,4196,48,8,3875.243037520,0.996718888,0,1
478.098559121,6,7,137,0,62,1,0,4195,48,8,3871.641587656,0.995792589,1,1
478.203851437,8,8,148,3,63,0,0,4196,48,8,3873.674477103,0.996315452,0,1
478.226146913,3,3,171,8,63,0,0,4195,48,8,3871.334819158,0.995713688,0,1
478.241123005,0,0,173,2,63,0,0,4195,48,8,3873.266348619,0.996210481,0,1
478.366040199,2,2,123,4,63,0,0,4196,48,8,3876.120027601,0.996944452,0,1
478.460710825,4,4,149,6,63,0,0,4196,48,8,3874.061520007,0.996415000,0,1
478.486059863,1,1,171,7,63,0,0,4196,48,8,3873.376121726,0.996238714,0,1
478.655553857,6,6,176,2,63,0,0,4195,48,8,3871.577996134,0.995776234,0,1
478.759718254,5,5,170,3,63,0,0,4195,48,8,3870.411413724,0.995476187,0,1
478.795330447,3,6,176,2,62,1,0,4195,48,8,3871.265215136,0.995695786,1,1
478.899494846,8,5,170,3,62,1,0,4196,48,8,3873.604144672,0.996297362,1,1
478.958782531,7,7,138,5,63,0,0,4196,48,8,3875.170951996,0.996700348,0,1
479.203851437,8,8,149,0,63,0,0,4196,48,8,3873.542008346,0.996281381,0,1
479.226146913,3,3,172,2,63,0,0,4195,48,8,3871.196408109,0.995678089,0,1
479.241123005,0,0,174,1,63,0,0,4195,48,8,3873.200205387,0.996193468,0,1
479.366040199,2,2,124,3,63,0,0,4196,48,8,3876.047942076,0.996925911,0,1
479.460710825,4,4,150,7,63,0,0,4196,48,8,3873.995376775,0.996397988,0,1
479.486059863,1,1,172,3,63,0,0,4195,48,8,3873.309978494,0.996221702,0,1
479.655553857,6,6,177,0,63,0,0,4195,48,8,3871.505910609,0.995757693,0,1
479.759718254,5,5,171,6,63,0,0,4195,48,8,3870.345270492,0.995459175,0,1
479.958782531,7,7,139,5,63,0,0,4196,48,8,3875.098866471,0.996681807,0,1
480.203851437,8,8,150,0,63,0,0,4196,48,8,3873.469922822,0.996262840,0,1
480.226146913,3,3,173,2,63,0,0,4195,48,8,3871.124322584,0.995659548,0,1
480.241123005,0,0,175,1,63,0,0,4195,48,8,3873.128119862,0.996174928,0,1
480.343628029,5,8,150,0,62,1,0,4195,48,8,3870.269639355,0.995439722,1,1
480.366040199,2,2,125,3,63,0,0,4196,48,8,3875.975856552,0.996907371,0,1
480.460710825,4,4,151,3,63,0,0,4196,48,8,3873.923291250,0.996379447,0,1
480.486059863,1,1,173,8,63,0,0,4195,48,8,3873.231950677,0.996201633,0,1
480.655553857,6,6,178,3,63,0,0,4195,48,8,3871.433825085,0.995739153,0,1
480.759718254,5,5,172,2,63,0,0,4195,48,8,3870.200917151,0.995422047,0,1
480.958782531,7,7,140,3,63,0,0,4196,48,8,3875.026780947,0.996663267,0,1
481.203851437,8,8,151,0,63,0,0,4196,48,8,3873.397837297,0.996244300,0,1
481.226146913,3,3,174,4,63,0,0,4195,48,8,3871.046294767,0.995639479,0,1
481.241123005,0,0,176,1,63,0,0,4195,48,8,3873.061976630,0.996157916,0,1
481.343628029,5,8,151,0,62,1,0,4195,48,8,3870.131228306,0.995404123,1,1
481.366040199,2,2,126,3,63,0,0,4196,48,8,3875.897828735,0.996887302,0,1
481.460710825,4,4,152,6,63,0,0,4196,48,8,3873.845263433,0.996359378,0,1
481.486059863,1,1,174,6,63,0,0,4195,48,8,3873.159865153,0.996183093,0,1
481.655553857,6,6,179,7,63,0,0,4195,48,8,3871.355797268,0.995719084,0,1
481.759718254,5,5,173,8,63,0,0,4194,48,8,3870.062506102,0.995386447,0,1
481.958782531,7,7,141,0,63,0,0,4196,48,8,3874.960637715,0.996646255,0,1
482.098559121,6,7,141,0,62,1,0,4195,48,8,3871.286920033,0.995701368,1,1
482.203851437,8,8,152,7,63,0,0,4195,48,8,3873.325751773,0.996225759,0,1
482.226146913,3,3,175,6,63,0,0,4195,48,8,3870.974209243,0.995620939,0,1
482.241123005,0,0,177,1,63,0,0,4195,48,8,3872.983948813,0.996137847,0,1
482.366040199,2,2,127,4,63,0,0,4196,48,8,3875.825743210,0.996868761,0,1
482.460710825,4,4,153,3,63,0,0,4196,48,8,3873.773177909,0.996340838,0,1
482.486059863,1,1,175,7,63,0,0,4195,48,8,3873.093721921,0.996166081,0,1
482.655553857,6,6,180,2,63,0,0,4195,48,8,3871.217386219,0.995683484,0,1
482.759718254,5,5,174,4,63,0,0,4194,48,8,3869.984478285,0.995366378,0,1
482.958782531,7,7,142,0,63,0,0,4196,48,8,3874.888552190,0.996627714,0,1
483.098559121,6,7,142,0,62,1,0,4195,48,8,3871.148508984,0.995665769,1,1
483.203851437,8,8,153,7,63,0,0,4195,48,8,3873.253666248,0.996207219,0,1
483.205627681,2,2,9,65535,63,0,0,4196,0,8,3875.748639369,0.996848930,0,1
483.226146913,3,3,176,8,63,0,0,4195,48,8,3870.908066011,0.995603926,0,1
483.241123005,0,0,178,1,63,0,0,4195,48,8,3872.917805581,0.996120835,0,1
483.376123681,2,2,128,5,63,0,0,4196,48,8,3875.687274081,0.996833147,0,1
483.460710825,4,4,154,7,63,0,0,4196,48,8,3873.701092384,0.996322297,0,1
483.486059863,1,1,176,5,63,0,0,4195,48,8,3873.021636396,0.996147540,0,1
483.655553857,6,6,181,3,63,0,0,4195,48,8,3871.084917463,0.995649413,0,1
483.759718254,5,5,175,3,63,0,0,4194,48,8,3869.912392760,0.995347838,0,1
483.899494846,8,5,175,3,62,1,0,4195,48,8,3873.183333818,0.996189129,1,1
483.958782531,7,7,143,4,63,0,0,4196,48,8,3874.810524373,0.996607645,0,1
484.203851437,8,8,154,5,63,0,0,4195,48,8,3873.121197492,0.996173148,0,1
484.226146913,3,3,177,8,63,0,0,4195,48,8,3870.830038194,0.995583858,0,1
484.241123005,0,0,179,7,63,0,0,4195,48,8,3872.851662349,0.996103823,0,1
484.365923503,6,3,177,8,62,1,0,4195,48,8,3871.008557916,0.995629773,1,1
484.366040199,2,2,129,7,63,0,0,4196,48,8,3875.615246637,0.996814621,0,1
484.460710825,4,4,155,1,63,0,0,4196,48,8,3873.629006860,0.996303757,0,1
484.486059863,1,1,177,6,63,0,0,4195,48,8,3872.943608579,0.996127471,0,1
484.655553857,6,6,182,7,63,0,0,4195,48,8,3870.946506414,0.995613813,0,1
484.759718254,5,5,176,6,63,0,0,4194,48,8,3869.846249528,0.995330825,0,1
484.958782531,7,7,144,6,63,0,0,4196,48,8,3874.738438849,0.996589105,0,1
485.203851437,8,8,155,4,63,0,0,4195,48,8,3873.043169675,0.996153079,0,1
485.226146913,3,3,178,0,63,0,0,4195,48,8,3870.757952669,0.995565317,0,1
485.241123005,0,0,180,5,63,0,0,4195,48,8,3872.779576825,0.996085282,0,1
485.366040199,2,2,130,5,63,0,0,4196,48,8,3875.543161112,0.996796081,0,1
485.460710825,4,4,156,5,63,0,0,4196,48,8,3873.556921335,0.996285216,0,1
485.486059863,1,1,178,3,63,0,0,4195,48,8,3872.877465347,0.996110459,0,1
485.655553857,6,6,183,2,63,0,0,4195,48,8,3870.874420889,0.995595273,0,1
485.759718254,5,5,177,8,63,0,0,4194,48,8,3869.774164004,0.995312285,0,1
485.958782531,7,7,145,3,63,0,0,4196,48,8,3874.672295617,0.996572092,0,1
486.060164480,4,4,9,65535,63,0,0,4196,0,7,3873.518853186,0.996275425,0,1
486.203851437,8,8,156,5,63,0,0,4195,48,8,3872.959199565,0.996131481,0,1
486.226146913,3,3,179,5,63,0,0,4195,48,8,3870.685867145,0.995546777,0,1
486.241123005,0,0,181,6,63,0,0,4195,48,8,3872.713433593,0.996068270,0,1
486.366040199,2,2,131,5,63,0,0,4196,48,8,3875.471075588,0.996777540,0,1
486.422851395,0,0,9,65535,63,0,0,4195,0,7,3872.677771541,0.996059098,0,1
486.460710825,4,4,157,1,63,0,0,4196,48,8,3873.456162807,0.996259301,0,1
486.486059863,1,1,179,4,63,0,0,4195,48,8,3872.801839128,0.996091008,0,1
486.655553857,6,6,184,8,63,0,0,4195,48,8,3870.798794670,0.995575822,0,1
486.759718254,5,5,178,6,63,0,0,4194,48,8,3869.702078479,0.995293744,0,1
486.958782531,7,7,146,6,63,0,0,4196,48,8,3874.600210092,0.996553552,0,1
487.203851437,8,8,157,1,63,0,0,4195,48,8,3872.893056333,0.996114469,0,1
487.226146913,3,3,180,0,63,0,0,4195,48,8,3870.613781620,0.995528236,0,1
487.241123005,0,0,182,2,63,0,0,4195,48,8,3872.612675065,0.996042355,0,1
487.366040199,2,2,132,6,63,0,0,4196,48,8,3875.398990063,0.996759000,0,1
487.460710825,4,4,158,8,63,0,0,4196,48,8,3873.384077283,0.996240761,0,1
487.486059863,1,1,180,8,63,0,0,4195,48,8,3872.729753603,0.996072467,0,1
487.655553857,6,6,185,2,63,0,0,4195,48,8,3870.726709145,0.995557281,0,1
487.759718254,5,5,179,3,63,0,0,4194,48,8,3869.624050662,0.995273676,0,1
487.815809857,6,6,9,65535,63,0,0,4195,0,8,3870.665402839,0.995541513,0,1
487.931177313,1,1,9,65535,63,0,0,4195,0,7,3872.692574431,0.996062905,0,1
487.958782531,7,7,147,4,63,0,0,4196,48,8,3874.515860284,0.996531857,0,1
488.129722679,8,8,9,65535,63,0,0,4195,0,8,3872.821397791,0.996096039,0,1
488.226146913,3,3,181,2,63,0,0,4195,48,8,3870.535374104,0.995508069,0,1
488.241123005,0,0,183,8,63,0,0,4195,48,8,3872.540589540,0.996023814,0,1
488.300218679,8,8,158,1,63,0,0,4195,48,8,3872.760032502,0.996080255,0,1
488.366040199,2,2,133,5,63,0,0,4196,48,8,3875.329306136,0.996741077,0,1
488.460710825,4,4,159,2,63,0,0,4195,48,8,3873.311991758,0.996222220,0,1
488.486059863,1,1,181,0,63,0,0,4195,48,8,3872.628995075,0.996046552,0,1
488.655553857,6,6,186,5,63,0,0,4195,48,8,3870.588298096,0.995521682,0,1
488.759718254,5,5,180,8,63,0,0,4194,48,8,3869.551965138,0.995255135,0,1
488.795330447,7,6,186,5,62,1,0,4196,48,8,3874.438773951,0.996512030,1,1
488.958782531,7,7,148,8,63,0,0,4196,48,8,3874.377449235,0.996496258,0,1
489.203851437,8,8,159,2,63,0,0,4195,48,8,3872.688502052,0.996061858,0,1
489.226146913,3,3,182,4,63,0,0,4195,48,8,3870.463288580,0.995489529,0,1
489.241123005,0,0,184,2,63,0,0,4195,48,8,3872.462561723,0.996003745,0,1
489.366040199,2,2,134,1,63,0,0,4196,48,8,3875.263162904,0.996724065,0,1
489.460710825,4,4,160,8,63,0,0,4195,48,8,3873.239906234,0.996203680,0,1
489.486059863,1,1,182,2,63,0,0,4195,48,8,3872.562851843,0.996029540,0,1
489.655553857,6,6,187,4,63,0,0,4195,48,8,3870.510270279,0.995501613,0,1
489.759718254,5,5,181,7,63,0,0,4194,48,8,3869.485821906,0.995238123,0,1
489.958782531,7,7,149,4,63,0,0,4196,48,8,3874.311306003,0.996479245,0,1
490.179680522,5,5,9,65535,63,0,0,4194,0,7,3869.442845335,0.995227069,0,1
490.203851437,8,8,160,3,63,0,0,4195,48,8,3872.616416528,0.996043317,0,1
490.226146913,3,3,183,4,63,0,0,4195,48,8,3870.385260763,0.995469460,0,1
490.241123005,0,0,185,2,63,0,0,4195,48,8,3872.396418491,0.995986733,0,1
490.366040199,2,2,135,4,63,0,0,4196,48,8,3875.187536685,0.996704613,0,1
490.460710825,4,4,161,3,63,0,0,4195,48,8,3873.164280014,0.996184228,0,1
490.486059863,1,1,183,3,63,0,0,4195,48,8,3872.496708611,0.996012528,0,1
490.655553857,6,6,188,4,63,0,0,4195,48,8,3870.432242462,0.995481544,0,1
490.759718254,5,5,182,4,63,0,0,4194,48,8,3869.379121085,0.995210679,0,1
490.958782531,7,7,150,6,63,0,0,4196,48,8,3874.241622076,0.996461323,0,1
491.000395817,3,3,9,65535,63,0,0,4195,0,8,3870.314475564,0.995451254,0,1
491.203851437,8,8,161,6,63,0,0,4195,48,8,3872.538388711,0.996023248,0,1
491.226146913,3,3,184,5,63,0,0,4195,48,8,3870.252792006,0.995435389,0,1
491.241123005,0,0,186,5,63,0,0,4195,48,8,3872.323953268,0.995968095,0,1
491.366040199,2,2,136,3,63,0,0,4196,48,8,3875.109129169,0.996684447,0,1
491.460710825,4,4,162,6,63,0,0,4195,48,8,3873.098136782,0.996167216,0,1
491.486059863,1,1,184,5,63,0,0,4195,48,8,3872.430565379,0.995995516,0,1
491.655553857,6,6,189,3,63,0,0,4195,48,8,3870.360156938,0.995463003,0,1
491.759718254,5,5,183,6,63,0,0,4194,48,8,3869.312977853,0.995193667,0,1
491.958782531,7,7,151,2,63,0,0,4196,48,8,3874.169536551,0.996442782,0,1
492.203851437,8,8,162,4,63,0,0,4195,48,8,3872.460360894,0.996003179,0,1
492.226146913,3,3,185,7,63,0,0,4195,48,8,3870.168821897,0.995413792,0,1
492.241123005,0,0,187,7,63,0,0,4195,48,8,3872.251867743,0.995949554,0,1
492.366040199,2,2,137,7,63,0,0,4196,48,8,3875.031101352,0.996664378,0,1
492.460710825,4,4,163,0,63,0,0,4195,48,8,3873.026051258,0.996148676,0,1
492.486059863,1,1,185,6,63,0,0,4195,48,8,3872.364422147,0.995978504,0,1
492.655553857,6,6,190,0,63,0,0,4195,48,8,3870.288071413,0.995444463,0,1
492.759718254,5,5,184,7,63,0,0,4194,48,8,3869.246834621,0.995176655,0,1
492.847284098,7,7,9,65535,63,0,0,4196,0,7,3874.123861194,0.996431034,0,1
492.958782531,7,7,152,2,63,0,0,4196,48,8,3874.062835731,0.996415338,0,1
493.098559366,5,7,152,2,62,1,0,4194,48,8,3869.178557372,0.995159094,1,1
493.203851437,8,8,163,4,63,0,0,4195,48,8,3872.384734675,0.995983728,0,1
493.226146913,3,3,186,4,63,0,0,4194,48,8,3870.090794080,0.995393723,0,1
493.241123005,0,0,188,2,63,0,0,4195,48,8,3872.179782219,0.995931014,0,1
493.366040199,2,2,138,8,63,0,0,4196,48,8,3874.959015827,0.996645837,0,1
493.460710825,4,4,164,1,63,0,0,4195,48,8,3872.953965733,0.996130135,0,1
493.486059863,1,1,186,3,63,0,0,4195,48,8,3872.298278915,0.995961491,0,1
493.655553857,6,6,191,0,63,0,0,4195,48,8,3870.212445194,0.995425012,0,1
493.759718254,5,5,185,7,63,0,0,4194,48,8,3869.114365865,0.995142584,0,1
493.899494846,8,5,185,7,62,1,0,4195,48,8,3872.308459952,0.995964110,1,1
493.958782531,7,7,153,8,63,0,0,4196,48,8,3873.984807914,0.996395270,0,1
494.203851437,8,8,164,6,63,0,0,4195,48,8,3872.246323626,0.995948129,0,1
494.226146913,3,3,187,8,63,0,0,4194,48,8,3870.024650848,0.995376711,0,1
494.241123005,0,0,189,2,63,0,0,4195,48,8,3872.101754402,0.995910945,0,1
494.343628029,7,8,164,6,62,1,0,4196,48,8,3873.916265679,0.996377640,1,1
494.366040199,2,2,139,4,63,0,0,4196,48,8,3874.892872595,0.996628825,0,1
494.460710825,4,4,165,8,63,0,0,4195,48,8,3872.887822501,0.996113123,0,1
494.486059863,1,1,187,6,63,0,0,4195,48,8,3872.220251098,0.995941423,0,1
494.655553857,6,6,192,2,63,0,0,4195,48,8,3870.146301962,0.995407999,0,1
494.759718254,5,5,186,3,63,0,0,4194,48,8,3869.048222633,0.995125572,0,1
494.795330447,3,6,192,2,62,1,0,4194,48,8,3869.955046826,0.995358808,1,1
494.958782531,7,7,154,2,63,0,0,4196,48,8,3873.852339157,0.996361198,0,1
495.098559366,5,7,154,2,62,1,0,4194,48,8,3868.979945383,0.995108011,1,1
495.203851437,8,8,165,4,63,0,0,4195,48,8,3872.168295809,0.995928060,0,1
495.226146913,3,3,188,1,63,0,0,4194,48,8,3869.892182091,0.995342639,0,1
495.241123005,0,0,190,3,63,0,0,4195,48,8,3872.029668877,0.995892405,0,1
495.366040199,2,2,140,8,63,0,0,4196,48,8,3874.814844778,0.996608756,0,1
495.460710825,4,4,166,8,63,0,0,4195,48,8,3872.809794685,0.996093054,0,1
495.486059863,1,1,188,0,63,0,0,4195,48,8,3872.154107866,0.995924410,0,1
495.655553857,6,6,193,7,63,0,0,4194,48,8,3870.062331852,0.995386402,0,1
495.759718254,5,5,187,1,63,0,0,4194,48,8,3868.915753876,0.995091500,0,1
495.958782531,7,7,155,2,63,0,0,4196,48,8,3873.780253633,0.996342658,0,1
496.098559366,5,7,155,2,62,1,0,4194,48,8,3868.847476627,0.995073939,1,1
496.203851437,8,8,166,2,63,0,0,4195,48,8,3872.096210284,0.995909519,0,1
496.226146913,3,3,189,5,63,0,0,4194,48,8,3869.814154274,0.995322571,0,1
496.241123005,0,0,191,8,63,0,0,4195,48,8,3871.957583353,0.995873864,0,1
496.366040199,2,2,141,0,63,0,0,4196,48,8,3874.730874669,0.996587159,0,1
496.460710825,4,4,167,6,63,0,0,4195,48,8,3872.737709160,0.996074514,0,1
496.486059863,1,1,189,3,63,0,0,4195,48,8,3872.082022342,0.995905870,0,1
496.655553857,6,6,194,3,63,0,0,4194,48,8,3869.990246328,0.995367862,0,1
496.759718254,5,5,188,7,63,0,0,4194,48,8,3868.783285120,0.995057429,0,1
496.958782531,7,7,156,4,63,0,0,4196,48,8,3873.714110401,0.996325646,0,1
497.203851437,8,8,167,2,63,0,0,4195,48,8,3872.018182467,0.995889450,0,1
497.226146913,3,3,190,0,63,0,0,4194,48,8,3869.736126457,0.995302502,0,1
497.241123005,0,0,192,8,63,0,0,4195,48,8,3871.891440121,0.995856852,0,1
497.366040199,2,2,142,6,63,0,0,4196,48,8,3874.664731437,0.996570147,0,1
497.460710825,4,4,168,5,63,0,0,4195,48,8,3872.665623636,0.996055973,0,1
497.486059863,1,1,190,5,63,0,0,4195,48,8,3872.009936817,0.995887329,0,1
497.655553857,6,6,195,0,63,0,0,4194,48,8,3869.918160803,0.995349321,0,1
497.759718254,5,5,189,4,63,0,0,4194,48,8,3868.711199595,0.995038889,0,1
497.958782531,7,7,157,6,63,0,0,4196,48,8,3873.647967169,0.996308634,0,1
498.203851437,8,8,168,7,63,0,0,4195,48,8,3871.946096943,0.995870910,0,1
498.226146913,3,3,191,0,63,0,0,4194,48,8,3869.652156348,0.995280904,0,1
498.241123005,0,0,193,5,63,0,0,4195,48,8,3871.825296889,0.995839840,0,1
498.366040199,2,2,143,6,63,0,0,4196,48,8,3874.598588205,0.996553135,0,1
498.460710825,4,4,169,8,63,0,0,4195,48,8,3872.593538111,0.996037433,0,1
498.486059863,1,1,191,3,63,0,0,4195,48,8,3871.937851293,0.995868789,0,1
498.655553857,6,6,196,2,63,0,0,4194,48,8,3869.840132986,0.995329252,0,1
498.759718254,5,5,190,3,63,0,0,4194,48,8,3868.639114071,0.995020348,0,1
498.795330447,3,6,196,2,62,1,0,4194,48,8,3869.582552326,0.995263002,1,1
498.958782531,7,7,158,4,63,0,0,4196,48,8,3873.575881644,0.996290093,0,1
499.203851437,8,8,169,5,63,0,0,4195,48,8,3871.874011418,0.995852369,0,1
499.226146913,3,3,192,4,63,0,0,4194,48,8,3869.513745299,0.995245305,0,1
499.241123005,0,0,194,4,63,0,0,4195,48,8,3871.747269072,0.995819771,0,1
499.366040199,2,2,144,3,63,0,0,4196,48,8,3874.526502680,0.996534594,0,1
499.460710825,4,4,170,0,63,0,0,4195,48,8,3872.521452587,0.996018892,0,1
499.486059863,1,1,192,8,63,0,0,4195,48,8,3871.871708061,0.995851777,0,1
499.655553857,6,6,197,0,63,0,0,4194,48,8,3869.768047462,0.995310712,0,1
499.759718254,5,5,191,6,63,0,0,4194,48,8,3868.567028546,0.995001808,0,1
499.958782531,7,7,159,6,63,0,0,4196,48,8,3873.503796120,0.996271552,0,1
500.203851437,8,8,170,5,63,0,0,4195,48,8,3871.801925894,0.995833829,0,1
500.226146913,3,3,193,5,63,0,0,4194,48,8,3869.435717482,0.995225236,0,1
500.241123005,0,0,195,7,63,0,0,4195,48,8,3871.681125840,0.995802759,0,1
500.365923503,6,3,193,5,62,1,0,4194,48,8,3869.691687916,0.995291072,1,1
500.366040199,2,2,145,7,63,0,0,4196,48,8,3874.460359448,0.996517582,0,1
500.460710825,4,4,171,7,63,0,0,4195,48,8,3872.449367062,0.996000352,0,1
500.486059863,1,1,193,6,63,0,0,4195,48,8,3871.805564829,0.995834765,0,1
500.505700093,7,3,193,5,61,2,0,4196,48,8,3873.434320350,0.996253683,1,1
500.655553857,6,6,198,5,63,0,0,4194,48,8,3869.623694120,0.995273584,0,1
500.759718254,5,5,192,3,63,0,0,4194,48,8,3868.489000729,0.994981739,0,1
500.899494846,8,5,192,3,62,1,0,4195,48,8,3871.725651171,0.995814211,1,1
500.958782531,7,7,160,8,63,0,0,4196,48,8,3873.371327363,0.996237481,0,1
501.203851437,8,8,171,5,63,0,0,4195,48,8,3871.663514845,0.995798229,0,1
501.226146913,3,3,194,5,63,0,0,4194,48,8,3869.363631958,0.995206695,0,1
501.241123005,0,0,196,7,63,0,0,4195,48,8,3871.614982608,0.995785747,0,1
501.366040199,2,2,146,0,63,0,0,4196,48,8,3874.388273924,0.996499042,0,1
501.460710825,4,4,172,0,63,0,0,4195,48,8,3872.383223830,0.995983339,0,1
501.486059863,1,1,194,6,63,0,0,4195,48,8,3871.739421597,0.995817752,0,1
501.655553857,6,6,199,3,63,0,0,4194,48,8,3869.557550888,0.995256572,0,1
501.759718254,5,5,193,8,63,0,0,4194,48,8,3868.422857497,0.994964727,0,1
501.958782531,7,7,161,4,63,0,0,4195,48,8,3873.305184131,0.996220469,0,1
502.203851437,8,8,172,7,63,0,0,4195,48,8,3871.591429320,0.995779689,0,1
502.226146913,3,3,195,8,63,0,0,4194,48,8,3869.285604141,0.995186627,0,1
502.241123005,0,0,197,4,63,0,0,4195,48,8,3871.548839376,0.995768734,0,1
502.366040199,2,2,147,5,63,0,0,4196,48,8,3874.322130692,0.996482029,0,1
502.460710825,4,4,173,3,63,0,0,4195,48,8,3872.311138306,0.995964799,0,1
502.486059863,1,1,195,6,63,0,0,4195,48,8,3871.667336072,0.995799212,0,1
502.655553857,6,6,200,0,63,0,0,4194,48,8,3869.491407656,0.995239560,0,1
502.759718254,5,5,194,7,63,0,0,4194,48,8,3868.350771973,0.994946186,0,1
502.899494846,8,5,194,7,62,1,0,4195,48,8,3871.515154597,0.995760071,1,1
502.958782531,7,7,162,4,63,0,0,4195,48,8,3873.239040899,0.996203457,0,1
503.203851437,8,8,173,1,63,0,0,4195,48,8,3871.453018271,0.995744089,0,1
503.226146913,3,3,196,2,63,0,0,4194,48,8,3869.207576324,0.995166558,0,1
503.241123005,0,0,198,3,63,0,0,4195,48,8,3871.482696144,0.995751722,0,1
503.343628029,5,8,173,1,62,1,0,4194,48,8,3868.281083128,0.994928262,1,1
503.366040199,2,2,148,3,63,0,0,4196,48,8,3874.250045167,0.996463489,0,1
503.460710825,4,4,174,3,63,0,0,4195,48,8,3872.239052781,0.995946258,0,1
503.486059863,1,1,196,4,63,0,0,4195,48,8,3871.601192840,0.995782200,0,1
503.655553857,6,6,201,2,63,0,0,4194,48,8,3869.425264424,0.995222547,0,1
503.759718254,5,5,195,7,63,0,0,4194,48,8,3868.218303216,0.994912115,0,1
503.795330447,3,6,201,2,62,1,0,4194,48,8,3869.137972302,0.995148655,1,1
503.958782531,7,7,163,1,63,0,0,4195,48,8,3873.172897667,0.996186445,0,1
504.098559366,3,7,163,1,62,1,0,4194,48,8,3869.069900179,0.995131147,1,1
504.203851437,8,8,174,3,63,0,0,4195,48,8,3871.380932747,0.995725549,0,1
504.241123005,0,0,199,4,63,0,0,4195,48,8,3871.404668327,0.995731653,0,1
504.258815366,3,3,197,6,63,0,0,4194,48,8,3869.008593872,0.995115379,0,1
504.366040199,2,2,149,8,63,0,0,4196,48,8,3874.177959643,0.996444948,0,1
504.460710825,4,4,175,5,63,0,0,4195,48,8,3872.166967257,0.995927718,0,1
504.486059863,1,1,197,2,63,0,0,4195,48,8,3871.529107316,0.995763659,0,1
504.655553857,6,6,202,1,63,0,0,4194,48,8,3869.347236607,0.995202479,0,1
504.759718254,5,5,196,1,63,0,0,4194,48,8,3868.146217692,0.994893575,0,1
504.958782531,7,7,164,2,63,0,0,4195,48,8,3873.100812143,0.996167904,0,1
505.203851437,8,8,175,4,63,0,0,4195,48,8,3871.302904930,0.995705480,0,1
505.226146913,3,3,198,1,63,0,0,4194,48,8,3868.930754226,0.995095359,0,1
505.241123005,0,0,200,2,63,0,0,4195,48,8,3871.338525095,0.995714641,0,1
505.366040199,2,2,150,3,63,0,0,4196,48,8,3874.105874118,0.996426408,0,1
505.460710825,4,4,176,3,63,0,0,4195,48,8,3872.094881732,0.995909177,0,1
505.486059863,1,1,198,0,63,0,0,4195,48,8,3871.445137207,0.995742062,0,1
505.655553857,6,6,203,1,63,0,0,4194,48,8,3869.275151083,0.995183938,0,1
505.759718254,5,5,197,1,63,0,0,4194,48,8,3868.080074460,0.994876562,0,1
505.958782531,7,7,165,1,63,0,0,4195,48,8,3873.028726618,0.996149364,0,1
506.098559366,3,7,165,1,62,1,0,4194,48,8,3868.847519021,0.995073950,1,1
506.203851437,8,8,176,4,63,0,0,4195,48,8,3871.224877113,0.995685411,0,1
506.241123005,0,0,201,1,63,0,0,4195,48,8,3871.260497278,0.995694572,0,1
506.258815366,3,3,199,0,63,0,0,4194,48,8,3868.786212714,0.995058182,0,1
506.366040199,2,2,151,5,63,0,0,4196,48,8,3874.039730886,0.996409396,0,1
506.460710825,4,4,177,3,63,0,0,4195,48,8,3872.016853915,0.995889109,0,1
506.486059863,1,1,199,3,63,0,0,4195,48,8,3871.367109390,0.995721993,0,1
506.655553857,6,6,204,2,63,0,0,4194,48,8,3869.191180974,0.995162341,0,1
506.759718254,5,5,198,6,63,0,0,4194,48,8,3868.007988935,0.994858022,0,1
506.795330447,3,6,204,2,62,1,0,4194,48,8,3868.716796863,0.995040328,1,1
506.958782531,7,7,166,1,63,0,0,4195,48,8,3872.962583386,0.996132352,0,1
507.203851437,8,8,177,2,63,0,0,4195,48,8,3871.146849296,0.995665342,0,1
507.226146913,3,3,200,0,63,0,0,4194,48,8,3868.653932128,0.995024159,0,1
507.241123005,0,0,202,4,63,0,0,4195,48,8,3871.188411754,0.995676032,0,1
507.366040199,2,2,152,3,63,0,0,4196,48,8,3873.967645362,0.996390855,0,1
507.460710825,4,4,178,7,63,0,0,4195,48,8,3871.944768391,0.995870568,0,1
507.486059863,1,1,200,5,63,0,0,4195,48,8,3871.295023865,0.995703453,0,1
507.655553857,6,6,205,0,63,0,0,4194,48,8,3869.113153157,0.995142272,0,1
507.759718254,5,5,199,8,63,0,0,4194,48,8,3867.935903411,0.994839481,0,1
507.958782531,7,7,167,1,63,0,0,4195,48,8,3872.896440154,0.996115340,0,1
508.098559366,3,7,167,1,62,1,0,4194,48,8,3868.576639215,0.995004280,1,1
508.203851437,8,8,178,4,63,0,0,4195,48,8,3871.062879187,0.995643745,0,1
508.241123005,0,0,203,8,63,0,0,4195,48,8,3871.116326229,0.995657491,0,1
508.258815366,3,3,201,7,63,0,0,4194,48,8,3868.515332909,0.994988512,0,1
508.366040199,2,2,153,3,63,0,0,4196,48,8,3873.895559838,0.996372315,0,1
508.460710825,4,4,179,1,63,0,0,4195,48,8,3871.872682866,0.995852027,0,1
508.486059863,1,1,201,3,63,0,0,4195,48,8,3871.228880633,0.995686440,0,1
508.655553857,6,6,206,7,63,0,0,4194,48,8,3869.035125340,0.995122203,0,1
508.759718254,5,5,200,3,63,0,0,4194,48,8,3867.863817887,0.994820941,0,1
508.899494846,8,5,200,3,62,1,0,4195,48,8,3870.992546756,0.995625655,1,1
508.958782531,7,7,168,2,63,0,0,4195,48,8,3872.824354630,0.996096799,0,1
509.203851437,8,8,179,5,63,0,0,4195,48,8,3870.930410430,0.995609673,0,1
509.226146913,3,3,202,7,63,0,0,4194,48,8,3868.449377847,0.994971548,0,1
509.241123005,0,0,204,4,63,0,0,4195,48,8,3871.038298412,0.995637422,0,1
509.366040199,2,2,154,4,63,0,0,4196,48,8,3873.823474313,0.996353774,0,1
509.460710825,4,4,180,8,63,0,0,4195,48,8,3871.800597342,0.995833487,0,1
509.486059863,1,1,202,4,63,0,0,4195,48,8,3871.156795109,0.995667900,0,1
509.655553857,6,6,207,3,63,0,0,4194,48,8,3868.963039815,0.995103663,0,1
509.759718254,5,5,201,0,63,0,0,4194,48,8,3867.791732362,0.994802400,0,1
509.958782531,7,7,169,4,63,0,0,4195,48,8,3872.758211398,0.996079787,0,1
510.203851437,8,8,180,5,63,0,0,4195,48,8,3870.852382613,0.995589605,0,1
510.226146913,3,3,203,0,63,0,0,4194,48,8,3868.371350030,0.994951479,0,1
510.241123005,0,0,205,5,63,0,0,4195,48,8,3870.966212888,0.995618882,0,1
510.366040199,2,2,155,3,63,0,0,4196,48,8,3873.745446496,0.996333705,0,1
510.460710825,4,4,181,0,63,0,0,4195,48,8,3871.722569525,0.995813418,0,1
510.486059863,1,1,203,6,63,0,0,4195,48,8,3871.084709584,0.995649359,0,1
510.655553857,6,6,208,8,63,0,0,4194,48,8,3868.885011998,0.995083594,0,1
510.759718254,5,5,202,6,63,0,0,4194,48,8,3867.719646838,0.994783860,0,1
510.958782531,7,7,170,4,63,0,0,4195,48,8,3872.686125873,0.996061246,0,1
511.203851437,8,8,181,3,63,0,0,4195,48,8,3870.768412504,0.995568007,0,1
511.226146913,3,3,204,8,63,0,0,4194,48,8,3868.299264505,0.994932938,0,1
511.241123005,0,0,206,4,63,0,0,4195,48,8,3870.900069656,0.995601870,0,1
511.366040199,2,2,156,1,63,0,0,4196,48,8,3873.667418679,0.996313636,0,1
511.460710825,4,4,182,3,63,0,0,4195,48,8,3871.644541708,0.995793349,0,1
511.486059863,1,1,204,4,63,0,0,4195,48,8,3871.018566352,0.995632347,0,1
511.655553857,6,6,209,3,63,0,0,4194,48,8,3868.812926474,0.995065053,0,1
511.759718254,5,5,203,7,63,0,0,4194,48,8,3867.647561313,0.994765319,0,1
511.958782531,7,7,171,0,63,0,0,4195,48,8,3872.614040349,0.996042706,0,1
512.098559121,6,7,171,0,62,1,0,4194,48,8,3868.744049239,0.995047338,1,1
512.203851437,8,8,182,6,63,0,0,4195,48,8,3870.696326979,0.995549467,0,1
512.226146913,3,3,205,5,63,0,0,4194,48,8,3868.227178981,0.994914398,0,1
512.241123005,0,0,207,2,63,0,0,4195,48,8,3870.827984131,0.995583329,0,1
512.366040199,2,2,157,3,63,0,0,4196,48,8,3873.595333155,0.996295096,0,1
512.460710825,4,4,183,3,63,0,0,4195,48,8,3871.566513891,0.995773280,0,1
512.486059863,1,1,205,4,63,0,0,4195,48,8,3870.940538535,0.995612278,0,1
512.655553857,6,6,210,4,63,0,0,4194,48,8,3868.674515425,0.995029454,0,1
512.759718254,5,5,204,7,63,0,0,4194,48,8,3867.569533496,0.994745250,0,1
512.958782531,7,7,172,6,63,0,0,4195,48,8,3872.547897117,0.996025694,0,1
513.203851437,8,8,183,0,63,0,0,4195,48,8,3870.618299162,0.995529398,0,1
513.226146913,3,3,206,1,63,0,0,4194,48,8,3868.149151164,0.994894329,0,1
513.241123005,0,0,208,4,63,0,0,4195,48,8,3870.761840899,0.995566317,0,1
513.366040199,2,2,158,5,63,0,0,4196,48,8,3873.523247630,0.996276555,0,1
513.460710825,4,4,184,7,63,0,0,4195,48,8,3871.494428366,0.995754740,0,1
513.486059863,1,1,206,6,63,0,0,4195,48,8,3870.868453011,0.995593738,0,1
513.655553857,6,6,211,3,63,0,0,4194,48,8,3868.596487608,0.995009385,0,1
513.759718254,5,5,205,2,63,0,0,4194,48,8,3867.503390264,0.994728238,0,1
513.958782531,7,7,173,4,63,0,0,4195,48,8,3872.475811592,0.996007153,0,1
514.203851437,8,8,184,7,63,0,0,4195,48,8,3870.540271345,0.995509329,0,1
514.226146913,3,3,207,2,63,0,0,4194,48,8,3868.077065639,0.994875788,0,1
514.241123005,0,0,209,2,63,0,0,4195,48,8,3870.695697667,0.995549305,0,1
514.366040199,2,2,159,5,63,0,0,4196,48,8,3873.445219813,0.996256487,0,1
514.460710825,4,4,185,8,63,0,0,4195,48,8,3871.422342842,0.995736199,0,1
514.486059863,1,1,207,7,63,0,0,4195,48,8,3870.796367486,0.995575197,0,1
514.655553857,6,6,212,2,63,0,0,4194,48,8,3868.524402083,0.994990844,0,1
514.759718254,5,5,206,1,63,0,0,4194,48,8,3867.431304740,0.994709698,0,1
514.795330447,3,6,212,2,62,1,0,4194,48,8,3868.007461618,0.994857886,1,1
514.958782531,7,7,174,2,63,0,0,4195,48,8,3872.409668360,0.995990141,0,1
515.098559366,5,7,174,2,62,1,0,4194,48,8,3867.363027490,0.994692137,1,1
515.203851437,8,8,185,7,63,0,0,4195,48,8,3870.468185821,0.995490789,0,1
515.226146913,3,3,208,2,63,0,0,4194,48,8,3867.938654590,0.994840189,0,1
515.241123005,0,0,210,4,63,0,0,4195,48,8,3870.623612143,0.995530764,0,1
515.366040199,2,2,160,4,63,0,0,4196,48,8,3873.373134289,0.996237946,0,1
515.460710825,4,4,186,3,63,0,0,4195,48,8,3871.350257317,0.995717659,0,1
515.486059863,1,1,208,8,63,0,0,4195,48,8,3870.730224254,0.995558185,0,1
515.655553857,6,6,213,1,63,0,0,4194,48,8,3868.446374266,0.994970775,0,1
515.759718254,5,5,207,6,63,0,0,4194,48,8,3867.298835983,0.994675627,0,1
515.958782531,7,7,175,5,63,0,0,4195,48,8,3872.343525128,0.995973129,0,1
516.203851437,8,8,186,4,63,0,0,4195,48,8,3870.390158004,0.995470720,0,1
516.226146913,3,3,209,0,63,0,0,4194,48,8,3867.866569066,0.994821648,0,1
516.241123005,0,0,211,6,63,0,0,4195,48,8,3870.557468911,0.995513752,0,1
516.366040199,2,2,161,1,63,0,0,4195,48,8,3873.306991057,0.996220934,0,1
516.460710825,4,4,187,8,63,0,0,4195,48,8,3871.284114085,0.995700647,0,1
516.486059863,1,1,209,3,63,0,0,4195,48,8,3870.664081022,0.995541173,0,1
516.655553857,6,6,214,2,63,0,0,4194,48,8,3868.374288742,0.994952235,0,1
516.759718254,5,5,208,8,63,0,0,4194,48,8,3867.226750459,0.994657086,0,1
516.958782531,7,7,176,5,63,0,0,4195,48,8,3872.271439604,0.995954588,0,1
517.203851437,8,8,187,2,63,0,0,4195,48,8,3870.318072479,0.995452179,0,1
517.226146913,3,3,210,4,63,0,0,4194,48,8,3867.794483542,0.994803108,0,1
517.241123005,0,0,212,5,63,0,0,4195,48,8,3870.485383386,0.995495212,0,1
517.366040199,2,2,162,6,63,0,0,4195,48,8,3873.234905532,0.996202393,0,1
517.460710825,4,4,188,6,63,0,0,4195,48,8,3871.206086269,0.995680578,0,1
517.486059863,1,1,210,2,63,0,0,4195,48,8,3870.597937790,0.995524161,0,1
517.655553857,6,6,215,5,63,0,0,4194,48,8,3868.302203217,0.994933694,0,1
517.759718254,5,5,209,4,63,0,0,4194,48,8,3867.154664934,0.994638546,0,1
517.958782531,7,7,177,5,63,0,0,4195,48,8,3872.199354079,0.995936048,0,1
518.203851437,8,8,188,5,63,0,0,4195,48,8,3870.251929247,0.995435167,0,1
518.226146913,3,3,211,1,63,0,0,4194,48,8,3867.722398017,0.994784567,0,1
518.241123005,0,0,213,8,63,0,0,4195,48,8,3870.407355569,0.995475143,0,1
518.366040199,2,2,163,5,63,0,0,4195,48,8,3873.168762300,0.996185381,0,1
518.460710825,4,4,189,1,63,0,0,4195,48,8,3871.128058452,0.995660509,0,1
518.486059863,1,1,211,8,63,0,0,4195,48,8,3870.525852266,0.995505620,0,1
518.655553857,6,6,216,3,63,0,0,4194,48,8,3868.230117693,0.994915154,0,1
518.759718254,5,5,210,3,63,0,0,4194,48,8,3867.082579410,0.994620005,0,1
518.899494846,8,5,210,3,62,1,0,4195,48,8,3870.181596817,0.995417077,1,1
518.958782531,7,7,178,2,63,0,0,4195,48,8,3872.127268555,0.995917507,0,1
519.203851437,8,8,189,5,63,0,0,4194,48,8,3870.119460491,0.995401096,0,1
519.226146913,3,3,212,6,63,0,0,4194,48,8,3867.656254785,0.994767555,0,1
519.241123005,0,0,214,2,63,0,0,4195,48,8,3870.341212337,0.995458131,0,1
519.366040199,2,2,164,8,63,0,0,4195,48,8,3873.090734483,0.996165312,0,1
519.460710825,4,4,190,7,63,0,0,4195,48,8,3871.061915220,0.995643497,0,1
519.486059863,1,1,212,7,63,0,0,4195,48,8,3870.459709034,0.995488608,0,1
519.655553857,6,6,217,4,63,0,0,4194,48,8,3868.163974461,0.994898142,0,1
519.759718254,5,5,211,7,63,0,0,4194,48,8,3867.010493885,0.994601464,0,1
519.958782531,7,7,179,6,63,0,0,4195,48,8,3872.049240738,0.995897438,0,1
520.203851437,8,8,190,2,63,0,0,4194,48,8,3870.047374966,0.995382555,0,1
520.226146913,3,3,213,1,63,0,0,4194,48,8,3867.578226968,0.994747486,0,1
520.241123005,0,0,215,6,63,0,0,4195,48,8,3870.269126813,0.995439590,0,1
520.343628029,5,8,190,2,62,1,0,4194,48,8,3866.934862748,0.994582012,1,1
520.366040199,2,2,165,6,63,0,0,4195,48,8,3873.018648959,0.996146772,0,1
520.460710825,4,4,191,3,63,0,0,4195,48,8,3870.989829695,0.995624956,0,1
520.486059863,1,1,213,7,63,0,0,4195,48,8,3870.393565802,0.995471596,0,1
520.655553857,6,6,218,7,63,0,0,4194,48,8,3868.085946644,0.994878073,0,1
520.759718254,5,5,212,6,63,0,0,4193,48,8,3866.866140544,0.994564337,0,1
520.958782531,7,7,180,5,63,0,0,4195,48,8,3871.983097506,0.995880426,0,1
521.203851437,8,8,191,1,63,0,0,4194,48,8,3869.975289442,0.995364015,0,1
521.226146913,3,3,214,1,63,0,0,4194,48,8,3867.506141444,0.994728946,0,1
521.241123005,0,0,216,2,63,0,0,4195,48,8,3870.202983581,0.995422578,0,1
521.343628029,5,8,191,1,62,1,0,4193,48,8,3866.796451699,0.994546412,1,1
521.366040199,2,2,166,4,63,0,0,4195,48,8,3872.952505727,0.996129760,0,1
521.460710825,4,4,192,8,63,0,0,4195,48,8,3870.917744171,0.995606416,0,1
521.486059863,1,1,214,6,63,0,0,4195,48,8,3870.321480277,0.995453056,0,1
521.655553857,6,6,219,7,63,0,0,4194,48,8,3868.013861119,0.994859532,0,1
521.759718254,5,5,213,1,63,0,0,4193,48,8,3866.727729495,0.994528737,0,1
521.958782531,7,7,181,2,63,0,0,4195,48,8,3871.916954274,0.995863414,0,1
522.098559366,5,7,181,2,62,1,0,4193,48,8,3866.659452246,0.994511176,1,1
522.203851437,8,8,192,4,63,0,0,4194,48,8,3869.897261625,0.995343946,0,1
522.226146913,3,3,215,4,63,0,0,4194,48,8,3867.428113627,0.994708877,0,1
522.241123005,0,0,217,1,63,0,0,4195,48,8,3870.130898056,0.995404038,0,1
522.366040199,2,2,167,4,63,0,0,4195,48,8,3872.886362495,0.996112748,0,1
522.460710825,4,4,193,3,63,0,0,4195,48,8,3870.839716354,0.995586347,0,1
522.486059863,1,1,215,2,63,0,0,4195,48,8,3870.255337045,0.995436043,0,1
522.655553857,6,6,220,5,63,0,0,4194,48,8,3867.935833303,0.994839463,0,1
522.759718254,5,5,214,0,63,0,0,4193,48,8,3866.595260738,0.994494666,0,1
522.958782531,7,7,182,4,63,0,0,4195,48,8,3871.850811042,0.995846402,0,1
523.203851437,8,8,193,6,63,0,0,4194,48,8,3869.825176100,0.995325405,0,1
523.226146913,3,3,216,2,63,0,0,4194,48,8,3867.350085810,0.994688808,0,1
523.241123005,0,0,218,5,63,0,0,4194,48,8,3870.052870239,0.995383969,0,1
523.366040199,2,2,168,8,63,0,0,4195,48,8,3872.808334678,0.996092679,0,1
523.460710825,4,4,194,2,63,0,0,4195,48,8,3870.767630829,0.995567806,0,1
523.486059863,1,1,216,3,63,0,0,4195,48,8,3870.183251521,0.995417503,0,1
523.655553857,6,6,221,1,63,0,0,4194,48,8,3867.863747778,0.994820923,0,1
523.759718254,5,5,215,1,63,0,0,4193,48,8,3866.523175214,0.994476125,0,1
523.795331038,0,6,221,1,62,1,0,4194,48,8,3869.983352477,0.995366089,1,1
523.958782531,7,7,183,4,63,0,0,4195,48,8,3871.784667810,0.995829390,0,1
524.203851437,8,8,194,1,63,0,0,4194,48,8,3869.747148283,0.995305336,0,1
524.226146913,3,3,217,1,63,0,0,4194,48,8,3867.278000285,0.994670268,0,1
524.241123005,0,0,219,5,63,0,0,4194,48,8,3869.914459190,0.995348369,0,1
524.366040199,2,2,169,6,63,0,0,4195,48,8,3872.736249153,0.996074138,0,1
524.460710825,4,4,195,8,63,0,0,4195,48,8,3870.695545305,0.995549266,0,1
524.486059863,1,1,217,5,63,0,0,4194,48,8,3870.111165996,0.995398962,0,1
524.655553857,6,6,222,3,63,0,0,4194,48,8,3867.773835376,0.994797797,0,1
524.759718254,5,5,216,4,63,0,0,4193,48,8,3866.451089689,0.994457585,0,1
524.958782531,7,7,184,5,63,0,0,4195,48,8,3871.718524578,0.995812378,0,1
525.203851437,8,8,195,5,63,0,0,4194,48,8,3869.669120467,0.995285268,0,1
525.226146913,3,3,218,6,63,0,0,4194,48,8,3867.194030176,0.994648670,0,1
525.241123005,0,0,220,3,63,0,0,4194,48,8,3869.842373666,0.995329829,0,1
525.366040199,2,2,170,8,63,0,0,4195,48,8,3872.658221336,0.996054069,0,1
525.460710825,4,4,196,2,63,0,0,4195,48,8,3870.623459780,0.995530725,0,1
525.486059863,1,1,218,8,63,0,0,4194,48,8,3870.045022764,0.995381950,0,1
525.655553857,6,6,223,4,63,0,0,4194,48,8,3867.695807559,0.994777728,0,1
525.759718254,5,5,217,8,63,0,0,4193,48,8,3866.384946457,0.994440573,0,1
525.958782531,7,7,185,1,63,0,0,4195,48,8,3871.646439054,0.995793837,0,1
526.098559366,3,7,185,1,62,1,0,4194,48,8,3867.122679556,0.994630319,1,1
526.203851437,8,8,196,4,63,0,0,4194,48,8,3869.591092650,0.995265199,0,1
526.241123005,0,0,221,4,63,0,0,4194,48,8,3869.764345849,0.995309760,0,1
526.258815366,3,3,219,8,63,0,0,4194,48,8,3867.061373249,0.994614551,0,1
526.366040199,2,2,171,6,63,0,0,4195,48,8,3872.586135812,0.996035529,0,1
526.398591956,6,3,219,8,62,1,0,4194,48,8,3867.613317550,0.994756512,1,1
526.460710825,4,4,197,8,63,0,0,4195,48,8,3870.551374256,0.995512185,0,1
526.486059863,1,1,219,4,63,0,0,4194,48,8,3869.972937240,0.995363410,0,1
526.655553857,6,6,224,5,63,0,0,4194,48,8,3867.551454218,0.994740600,0,1
526.759718254,5,5,218,0,63,0,0,4193,48,8,3866.312860933,0.994422032,0,1
526.958782531,7,7,186,1,63,0,0,4195,48,8,3871.574353529,0.995775297,0,1
527.098559366,3,7,186,1,62,1,0,4194,48,8,3866.984268507,0.994594719,1,1
527.203851437,8,8,197,6,63,0,0,4194,48,8,3869.513064833,0.995245130,0,1
527.241123005,0,0,222,5,63,0,0,4194,48,8,3869.686318032,0.995289691,0,1
527.258815366,3,3,220,2,63,0,0,4194,48,8,3866.922962200,0.994578951,0,1
527.366040199,2,2,172,0,63,0,0,4195,48,8,3872.519992580,0.996018517,0,1
527.460710825,4,4,198,2,63,0,0,4195,48,8,3870.479288731,0.995493644,0,1
527.486059863,1,1,220,8,63,0,0,4194,48,8,3869.894909423,0.995343341,0,1
527.655553857,6,6,225,0,63,0,0,4194,48,8,3867.473426401,0.994720531,0,1
527.759718254,5,5,219,8,63,0,0,4193,48,8,3866.240775408,0.994403492,0,1
527.958782531,7,7,187,0,63,0,0,4195,48,8,3871.508210297,0.995758285,0,1
528.098559121,6,7,187,0,62,1,0,4194,48,8,3867.404549166,0.994702816,1,1
528.203851437,8,8,198,2,63,0,0,4194,48,8,3869.435037016,0.995225061,0,1
528.226146913,3,3,221,2,63,0,0,4193,48,8,3866.857007138,0.994561987,0,1
528.241123005,0,0,223,5,63,0,0,4194,48,8,3869.620174800,0.995272679,0,1
528.366040199,2,2,173,6,63,0,0,4195,48,8,3872.447907055,0.995999976,0,1
528.460710825,4,4,199,1,63,0,0,4195,48,8,3870.407203207,0.995475104,0,1
528.486059863,1,1,221,0,63,0,0,4194,48,8,3869.822823898,0.995324800,0,1
528.655553857,6,6,226,8,63,0,0,4194,48,8,3867.335015352,0.994684932,0,1
528.759718254,5,5,220,4,63,0,0,4193,48,8,3866.174632176,0.994386479,0,1
528.958782531,7,7,188,0,63,0,0,4195,48,8,3871.430182480,0.995738216,0,1
529.098559121,6,7,188,0,62,1,0,4194,48,8,3867.266138117,0.994667217,1,1
529.203851437,8,8,199,0,63,0,0,4194,48,8,3869.362951491,0.995206520,0,1
529.226146913,3,3,222,7,63,0,0,4193,48,8,3866.784921614,0.994543447,0,1
529.241123005,0,0,224,7,63,0,0,4194,48,8,3869.548089275,0.995254138,0,1
529.366040199,2,2,174,6,63,0,0,4195,48,8,3872.375821531,0.995981436,0,1
529.460710825,4,4,200,6,63,0,0,4195,48,8,3870.335117682,0.995456563,0,1
529.486059863,1,1,222,5,63,0,0,4194,48,8,3869.750738374,0.995306260,0,1
529.655553857,6,6,227,7,63,0,0,4194,48,8,3867.202546595,0.994650861,0,1
529.759718254,5,5,221,4,63,0,0,4193,48,8,3866.102546652,0.994367939,0,1
529.958782531,7,7,189,1,63,0,0,4195,48,8,3871.358096956,0.995719675,0,1
530.098559366,3,7,189,1,62,1,0,4193,48,8,3866.713570994,0.994525095,1,1
530.203851437,8,8,200,2,63,0,0,4194,48,8,3869.290865967,0.995187980,0,1
530.241123005,0,0,225,1,63,0,0,4194,48,8,3869.476003751,0.995235598,0,1
530.258815366,3,3,223,7,63,0,0,4193,48,8,3866.652264687,0.994509327,0,1
530.366040199,2,2,175,5,63,0,0,4195,48,8,3872.297793714,0.995961367,0,1
530.460710825,4,4,201,3,63,0,0,4195,48,8,3870.251147573,0.995434966,0,1
530.486059863,1,1,223,0,63,0,0,4194,48,8,3869.678652849,0.995287719,0,1
530.655553857,6,6,228,8,63,0,0,4194,48,8,3867.124518778,0.994630792,0,1
530.759718254,5,5,222,7,63,0,0,4193,48,8,3866.030461127,0.994349398,0,1
530.899494846,8,5,222,7,62,1,0,4194,48,8,3869.220533536,0.995169890,1,1
530.958782531,7,7,190,1,63,0,0,4195,48,8,3871.291953724,0.995702663,0,1
531.203851437,8,8,201,1,63,0,0,4194,48,8,3869.158397210,0.995153909,0,1
531.226146913,3,3,224,7,63,0,0,4193,48,8,3866.580367333,0.994490835,0,1
531.241123005,0,0,226,6,63,0,0,4194,48,8,3869.409860519,0.995218586,0,1
531.366040199,2,2,176,5,63,0,0,4195,48,8,3872.231650482,0.995944355,0,1
531.460710825,4,4,202,2,63,0,0,4195,48,8,3870.185004341,0.995417954,0,1
531.486059863,1,1,224,8,63,0,0,4194,48,8,3869.600625032,0.995267650,0,1
531.655553857,6,6,229,5,63,0,0,4194,48,8,3867.058375546,0.994613780,0,1
531.759718254,5,5,223,3,63,0,0,4193,48,8,3865.958375603,0.994330858,0,1
531.958782531,7,7,191,3,63,0,0,4195,48,8,3871.225810492,0.995685651,0,1
532.203851437,8,8,202,7,63,0,0,4194,48,8,3869.086311686,0.995135368,0,1
532.226146913,3,3,225,2,63,0,0,4193,48,8,3866.502339516,0.994470766,0,1
532.241123005,0,0,227,4,63,0,0,4194,48,8,3869.337774995,0.995200045,0,1
532.366040199,2,2,177,1,63,0,0,4195,48,8,3872.165507250,0.995927342,0,1
532.460710825,4,4,203,8,63,0,0,4194,48,8,3870.118861109,0.995400942,0,1
532.486059863,1,1,225,5,63,0,0,4194,48,8,3869.528539508,0.995249110,0,1
532.655553857,6,6,230,8,63,0,0,4194,48,8,3866.986290022,0.994595239,0,1
532.759718254,5,5,224,7,63,0,0,4193,48,8,3865.880347786,0.994310789,0,1
532.958782531,7,7,192,4,63,0,0,4195,48,8,3871.147782675,0.995665582,0,1
533.203851437,8,8,203,5,63,0,0,4194,48,8,3869.008283869,0.995115299,0,1
533.226146913,3,3,226,5,63,0,0,4193,48,8,3866.430253991,0.994452226,0,1
533.241123005,0,0,228,6,63,0,0,4194,48,8,3869.271631763,0.995183033,0,1
533.365923503,6,3,226,5,62,1,0,4194,48,8,3866.909930476,0.994575599,1,1
533.366040199,2,2,178,1,63,0,0,4195,48,8,3872.093421726,0.995908802,0,1
533.460710825,4,4,204,7,63,0,0,4194,48,8,3870.046775584,0.995382401,0,1
533.486059863,1,1,226,3,63,0,0,4194,48,8,3869.450511691,0.995229041,0,1
533.505700093,7,3,226,5,61,2,0,4195,48,8,3871.078306905,0.995647713,1,1
533.655553857,6,6,231,0,63,0,0,4193,48,8,3866.841936680,0.994558111,0,1
533.759718254,5,5,225,1,63,0,0,4193,48,8,3865.802319969,0.994290720,0,1
533.958782531,7,7,193,2,63,0,0,4195,48,8,3871.015313918,0.995631511,0,1
534.098559366,5,7,193,2,62,1,0,4193,48,8,3865.734042720,0.994273159,1,1
534.203851437,8,8,204,5,63,0,0,4194,48,8,3868.936198344,0.995096759,0,1
534.226146913,3,3,227,4,63,0,0,4193,48,8,3866.358168467,0.994433685,0,1
534.241123005,0,0,229,5,63,0,0,4194,48,8,3869.205488531,0.995166021,0,1
534.366040199,2,2,179,3,63,0,0,4195,48,8,3872.015393909,0.995888733,0,1
534.460710825,4,4,205,8,63,0,0,4194,48,8,3869.974690060,0.995363861,0,1
534.486059863,1,1,227,6,63,0,0,4194,48,8,3869.384368459,0.995212029,0,1
534.655553857,6,6,232,7,63,0,0,4193,48,8,3866.769851156,0.994539571,0,1
534.759718254,5,5,226,8,63,0,0,4193,48,8,3865.669851213,0.994256649,0,1
534.958782531,7,7,194,4,63,0,0,4195,48,8,3870.943228394,0.995612970,0,1
535.203851437,8,8,205,5,63,0,0,4194,48,8,3868.858170527,0.995076690,0,1
535.226146913,3,3,228,2,63,0,0,4193,48,8,3866.280140650,0.994413616,0,1
535.241123005,0,0,230,8,63,0,0,4194,48,8,3869.127460714,0.995145952,0,1
535.366040199,2,2,180,3,63,0,0,4195,48,8,3871.943308384,0.995870192,0,1
535.460710825,4,4,206,2,63,0,0,4194,48,8,3869.902604535,0.995345320,0,1
535.486059863,1,1,228,0,63,0,0,4194,48,8,3869.312282935,0.995193488,0,1
535.655553857,6,6,233,8,63,0,0,4193,48,8,3866.697765631,0.994521030,0,1
535.759718254,5,5,227,3,63,0,0,4193,48,8,3865.597765688,0.994238108,0,1
535.958782531,7,7,195,8,63,0,0,4195,48,8,3870.871142869,0.995594430,0,1
536.203851437,8,8,206,7,63,0,0,4194,48,8,3868.786085003,0.995058149,0,1
536.226146913,3,3,229,1,63,0,0,4193,48,8,3866.208055126,0.994395076,0,1
536.241123005,0,0,231,8,63,0,0,4194,48,8,3869.049432897,0.995125883,0,1
536.366040199,2,2,181,6,63,0,0,4195,48,8,3871.871222860,0.995851652,0,1
536.460710825,4,4,207,3,63,0,0,4194,48,8,3869.824576718,0.995325251,0,1
536.486059863,1,1,229,2,63,0,0,4194,48,8,3869.240197410,0.995174948,0,1
536.655553857,6,6,234,2,63,0,0,4193,48,8,3866.625680107,0.994502490,0,1
536.759718254,5,5,228,0,63,0,0,4193,48,8,3865.525680164,0.994219568,0,1
536.958782531,7,7,196,4,63,0,0,4195,48,8,3870.799057345,0.995575889,0,1
537.203851437,8,8,207,3,63,0,0,4194,48,8,3868.708057186,0.995038081,0,1
537.226146913,3,3,230,7,63,0,0,4193,48,8,3866.135969601,0.994376535,0,1
537.241123005,0,0,232,6,63,0,0,4194,48,8,3868.977347372,0.995107342,0,1
537.366040199,2,2,182,8,63,0,0,4195,48,8,3871.805079628,0.995834640,0,1
537.460710825,4,4,208,6,63,0,0,4194,48,8,3869.752491194,0.995306711,0,1
537.486059863,1,1,230,4,63,0,0,4194,48,8,3869.174054178,0.995157936,0,1
537.505816789,5,2,182,8,62,1,0,4193,48,8,3865.449114819,0.994199875,1,1
537.655553857,6,6,235,1,63,0,0,4193,48,8,3866.553594583,0.994483949,0,1
537.759718254,5,5,229,2,63,0,0,4193,48,8,3865.387269115,0.994183968,0,1
537.958782531,7,7,197,0,63,0,0,4195,48,8,3870.726971820,0.995557349,0,1
538.098559121,6,7,197,0,62,1,0,4193,48,8,3866.484717348,0.994466234,1,1
538.203851437,8,8,208,7,63,0,0,4194,48,8,3868.635971661,0.995019540,0,1
538.226146913,3,3,231,6,63,0,0,4193,48,8,3866.057941784,0.994356467,0,1
538.241123005,0,0,233,4,63,0,0,4194,48,8,3868.911204140,0.995090330,0,1
538.366040199,2,2,183,0,63,0,0,4195,48,8,3871.721109518,0.995813043,0,1
538.460710825,4,4,209,7,63,0,0,4194,48,8,3869.680405669,0.995288170,0,1
538.486059863,1,1,231,0,63,0,0,4194,48,8,3869.101968654,0.995139395,0,1
538.655553857,6,6,236,5,63,0,0,4193,48,8,3866.415183534,0.994448350,0,1
538.759718254,5,5,230,3,63,0,0,4193,48,8,3865.315183590,0.994165428,0,1
538.899494846,8,5,230,3,62,1,0,4194,48,8,3868.559696938,0.994999922,1,1
538.958782531,7,7,198,2,63,0,0,4195,48,8,3870.660828588,0.995540337,0,1
539.203851437,8,8,209,5,63,0,0,4194,48,8,3868.497560612,0.994983940,0,1
539.226146913,3,3,232,7,63,0,0,4193,48,8,3865.979913967,0.994336398,0,1
539.241123005,0,0,234,8,63,0,0,4194,48,8,3868.845060908,0.995073318,0,1
539.366040199,2,2,184,3,63,0,0,4195,48,8,3871.654966286,0.995796030,0,1
539.460710825,4,4,210,0,63,0,0,4194,48,8,3869.614262437,0.995271158,0,1
539.486059863,1,1,232,4,63,0,0,4194,48,8,3869.029883129,0.995120855,0,1
539.655553857,6,6,237,2,63,0,0,4193,48,8,3866.343098009,0.994429809,0,1
539.759718254,5,5,231,2,63,0,0,4193,48,8,3865.249040358,0.994148416,0,1
539.958782531,7,7,199,3,63,0,0,4195,48,8,3870.594685356,0.995523324,0,1
540.203851437,8,8,210,0,63,0,0,4194,48,8,3868.425475088,0.994965400,0,1
540.226146913,3,3,233,5,63,0,0,4193,48,8,3865.907828443,0.994317857,0,1
540.241123005,0,0,235,6,63,0,0,4194,48,8,3868.767033091,0.995053249,0,1
540.366040199,2,2,185,6,63,0,0,4195,48,8,3871.582880762,0.995777490,0,1
540.460710825,4,4,211,3,63,0,0,4194,48,8,3869.542176913,0.995252618,0,1
540.486059863,1,1,233,6,63,0,0,4194,48,8,3868.957797605,0.995102314,0,1
540.655553857,6,6,238,7,63,0,0,4193,48,8,3866.265070192,0.994409740,0,1
540.759718254,5,5,232,2,63,0,0,4193,48,8,3865.176954834,0.994129875,0,1
540.958782531,7,7,200,6,63,0,0,4195,48,8,3870.516657539,0.995503256,0,1
541.203851437,8,8,211,6,63,0,0,4194,48,8,3868.347447271,0.994945331,0,1
541.226146913,3,3,234,1,63,0,0,4193,48,8,3865.835742918,0.994299317,0,1
541.241123005,0,0,236,2,63,0,0,4194,48,8,3868.694947567,0.995034709,0,1
541.366040199,2,2,186,0,63,0,0,4195,48,8,3871.504852945,0.995757421,0,1
541.460710825,4,4,212,2,63,0,0,4194,48,8,3869.470091388,0.995234077,0,1
541.486059863,1,1,234,2,63,0,0,4194,48,8,3868.879769788,0.995082245,0,1
541.655553857,6,6,239,5,63,0,0,4193,48,8,3866.192984668,0.994391200,0,1
541.759718254,5,5,233,8,63,0,0,4193,48,8,3865.098927017,0.994109806,0,1
541.958782531,7,7,201,5,63,0,0,4195,48,8,3870.450514307,0.995486243,0,1
542.203851437,8,8,212,3,63,0,0,4194,48,8,3868.269419454,0.994925262,0,1
542.226146913,3,3,235,4,63,0,0,4193,48,8,3865.751772809,0.994277719,0,1
542.241123005,0,0,237,4,63,0,0,4194,48,8,3868.628804335,0.995017697,0,1
542.366040199,2,2,187,3,63,0,0,4195,48,8,3871.432767420,0.995738881,0,1
542.460710825,4,4,213,2,63,0,0,4194,48,8,3869.392063572,0.995214008,0,1
542.486059863,1,1,235,2,63,0,0,4194,48,8,3868.807684263,0.995063705,0,1
542.655553857,6,6,240,7,63,0,0,4193,48,8,3866.120899143,0.994372659,0,1
542.759718254,5,5,234,6,63,0,0,4193,48,8,3865.026841492,0.994091266,0,1
542.958782531,7,7,202,0,63,0,0,4195,48,8,3870.384371075,0.995469231,0,1
543.098559121,6,7,202,0,62,1,0,4193,48,8,3866.052021908,0.994354944,1,1
543.203851437,8,8,213,2,63,0,0,4194,48,8,3868.191391637,0.994905193,0,1
543.205627681,2,2,10,65535,63,0,0,4195,0,7,3871.387373808,0.995727205,0,1
543.226146913,3,3,236,8,63,0,0,4193,48,8,3865.679687284,0.994259179,0,1
543.241123005,0,0,238,3,63,0,0,4194,48,8,3868.556718810,0.994999156,0,1
543.343628029,5,8,213,2,62,1,0,4193,48,8,3864.951210355,0.994071813,1,1
543.366040199,2,2,188,6,63,0,0,4195,48,8,3871.326066600,0.995711437,0,1
543.460710825,4,4,214,6,63,0,0,4194,48,8,3869.319978047,0.995195468,0,1
543.486059863,1,1,236,6,63,0,0,4194,48,8,3868.741541031,0.995046693,0,1
543.655553857,6,6,241,5,63,0,0,4193,48,8,3865.988430387,0.994338588,0,1
543.759718254,5,5,235,4,63,0,0,4193,48,8,3864.882488151,0.994054138,0,1
543.795330447,7,6,241,5,62,1,0,4195,48,8,3870.313227035,0.995450933,1,1
543.958782531,7,7,203,4,63,0,0,4195,48,8,3870.251902319,0.995435160,0,1
544.203851437,8,8,214,7,63,0,0,4194,48,8,3868.119306113,0.994886653,0,1
544.226146913,3,3,237,8,63,0,0,4193,48,8,3865.601659467,0.994239110,0,1
544.241123005,0,0,239,7,63,0,0,4194,48,8,3868.484633286,0.994980616,0,1
544.366040199,2,2,189,6,63,0,0,4195,48,8,3871.248038783,0.995691368,0,1
544.460710825,4,4,215,3,63,0,0,4194,48,8,3869.241950230,0.995175399,0,1
544.486059863,1,1,237,0,63,0,0,4194,48,8,3868.669455507,0.995028152,0,1
544.655553857,6,6,242,0,63,0,0,4193,48,8,3865.904460277,0.994316991,0,1
544.759718254,5,5,236,7,63,0,0,4193,48,8,3864.804460334,0.994034069,0,1
544.958782531,7,7,204,0,63,0,0,4195,48,8,3870.185759087,0.995418148,0,1
545.098559121,6,7,204,0,62,1,0,4193,48,8,3865.835583042,0.994299275,1,1
545.203851437,8,8,215,5,63,0,0,4194,48,8,3868.047220588,0.994868112,0,1
545.226146913,3,3,238,1,63,0,0,4193,48,8,3865.523631650,0.994219041,0,1
545.241123005,0,0,240,3,63,0,0,4194,48,8,3868.412547761,0.994962075,0,1
545.366040199,2,2,190,1,63,0,0,4195,48,8,3871.170010966,0.995671299,0,1
545.460710825,4,4,216,7,63,0,0,4194,48,8,3869.163922413,0.995155330,0,1
545.486059863,1,1,238,6,63,0,0,4194,48,8,3868.603312275,0.995011140,0,1
545.655553857,6,6,243,8,63,0,0,4193,48,8,3865.771991521,0.994282920,0,1
545.759718254,5,5,237,7,63,0,0,4193,48,8,3864.738317102,0.994017057,0,1
545.899494846,8,5,237,7,62,1,0,4194,48,8,3867.976888158,0.994850023,1,1
545.958782531,7,7,205,2,63,0,0,4194,48,8,3870.107731270,0.995398079,0,1
546.060164480,4,4,10,65535,63,0,0,4194,0,8,3869.100086328,0.995138911,0,1
546.203851437,8,8,216,3,63,0,0,4194,48,8,3867.908429840,0.994832415,0,1
546.226146913,3,3,239,1,63,0,0,4193,48,8,3865.451546126,0.994200501,0,1
546.241123005,0,0,241,4,63,0,0,4194,48,8,3868.340462237,0.994943535,0,1
546.366040199,2,2,191,7,63,0,0,4195,48,8,3871.091983149,0.995651230,0,1
546.422851395,0,0,10,65535,63,0,0,4194,0,7,3868.304800185,0.994934362,0,1
546.460710825,4,4,217,8,63,0,0,4194,48,8,3869.037395949,0.995122787,0,1
546.486059863,1,1,239,4,63,0,0,4194,48,8,3868.537169043,0.994994128,0,1
546.655553857,6,6,244,8,63,0,0,4193,48,8,3865.699905996,0.994264379,0,1
546.759718254,5,5,238,2,63,0,0,4193,48,8,3864.672173870,0.994000045,0,1
546.958782531,7,7,206,1,63,0,0,4194,48,8,3870.029703453,0.995378010,0,1
547.098559366,3,7,206,1,62,1,0,4193,48,8,3865.374253213,0.994180621,1,1
547.203851437,8,8,217,2,63,0,0,4194,48,8,3867.830402023,0.994812346,0,1
547.241123005,0,0,242,8,63,0,0,4194,48,8,3868.239703709,0.994917619,0,1
547.258815366,3,3,240,8,63,0,0,4193,48,8,3865.312946907,0.994164853,0,1
547.366040199,2,2,192,8,63,0,0,4195,48,8,3871.013955332,0.995631161,0,1
547.460710825,4,4,218,5,63,0,0,4194,48,8,3868.965310425,0.995104247,0,1
547.486059863,1,1,240,2,63,0,0,4194,48,8,3868.471025811,0.994977116,0,1
547.655553857,6,6,245,7,63,0,0,4193,48,8,3865.627820472,0.994245839,0,1
547.759718254,5,5,239,8,63,0,0,4193,48,8,3864.600088345,0.993981504,0,1
547.815809857,6,6,10,65535,63,0,0,4193,0,7,3865.592282101,0.994236698,0,1
547.931177313,1,1,10,65535,63,0,0,4194,0,7,3868.433846638,0.994967553,0,1
547.958782531,7,7,207,4,63,0,0,4194,48,8,3869.954077233,0.995358559,0,1
548.129722679,8,8,10,65535,63,0,0,4194,0,7,3867.778569124,0.994799015,0,1
548.225210679,8,8,218,5,63,0,0,4194,48,8,3867.717635881,0.994783343,0,1
548.226146913,3,3,241,8,63,0,0,4193,48,8,3865.241049552,0.994146360,0,1
548.241123005,0,0,243,2,63,0,0,4194,48,8,3868.170019782,0.994899696,0,1
548.366040199,2,2,193,6,63,0,0,4195,48,8,3870.944271405,0.995613239,0,1
548.460710825,4,4,219,3,63,0,0,4194,48,8,3868.889684205,0.995084795,0,1
548.486059863,1,1,241,8,63,0,0,4194,48,8,3868.370267283,0.994951200,0,1
548.655553857,6,6,246,4,63,0,0,4193,48,8,3865.517578956,0.994217484,0,1
548.759718254,5,5,240,3,63,0,0,4193,48,8,3864.524462126,0.993962053,0,1
548.899494846,8,5,240,3,62,1,0,4194,48,8,3867.647426480,0.994765285,1,1
548.958782531,7,7,208,2,63,0,0,4194,48,8,3869.884393306,0.995340636,0,1
549.203851437,8,8,219,1,63,0,0,4194,48,8,3867.585290154,0.994749303,0,1
549.226146913,3,3,242,1,63,0,0,4193,48,8,3865.168964028,0.994127820,0,1
549.241123005,0,0,244,2,63,0,0,4194,48,8,3868.091991965,0.994879628,0,1
549.366040199,2,2,194,6,63,0,0,4195,48,8,3870.872185880,0.995594698,0,1
549.460710825,4,4,220,7,63,0,0,4194,48,8,3868.817598681,0.995066255,0,1
549.486059863,1,1,242,0,63,0,0,4194,48,8,3868.304124051,0.994934188,0,1
549.655553857,6,6,247,8,63,0,0,4193,48,8,3865.445493432,0.994198944,0,1
549.759718254,5,5,241,7,63,0,0,4193,48,8,3864.452376601,0.993943513,0,1
549.958782531,7,7,209,8,63,0,0,4194,48,8,3869.806365489,0.995320567,0,1
550.179680522,5,5,10,65535,63,0,0,4193,0,7,3864.409400030,0.993932459,0,1
550.203851437,8,8,220,7,63,0,0,4194,48,8,3867.513204629,0.994730763,0,1
550.226146913,3,3,243,1,63,0,0,4193,48,8,3865.090936211,0.994107751,0,1
550.241123005,0,0,245,5,63,0,0,4194,48,8,3868.019906440,0.994861087,0,1
550.366040199,2,2,195,8,63,0,0,4195,48,8,3870.790617368,0.995573718,0,1
550.460710825,4,4,221,7,63,0,0,4194,48,8,3868.741972461,0.995046804,0,1
550.486059863,1,1,243,0,63,0,0,4194,48,8,3868.228497831,0.994914737,0,1
550.655553857,6,6,248,8,63,0,0,4193,48,8,3865.367465615,0.994178875,0,1
550.759718254,5,5,242,1,63,0,0,4193,48,8,3864.345675781,0.993916069,0,1
550.958782531,7,7,210,3,63,0,0,4194,48,8,3869.734279965,0.995302027,0,1
551.000395817,3,3,10,65535,63,0,0,4193,0,7,3865.051861241,0.994097701,0,1
551.203851437,8,8,221,5,63,0,0,4194,48,8,3867.441119105,0.994712222,0,1
551.226146913,3,3,244,6,63,0,0,4193,48,8,3864.990177683,0.994081836,0,1
551.241123005,0,0,246,1,63,0,0,4194,48,8,3867.938337928,0.994840107,0,1
551.366040199,2,2,196,4,63,0,0,4195,48,8,3870.712589551,0.995553650,0,1
551.460710825,4,4,222,7,63,0,0,4194,48,8,3868.658002352,0.995025206,0,1
551.486059863,1,1,244,6,63,0,0,4194,48,8,3868.162354599,0.994897725,0,1
551.655553857,6,6,249,1,63,0,0,4193,48,8,3865.295380090,0.994160334,0,1
551.759718254,5,5,243,8,63,0,0,4193,48,8,3864.273590256,0.993897528,0,1
551.795331038,0,6,249,1,62,1,0,4194,48,8,3867.868820166,0.994822227,1,1
551.958782531,7,7,211,8,63,0,0,4194,48,8,3869.668136733,0.995285015,0,1
552.203851437,8,8,222,6,63,0,0,4194,48,8,3867.369033580,0.994693681,0,1
552.226146913,3,3,245,1,63,0,0,4193,48,8,3864.912149866,0.994061767,0,1
552.241123005,0,0,247,1,63,0,0,4194,48,8,3867.799926879,0.994804508,0,1
552.366040199,2,2,197,6,63,0,0,4195,48,8,3870.640504027,0.995535109,0,1
552.460710825,4,4,223,2,63,0,0,4194,48,8,3868.585916827,0.995006666,0,1
552.486059863,1,1,245,0,63,0,0,4194,48,8,3868.096211367,0.994880713,0,1
552.655553857,6,6,250,8,63,0,0,4193,48,8,3865.223294566,0.994141794,0,1
552.759718254,5,5,244,0,63,0,0,4193,48,8,3864.201504732,0.993878988,0,1
552.847284098,7,7,10,65535,63,0,0,4194,0,7,3869.628403668,0.995274795,0,1
552.958782531,7,7,212,8,63,0,0,4194,48,8,3869.567378205,0.995259099,0,1
553.203851437,8,8,223,2,63,0,0,4194,48,8,3867.293407361,0.994674230,0,1
553.226146913,3,3,246,4,63,0,0,4193,48,8,3864.830581354,0.994040787,0,1
553.241123005,0,0,248,5,63,0,0,4194,48,8,3867.721899062,0.994784439,0,1
553.366040199,2,2,198,7,63,0,0,4195,48,8,3870.568418502,0.995516569,0,1
553.460710825,4,4,224,0,63,0,0,4194,48,8,3868.510290608,0.994987215,0,1
553.486059863,1,1,246,5,63,0,0,4194,48,8,3868.030068135,0.994863701,0,1
553.655553857,6,6,251,1,63,0,0,4193,48,8,3865.153610639,0.994123871,0,1
553.759718254,5,5,245,2,63,0,0,4193,48,8,3864.129419207,0.993860447,0,1
553.958782531,7,7,213,4,63,0,0,4194,48,8,3869.495292680,0.995240559,0,1
554.203851437,8,8,224,6,63,0,0,4194,48,8,3867.215379544,0.994654161,0,1
554.226146913,3,3,247,1,63,0,0,4193,48,8,3864.764438122,0.994023775,0,1
554.241123005,0,0,249,3,63,0,0,4194,48,8,3867.655755830,0.994767427,0,1
554.343628029,7,8,224,6,62,1,0,4194,48,8,3869.426750446,0.995222930,1,1
554.366040199,2,2,199,0,63,0,0,4195,48,8,3870.496332978,0.995498028,0,1
554.460710825,4,4,225,3,63,0,0,4194,48,8,3868.438205083,0.994968674,0,1
554.486059863,1,1,247,8,63,0,0,4194,48,8,3867.957982611,0.994845160,0,1
554.655553857,6,6,252,5,63,0,0,4193,48,8,3865.081525114,0.994105331,0,1
554.759718254,5,5,246,4,63,0,0,4193,48,8,3864.051391390,0.993840378,0,1
554.795330447,7,6,252,5,62,1,0,4194,48,8,3869.351880823,0.995203673,1,1
554.958782531,7,7,214,0,63,0,0,4194,48,8,3869.290556107,0.995187900,0,1
555.098559121,6,7,214,0,62,1,0,4193,48,8,3865.006705587,0.994086087,1,1
555.203851437,8,8,225,6,63,0,0,4194,48,8,3867.137351727,0.994634093,0,1
555.226146913,3,3,248,8,63,0,0,4193,48,8,3864.692352598,0.994005235,0,1
555.241123005,0,0,250,2,63,0,0,4194,48,8,3867.583670306,0.994748886,0,1
555.366040199,2,2,200,4,63,0,0,4195,48,8,3870.424247454,0.995479488,0,1
555.460710825,4,4,226,8,63,0,0,4194,48,8,3868.366119559,0.994950134,0,1
555.486059863,1,1,248,6,63,0,0,4194,48,8,3867.885897086,0.994826620,0,1
555.655553857,6,6,253,0,63,0,0,4193,48,8,3864.937171773,0.994068203,0,1
555.759718254,5,5,247,3,63,0,0,4193,48,8,3863.979305866,0.993821838,0,1
555.899494846,8,5,247,3,62,1,0,4194,48,8,3867.067019296,0.994616003,1,1
555.958782531,7,7,215,1,63,0,0,4194,48,8,3869.218470583,0.995169360,0,1
556.203851437,8,8,226,3,63,0,0,4194,48,8,3867.004882970,0.994600021,0,1
556.226146913,3,3,249,6,63,0,0,4193,48,8,3864.626209366,0.993988223,0,1
556.241123005,0,0,251,8,63,0,0,4194,48,8,3867.505642489,0.994728818,0,1
556.366040199,2,2,201,4,63,0,0,4195,48,8,3870.346219637,0.995459419,0,1
556.460710825,4,4,227,5,63,0,0,4194,48,8,3868.299976327,0.994933121,0,1
556.486059863,1,1,249,4,63,0,0,4194,48,8,3867.819753854,0.994809607,0,1
556.655553857,6,6,254,4,63,0,0,4193,48,8,3864.871028541,0.994051190,0,1
556.759718254,5,5,248,0,63,0,0,4193,48,8,3863.907220342,0.993803297,0,1
556.958782531,7,7,216,6,63,0,0,4194,48,8,3869.152327351,0.995152348,0,1
557.203851437,8,8,227,1,63,0,0,4194,48,8,3866.932797446,0.994581481,0,1
557.226146913,3,3,250,0,63,0,0,4193,48,8,3864.560066134,0.993971210,0,1
557.241123005,0,0,252,3,63,0,0,4194,48,8,3867.427614672,0.994708749,0,1
557.366040199,2,2,202,5,63,0,0,4195,48,8,3870.274134112,0.995440878,0,1
557.460710825,4,4,228,5,63,0,0,4194,48,8,3868.227890802,0.994914581,0,1
557.486059863,1,1,250,7,63,0,0,4194,48,8,3867.747668330,0.994791067,0,1
557.655553857,6,6,255,7,63,0,0,4193,48,8,3864.798943016,0.994032650,0,1
557.759718254,5,5,249,0,63,0,0,4193,48,8,3863.835134817,0.993784757,0,1
557.958782531,7,7,217,4,63,0,0,4194,48,8,3869.086184119,0.995135335,0,1
558.203851437,8,8,228,0,63,0,0,4193,48,8,3866.860711921,0.994562940,0,1
558.226146913,3,3,251,4,63,0,0,4193,48,8,3864.487980609,0.993952670,0,1
558.241123005,0,0,253,8,63,0,0,4194,48,8,3867.361471440,0.994691736,0,1
558.366040199,2,2,203,6,63,0,0,4195,48,8,3870.202048588,0.995422338,0,1
558.460710825,4,4,229,5,63,0,0,4194,48,8,3868.155805278,0.994896040,0,1
558.486059863,1,1,251,3,63,0,0,4194,48,8,3867.675582805,0.994772526,0,1
558.655553857,6,6,256,8,63,0,0,4193,48,8,3864.726857492,0.994014109,0,1
558.759718254,5,5,250,6,63,0,0,4193,48,8,3863.763049293,0.993766216,0,1
558.958782531,7,7,218,1,63,0,0,4194,48,8,3869.020040887,0.995118323,0,1
559.098559366,3,7,218,1,62,1,0,4193,48,8,3864.416629989,0.993934318,1,1
559.203851437,8,8,229,1,63,0,0,4193,48,8,3866.788626397,0.994544400,0,1
559.241123005,0,0,254,5,63,0,0,4194,48,8,3867.283443623,0.994671668,0,1
559.258815366,3,3,252,6,63,0,0,4193,48,8,3864.355323682,0.993918550,0,1
559.366040199,2,2,204,7,63,0,0,4195,48,8,3870.129963063,0.995403797,0,1
559.460710825,4,4,230,8,63,0,0,4194,48,8,3868.077777461,0.994875972,0,1
559.486059863,1,1,252,8,63,0,0,4194,48,8,3867.603497281,0.994753986,0,1
559.655553857,6,6,257,0,63,0,0,4193,48,8,3864.654771967,0.993995569,0,1
559.759718254,5,5,251,3,63,0,0,4193,48,8,3863.690963768,0.993747676,0,1
559.958782531,7,7,219,3,63,0,0,4194,48,8,3868.947955362,0.995099783,0,1
560.203851437,8,8,230,0,63,0,0,4193,48,8,3866.716540872,0.994525859,0,1
560.226146913,3,3,253,0,63,0,0,4193,48,8,3864.277484036,0.993898530,0,1
560.241123005,0,0,255,7,63,0,0,4194,48,8,3867.211358099,0.994653127,0,1
560.366040199,2,2,205,1,63,0,0,4194,48,8,3870.057877539,0.995385257,0,1
560.460710825,4,4,231,5,63,0,0,4194,48,8,3868.005691936,0.994857431,0,1
560.486059863,1,1,253,2,63,0,0,4194,48,8,3867.525469464,0.994733917,0,1
560.655553857,6,6,258,4,63,0,0,4193,48,8,3864.582686443,0.993977028,0,1
560.759718254,5,5,252,2,63,0,0,4192,48,8,3863.624820536,0.993730664,0,1
560.958782531,7,7,220,4,63,0,0,4194,48,8,3868.875869838,0.995081242,0,1
561.203851437,8,8,231,3,63,0,0,4193,48,8,3866.644455348,0.994507319,0,1
561.226146913,3,3,254,0,63,0,0,4193,48,8,3864.205398511,0.993879989,0,1
561.241123005,0,0,256,8,63,0,0,4194,48,8,3867.133330282,0.994633058,0,1
561.366040199,2,2,206,1,63,0,0,4194,48,8,3869.985792014,0.995366716,0,1
561.460710825,4,4,232,1,63,0,0,4194,48,8,3867.933606412,0.994838891,0,1
561.486059863,1,1,254,3,63,0,0,4194,48,8,3867.453383939,0.994715377,0,1
561.655553857,6,6,259,0,63,0,0,4193,48,8,3864.510600919,0.993958488,0,1
561.759718254,5,5,253,3,63,0,0,4192,48,8,3863.546792719,0.993710595,0,1
561.958782531,7,7,221,8,63,0,0,4194,48,8,3868.809726606,0.995064230,0,1
562.203851437,8,8,232,7,63,0,0,4193,48,8,3866.572369823,0.994488778,0,1
562.226146913,3,3,255,4,63,0,0,4193,48,8,3864.133312987,0.993861449,0,1
562.241123005,0,0,257,6,63,0,0,4194,48,8,3867.061244757,0.994614518,0,1
562.366040199,2,2,207,5,63,0,0,4194,48,8,3869.907764197,0.995346647,0,1
562.460710825,4,4,233,1,63,0,0,4194,48,8,3867.861520887,0.994820350,0,1
562.486059863,1,1,255,4,63,0,0,4194,48,8,3867.381298415,0.994696836,0,1
562.655553857,6,6,260,3,63,0,0,4193,48,8,3864.432573102,0.993938419,0,1
562.759718254,5,5,254,2,63,0,0,4192,48,8,3863.474707195,0.993692054,0,1
562.958782531,7,7,222,0,63,0,0,4194,48,8,3868.737641081,0.995045690,0,1
563.098559121,6,7,222,0,62,1,0,4193,48,8,3864.363695867,0.993920704,1,1
563.203851437,8,8,233,0,63,0,0,4193,48,8,3866.494342006,0.994468709,0,1
563.226146913,3,3,256,4,63,0,0,4193,48,8,3864.061227462,0.993842908,0,1
563.241123005,0,0,258,6,63,0,0,4194,48,8,3866.989159233,0.994595977,0,1
563.343628029,5,8,233,0,62,1,0,4192,48,8,3863.399076057,0.993672602,1,1
563.366040199,2,2,208,1,63,0,0,4194,48,8,3869.835678673,0.995328107,0,1
563.460710825,4,4,234,0,63,0,0,4194,48,8,3867.789435363,0.994801810,0,1
563.486059863,1,1,256,7,63,0,0,4194,48,8,3867.315155183,0.994679824,0,1
563.655553857,6,6,261,3,63,0,0,4193,48,8,3864.300104345,0.993904348,0,1
563.759718254,5,5,255,4,63,0,0,4192,48,8,3863.330353853,0.993654926,0,1
563.958782531,7,7,223,8,63,0,0,4194,48,8,3868.665555557,0.995027149,0,1
564.203851437,8,8,234,7,63,0,0,4193,48,8,3866.416314189,0.994448640,0,1
564.226146913,3,3,257,7,63,0,0,4193,48,8,3863.989141938,0.993824368,0,1
564.241123005,0,0,259,6,63,0,0,4194,48,8,3866.917073708,0.994577437,0,1
564.366040199,2,2,209,1,63,0,0,4194,48,8,3869.763593148,0.995309566,0,1
564.460710825,4,4,235,6,63,0,0,4194,48,8,3867.717349838,0.994783269,0,1
564.486059863,1,1,257,7,63,0,0,4194,48,8,3867.243069658,0.994661283,0,1
564.655553857,6,6,262,3,63,0,0,4193,48,8,3864.222076528,0.993884279,0,1
564.759718254,5,5,256,1,63,0,0,4192,48,8,3863.264210621,0.993637914,0,1
564.958782531,7,7,224,8,63,0,0,4194,48,8,3868.593470032,0.995008609,0,1
565.203851437,8,8,235,3,63,0,0,4193,48,8,3866.344228665,0.994430100,0,1
565.226146913,3,3,258,5,63,0,0,4193,48,8,3863.905171828,0.993802771,0,1
565.241123005,0,0,260,6,63,0,0,4193,48,8,3866.850930476,0.994560425,0,1
565.365923748,7,3,258,5,62,1,0,4194,48,8,3868.524799374,0.994990946,1,1
565.366040199,2,2,210,5,63,0,0,4194,48,8,3869.691507624,0.995291026,0,1
565.460710825,4,4,236,5,63,0,0,4194,48,8,3867.645264314,0.994764728,0,1
565.486059863,1,1,258,0,63,0,0,4194,48,8,3867.170984134,0.994642743,0,1
565.655553857,6,6,263,4,63,0,0,4193,48,8,3864.144048711,0.993864210,0,1
565.759718254,5,5,257,0,63,0,0,4192,48,8,3863.192125097,0.993619374,0,1
565.958782531,7,7,225,5,63,0,0,4194,48,8,3868.461001276,0.994974537,0,1
566.203851437,8,8,236,1,63,0,0,4193,48,8,3866.266200848,0.994410031,0,1
566.226146913,3,3,259,2,63,0,0,4193,48,8,3863.827144011,0.993782702,0,1
566.241123005,0,0,261,7,63,0,0,4193,48,8,3866.784787244,0.994543412,0,1
566.366040199,2,2,211,1,63,0,0,4194,48,8,3869.619422099,0.995272485,0,1
566.460710825,4,4,237,7,63,0,0,4194,48,8,3867.573178789,0.994746188,0,1
566.486059863,1,1,259,2,63,0,0,4194,48,8,3867.098898609,0.994624202,0,1
566.655553857,6,6,264,4,63,0,0,4193,48,8,3864.071963187,0.993845670,0,1
566.759718254,5,5,258,2,63,0,0,4192,48,8,3863.114097280,0.993599305,0,1
566.958782531,7,7,226,4,63,0,0,4194,48,8,3868.388915751,0.994955997,0,1
567.203851437,8,8,237,5,63,0,0,4193,48,8,3866.200057616,0.994393019,0,1
567.226146913,3,3,260,2,63,0,0,4193,48,8,3863.749116194,0.993762633,0,1
567.241123005,0,0,262,7,63,0,0,4193,48,8,3866.718644012,0.994526400,0,1
567.366040199,2,2,212,1,63,0,0,4194,48,8,3869.553278867,0.995255473,0,1
567.460710825,4,4,238,2,63,0,0,4194,48,8,3867.501093265,0.994727647,0,1
567.486059863,1,1,260,6,63,0,0,4194,48,8,3867.026813085,0.994605662,0,1
567.655553857,6,6,265,4,63,0,0,4193,48,8,3863.999877662,0.993827129,0,1
567.759718254,5,5,259,1,63,0,0,4192,48,8,3863.042011755,0.993580764,0,1
567.958782531,7,7,227,6,63,0,0,4194,48,8,3868.316830227,0.994937456,0,1
568.203851437,8,8,238,0,63,0,0,4193,48,8,3866.127972091,0.994374478,0,1
568.226146913,3,3,261,0,63,0,0,4193,48,8,3863.677030670,0.993744092,0,1
568.241123005,0,0,263,2,63,0,0,4193,48,8,3866.646558488,0.994507860,0,1
568.366040199,2,2,213,5,63,0,0,4194,48,8,3869.481193343,0.995236932,0,1
568.460710825,4,4,239,6,63,0,0,4194,48,8,3867.429007740,0.994709107,0,1
568.486059863,1,1,261,5,63,0,0,4194,48,8,3866.948785268,0.994585593,0,1
568.655553857,6,6,266,7,63,0,0,4193,48,8,3863.921849845,0.993807060,0,1
568.759718254,5,5,260,7,63,0,0,4192,48,8,3862.963983938,0.993560695,0,1
568.899494846,8,5,260,7,62,1,0,4193,48,8,3866.057639661,0.994356389,1,1
568.958782531,7,7,228,4,63,0,0,4194,48,8,3868.244744702,0.994918916,0,1
569.203851437,8,8,239,5,63,0,0,4193,48,8,3865.995503335,0.994340407,0,1
569.226146913,3,3,262,0,63,0,0,4192,48,8,3863.610887438,0.993727080,0,1
569.241123005,0,0,264,4,63,0,0,4193,48,8,3866.580415256,0.994490848,0,1
569.366040199,2,2,214,0,63,0,0,4194,48,8,3869.403165526,0.995216864,0,1
569.460710825,4,4,240,8,63,0,0,4194,48,8,3867.356922216,0.994690566,0,1
569.486059863,1,1,262,2,63,0,0,4194,48,8,3866.882642036,0.994568581,0,1
569.655553857,6,6,267,5,63,0,0,4193,48,8,3863.849764321,0.993788520,0,1
569.759718254,5,5,261,3,63,0,0,4192,48,8,3862.891898414,0.993542155,0,1
569.899494846,8,5,261,3,62,1,0,4193,48,8,3865.919228612,0.994320789,1,1
569.958782531,7,7,229,1,63,0,0,4194,48,8,3868.178601470,0.994901904,0,1
570.098559366,3,7,229,1,62,1,0,4192,48,8,3863.539536818,0.993708729,1,1
570.203851437,8,8,240,3,63,0,0,4193,48,8,3865.857092286,0.994304808,0,1
570.241123005,0,0,265,6,63,0,0,4193,48,8,3866.508329731,0.994472307,0,1
570.258815366,3,3,263,1,63,0,0,4192,48,8,3863.478230511,0.993692961,0,1
570.366040199,2,2,215,6,63,0,0,4194,48,8,3869.337022294,0.995199851,0,1
570.460710825,4,4,241,8,63,0,0,4194,48,8,3867.290778984,0.994673554,0,1
570.486059863,1,1,263,8,63,0,0,4193,48,8,3866.810556511,0.994550040,0,1
570.655553857,6,6,268,8,63,0,0,4193,48,8,3863.777678796,0.993769979,0,1
570.759718254,5,5,262,7,63,0,0,4192,48,8,3862.825755182,0.993525143,0,1
570.899494846,8,5,262,7,62,1,0,4193,48,8,3865.780817563,0.994285190,1,1
570.958782531,7,7,230,8,63,0,0,4194,48,8,3868.100573653,0.994881835,0,1
571.203851437,8,8,241,1,63,0,0,4193,48,8,3865.718681237,0.994269208,0,1
571.226146913,3,3,264,2,63,0,0,4192,48,8,3863.400390864,0.993672940,0,1
571.241123005,0,0,266,8,63,0,0,4193,48,8,3866.442186499,0.994455295,0,1
571.366040199,2,2,216,5,63,0,0,4194,48,8,3869.258994477,0.995179783,0,1
571.460710825,4,4,242,7,63,0,0,4194,48,8,3867.224635752,0.994656542,0,1
571.486059863,1,1,264,4,63,0,0,4193,48,8,3866.744413279,0.994533028,0,1
571.655553857,6,6,269,2,63,0,0,4193,48,8,3863.711535564,0.993752967,0,1
571.759718254,5,5,263,7,63,0,0,4192,48,8,3862.759611950,0.993508131,0,1
571.795330447,3,6,269,2,62,1,0,4192,48,8,3863.330786843,0.993655038,1,1
571.958782531,7,7,231,3,63,0,0,4194,48,8,3868.028488129,0.994863294,0,1
572.203851437,8,8,242,7,63,0,0,4193,48,8,3865.646595713,0.994250668,0,1
572.226146913,3,3,265,6,63,0,0,4192,48,8,3863.261979815,0.993637340,0,1
572.241123005,0,0,267,2,63,0,0,4193,48,8,3866.376043267,0.994438283,0,1
572.366040199,2,2,217,5,63,0,0,4194,48,8,3869.180966660,0.995159714,0,1
572.460710825,4,4,243,0,63,0,0,4194,48,8,3867.152550228,0.994638002,0,1
572.486059863,1,1,265,3,63,0,0,4193,48,8,3866.672327755,0.994514488,0,1
572.655553857,6,6,270,2,63,0,0,4192,48,8,3863.621623162,0.993729841,0,1
572.759718254,5,5,264,1,63,0,0,4192,48,8,3862.687526425,0.993489590,0,1
572.958782531,7,7,232,5,63,0,0,4194,48,8,3867.956402604,0.994844754,0,1
573.203851437,8,8,243,4,63,0,0,4193,48,8,3865.574510188,0.994232127,0,1
573.226146913,3,3,266,6,63,0,0,4192,48,8,3863.189894291,0.993618800,0,1
573.241123005,0,0,268,2,63,0,0,4193,48,8,3866.309900035,0.994421271,0,1
573.366040199,2,2,218,1,63,0,0,4194,48,8,3869.108881135,0.995141173,0,1
573.460710825,4,4,244,8,63,0,0,4194,48,8,3867.080464703,0.994619461,0,1
573.486059863,1,1,266,8,63,0,0,4193,48,8,3866.600242231,0.994495947,0,1
573.655553857,6,6,271,1,63,0,0,4192,48,8,3863.543595345,0.993709772,0,1
573.759718254,5,5,265,8,63,0,0,4192,48,8,3862.609498608,0.993469521,0,1
573.958782531,7,7,233,8,63,0,0,4194,48,8,3867.890259372,0.994827742,0,1
574.203851437,8,8,244,2,63,0,0,4193,48,8,3865.502424664,0.994213587,0,1
574.226146913,3,3,267,7,63,0,0,4192,48,8,3863.117808766,0.993600259,0,1
574.241123005,0,0,269,4,63,0,0,4193,48,8,3866.243756803,0.994404258,0,1
574.366040199,2,2,219,5,63,0,0,4194,48,8,3869.042737903,0.995124161,0,1
574.460710825,4,4,245,5,63,0,0,4194,48,8,3867.008379179,0.994600921,0,1
574.486059863,1,1,267,2,63,0,0,4193,48,8,3866.528156706,0.994477407,0,1
574.655553857,6,6,272,7,63,0,0,4192,48,8,3863.471509821,0.993691232,0,1
574.759718254,5,5,266,3,63,0,0,4192,48,8,3862.537413084,0.993450981,0,1
574.958782531,7,7,234,4,63,0,0,4194,48,8,3867.818173848,0.994809201,0,1
575.203851437,8,8,245,1,63,0,0,4193,48,8,3865.430339139,0.994195046,0,1
575.226146913,3,3,268,1,63,0,0,4192,48,8,3863.033838657,0.993578662,0,1
575.241123005,0,0,270,4,63,0,0,4193,48,8,3866.171671279,0.994385718,0,1
575.343628029,7,8,245,1,62,1,0,4194,48,8,3867.749631613,0.994791572,1,1
575.366040199,2,2,220,6,63,0,0,4194,48,8,3868.970652379,0.995105620,0,1
575.460710825,4,4,246,0,63,0,0,4194,48,8,3866.936293654,0.994582380,0,1
575.486059863,1,1,268,5,63,0,0,4193,48,8,3866.450128889,0.994457338,0,1
575.655553857,6,6,273,8,63,0,0,4192,48,8,3863.393482004,0.993671163,0,1
575.759718254,5,5,267,0,63,0,0,4192,48,8,3862.465327559,0.993432440,0,1
575.958782531,7,7,235,1,63,0,0,4194,48,8,3867.679762799,0.994773602,0,1
576.098559366,3,7,235,1,62,1,0,4192,48,8,3862.956545744,0.993558782,1,1
576.203851437,8,8,246,3,63,0,0,4193,48,8,3865.358253615,0.994176506,0,1
576.241123005,0,0,271,3,63,0,0,4193,48,8,3866.099585754,0.994367177,0,1
576.258815366,3,3,269,7,63,0,0,4192,48,8,3862.895239438,0.993543014,0,1
576.366040199,2,2,221,4,63,0,0,4194,48,8,3868.898566854,0.995087080,0,1
576.460710825,4,4,247,5,63,0,0,4193,48,8,3866.858265837,0.994562311,0,1
576.486059863,1,1,269,8,63,0,0,4193,48,8,3866.378043365,0.994438797,0,1
576.655553857,6,6,274,1,63,0,0,4192,48,8,3863.315454187,0.993651094,0,1
576.759718254,5,5,268,0,63,0,0,4192,48,8,3862.393242035,0.993413900,0,1
576.795331038,0,6,274,1,62,1,0,4193,48,8,3866.030067991,0.994349297,1,1
576.958782531,7,7,236,2,63,0,0,4194,48,8,3867.613619567,0.994756589,0,1
577.098559366,5,7,236,2,62,1,0,4192,48,8,3862.324964786,0.993396339,1,1
577.203851437,8,8,247,2,63,0,0,4193,48,8,3865.286168090,0.994157965,0,1
577.226146913,3,3,270,7,63,0,0,4192,48,8,3862.823342084,0.993524522,0,1
577.241123005,0,0,272,4,63,0,0,4193,48,8,3865.967116998,0.994333106,0,1
577.366040199,2,2,222,5,63,0,0,4194,48,8,3868.826481330,0.995068539,0,1
577.460710825,4,4,248,5,63,0,0,4193,48,8,3866.780238020,0.994542242,0,1
577.486059863,1,1,270,3,63,0,0,4193,48,8,3866.311900133,0.994421785,0,1
577.655553857,6,6,275,4,63,0,0,4192,48,8,3863.237426370,0.993631025,0,1
577.759718254,5,5,269,8,63,0,0,4192,48,8,3862.254830986,0.993378300,0,1
577.958782531,7,7,237,5,63,0,0,4194,48,8,3867.547476335,0.994739577,0,1
578.203851437,8,8,248,7,63,0,0,4193,48,8,3865.214082566,0.994139425,0,1
578.226146913,3,3,271,1,63,0,0,4192,48,8,3862.739371974,0.993502925,0,1
578.241123005,0,0,273,4,63,0,0,4193,48,8,3865.895031473,0.994314566,0,1
578.366040199,2,2,223,8,63,0,0,4194,48,8,3868.754395806,0.995049999,0,1
578.460710825,4,4,249,2,63,0,0,4193,48,8,3866.702210203,0.994522173,0,1
578.486059863,1,1,271,5,63,0,0,4193,48,8,3866.233872316,0.994401716,0,1
578.655553857,6,6,276,4,63,0,0,4192,48,8,3863.159398553,0.993610956,0,1
578.759718254,5,5,270,0,63,0,0,4192,48,8,3862.182745462,0.993359760,0,1
578.958782531,7,7,238,4,63,0,0,4194,48,8,3867.469448518,0.994719508,0,1
579.203851437,8,8,249,1,63,0,0,4193,48,8,3865.141997041,0.994120884,0,1
579.226146913,3,3,272,8,63,0,0,4192,48,8,3862.667286450,0.993484384,0,1
579.241123005,0,0,274,2,63,0,0,4193,48,8,3865.828888241,0.994297554,0,1
579.366040199,2,2,224,0,63,0,0,4194,48,8,3868.688252574,0.995032987,0,1
579.460710825,4,4,250,0,63,0,0,4193,48,8,3866.630124679,0.994503633,0,1
579.486059863,1,1,272,0,63,0,0,4193,48,8,3866.167729084,0.994384704,0,1
579.655553857,6,6,277,2,63,0,0,4192,48,8,3863.087313029,0.993592416,0,1
579.759718254,5,5,271,1,63,0,0,4192,48,8,3862.116602230,0.993342747,0,1
579.795330447,3,6,277,2,62,1,0,4192,48,8,3862.597682428,0.993466482,1,1
579.958782531,7,7,239,6,63,0,0,4194,48,8,3867.403305286,0.994702496,0,1
580.203851437,8,8,250,2,63,0,0,4193,48,8,3865.069911517,0.994102343,0,1
580.226146913,3,3,273,2,63,0,0,4192,48,8,3862.528875401,0.993448785,0,1
580.241123005,0,0,275,6,63,0,0,4193,48,8,3865.762745009,0.994280541,0,1
580.343628029,5,8,250,2,62,1,0,4192,48,8,3862.046913385,0.993324823,1,1
580.366040199,2,2,225,5,63,0,0,4194,48,8,3868.610224757,0.995012918,0,1
580.460710825,4,4,251,1,63,0,0,4193,48,8,3866.558039154,0.994485092,0,1
580.486059863,1,1,273,3,63,0,0,4193,48,8,3866.095643559,0.994366163,0,1
580.655553857,6,6,278,4,63,0,0,4192,48,8,3862.997400627,0.993569290,0,1
580.759718254,5,5,272,4,63,0,0,4192,48,8,3861.978191181,0.993307148,0,1
580.958782531,7,7,240,5,63,0,0,4194,48,8,3867.337162054,0.994685484,0,1
581.203851437,8,8,251,1,63,0,0,4193,48,8,3864.991883700,0.994082275,0,1
581.226146913,3,3,274,8,63,0,0,4192,48,8,3862.456789876,0.993430244,0,1
581.241123005,0,0,276,8,63,0,0,4193,48,8,3865.690659485,0.994262001,0,1
581.366040199,2,2,226,1,63,0,0,4194,48,8,3868.538139232,0.994994377,0,1
581.460710825,4,4,252,7,63,0,0,4193,48,8,3866.485953630,0.994466552,0,1
581.486059863,1,1,274,7,63,0,0,4193,48,8,3866.023558035,0.994347623,0,1
581.655553857,6,6,279,5,63,0,0,4192,48,8,3862.925315102,0.993550750,0,1
581.759718254,5,5,273,1,63,0,0,4192,48,8,3861.900163364,0.993287079,0,1
581.958782531,7,7,241,2,63,0,0,4194,48,8,3867.265076529,0.994666944,0,1
582.203851437,8,8,252,6,63,0,0,4193,48,8,3864.913855883,0.994062206,0,1
582.226146913,3,3,275,8,63,0,0,4192,48,8,3862.384704352,0.993411704,0,1
582.241123005,0,0,277,5,63,0,0,4193,48,8,3865.624516253,0.994244989,0,1
582.343628029,7,8,252,6,62,1,0,4194,48,8,3867.196534295,0.994649314,1,1
582.366040199,2,2,227,4,63,0,0,4194,48,8,3868.460111415,0.994974308,0,1
582.460710825,4,4,253,8,63,0,0,4193,48,8,3866.413868105,0.994448011,0,1
582.486059863,1,1,275,5,63,0,0,4193,48,8,3865.951472510,0.994329082,0,1
582.655553857,6,6,280,2,63,0,0,4192,48,8,3862.853229578,0.993532209,0,1
582.759718254,5,5,274,8,63,0,0,4192,48,8,3861.828077839,0.993268539,0,1
582.958782531,7,7,242,1,63,0,0,4194,48,8,3867.126665480,0.994631344,0,1
583.098559366,3,7,242,1,62,1,0,4192,48,8,3862.313353732,0.993393352,1,1
583.203851437,8,8,253,3,63,0,0,4193,48,8,3864.841770358,0.994043665,0,1
583.241123005,0,0,278,8,63,0,0,4193,48,8,3865.558373021,0.994227977,0,1
583.258815366,3,3,276,8,63,0,0,4192,48,8,3862.252047425,0.993377584,0,1
583.366040199,2,2,228,4,63,0,0,4194,48,8,3868.388025891,0.994955768,0,1
583.460710825,4,4,254,6,63,0,0,4193,48,8,3866.341782581,0.994429471,0,1
583.486059863,1,1,276,8,63,0,0,4193,48,8,3865.879386986,0.994310542,0,1
583.655553857,6,6,281,5,63,0,0,4192,48,8,3862.769259468,0.993510612,0,1
583.759718254,5,5,275,6,63,0,0,4192,48,8,3861.755992315,0.993249998,0,1
583.958782531,7,7,243,4,63,0,0,4194,48,8,3867.060522248,0.994614332,0,1
584.203851437,8,8,254,1,63,0,0,4193,48,8,3864.769684834,0.994025125,0,1
584.226146913,3,3,277,5,63,0,0,4192,48,8,3862.180150071,0.993359092,0,1
584.241123005,0,0,279,3,63,0,0,4193,48,8,3865.486287496,0.994209436,0,1
584.366040199,2,2,229,1,63,0,0,4194,48,8,3868.309998074,0.994935699,0,1
584.460710825,4,4,255,8,63,0,0,4193,48,8,3866.269697056,0.994410930,0,1
584.486059863,1,1,277,3,63,0,0,4193,48,8,3865.813243754,0.994293530,0,1
584.655553857,6,6,282,3,63,0,0,4192,48,8,3862.697173944,0.993492071,0,1
584.759718254,5,5,276,1,63,0,0,4192,48,8,3861.683906790,0.993231458,0,1
584.958782531,7,7,244,3,63,0,0,4194,48,8,3866.994379016,0.994597320,0,1
585.203851437,8,8,255,1,63,0,0,4193,48,8,3864.697599309,0.994006584,0,1
585.226146913,3,3,278,1,63,0,0,4192,48,8,3862.108064546,0.993340552,0,1
585.241123005,0,0,280,1,63,0,0,4193,48,8,3865.420144264,0.994192424,0,1
585.366040199,2,2,230,8,63,0,0,4194,48,8,3868.237912549,0.994917159,0,1
585.460710825,4,4,256,2,63,0,0,4193,48,8,3866.203553824,0.994393918,0,1
585.486059863,1,1,278,0,63,0,0,4193,48,8,3865.741158229,0.994274989,0,1
585.655553857,6,6,283,2,63,0,0,4192,48,8,3862.619146127,0.993472003,0,1
585.759718254,5,5,277,4,63,0,0,4192,48,8,3861.611821266,0.993212917,0,1
585.795330447,3,6,283,2,62,1,0,4192,48,8,3862.038460525,0.993322649,1,1
585.958782531,7,7,245,8,63,0,0,4194,48,8,3866.928235784,0.994580308,0,1
586.203851437,8,8,256,3,63,0,0,4193,48,8,3864.625513785,0.993988044,0,1
586.226146913,3,3,279,1,63,0,0,4192,48,8,3861.969653497,0.993304952,0,1
586.241123005,0,0,281,5,63,0,0,4193,48,8,3865.348058740,0.994173883,0,1
586.366040199,2,2,231,4,63,0,0,4194,48,8,3868.165827025,0.994898618,0,1
586.460710825,4,4,257,7,63,0,0,4193,48,8,3866.131468300,0.994375378,0,1
586.486059863,1,1,279,7,63,0,0,4193,48,8,3865.669072705,0.994256449,0,1
586.655553857,6,6,284,0,63,0,0,4192,48,8,3862.529233725,0.993448877,0,1
586.759718254,5,5,278,0,63,0,0,4192,48,8,3861.545678034,0.993195905,0,1
586.958782531,7,7,246,0,63,0,0,4193,48,8,3866.856150260,0.994561767,0,1
587.098559121,6,7,246,0,62,1,0,4192,48,8,3862.460356490,0.993431162,1,1
587.203851437,8,8,257,1,63,0,0,4193,48,8,3864.559370553,0.993971032,0,1
587.226146913,3,3,280,5,63,0,0,4192,48,8,3861.897567973,0.993286412,0,1
587.241123005,0,0,282,4,63,0,0,4193,48,8,3865.275973215,0.994155343,0,1
587.366040199,2,2,232,8,63,0,0,4194,48,8,3868.093741500,0.994880078,0,1
587.460710825,4,4,258,7,63,0,0,4193,48,8,3866.053440483,0.994355309,0,1
587.486059863,1,1,280,8,63,0,0,4193,48,8,3865.596987180,0.994237908,0,1
587.655553857,6,6,285,0,63,0,0,4192,48,8,3862.396764968,0.993414806,0,1
587.759718254,5,5,279,4,63,0,0,4192,48,8,3861.473592509,0.993177364,0,1
587.958782531,7,7,247,3,63,0,0,4193,48,8,3866.790007028,0.994544755,0,1
588.203851437,8,8,258,5,63,0,0,4193,48,8,3864.487285028,0.993952491,0,1
588.226146913,3,3,281,5,63,0,0,4192,48,8,3861.813597863,0.993264814,0,1
588.241123005,0,0,283,4,63,0,0,4193,48,8,3865.203887691,0.994136802,0,1
588.366040199,2,2,233,7,63,0,0,4194,48,8,3868.015713683,0.994860009,0,1
588.460710825,4,4,259,1,63,0,0,4193,48,8,3865.981354958,0.994336768,0,1
588.486059863,1,1,281,0,63,0,0,4193,48,8,3865.530843948,0.994220896,0,1
588.655553857,6,6,286,8,63,0,0,4192,48,8,3862.324679444,0.993396265,0,1
588.759718254,5,5,280,1,63,0,0,4192,48,8,3861.401506985,0.993158824,0,1
588.958782531,7,7,248,3,63,0,0,4193,48,8,3866.711979211,0.994524686,0,1
589.203851437,8,8,259,5,63,0,0,4193,48,8,3864.409257211,0.993932422,0,1
589.226146913,3,3,282,5,63,0,0,4192,48,8,3861.735570046,0.993244745,0,1
589.241123005,0,0,284,5,63,0,0,4193,48,8,3865.125859874,0.994116734,0,1
589.366040199,2,2,234,6,63,0,0,4194,48,8,3867.949570451,0.994842997,0,1
589.460710825,4,4,260,6,63,0,0,4193,48,8,3865.909269434,0.994318228,0,1
589.486059863,1,1,282,7,63,0,0,4193,48,8,3865.464700716,0.994203884,0,1
589.655553857,6,6,287,4,63,0,0,4192,48,8,3862.252593919,0.993377725,0,1
589.759718254,5,5,281,0,63,0,0,4192,48,8,3861.329421460,0.993140283,0,1
589.958782531,7,7,249,8,63,0,0,4193,48,8,3866.639893686,0.994506145,0,1
590.203851437,8,8,260,5,63,0,0,4193,48,8,3864.325287102,0.993910825,0,1
590.226146913,3,3,283,6,63,0,0,4192,48,8,3861.663484522,0.993226205,0,1
590.241123005,0,0,285,2,63,0,0,4193,48,8,3865.059716642,0.994099721,0,1
590.366040199,2,2,235,4,63,0,0,4194,48,8,3867.871542634,0.994822928,0,1
590.460710825,4,4,261,0,63,0,0,4193,48,8,3865.831241617,0.994298159,0,1
590.486059863,1,1,283,2,63,0,0,4193,48,8,3865.392615192,0.994185343,0,1
590.655553857,6,6,288,3,63,0,0,4192,48,8,3862.180508395,0.993359184,0,1
590.759718254,5,5,282,3,63,0,0,4192,48,8,3861.251393643,0.993120214,0,1
590.899494846,8,5,282,3,62,1,0,4193,48,8,3864.254954672,0.993892735,1,1
590.958782531,7,7,250,0,63,0,0,4193,48,8,3866.573750454,0.994489133,0,1
591.203851437,8,8,261,1,63,0,0,4193,48,8,3864.192818346,0.993876754,0,1
591.226146913,3,3,284,4,63,0,0,4192,48,8,3861.585456705,0.993206136,0,1
591.241123005,0,0,286,8,63,0,0,4193,48,8,3864.987631117,0.994081181,0,1
591.343628029,7,8,261,1,62,1,0,4193,48,8,3866.505208220,0.994471504,1,1
591.366040199,2,2,236,7,63,0,0,4194,48,8,3867.799457110,0.994804387,0,1
591.460710825,4,4,262,8,63,0,0,4193,48,8,3865.765098385,0.994281147,0,1
591.486059863,1,1,284,6,63,0,0,4193,48,8,3865.326471960,0.994168331,0,1
591.655553857,6,6,289,0,63,0,0,4192,48,8,3862.114365163,0.993342172,0,1
591.759718254,5,5,283,6,63,0,0,4192,48,8,3861.185250411,0.993103202,0,1
591.958782531,7,7,251,5,63,0,0,4193,48,8,3866.435339406,0.994453534,0,1
592.203851437,8,8,262,2,63,0,0,4193,48,8,3864.114790529,0.993856685,0,1
592.226146913,3,3,285,2,63,0,0,4192,48,8,3861.513371181,0.993187595,0,1
592.241123005,0,0,287,8,63,0,0,4193,48,8,3864.921487885,0.994064169,0,1
592.343628029,5,8,262,2,62,1,0,4192,48,8,3861.115561567,0.993085278,1,1
592.366040199,2,2,237,7,63,0,0,4194,48,8,3867.727371585,0.994785847,0,1
592.460710825,4,4,263,0,63,0,0,4193,48,8,3865.693012860,0.994262606,0,1
592.486059863,1,1,285,0,63,0,0,4193,48,8,3865.254386435,0.994149791,0,1
592.655553857,6,6,290,5,63,0,0,4192,48,8,3862.042279639,0.993323632,0,1
592.759718254,5,5,284,4,63,0,0,4192,48,8,3861.046839362,0.993067603,0,1
592.958782531,7,7,252,4,63,0,0,4193,48,8,3866.363253881,0.994434993,0,1
593.203851437,8,8,263,3,63,0,0,4193,48,8,3864.042705004,0.993838144,0,1
593.226146913,3,3,286,1,63,0,0,4192,48,8,3861.435343364,0.993167527,0,1
593.241123005,0,0,288,5,63,0,0,4193,48,8,3864.849402361,0.994045628,0,1
593.366040199,2,2,238,6,63,0,0,4194,48,8,3867.655286061,0.994767306,0,1
593.460710825,4,4,264,8,63,0,0,4193,48,8,3865.620927336,0.994244066,0,1
593.486059863,1,1,286,4,63,0,0,4193,48,8,3865.188243203,0.994132779,0,1
593.655553857,6,6,291,4,63,0,0,4192,48,8,3861.964251822,0.993303563,0,1
593.759718254,5,5,285,6,63,0,0,4192,48,8,3860.968811545,0.993047534,0,1
593.899494844,4,5,285,6,62,1,0,4193,48,8,3865.552074416,0.994226357,1,1
593.958782531,7,7,253,3,63,0,0,4193,48,8,3866.291168357,0.994416453,0,1
594.203851437,8,8,264,4,63,0,0,4193,48,8,3863.976561772,0.993821132,0,1
594.226146913,3,3,287,8,63,0,0,4192,48,8,3861.363257839,0.993148986,0,1
594.241123005,0,0,289,4,63,0,0,4193,48,8,3864.783259129,0.994028616,0,1
594.343628029,7,8,264,4,62,1,0,4193,48,8,3866.222626122,0.994398824,1,1
594.366040199,2,2,239,1,63,0,0,4194,48,8,3867.589142829,0.994750294,0,1
594.460710825,4,4,265,3,63,0,0,4193,48,8,3865.488458580,0.994209994,0,1
594.486059863,1,1,287,7,63,0,0,4193,48,8,3865.116157679,0.994114238,0,1
594.655553857,6,6,292,3,63,0,0,4192,48,8,3861.892166297,0.993285022,0,1
594.759718254,5,5,286,2,63,0,0,4192,48,8,3860.896726021,0.993028993,0,1
594.958782531,7,7,254,1,63,0,0,4193,48,8,3866.152757308,0.994380853,0,1
595.098559366,3,7,254,1,62,1,0,4192,48,8,3861.291907219,0.993130635,1,1
595.203851437,8,8,265,6,63,0,0,4193,48,8,3863.904476248,0.993802592,0,1
595.241123005,0,0,290,6,63,0,0,4193,48,8,3864.711173604,0.994010076,0,1
595.258815366,3,3,288,7,63,0,0,4192,48,8,3861.230600912,0.993114866,0,1
595.366040199,2,2,240,0,63,0,0,4194,48,8,3867.522999597,0.994733282,0,1
595.460710825,4,4,266,5,63,0,0,4193,48,8,3865.410430763,0.994189926,0,1
595.486059863,1,1,288,8,63,0,0,4193,48,8,3865.044072154,0.994095698,0,1
595.655553857,6,6,293,8,63,0,0,4192,48,8,3861.808196188,0.993263425,0,1
595.759718254,5,5,287,8,63,0,0,4192,48,8,3860.830582789,0.993011981,0,1
595.958782531,7,7,255,8,63,0,0,4193,48,8,3866.086614076,0.994363841,0,1
596.203851437,8,8,266,7,63,0,0,4193,48,8,3863.838333016,0.993785579,0,1
596.226146913,3,3,289,2,63,0,0,4192,48,8,3861.146818973,0.993093318,0,1
596.241123005,0,0,291,4,63,0,0,4193,48,8,3864.627203495,0.993988478,0,1
596.366040199,2,2,241,1,63,0,0,4194,48,8,3867.456856365,0.994716270,0,1
596.460710825,4,4,267,0,63,0,0,4193,48,8,3865.338345238,0.994171385,0,1
596.486059863,1,1,289,2,63,0,0,4193,48,8,3864.971986630,0.994077157,0,1
596.655553857,6,6,294,2,63,0,0,4192,48,8,3861.724226078,0.993241828,0,1
596.759718254,5,5,288,3,63,0,0,4192,48,8,3860.758497264,0.992993441,0,1
596.795330447,3,6,294,2,62,1,0,4192,48,8,3861.077214952,0.993075415,1,1
596.958782531,7,7,256,6,63,0,0,4193,48,8,3866.020470844,0.994346829,0,1
597.203851437,8,8,267,7,63,0,0,4193,48,8,3863.766247491,0.993767039,0,1
597.226146913,3,3,290,6,63,0,0,4192,48,8,3861.008407924,0.993057718,0,1
597.241123005,0,0,292,4,63,0,0,4193,48,8,3864.561060263,0.993971466,0,1
597.366040199,2,2,242,8,63,0,0,4194,48,8,3867.378828548,0.994696201,0,1
597.460710825,4,4,268,8,63,0,0,4193,48,8,3865.266259714,0.994152845,0,1
597.486059863,1,1,290,7,63,0,0,4193,48,8,3864.905843398,0.994060145,0,1
597.655553857,6,6,295,5,63,0,0,4192,48,8,3861.646198261,0.993221759,0,1
597.759718254,5,5,289,2,63,0,0,4192,48,8,3860.686411740,0.992974900,0,1
597.958782531,7,7,257,4,63,0,0,4193,48,8,3865.954327612,0.994329817,0,1
598.203851437,8,8,268,5,63,0,0,4193,48,8,3863.694161967,0.993748498,0,1
598.226146913,3,3,291,8,63,0,0,4192,48,8,3860.936322400,0.993039178,0,1
598.241123005,0,0,293,2,63,0,0,4193,48,8,3864.483032446,0.993951397,0,1
598.366040199,2,2,243,6,63,0,0,4194,48,8,3867.294858438,0.994674604,0,1
598.460710825,4,4,269,1,63,0,0,4193,48,8,3865.194174189,0.994134304,0,1
598.486059863,1,1,291,5,63,0,0,4193,48,8,3864.827815581,0.994040076,0,1
598.655553857,6,6,296,8,63,0,0,4192,48,8,3861.574112737,0.993203218,0,1
598.759718254,5,5,290,4,63,0,0,4192,48,8,3860.620268508,0.992957888,0,1
598.958782531,7,7,258,1,63,0,0,4193,48,8,3865.882242087,0.994311276,0,1
599.203851437,8,8,269,3,63,0,0,4192,48,8,3863.616134150,0.993728430,0,1
599.226146913,3,3,292,2,63,0,0,4192,48,8,3860.870179168,0.993022165,0,1
599.241123005,0,0,294,1,63,0,0,4193,48,8,3864.416889214,0.993934385,0,1
599.366040199,2,2,244,6,63,0,0,4194,48,8,3867.216830622,0.994654535,0,1
599.460710825,4,4,270,6,63,0,0,4193,48,8,3865.122088665,0.994115764,0,1
599.486059863,1,1,292,6,63,0,0,4193,48,8,3864.755730056,0.994021536,0,1
599.655553857,6,6,297,2,63,0,0,4192,48,8,3861.496084920,0.993183149,0,1
599.759718254,5,5,291,2,63,0,0,4192,48,8,3860.542240691,0.992937819,0,1
599.958782531,7,7,259,3,63,0,0,4193,48,8,3865.816098855,0.994294264,0,1
600.203851437,8,8,270,3,63,0,0,4192,48,8,3863.544048625,0.993709889,0,1
600.226146913,3,3,293,0,63,0,0,4192,48,8,3860.798093643,0.993003625,0,1
600.241123005,0,0,295,8,63,0,0,4193,48,8,3864.350745982,0.993917373,0,1
600.366040199,2,2,245,7,63,0,0,4194,48,8,3867.144745097,0.994635994,0,1
600.460710825,4,4,271,8,63,0,0,4193,48,8,3865.050003140,0.994097223,0,1
600.486059863,1,1,293,6,63,0,0,4193,48,8,3864.683644532,0.994002995,0,1
600.655553857,6,6,298,2,63,0,0,4192,48,8,3861.423999395,0.993164609,0,1
600.759718254,5,5,292,2,63,0,0,4192,48,8,3860.470155166,0.992919279,0,1
600.795330447,3,6,298,2,62,1,0,4192,48,8,3860.728489622,0.992985723,1,1
600.958782531,7,7,260,2,63,0,0,4193,48,8,3865.738071038,0.994274195,0,1
601.098559366,5,7,260,2,62,1,0,4192,48,8,3860.401877917,0.992901718,1,1
601.203851437,8,8,271,4,63,0,0,4192,48,8,3863.471963101,0.993691349,0,1
601.226146913,3,3,294,1,63,0,0,4192,48,8,3860.659682594,0.992968025,0,1
601.241123005,0,0,296,1,63,0,0,4193,48,8,3864.278660458,0.993898832,0,1
601.366040199,2,2,246,8,63,0,0,4194,48,8,3867.072659573,0.994617454,0,1
601.460710825,4,4,272,6,63,0,0,4193,48,8,3864.977917616,0.994078683,0,1
601.486059863,1,1,294,4,63,0,0,4193,48,8,3864.611559007,0.993984454,0,1
601.655553857,6,6,299,1,63,0,0,4192,48,8,3861.340029286,0.993143012,0,1
601.759718254,5,5,293,7,63,0,0,4191,48,8,3860.337686410,0.992885207,0,1
601.958782531,7,7,261,5,63,0,0,4193,48,8,3865.665985514,0.994255655,0,1
602.203851437,8,8,272,0,63,0,0,4192,48,8,3863.399877576,0.993672808,0,1
602.226146913,3,3,295,1,63,0,0,4192,48,8,3860.587597070,0.992949485,0,1
602.241123005,0,0,297,4,63,0,0,4193,48,8,3864.212517226,0.993881820,0,1
602.343628029,5,8,272,0,62,1,0,4191,48,8,3860.262055273,0.992865755,1,1
602.366040199,2,2,247,4,63,0,0,4194,48,8,3867.006516341,0.994600441,0,1
602.460710825,4,4,273,7,63,0,0,4193,48,8,3864.905832091,0.994060142,0,1
602.486059863,1,1,295,0,63,0,0,4193,48,8,3864.545415775,0.993967442,0,1
602.655553857,6,6,300,1,63,0,0,4192,48,8,3861.267943761,0.993124471,0,1
602.759718254,5,5,294,3,63,0,0,4191,48,8,3860.193333069,0.992848079,0,1
602.899494846,8,5,294,3,62,1,0,4192,48,8,3863.329545146,0.993654718,1,1
602.958782531,7,7,262,8,63,0,0,4193,48,8,3865.593899989,0.994237114,0,1
603.203851437,8,8,273,1,63,0,0,4192,48,8,3863.267408820,0.993638737,0,1
603.205627681,2,2,11,65535,63,0,0,4194,0,7,3866.961122728,0.994588766,0,1
603.226146913,3,3,296,1,63,0,0,4192,48,8,3860.515511545,0.992930944,0,1
603.241123005,0,0,298,2,63,0,0,4193,48,8,3864.140431701,0.993863280,0,1
603.366040199,2,2,248,5,63,0,0,4194,48,8,3866.899815520,0.994572998,0,1
603.460710825,4,4,274,2,63,0,0,4193,48,8,3864.839688859,0.994043130,0,1
603.486059863,1,1,296,0,63,0,0,4193,48,8,3864.475731848,0.993949520,0,1
603.655553857,6,6,301,0,63,0,0,4192,48,8,3861.189915944,0.993104402,0,1
603.759718254,5,5,295,1,63,0,0,4191,48,8,3860.121247544,0.992829539,0,1
603.958782531,7,7,263,6,63,0,0,4193,48,8,3865.521814465,0.994218574,0,1
604.203851437,8,8,274,0,63,0,0,4192,48,8,3863.189381003,0.993618668,0,1
604.226146913,3,3,297,4,63,0,0,4192,48,8,3860.437483728,0.992910875,0,1
604.241123005,0,0,299,1,63,0,0,4193,48,8,3864.068346177,0.993844739,0,1
604.343628029,5,8,274,0,62,1,0,4191,48,8,3860.051558699,0.992811615,1,1
604.366040199,2,2,249,1,63,0,0,4193,48,8,3866.827729996,0.994554457,0,1
604.460710825,4,4,275,5,63,0,0,4193,48,8,3864.767603335,0.994024589,0,1
604.486059863,1,1,297,3,63,0,0,4193,48,8,3864.409588616,0.993932507,0,1
604.655553857,6,6,302,4,63,0,0,4192,48,8,3861.117830420,0.993085862,0,1
604.759718254,5,5,296,6,63,0,0,4191,48,8,3859.982836495,0.992793939,0,1
604.958782531,7,7,264,6,63,0,0,4193,48,8,3865.449728940,0.994200033,0,1
605.203851437,8,8,275,7,63,0,0,4192,48,8,3863.117295478,0.993600127,0,1
605.226146913,3,3,298,4,63,0,0,4191,48,8,3860.371340496,0.992893863,0,1
605.241123005,0,0,300,1,63,0,0,4193,48,8,3863.996260652,0.993826199,0,1
605.366040199,2,2,250,1,63,0,0,4193,48,8,3866.761586764,0.994537445,0,1
605.460710825,4,4,276,8,63,0,0,4193,48,8,3864.695517810,0.994006049,0,1
605.486059863,1,1,298,3,63,0,0,4193,48,8,3864.343445384,0.993915495,0,1
605.655553857,6,6,303,7,63,0,0,4192,48,8,3861.045744895,0.993067321,0,1
605.759718254,5,5,297,8,63,0,0,4191,48,8,3859.916693263,0.992776927,0,1
605.958782531,7,7,265,4,63,0,0,4193,48,8,3865.383585708,0.994183021,0,1
606.060164480,4,4,11,65535,63,0,0,4193,0,7,3864.657449661,0.993996258,0,1
606.203851437,8,8,276,5,63,0,0,4192,48,8,3863.039267661,0.993580059,0,1
606.226146913,3,3,299,1,63,0,0,4191,48,8,3860.299254972,0.992875323,0,1
606.241123005,0,0,301,8,63,0,0,4193,48,8,3863.924175128,0.993807658,0,1
606.366040199,2,2,251,7,63,0,0,4193,48,8,3866.683558947,0.994517376,0,1
606.422851395,0,0,11,65535,63,0,0,4193,0,7,3863.888513076,0.993798486,0,1
606.460710825,4,4,277,1,63,0,0,4193,48,8,3864.594759282,0.993980134,0,1
606.486059863,1,1,299,5,63,0,0,4193,48,8,3864.273761457,0.993897572,0,1
606.655553857,6,6,304,8,63,0,0,4192,48,8,3860.961774786,0.993045724,0,1
606.759718254,5,5,298,6,63,0,0,4191,48,8,3859.844607739,0.992758387,0,1
606.958782531,7,7,266,5,63,0,0,4193,48,8,3865.317442476,0.994166009,0,1
607.203851437,8,8,277,4,63,0,0,4192,48,8,3862.961239844,0.993559990,0,1
607.226146913,3,3,300,8,63,0,0,4191,48,8,3860.227169447,0.992856782,0,1
607.241123005,0,0,302,8,63,0,0,4193,48,8,3863.823416600,0.993781743,0,1
607.366040199,2,2,252,4,63,0,0,4193,48,8,3866.605531130,0.994497307,0,1
607.460710825,4,4,278,1,63,0,0,4193,48,8,3864.522673758,0.993961593,0,1
607.486059863,1,1,300,7,63,0,0,4193,48,8,3864.207618225,0.993880560,0,1
607.655553857,6,6,305,2,63,0,0,4192,48,8,3860.889689262,0.993027183,0,1
607.759718254,5,5,299,0,63,0,0,4191,48,8,3859.766579922,0.992738318,0,1
607.815809857,6,6,11,65535,63,0,0,4192,0,8,3860.828382955,0.993011415,0,1
607.931177313,1,1,11,65535,63,0,0,4193,0,7,3864.164496760,0.993869469,0,1
607.958782531,7,7,267,3,63,0,0,4193,48,8,3865.245356952,0.994147468,0,1
608.129722679,8,8,11,65535,63,0,0,4192,0,8,3862.889581302,0.993541559,0,1
608.226146913,3,3,301,7,63,0,0,4191,48,8,3860.148761931,0.992836616,0,1
608.241123005,0,0,303,7,63,0,0,4193,48,8,3863.757273368,0.993764731,0,1
608.300218679,8,8,278,3,63,0,0,4192,48,8,3862.828216013,0.993525776,0,1
608.366040199,2,2,253,3,63,0,0,4193,48,8,3866.529904910,0.994477856,0,1
608.460710825,4,4,279,1,63,0,0,4193,48,8,3864.450588233,0.993943053,0,1
608.486059863,1,1,301,2,63,0,0,4193,48,8,3864.100917405,0.993853117,0,1
608.655553857,6,6,306,0,63,0,0,4192,48,8,3860.757220505,0.992993112,0,1
608.759718254,5,5,300,3,63,0,0,4191,48,8,3859.690574003,0.992718769,0,1
608.958782531,7,7,268,2,63,0,0,4193,48,8,3865.179213720,0.994130456,0,1
609.098559366,5,7,268,2,62,1,0,4191,48,8,3859.622296754,0.992701208,1,1
609.203851437,8,8,279,3,63,0,0,4192,48,8,3862.756685563,0.993507378,0,1
609.226146913,3,3,302,7,63,0,0,4191,48,8,3860.070734114,0.992816547,0,1
609.241123005,0,0,304,2,63,0,0,4193,48,8,3863.685187843,0.993746190,0,1
609.366040199,2,2,254,0,63,0,0,4193,48,8,3866.457819386,0.994459316,0,1
609.460710825,4,4,280,0,63,0,0,4193,48,8,3864.378502709,0.993924512,0,1
609.486059863,1,1,302,8,63,0,0,4193,48,8,3864.028831880,0.993834576,0,1
609.655553857,6,6,307,3,63,0,0,4192,48,8,3860.679192688,0.992973043,0,1
609.759718254,5,5,301,8,63,0,0,4191,48,8,3859.558105246,0.992684698,0,1
609.958782531,7,7,269,3,63,0,0,4193,48,8,3865.107128195,0.994111916,0,1
610.179680522,5,5,11,65535,63,0,0,4191,0,7,3859.521070968,0.992675173,0,1
610.203851437,8,8,280,6,63,0,0,4192,48,8,3862.684600039,0.993488837,0,1
610.226146913,3,3,303,7,63,0,0,4191,48,8,3859.992706297,0.992796478,0,1
610.241123005,0,0,305,8,63,0,0,4192,48,8,3863.619044611,0.993729178,0,1
610.343628029,7,8,280,6,62,1,0,4193,48,8,3865.038585961,0.994094287,1,1
610.366040199,2,2,255,6,63,0,0,4193,48,8,3866.379791569,0.994439247,0,1
610.460710825,4,4,281,8,63,0,0,4193,48,8,3864.302876489,0.993905061,0,1
610.486059863,1,1,303,0,63,0,0,4193,48,8,3863.959147953,0.993816653,0,1
610.655553857,6,6,308,4,63,0,0,4192,48,8,3860.601164871,0.992952975,0,1
610.759718254,5,5,302,8,63,0,0,4191,48,8,3859.457346718,0.992658783,0,1
610.958782531,7,7,270,3,63,0,0,4193,48,8,3864.962774854,0.994074788,0,1
611.000395817,3,3,11,65535,63,0,0,4191,0,7,3859.953631328,0.992786428,0,1
611.203851437,8,8,281,2,63,0,0,4192,48,8,3862.606572222,0.993468769,0,1
611.226146913,3,3,304,7,63,0,0,4191,48,8,3859.891947769,0.992770563,0,1
611.241123005,0,0,306,6,63,0,0,4192,48,8,3863.537476099,0.993708199,0,1
611.366040199,2,2,256,8,63,0,0,4193,48,8,3866.307706044,0.994420706,0,1
611.460710825,4,4,282,6,63,0,0,4193,48,8,3864.230790965,0.993886520,0,1
611.486059863,1,1,304,6,63,0,0,4193,48,8,3863.893004721,0.993799641,0,1
611.655553857,6,6,309,4,63,0,0,4192,48,8,3860.529079347,0.992934434,0,1
611.759718254,5,5,303,3,63,0,0,4191,48,8,3859.385261194,0.992640242,0,1
611.899494846,8,5,303,3,62,1,0,4192,48,8,3862.536239792,0.993450679,1,1
611.958782531,7,7,271,1,63,0,0,4193,48,8,3864.896631622,0.994057776,0,1
612.203851437,8,8,282,5,63,0,0,4192,48,8,3862.474103466,0.993434697,0,1
612.226146913,3,3,305,7,63,0,0,4191,48,8,3859.825804537,0.992753551,0,1
612.241123005,0,0,307,6,63,0,0,4192,48,8,3863.465390575,0.993689658,0,1
612.366040199,2,2,257,5,63,0,0,4193,48,8,3866.229678227,0.994400637,0,1
612.460710825,4,4,283,8,63,0,0,4193,48,8,3864.164647733,0.993869508,0,1
612.486059863,1,1,305,6,63,0,0,4193,48,8,3863.820919197,0.993781101,0,1
612.655553857,6,6,310,0,63,0,0,4192,48,8,3860.451051530,0.992914365,0,1
612.759718254,5,5,304,3,63,0,0,4191,48,8,3859.313175670,0.992621702,0,1
612.847284098,7,7,11,65535,63,0,0,4193,0,7,3864.856898557,0.994047556,0,1
612.958782531,7,7,272,1,63,0,0,4193,48,8,3864.795873094,0.994031860,0,1
613.098559366,3,7,272,1,62,1,0,4191,48,8,3859.739028637,0.992731232,1,1
613.203851437,8,8,283,2,63,0,0,4192,48,8,3862.398477246,0.993415246,0,1
613.241123005,0,0,308,1,63,0,0,4192,48,8,3863.393305050,0.993671118,0,1
613.258815366,3,3,306,7,63,0,0,4191,48,8,3859.677722331,0.992715464,0,1
613.366040199,2,2,258,8,63,0,0,4193,48,8,3866.151650410,0.994380569,0,1
613.460710825,4,4,284,2,63,0,0,4193,48,8,3864.080677623,0.993847911,0,1
613.486059863,1,1,306,5,63,0,0,4193,48,8,3863.736949087,0.993759503,0,1
613.655553857,6,6,311,1,63,0,0,4191,48,8,3860.363540725,0.992891857,0,1
613.759718254,5,5,305,4,63,0,0,4191,48,8,3859.241090145,0.992603161,0,1
613.958782531,7,7,273,2,63,0,0,4193,48,8,3864.717845277,0.994011791,0,1
614.098559366,5,7,273,2,62,1,0,4191,48,8,3859.172812896,0.992585600,1,1
614.203851437,8,8,284,6,63,0,0,4192,48,8,3862.326391722,0.993396706,0,1
614.226146913,3,3,307,0,63,0,0,4191,48,8,3859.605824976,0.992696971,0,1
614.241123005,0,0,309,4,63,0,0,4192,48,8,3863.321219526,0.993652577,0,1
614.366040199,2,2,259,6,63,0,0,4193,48,8,3866.073622593,0.994360500,0,1
614.460710825,4,4,285,2,63,0,0,4193,48,8,3864.008592099,0.993829370,0,1
614.486059863,1,1,307,8,63,0,0,4193,48,8,3863.670805855,0.993742491,0,1
614.655553857,6,6,312,8,63,0,0,4191,48,8,3860.285512908,0.992871788,0,1
614.759718254,5,5,306,2,63,0,0,4191,48,8,3859.108621389,0.992569090,0,1
614.958782531,7,7,274,0,63,0,0,4193,48,8,3864.639817460,0.993991723,0,1
615.098559121,6,7,274,0,62,1,0,4191,48,8,3860.216635673,0.992854073,1,1
615.203851437,8,8,285,5,63,0,0,4192,48,8,3862.254306197,0.993378165,0,1
615.226146913,3,3,308,0,63,0,0,4191,48,8,3859.527797159,0.992676903,0,1
615.241123005,0,0,310,2,63,0,0,4192,48,8,3863.255076294,0.993635565,0,1
615.366040199,2,2,260,3,63,0,0,4193,48,8,3865.995594776,0.994340431,0,1
615.460710825,4,4,286,5,63,0,0,4193,48,8,3863.936506574,0.993810830,0,1
615.486059863,1,1,308,3,63,0,0,4192,48,8,3863.592778039,0.993722422,0,1
615.655553857,6,6,313,5,63,0,0,4191,48,8,3860.147101859,0.992836189,0,1
615.759718254,5,5,307,6,63,0,0,4191,48,8,3859.036535864,0.992550549,0,1
615.958782531,7,7,275,4,63,0,0,4193,48,8,3864.567731935,0.993973182,0,1
616.203851437,8,8,286,2,63,0,0,4192,48,8,3862.182220673,0.993359625,0,1
616.226146913,3,3,309,1,63,0,0,4191,48,8,3859.455711635,0.992658362,0,1
616.241123005,0,0,311,4,63,0,0,4192,48,8,3863.188933062,0.993618553,0,1
616.366040199,2,2,261,3,63,0,0,4193,48,8,3865.929451544,0.994323419,0,1
616.460710825,4,4,287,2,63,0,0,4193,48,8,3863.864421050,0.993792289,0,1
616.486059863,1,1,309,4,63,0,0,4192,48,8,3863.520692514,0.993703882,0,1
616.655553857,6,6,314,7,63,0,0,4191,48,8,3860.075016335,0.992817648,0,1
616.759718254,5,5,308,7,63,0,0,4191,48,8,3858.964450340,0.992532009,0,1
616.899494846,8,5,308,7,62,1,0,4192,48,8,3862.105945950,0.993340007,1,1
616.958782531,7,7,276,1,63,0,0,4193,48,8,3864.495646411,0.993954642,0,1
617.203851437,8,8,287,6,63,0,0,4192,48,8,3862.043809624,0.993324025,0,1
617.226146913,3,3,310,2,63,0,0,4191,48,8,3859.389568403,0.992641350,0,1
617.241123005,0,0,312,5,63,0,0,4192,48,8,3863.116847537,0.993600012,0,1
617.366040199,2,2,262,3,63,0,0,4193,48,8,3865.851423727,0.994303350,0,1
617.460710825,4,4,288,7,63,0,0,4193,48,8,3863.798277818,0.993775277,0,1
617.486059863,1,1,310,0,63,0,0,4192,48,8,3863.454549282,0.993686870,0,1
617.655553857,6,6,315,7,63,0,0,4191,48,8,3859.996988518,0.992797579,0,1
617.759718254,5,5,309,0,63,0,0,4191,48,8,3858.892364815,0.992513468,0,1
617.958782531,7,7,277,4,63,0,0,4193,48,8,3864.429503179,0.993937629,0,1
618.203851437,8,8,288,5,63,0,0,4192,48,8,3861.971724099,0.993305485,0,1
618.226146913,3,3,311,0,63,0,0,4191,48,8,3859.317482878,0.992622809,0,1
618.241123005,0,0,313,5,63,0,0,4192,48,8,3863.044762013,0.993581472,0,1
618.366040199,2,2,263,8,63,0,0,4193,48,8,3865.785280495,0.994286338,0,1
618.460710825,4,4,289,6,63,0,0,4193,48,8,3863.726192293,0.993756737,0,1
618.486059863,1,1,311,3,63,0,0,4192,48,8,3863.376521465,0.993666801,0,1
618.655553857,6,6,316,3,63,0,0,4191,48,8,3859.918960701,0.992777510,0,1
618.759718254,5,5,310,3,63,0,0,4191,48,8,3858.814336998,0.992493399,0,1
618.958782531,7,7,278,2,63,0,0,4193,48,8,3864.345533070,0.993916032,0,1
619.098559366,5,7,278,2,62,1,0,4191,48,8,3858.746059749,0.992475838,1,1
619.203851437,8,8,289,6,63,0,0,4192,48,8,3861.899638575,0.993286944,0,1
619.226146913,3,3,312,0,63,0,0,4191,48,8,3859.233512769,0.992601212,0,1
619.241123005,0,0,314,3,63,0,0,4192,48,8,3862.972676488,0.993562931,0,1
619.366040199,2,2,264,8,63,0,0,4193,48,8,3865.713194971,0.994267797,0,1
619.460710825,4,4,290,2,63,0,0,4193,48,8,3863.654106769,0.993738196,0,1
619.486059863,1,1,312,6,63,0,0,4192,48,8,3863.310378233,0.993649789,0,1
619.655553857,6,6,317,4,63,0,0,4191,48,8,3859.846875176,0.992758970,0,1
619.759718254,5,5,311,7,63,0,0,4191,48,8,3858.681868242,0.992459328,0,1
619.958782531,7,7,279,3,63,0,0,4193,48,8,3864.273447545,0.993897492,0,1
620.203851437,8,8,290,7,63,0,0,4192,48,8,3861.827553050,0.993268404,0,1
620.226146913,3,3,313,4,63,0,0,4191,48,8,3859.155484952,0.992581143,0,1
620.241123005,0,0,315,6,63,0,0,4192,48,8,3862.906533256,0.993545919,0,1
620.366040199,2,2,265,0,63,0,0,4193,48,8,3865.641109446,0.994249257,0,1
620.460710825,4,4,291,8,63,0,0,4192,48,8,3863.582021244,0.993719656,0,1
620.486059863,1,1,313,7,63,0,0,4192,48,8,3863.232350416,0.993629720,0,1
620.655553857,6,6,318,4,63,0,0,4191,48,8,3859.774789652,0.992740429,0,1
620.759718254,5,5,312,3,63,0,0,4191,48,8,3858.603840425,0.992439259,0,1
620.899494846,8,5,312,3,62,1,0,4192,48,8,3861.757220620,0.993250314,1,1
620.958782531,7,7,280,1,63,0,0,4193,48,8,3864.201362021,0.993878951,0,1
621.203851437,8,8,291,1,63,0,0,4192,48,8,3861.695084294,0.993234332,0,1
621.226146913,3,3,314,6,63,0,0,4191,48,8,3859.089341720,0.992564131,0,1
621.241123005,0,0,316,1,63,0,0,4192,48,8,3862.840390024,0.993528907,0,1
621.366040199,2,2,266,8,63,0,0,4193,48,8,3865.569023922,0.994230716,0,1
621.460710825,4,4,292,3,63,0,0,4192,48,8,3863.515878012,0.993702644,0,1
621.486059863,1,1,314,5,63,0,0,4192,48,8,3863.160264892,0.993611179,0,1
621.655553857,6,6,319,4,63,0,0,4191,48,8,3859.708646420,0.992723417,0,1
621.759718254,5,5,313,7,63,0,0,4191,48,8,3858.537697193,0.992422247,0,1
621.958782531,7,7,281,6,63,0,0,4193,48,8,3864.135218789,0.993861939,0,1
622.203851437,8,8,292,6,63,0,0,4192,48,8,3861.622998769,0.993215792,0,1
622.226146913,3,3,315,6,63,0,0,4191,48,8,3859.011313903,0.992544062,0,1
622.241123005,0,0,317,6,63,0,0,4192,48,8,3862.768304500,0.993510366,0,1
622.343628029,7,8,292,6,62,1,0,4193,48,8,3864.066676554,0.993844310,1,1
622.366040199,2,2,267,1,63,0,0,4193,48,8,3865.496938398,0.994212176,0,1
622.460710825,4,4,293,0,63,0,0,4192,48,8,3863.443792488,0.993684103,0,1
622.486059863,1,1,315,7,63,0,0,4192,48,8,3863.088179367,0.993592639,0,1
622.655553857,6,6,320,5,63,0,0,4191,48,8,3859.636560895,0.992704877,0,1
622.759718254,5,5,314,4,63,0,0,4191,48,8,3858.465611668,0.992403707,0,1
622.958782531,7,7,282,2,63,0,0,4193,48,8,3863.996807740,0.993826339,0,1
623.203851437,8,8,293,6,63,0,0,4192,48,8,3861.544970952,0.993195723,0,1
623.226146913,3,3,316,2,63,0,0,4191,48,8,3858.939228379,0.992525522,0,1
623.241123005,0,0,318,8,63,0,0,4192,48,8,3862.696218975,0.993491826,0,1
623.366040199,2,2,268,1,63,0,0,4193,48,8,3865.412968288,0.994190578,0,1
623.460710825,4,4,294,0,63,0,0,4192,48,8,3863.377649256,0.993667091,0,1
623.486059863,1,1,316,0,63,0,0,4192,48,8,3863.010151550,0.993572570,0,1
623.655553857,6,6,321,7,63,0,0,4191,48,8,3859.558533079,0.992684808,0,1
623.759718254,5,5,315,3,63,0,0,4191,48,8,3858.399468436,0.992386695,0,1
623.958782531,7,7,283,3,63,0,0,4193,48,8,3863.924722215,0.993807799,0,1
624.203851437,8,8,294,2,63,0,0,4192,48,8,3861.472885428,0.993177182,0,1
624.226146913,3,3,317,5,63,0,0,4191,48,8,3858.867142854,0.992506981,0,1
624.241123005,0,0,319,2,63,0,0,4192,48,8,3862.624133451,0.993473285,0,1
624.366040199,2,2,269,3,63,0,0,4193,48,8,3865.340882764,0.994172038,0,1
624.460710825,4,4,295,8,63,0,0,4192,48,8,3863.305563732,0.993648550,0,1
624.486059863,1,1,317,8,63,0,0,4192,48,8,3862.944008318,0.993555558,0,1
624.655553857,6,6,322,3,63,0,0,4191,48,8,3859.486447554,0.992666267,0,1
624.759718254,5,5,316,7,63,0,0,4191,48,8,3858.321440619,0.992366626,0,1
624.958782531,7,7,284,8,63,0,0,4193,48,8,3863.858578983,0.993790787,0,1
625.203851437,8,8,295,4,63,0,0,4192,48,8,3861.400799903,0.993158642,0,1
625.226146913,3,3,318,7,63,0,0,4191,48,8,3858.795057330,0.992488441,0,1
625.241123005,0,0,320,8,63,0,0,4192,48,8,3862.552047926,0.993454745,0,1
625.366040199,2,2,270,3,63,0,0,4193,48,8,3865.268797239,0.994153497,0,1
625.460710825,4,4,296,7,63,0,0,4192,48,8,3863.233478207,0.993630010,0,1
625.486059863,1,1,318,8,63,0,0,4192,48,8,3862.871922794,0.993537017,0,1
625.655553857,6,6,323,2,63,0,0,4191,48,8,3859.414362030,0.992647727,0,1
625.759718254,5,5,317,2,63,0,0,4191,48,8,3858.249355095,0.992348085,0,1
625.958782531,7,7,285,0,63,0,0,4193,48,8,3863.786493459,0.993772246,0,1
626.098559121,6,7,285,0,62,1,0,4191,48,8,3859.345484795,0.992630012,1,1
626.203851437,8,8,296,4,63,0,0,4192,48,8,3861.328714379,0.993140101,0,1
626.226146913,3,3,319,4,63,0,0,4191,48,8,3858.722971805,0.992469900,0,1
626.241123005,0,0,321,6,63,0,0,4192,48,8,3862.474020109,0.993434676,0,1
626.366040199,2,2,271,1,63,0,0,4193,48,8,3865.190769422,0.994133428,0,1
626.460710825,4,4,297,2,63,0,0,4192,48,8,3863.161392683,0.993611469,0,1
626.486059863,1,1,319,4,63,0,0,4192,48,8,3862.805779562,0.993520005,0,1
626.655553857,6,6,324,2,63,0,0,4191,48,8,3859.281893273,0.992613656,0,1
626.759718254,5,5,318,7,63,0,0,4191,48,8,3858.177269570,0.992329545,0,1
626.795330447,3,6,324,2,62,1,0,4191,48,8,3858.653367784,0.992451998,1,1
626.899494846,8,5,318,7,62,1,0,4192,48,8,3861.258381948,0.993122012,1,1
626.958782531,7,7,286,5,63,0,0,4193,48,8,3863.720350227,0.993755234,0,1
627.203851437,8,8,297,4,63,0,0,4192,48,8,3861.196245622,0.993106030,0,1
627.226146913,3,3,320,2,63,0,0,4191,48,8,3858.584560756,0.992434301,0,1
627.241123005,0,0,322,3,63,0,0,4192,48,8,3862.401934585,0.993416135,0,1
627.366040199,2,2,272,8,63,0,0,4193,48,8,3865.118683898,0.994114888,0,1
627.460710825,4,4,298,3,63,0,0,4192,48,8,3863.089307158,0.993592929,0,1
627.486059863,1,1,320,2,63,0,0,4192,48,8,3862.733694037,0.993501465,0,1
627.655553857,6,6,325,4,63,0,0,4191,48,8,3859.215750041,0.992596644,0,1
627.759718254,5,5,319,4,63,0,0,4191,48,8,3858.105184046,0.992311004,0,1
627.958782531,7,7,287,8,63,0,0,4193,48,8,3863.648264702,0.993736694,0,1
628.203851437,8,8,298,6,63,0,0,4192,48,8,3861.118217805,0.993085961,0,1
628.226146913,3,3,321,1,63,0,0,4191,48,8,3858.512475232,0.992415760,0,1
628.241123005,0,0,323,2,63,0,0,4192,48,8,3862.329849060,0.993397595,0,1
628.366040199,2,2,273,3,63,0,0,4193,48,8,3865.040656081,0.994094819,0,1
628.460710825,4,4,299,0,63,0,0,4192,48,8,3863.017221634,0.993574388,0,1
628.486059863,1,1,321,0,63,0,0,4192,48,8,3862.667550805,0.993484452,0,1
628.655553857,6,6,326,5,63,0,0,4191,48,8,3859.143664517,0.992578103,0,1
628.759718254,5,5,320,1,63,0,0,4191,48,8,3858.033098521,0.992292464,0,1
628.958782531,7,7,288,4,63,0,0,4192,48,8,3863.582121470,0.993719681,0,1
629.203851437,8,8,299,5,63,0,0,4192,48,8,3861.046132281,0.993067421,0,1
629.226146913,3,3,322,5,63,0,0,4191,48,8,3858.434447415,0.992395691,0,1
629.241123005,0,0,324,7,63,0,0,4192,48,8,3862.263705828,0.993380583,0,1
629.366040199,2,2,274,0,63,0,0,4193,48,8,3864.968570556,0.994076278,0,1
629.460710825,4,4,300,0,63,0,0,4192,48,8,3862.945136109,0.993555848,0,1
629.486059863,1,1,322,0,63,0,0,4192,48,8,3862.595465281,0.993465912,0,1
629.655553857,6,6,327,3,63,0,0,4191,48,8,3859.065636700,0.992558034,0,1
629.759718254,5,5,321,3,63,0,0,4191,48,8,3857.961012997,0.992273923,0,1
629.899494846,8,5,321,3,62,1,0,4192,48,8,3860.975799850,0.993049331,1,1
629.958782531,7,7,289,6,63,0,0,4192,48,8,3863.515978238,0.993702669,0,1
630.203851437,8,8,300,4,63,0,0,4192,48,8,3860.913663524,0.993033350,0,1
630.226146913,3,3,323,5,63,0,0,4191,48,8,3858.368304183,0.992378679,0,1
630.241123005,0,0,325,5,63,0,0,4192,48,8,3862.197562596,0.993363571,0,1
630.366040199,2,2,275,0,63,0,0,4193,48,8,3864.896485032,0.994057738,0,1
630.460710825,4,4,301,3,63,0,0,4192,48,8,3862.878992877,0.993538836,0,1
630.486059863,1,1,323,8,63,0,0,4192,48,8,3862.529322049,0.993448900,0,1
630.655553857,6,6,328,2,63,0,0,4191,48,8,3858.999493468,0.992541022,0,1
630.759718254,5,5,322,2,63,0,0,4191,48,8,3857.888927472,0.992255383,0,1
630.795330447,3,6,328,2,62,1,0,4191,48,8,3858.298700161,0.992360777,1,1
630.958782531,7,7,290,2,63,0,0,4192,48,8,3863.449835006,0.993685657,0,1
631.098559366,5,7,290,2,62,1,0,4191,48,8,3857.820650223,0.992237822,1,1
631.203851437,8,8,301,1,63,0,0,4192,48,8,3860.841578000,0.993014809,0,1
631.226146913,3,3,324,5,63,0,0,4191,48,8,3858.229893134,0.992343080,0,1
631.241123005,0,0,326,3,63,0,0,4192,48,8,3862.131419364,0.993346558,0,1
631.366040199,2,2,276,0,63,0,0,4193,48,8,3864.830341800,0.994040726,0,1
631.460710825,4,4,302,1,63,0,0,4192,48,8,3862.806907353,0.993520295,0,1
631.486059863,1,1,324,6,63,0,0,4192,48,8,3862.463178817,0.993431888,0,1
631.655553857,6,6,329,7,63,0,0,4191,48,8,3858.915523358,0.992519425,0,1
631.759718254,5,5,323,8,63,0,0,4191,48,8,3857.756458716,0.992221311,0,1
631.958782531,7,7,291,6,63,0,0,4192,48,8,3863.377749482,0.993667117,0,1
632.203851437,8,8,302,7,63,0,0,4192,48,8,3860.769492475,0.992996269,0,1
632.226146913,3,3,325,1,63,0,0,4191,48,8,3858.151865317,0.992323011,0,1
632.241123005,0,0,327,8,63,0,0,4192,48,8,3862.059333840,0.993328018,0,1
632.366040199,2,2,277,7,63,0,0,4193,48,8,3864.764198568,0.994023714,0,1
632.460710825,4,4,303,3,63,0,0,4192,48,8,3862.734821828,0.993501755,0,1
632.486059863,1,1,325,2,63,0,0,4192,48,8,3862.391093292,0.993413347,0,1
632.655553857,6,6,330,5,63,0,0,4191,48,8,3858.837495541,0.992499356,0,1
632.759718254,5,5,324,6,63,0,0,4191,48,8,3857.684373191,0.992202771,0,1
632.958782531,7,7,292,2,63,0,0,4192,48,8,3863.311606250,0.993650104,0,1
633.203851437,8,8,303,2,63,0,0,4192,48,8,3860.685522366,0.992974671,0,1
633.226146913,3,3,326,8,63,0,0,4191,48,8,3858.085722085,0.992305998,0,1
633.241123005,0,0,328,6,63,0,0,4192,48,8,3861.993190608,0.993311006,0,1
633.343628029,5,8,303,2,62,1,0,4191,48,8,3857.614684347,0.992184847,1,1
633.366040199,2,2,278,1,63,0,0,4193,48,8,3864.686170751,0.994003645,0,1
633.460710825,4,4,304,5,63,0,0,4192,48,8,3862.662736304,0.993483214,0,1
633.486059863,1,1,326,0,63,0,0,4192,48,8,3862.324950060,0.993396335,0,1
633.625836698,5,1,326,0,62,1,0,4191,48,8,3857.546733300,0.992167370,1,1
633.655553857,6,6,331,5,63,0,0,4191,48,8,3858.765410017,0.992480815,0,1
633.786092698,5,5,325,6,63,0,0,4191,48,8,3857.485426994,0.992151602,0,1
633.925869288,4,5,325,6,62,1,0,4192,48,8,3862.593731466,0.993465466,1,1
633.958782531,7,7,293,3,63,0,0,4192,48,8,3863.239520725,0.993631564,0,1
634.203851437,8,8,304,7,63,0,0,4192,48,8,3860.607494549,0.992954603,0,1
634.226146913,3,3,327,1,63,0,0,4191,48,8,3858.013636560,0.992287458,0,1
634.241123005,0,0,329,5,63,0,0,4192,48,8,3861.927047376,0.993293994,0,1
634.366040199,2,2,279,0,63,0,0,4193,48,8,3864.614085226,0.993985104,0,1
634.460710825,4,4,305,3,63,0,0,4192,48,8,3862.530267547,0.993449143,0,1
634.486059863,1,1,327,5,63,0,0,4192,48,8,3862.258806828,0.993379323,0,1
634.655553857,6,6,332,3,63,0,0,4191,48,8,3858.693324492,0.992462275,0,1
634.759718254,5,5,326,1,63,0,0,4191,48,8,3857.419435678,0.992134629,0,1
634.958782531,7,7,294,6,63,0,0,4192,48,8,3863.167435201,0.993613023,0,1
635.203851437,8,8,305,3,63,0,0,4192,48,8,3860.541351317,0.992937590,0,1
635.226146913,3,3,328,5,63,0,0,4191,48,8,3857.935608743,0.992267389,0,1
635.241123005,0,0,330,2,63,0,0,4192,48,8,3861.854961851,0.993275453,0,1
635.366040199,2,2,280,6,63,0,0,4193,48,8,3864.536057409,0.993965035,0,1
635.460710825,4,4,306,8,63,0,0,4192,48,8,3862.458182023,0.993430602,0,1
635.486059863,1,1,328,5,63,0,0,4192,48,8,3862.192663596,0.993362311,0,1
635.655553857,6,6,333,8,63,0,0,4191,48,8,3858.627181260,0.992445263,0,1
635.759718254,5,5,327,8,63,0,0,4191,48,8,3857.353292446,0.992117616,0,1
635.958782531,7,7,295,5,63,0,0,4192,48,8,3863.095349676,0.993594483,0,1
636.203851437,8,8,306,0,63,0,0,4192,48,8,3860.463323500,0.992917521,0,1
636.226146913,3,3,329,1,63,0,0,4191,48,8,3857.857580926,0.992247320,0,1
636.241123005,0,0,331,8,63,0,0,4192,48,8,3861.788818619,0.993258441,0,1
636.366040199,2,2,281,8,63,0,0,4193,48,8,3864.463971885,0.993946495,0,1
636.460710825,4,4,307,8,63,0,0,4192,48,8,3862.386096498,0.993412062,0,1
636.486059863,1,1,329,0,63,0,0,4192,48,8,3862.120578072,0.993343770,0,1
636.655553857,6,6,334,0,63,0,0,4191,48,8,3858.555095736,0.992426722,0,1
636.759718254,5,5,328,2,63,0,0,4191,48,8,3857.281206922,0.992099076,0,1
636.958782531,7,7,296,2,63,0,0,4192,48,8,3863.017321859,0.993574414,0,1
637.098559366,5,7,296,2,62,1,0,4191,48,8,3857.212929673,0.992081515,1,1
637.203851437,8,8,307,0,63,0,0,4191,48,8,3860.391237976,0.992898981,0,1
637.226146913,3,3,330,6,63,0,0,4191,48,8,3857.779553109,0.992227251,0,1
637.241123005,0,0,332,5,63,0,0,4192,48,8,3861.722675387,0.993241429,0,1
637.366040199,2,2,282,1,63,0,0,4193,48,8,3864.391886360,0.993927954,0,1
637.460710825,4,4,308,3,63,0,0,4192,48,8,3862.308068681,0.993391993,0,1
637.486059863,1,1,330,3,63,0,0,4192,48,8,3862.048492547,0.993325230,0,1
637.655553857,6,6,335,2,63,0,0,4191,48,8,3858.483010211,0.992408182,0,1
637.759718254,5,5,329,6,63,0,0,4190,48,8,3857.148738166,0.992065005,0,1
637.795330447,3,6,335,2,62,1,0,4191,48,8,3857.709949088,0.992209349,1,1
637.958782531,7,7,297,4,63,0,0,4192,48,8,3862.951178627,0.993557402,0,1
638.203851437,8,8,308,2,63,0,0,4191,48,8,3860.313210159,0.992878912,0,1
638.226146913,3,3,331,1,63,0,0,4191,48,8,3857.647084353,0.992193180,0,1
638.241123005,0,0,333,6,63,0,0,4192,48,8,3861.644647571,0.993221360,0,1
638.343628029,5,8,308,2,62,1,0,4190,48,8,3857.073107028,0.992045552,1,1
638.366040199,2,2,283,6,63,0,0,4193,48,8,3864.325743128,0.993910942,0,1
638.460710825,4,4,309,6,63,0,0,4192,48,8,3862.235983157,0.993373452,0,1
638.486059863,1,1,331,5,63,0,0,4192,48,8,3861.976407023,0.993306689,0,1
638.655553857,6,6,336,0,63,0,0,4191,48,8,3858.399040102,0.992386584,0,1
638.759718254,5,5,330,2,63,0,0,4190,48,8,3857.010327117,0.992029405,0,1
638.958782531,7,7,298,3,63,0,0,4192,48,8,3862.879093103,0.993538861,0,1
639.203851437,8,8,309,0,63,0,0,4191,48,8,3860.235182342,0.992858843,0,1
639.226146913,3,3,332,5,63,0,0,4191,48,8,3857.574998829,0.992174640,0,1
639.241123005,0,0,334,6,63,0,0,4192,48,8,3861.572562046,0.993202819,0,1
639.366040199,2,2,284,5,63,0,0,4193,48,8,3864.259599896,0.993893930,0,1
639.460710825,4,4,310,8,63,0,0,4192,48,8,3862.163897632,0.993354912,0,1
639.486059863,1,1,332,2,63,0,0,4192,48,8,3861.898379206,0.993286620,0,1
639.655553857,6,6,337,1,63,0,0,4191,48,8,3858.326954577,0.992368044,0,1
639.759718254,5,5,331,7,63,0,0,4190,48,8,3856.938241592,0.992010865,0,1
639.958782531,7,7,299,5,63,0,0,4192,48,8,3862.801065286,0.993518793,0,1
640.203851437,8,8,310,1,63,0,0,4191,48,8,3860.157154525,0.992838774,0,1
640.226146913,3,3,333,8,63,0,0,4191,48,8,3857.508855597,0.992157627,0,1
640.241123005,0,0,335,1,63,0,0,4192,48,8,3861.506418814,0.993185807,0,1
640.366040199,2,2,285,8,63,0,0,4193,48,8,3864.187514372,0.993875389,0,1
640.460710825,4,4,311,5,63,0,0,4192,48,8,3862.079927523,0.993333315,0,1
640.486059863,1,1,333,0,63,0,0,4192,48,8,3861.826293681,0.993268080,0,1
640.505816789,5,2,285,8,62,1,0,4190,48,8,3856.855733955,0.991989644,1,1
640.655553857,6,6,338,3,63,0,0,4191,48,8,3858.254869053,0.992349503,0,1
640.759718254,5,5,332,2,63,0,0,4190,48,8,3856.793888251,0.991973737,0,1
640.958782531,7,7,300,6,63,0,0,4192,48,8,3862.734922054,0.993501780,0,1
641.203851437,8,8,311,7,63,0,0,4191,48,8,3860.085069000,0.992820234,0,1
641.226146913,3,3,334,6,63,0,0,4191,48,8,3857.424885487,0.992136030,0,1
641.241123005,0,0,336,2,63,0,0,4192,48,8,3861.440275582,0.993168795,0,1
641.366040199,2,2,286,0,63,0,0,4193,48,8,3864.115428847,0.993856849,0,1
641.460710825,4,4,312,3,63,0,0,4192,48,8,3862.001899706,0.993313246,0,1
641.486059863,1,1,334,3,63,0,0,4192,48,8,3861.760150449,0.993251068,0,1
641.655553857,6,6,339,1,63,0,0,4191,48,8,3858.182783528,0.992330963,0,1
641.759718254,5,5,333,2,63,0,0,4190,48,8,3856.715860434,0.991953668,0,1
641.958782531,7,7,301,0,63,0,0,4192,48,8,3862.668778822,0.993484768,0,1
642.098559121,6,7,301,0,62,1,0,4191,48,8,3858.113906294,0.992313248,1,1
642.203851437,8,8,312,5,63,0,0,4191,48,8,3860.007041183,0.992800165,0,1
642.226146913,3,3,335,6,63,0,0,4191,48,8,3857.346857670,0.992115961,0,1
642.241123005,0,0,337,5,63,0,0,4192,48,8,3861.374132350,0.993151783,0,1
642.366040199,2,2,287,6,63,0,0,4193,48,8,3864.037401030,0.993836780,0,1
642.460710825,4,4,313,6,63,0,0,4192,48,8,3861.929814181,0.993294705,0,1
642.486059863,1,1,335,7,63,0,0,4192,48,8,3861.694007217,0.993234055,0,1
642.655553857,6,6,340,8,63,0,0,4191,48,8,3858.038430187,0.992293835,0,1
642.759718254,5,5,334,8,63,0,0,4190,48,8,3856.643774909,0.991935127,0,1
642.958782531,7,7,302,1,63,0,0,4192,48,8,3862.602635590,0.993467756,0,1
643.098559366,3,7,302,1,62,1,0,4191,48,8,3857.269564757,0.992096081,1,1
643.203851437,8,8,313,4,63,0,0,4191,48,8,3859.934955659,0.992781624,0,1
643.241123005,0,0,338,1,63,0,0,4192,48,8,3861.307989118,0.993134771,0,1
643.258815366,3,3,336,7,63,0,0,4191,48,8,3857.208258451,0.992080313,0,1
643.366040199,2,2,288,6,63,0,0,4193,48,8,3863.965315506,0.993818240,0,1
643.460710825,4,4,314,6,63,0,0,4192,48,8,3861.845844072,0.993273108,0,1
643.486059863,1,1,336,3,63,0,0,4192,48,8,3861.615979400,0.993213986,0,1
643.655553857,6,6,341,7,63,0,0,4191,48,8,3857.948517785,0.992270709,0,1
643.759718254,5,5,335,1,63,0,0,4190,48,8,3856.571689385,0.991916587,0,1
643.958782531,7,7,303,6,63,0,0,4192,48,8,3862.536492358,0.993450744,0,1
644.203851437,8,8,314,6,63,0,0,4191,48,8,3859.862870134,0.992763084,0,1
644.226146913,3,3,337,2,63,0,0,4190,48,8,3857.124476512,0.992058765,0,1
644.241123005,0,0,339,7,63,0,0,4192,48,8,3861.235903594,0.993116230,0,1
644.366040199,2,2,289,4,63,0,0,4193,48,8,3863.893229982,0.993799699,0,1
644.460710825,4,4,315,8,63,0,0,4192,48,8,3861.773758548,0.993254568,0,1
644.486059863,1,1,337,6,63,0,0,4192,48,8,3861.543893876,0.993195446,0,1
644.655553857,6,6,342,7,63,0,0,4191,48,8,3857.870489968,0.992250640,0,1
644.759718254,5,5,336,2,63,0,0,4190,48,8,3856.499603860,0.991898046,0,1
644.958782531,7,7,304,0,63,0,0,4192,48,8,3862.464406833,0.993432203,0,1
645.098559121,6,7,304,0,62,1,0,4191,48,8,3857.801612733,0.992232925,1,1
645.203851437,8,8,315,5,63,0,0,4191,48,8,3859.790784610,0.992744543,0,1
645.226146913,3,3,338,1,63,0,0,4190,48,8,3857.052390987,0.992040224,0,1
645.241123005,0,0,340,7,63,0,0,4192,48,8,3861.169760362,0.993099218,0,1
645.366040199,2,2,290,5,63,0,0,4193,48,8,3863.821144457,0.993781159,0,1
645.460710825,4,4,316,8,63,0,0,4192,48,8,3861.701673023,0.993236027,0,1
645.486059863,1,1,338,7,63,0,0,4192,48,8,3861.471808351,0.993176905,0,1
645.655553857,6,6,343,3,63,0,0,4191,48,8,3857.738021212,0.992216569,0,1
645.759718254,5,5,337,0,63,0,0,4190,48,8,3856.427518336,0.991879506,0,1
645.958782531,7,7,305,4,63,0,0,4192,48,8,3862.398263601,0.993415191,0,1
646.203851437,8,8,316,7,63,0,0,4191,48,8,3859.712756793,0.992724474,0,1
646.226146913,3,3,339,8,63,0,0,4190,48,8,3856.974363170,0.992020155,0,1
646.241123005,0,0,341,7,63,0,0,4192,48,8,3861.103617130,0.993082206,0,1
646.365923503,6,3,339,8,62,1,0,4191,48,8,3857.661661666,0.992196929,1,1
646.366040199,2,2,291,0,63,0,0,4193,48,8,3863.755001225,0.993764146,0,1
646.460710825,4,4,317,8,63,0,0,4192,48,8,3861.629587499,0.993217486,0,1
646.486059863,1,1,339,3,63,0,0,4192,48,8,3861.399722827,0.993158365,0,1
646.655553857,6,6,344,2,63,0,0,4191,48,8,3857.599610163,0.992180970,0,1
646.759718254,5,5,338,1,63,0,0,4190,48,8,3856.355432811,0.991860965,0,1
646.795330447,3,6,344,2,62,1,0,4190,48,8,3856.904759149,0.992002253,1,1
646.958782531,7,7,306,6,63,0,0,4192,48,8,3862.326178077,0.993396651,0,1
647.203851437,8,8,317,4,63,0,0,4191,48,8,3859.640671268,0.992705934,0,1
647.226146913,3,3,340,7,63,0,0,4190,48,8,3856.841894414,0.991986084,0,1
647.241123005,0,0,342,3,63,0,0,4192,48,8,3861.031531605,0.993063666,0,1
647.366040199,2,2,292,0,63,0,0,4193,48,8,3863.688857993,0.993747134,0,1
647.460710825,4,4,318,3,63,0,0,4192,48,8,3861.557501974,0.993198946,0,1
647.486059863,1,1,340,6,63,0,0,4192,48,8,3861.327637303,0.993139824,0,1
647.655553857,6,6,345,5,63,0,0,4191,48,8,3857.527524638,0.992162429,0,1
647.759718254,5,5,339,4,63,0,0,4190,48,8,3856.277404994,0.991840896,0,1
647.958782531,7,7,307,0,63,0,0,4192,48,8,3862.260034845,0.993379639,0,1
648.098559121,6,7,307,0,62,1,0,4191,48,8,3857.458647403,0.992144714,1,1
648.203851437,8,8,318,6,63,0,0,4191,48,8,3859.562643451,0.992685865,0,1
648.226146913,3,3,341,2,63,0,0,4190,48,8,3856.763866597,0.991966015,0,1
648.241123005,0,0,343,3,63,0,0,4192,48,8,3860.965388373,0.993046653,0,1
648.366040199,2,2,293,6,63,0,0,4192,48,8,3863.616772469,0.993728594,0,1
648.460710825,4,4,319,3,63,0,0,4192,48,8,3861.485416450,0.993180405,0,1
648.486059863,1,1,341,0,63,0,0,4192,48,8,3861.255551778,0.993121284,0,1
648.655553857,6,6,346,3,63,0,0,4191,48,8,3857.395055882,0.992128358,0,1
648.759718254,5,5,340,1,63,0,0,4190,48,8,3856.199377177,0.991820827,0,1
648.958782531,7,7,308,3,63,0,0,4192,48,8,3862.193891613,0.993362626,0,1
649.203851437,8,8,319,0,63,0,0,4191,48,8,3859.484615635,0.992665796,0,1
649.226146913,3,3,342,6,63,0,0,4190,48,8,3856.685838780,0.991945946,0,1
649.241123005,0,0,344,1,63,0,0,4192,48,8,3860.899245141,0.993029641,0,1
649.343628029,5,8,319,0,62,1,0,4190,48,8,3856.129688333,0.991802903,1,1
649.366040199,2,2,294,5,63,0,0,4192,48,8,3863.538744652,0.993708525,0,1
649.460710825,4,4,320,1,63,0,0,4192,48,8,3861.413330925,0.993161865,0,1
649.486059863,1,1,342,5,63,0,0,4192,48,8,3861.177523961,0.993101215,0,1
649.655553857,6,6,347,5,63,0,0,4191,48,8,3857.322970357,0.992109817,0,1
649.759718254,5,5,341,1,63,0,0,4190,48,8,3856.066908421,0.991786756,0,1
649.958782531,7,7,309,3,63,0,0,4192,48,8,3862.127748381,0.993345614,0,1
650.203851437,8,8,320,6,63,0,0,4191,48,8,3859.412530110,0.992647256,0,1
650.226146913,3,3,343,5,63,0,0,4190,48,8,3856.613753255,0.991927406,0,1
650.241123005,0,0,345,3,63,0,0,4192,48,8,3860.827159617,0.993011101,0,1
650.343628029,7,8,320,6,62,1,0,4192,48,8,3862.059206146,0.993327985,1,1
650.366040199,2,2,295,3,63,0,0,4192,48,8,3863.472601420,0.993691513,0,1
650.460710825,4,4,321,2,63,0,0,4192,48,8,3861.335303108,0.993141796,0,1
650.486059863,1,1,343,3,63,0,0,4192,48,8,3861.105438437,0.993082674,0,1
650.655553857,6,6,348,2,63,0,0,4191,48,8,3857.244942540,0.992089749,0,1
650.759718254,5,5,342,2,63,0,0,4190,48,8,3855.994822896,0.991768216,0,1
650.958782531,7,7,310,1,63,0,0,4192,48,8,3861.989337332,0.993310015,0,1
651.098559366,3,7,310,1,62,1,0,4190,48,8,3856.542402635,0.991909054,1,1
651.203851437,8,8,321,3,63,0,0,4191,48,8,3859.340444586,0.992628715,0,1
651.241123005,0,0,346,1,63,0,0,4192,48,8,3860.749131800,0.992991032,0,1
651.258815366,3,3,344,8,63,0,0,4190,48,8,3856.481096329,0.991893286,0,1
651.366040199,2,2,296,4,63,0,0,4192,48,8,3863.400515895,0.993672972,0,1
651.460710825,4,4,322,3,63,0,0,4192,48,8,3861.257275291,0.993121727,0,1
651.486059863,1,1,344,0,63,0,0,4192,48,8,3861.027410620,0.993062606,0,1
651.655553857,6,6,349,5,63,0,0,4191,48,8,3857.172857016,0.992071208,0,1
651.759718254,5,5,343,1,63,0,0,4190,48,8,3855.916795079,0.991748147,0,1
651.958782531,7,7,311,5,63,0,0,4192,48,8,3861.923194100,0.993293003,0,1
652.203851437,8,8,322,3,63,0,0,4191,48,8,3859.268359061,0.992610175,0,1
652.226146913,3,3,345,7,63,0,0,4190,48,8,3856.409198974,0.991874794,0,1
652.241123005,0,0,347,5,63,0,0,4192,48,8,3860.677046275,0.992972491,0,1
652.366040199,2,2,297,0,63,0,0,4192,48,8,3863.328430371,0.993654432,0,1
652.460710825,4,4,323,3,63,0,0,4192,48,8,3861.185189767,0.993103187,0,1
652.486059863,1,1,345,5,63,0,0,4192,48,8,3860.961267388,0.993045593,0,1
652.655553857,6,6,350,4,63,0,0,4190,48,8,3857.100771491,0.992052668,0,1
652.759718254,5,5,344,0,63,0,0,4190,48,8,3855.844709555,0.991729606,0,1
652.958782531,7,7,312,4,63,0,0,4192,48,8,3861.845166283,0.993272934,0,1
653.203851437,8,8,323,0,63,0,0,4191,48,8,3859.196273537,0.992591634,0,1
653.226146913,3,3,346,8,63,0,0,4190,48,8,3856.331171157,0.991854725,0,1
653.241123005,0,0,348,2,63,0,0,4192,48,8,3860.610903043,0.992955479,0,1
653.343628029,5,8,323,0,62,1,0,4190,48,8,3855.769078418,0.991710154,1,1
653.365923503,6,3,346,8,62,1,0,4190,48,8,3857.024411945,0.992033028,1,1
653.366040199,2,2,298,8,63,0,0,4192,48,8,3863.250402554,0.993634363,0,1
653.460710825,4,4,324,6,63,0,0,4192,48,8,3861.107161950,0.993083118,0,1
653.486059863,1,1,346,8,63,0,0,4192,48,8,3860.883239571,0.993025525,0,1
653.625836698,5,1,346,8,62,1,0,4190,48,8,3855.701127371,0.991692677,1,1
653.655553857,6,6,351,2,63,0,0,4190,48,8,3856.962360442,0.992017068,0,1
653.786092698,5,5,345,8,63,0,0,4190,48,8,3855.639821065,0.991676909,0,1
653.795330447,3,6,351,2,62,1,0,4190,48,8,3856.261567136,0.991836823,1,1
653.958782531,7,7,313,2,63,0,0,4192,48,8,3861.779023051,0.993255922,0,1
654.203851437,8,8,324,7,63,0,0,4191,48,8,3859.124188012,0.992573094,0,1
654.226146913,3,3,347,5,63,0,0,4190,48,8,3856.198702401,0.991820654,0,1
654.241123005,0,0,349,7,63,0,0,4192,48,8,3860.538817519,0.992936939,0,1
654.366040199,2,2,299,3,63,0,0,4192,48,8,3863.184259322,0.993617351,0,1
654.460710825,4,4,325,7,63,0,0,4192,48,8,3861.035076425,0.993064577,0,1
654.486059863,1,1,347,2,63,0,0,4192,48,8,3860.817096339,0.993008512,0,1
654.655553857,6,6,352,3,63,0,0,4190,48,8,3856.884332625,0.991996999,0,1
654.759718254,5,5,346,8,63,0,0,4190,48,8,3855.567887457,0.991658407,0,1
654.958782531,7,7,314,1,63,0,0,4192,48,8,3861.712879819,0.993238909,0,1
655.098559366,3,7,314,1,62,1,0,4190,48,8,3856.121409488,0.991800774,1,1
655.203851437,8,8,325,0,63,0,0,4191,48,8,3859.052102488,0.992554553,0,1
655.241123005,0,0,350,4,63,0,0,4192,48,8,3860.460789702,0.992916870,0,1
655.258815366,3,3,348,2,63,0,0,4190,48,8,3856.060103182,0.991785006,0,1
655.366040199,2,2,300,0,63,0,0,4192,48,8,3863.112173797,0.993598810,0,1
655.460710825,4,4,326,8,63,0,0,4192,48,8,3860.962990901,0.993046037,0,1
655.486059863,1,1,348,7,63,0,0,4192,48,8,3860.750953107,0.992991500,0,1
655.655553857,6,6,353,1,63,0,0,4190,48,8,3856.812247101,0.991978459,0,1
655.759718254,5,5,347,7,63,0,0,4190,48,8,3855.495801933,0.991639867,0,1
655.899494846,8,5,347,7,62,1,0,4191,48,8,3858.981770057,0.992536463,1,1
655.958782531,7,7,315,4,63,0,0,4192,48,8,3861.640794294,0.993220369,0,1
656.203851437,8,8,326,0,63,0,0,4191,48,8,3858.919633731,0.992520482,0,1
656.226146913,3,3,349,0,63,0,0,4190,48,8,3855.988205828,0.991766514,0,1
656.241123005,0,0,351,1,63,0,0,4191,48,8,3860.382761885,0.992896801,0,1
656.343628029,5,8,326,0,62,1,0,4190,48,8,3855.420170795,0.991620414,1,1
656.366040199,2,2,301,0,63,0,0,4192,48,8,3863.046030565,0.993581798,0,1
656.460710825,4,4,327,0,63,0,0,4192,48,8,3860.890905376,0.993027496,0,1
656.486059863,1,1,349,7,63,0,0,4192,48,8,3860.684809875,0.992974488,0,1
656.655553857,6,6,354,2,63,0,0,4190,48,8,3856.746103869,0.991961446,0,1
656.759718254,5,5,348,4,63,0,0,4190,48,8,3855.351448591,0.991602739,0,1
656.795330447,3,6,354,2,62,1,0,4190,48,8,3855.918601806,0.991748612,1,1
656.958782531,7,7,316,2,63,0,0,4192,48,8,3861.574651062,0.993203357,0,1
657.098559366,5,7,316,2,62,1,0,4190,48,8,3855.283171342,0.991585178,1,1
657.203851437,8,8,327,6,63,0,0,4191,48,8,3858.835663622,0.992498885,0,1
657.226146913,3,3,350,0,63,0,0,4190,48,8,3855.849794779,0.991730914,0,1
657.241123005,0,0,352,2,63,0,0,4191,48,8,3860.316618653,0.992879789,0,1
657.366040199,2,2,302,4,63,0,0,4192,48,8,3862.979887333,0.993564786,0,1
657.460710825,4,4,328,6,63,0,0,4192,48,8,3860.818819852,0.993008956,0,1
657.486059863,1,1,350,2,63,0,0,4192,48,8,3860.612724350,0.992955948,0,1
657.655553857,6,6,355,3,63,0,0,4190,48,8,3856.668076052,0.991941378,0,1
657.759718254,5,5,349,7,63,0,0,4190,48,8,3855.218979835,0.991568668,0,1
657.958782531,7,7,317,5,63,0,0,4192,48,8,3861.508507830,0.993186345,0,1
658.203851437,8,8,328,0,63,0,0,4191,48,8,3858.763578097,0.992480344,0,1
658.226146913,3,3,351,7,63,0,0,4190,48,8,3855.777709254,0.991712374,0,1
658.241123005,0,0,353,8,63,0,0,4191,48,8,3860.244533128,0.992861248,0,1
658.343628029,5,8,328,0,62,1,0,4190,48,8,3855.143348697,0.991549215,1,1
658.366040199,2,2,303,5,63,0,0,4192,48,8,3862.901859516,0.993544717,0,1
658.460710825,4,4,329,3,63,0,0,4192,48,8,3860.746734327,0.992990415,0,1
658.486059863,1,1,351,2,63,0,0,4192,48,8,3860.546581118,0.992938935,0,1
658.655553857,6,6,356,3,63,0,0,4190,48,8,3856.595990527,0.991922837,0,1
658.759718254,5,5,350,4,63,0,0,4190,48,8,3855.074626493,0.991531540,0,1
658.958782531,7,7,318,1,63,0,0,4192,48,8,3861.442364598,0.993169332,0,1
659.203851437,8,8,329,3,63,0,0,4191,48,8,3858.691492573,0.992461804,0,1
659.226146913,3,3,352,6,63,0,0,4190,48,8,3855.705623730,0.991693833,0,1
659.241123005,0,0,354,8,63,0,0,4191,48,8,3860.178389896,0.992844236,0,1
659.366040199,2,2,304,6,63,0,0,4192,48,8,3862.829773992,0.993526176,0,1
659.460710825,4,4,330,1,63,0,0,4192,48,8,3860.668706510,0.992970346,0,1
659.486059863,1,1,352,5,63,0,0,4192,48,8,3860.480437886,0.992921923,0,1
659.655553857,6,6,357,1,63,0,0,4190,48,8,3856.523905003,0.991904297,0,1
659.759718254,5,5,351,6,63,0,0,4190,48,8,3855.002540969,0.991512999,0,1
659.958782531,7,7,319,0,63,0,0,4192,48,8,3861.376221366,0.993152320,0,1
660.098559121,6,7,319,0,62,1,0,4190,48,8,3856.455027768,0.991886581,1,1
660.203851437,8,8,330,6,63,0,0,4191,48,8,3858.607522463,0.992440206,0,1
660.226146913,3,3,353,0,63,0,0,4190,48,8,3855.621653620,0.991672236,0,1
660.241123005,0,0,355,6,63,0,0,4191,48,8,3860.112246664,0.992827224,0,1
660.366040199,2,2,305,3,63,0,0,4192,48,8,3862.763630760,0.993509164,0,1
660.460710825,4,4,331,7,63,0,0,4192,48,8,3860.596620986,0.992951806,0,1
660.486059863,1,1,353,3,63,0,0,4192,48,8,3860.408352362,0.992903383,0,1
660.655553857,6,6,358,8,63,0,0,4190,48,8,3856.391436247,0.991870225,0,1
660.759718254,5,5,352,6,63,0,0,4190,48,8,3854.936397737,0.991495987,0,1
660.958782531,7,7,320,5,63,0,0,4192,48,8,3861.304135842,0.993133780,0,1
661.203851437,8,8,331,4,63,0,0,4191,48,8,3858.529494646,0.992420138,0,1
661.226146913,3,3,354,0,63,0,0,4190,48,8,3855.549568096,0.991653695,0,1
661.241123005,0,0,356,4,63,0,0,4191,48,8,3860.046103432,0.992810212,0,1
661.366040199,2,2,306,0,63,0,0,4192,48,8,3862.697487528,0.993492152,0,1
661.460710825,4,4,332,8,63,0,0,4192,48,8,3860.530477754,0.992934794,0,1
661.486059863,1,1,354,6,63,0,0,4191,48,8,3860.336266837,0.992884842,0,1
661.655553857,6,6,359,8,63,0,0,4190,48,8,3856.313408430,0.991850156,0,1
661.759718254,5,5,353,1,63,0,0,4190,48,8,3854.858369920,0.991475918,0,1
661.958782531,7,7,321,8,63,0,0,4192,48,8,3861.232050318,0.993115239,0,1
662.203851437,8,8,332,1,63,0,0,4191,48,8,3858.451466829,0.992400069,0,1
662.226146913,3,3,355,6,63,0,0,4190,48,8,3855.465597986,0.991632098,0,1
662.241123005,0,0,357,3,63,0,0,4191,48,8,3859.979960200,0.992793200,0,1
662.343628029,7,8,332,1,62,1,0,4192,48,8,3861.163508083,0.993097610,1,1
662.366040199,2,2,307,0,63,0,0,4192,48,8,3862.619459711,0.993472083,0,1
662.460710825,4,4,333,7,63,0,0,4192,48,8,3860.452449937,0.992914725,0,1
662.486059863,1,1,355,7,63,0,0,4191,48,8,3860.264181313,0.992866302,0,1
662.655553857,6,6,360,5,63,0,0,4190,48,8,3856.241322905,0.991831616,0,1
662.759718254,5,5,354,3,63,0,0,4190,48,8,3854.786284395,0.991457378,0,1
662.899494846,8,5,354,3,62,1,0,4191,48,8,3858.381134399,0.992381979,1,1
662.958782531,7,7,322,0,63,0,0,4192,48,8,3861.099581561,0.993081168,0,1
663.098559121,6,7,322,0,62,1,0,4190,48,8,3856.172445670,0.991813901,1,1
663.203851437,8,8,333,7,63,0,0,4191,48,8,3858.318998073,0.992365997,0,1
663.205627681,2,2,12,65535,63,0,0,4192,0,7,3862.574066098,0.993460408,0,1
663.226146913,3,3,356,5,63,0,0,4190,48,8,3855.399454754,0.991615086,0,1
663.241123005,0,0,358,6,63,0,0,4191,48,8,3859.913816968,0.992776187,0,1
663.366040199,2,2,308,8,63,0,0,4192,48,8,3862.512758890,0.993444640,0,1
663.460710825,4,4,334,7,63,0,0,4191,48,8,3860.386306705,0.992897713,0,1
663.486059863,1,1,356,8,63,0,0,4191,48,8,3860.194497386,0.992848379,0,1
663.655553857,6,6,361,0,63,0,0,4190,48,8,3856.102911856,0.991796016,0,1
663.759718254,5,5,355,4,63,0,0,4190,48,8,3854.714198871,0.991438837,0,1
663.958782531,7,7,323,8,63,0,0,4192,48,8,3861.027496037,0.993062628,0,1
664.203851437,8,8,334,3,63,0,0,4191,48,8,3858.246912548,0.992347457,0,1
664.226146913,3,3,357,6,63,0,0,4190,48,8,3855.327369230,0.991596546,0,1
664.241123005,0,0,359,3,63,0,0,4191,48,8,3859.847673736,0.992759175,0,1
664.366040199,2,2,309,8,63,0,0,4192,48,8,3862.440673366,0.993426099,0,1
664.460710825,4,4,335,3,63,0,0,4191,48,8,3860.314221180,0.992879172,0,1
664.486059863,1,1,357,8,63,0,0,4191,48,8,3860.128354154,0.992831367,0,1
664.655553857,6,6,362,2,63,0,0,4190,48,8,3856.024884039,0.991775948,0,1
664.759718254,5,5,356,7,63,0,0,4190,48,8,3854.642113346,0.991420297,0,1
664.899494846,8,5,356,7,62,1,0,4191,48,8,3858.176580118,0.992329367,1,1
664.958782531,7,7,324,6,63,0,0,4192,48,8,3860.961352805,0.993045615,0,1
665.203851437,8,8,335,5,63,0,0,4191,48,8,3858.114443792,0.992313386,0,1
665.226146913,3,3,358,8,63,0,0,4190,48,8,3855.261225998,0.991579533,0,1
665.241123005,0,0,360,7,63,0,0,4191,48,8,3859.781530504,0.992742163,0,1
665.366040199,2,2,310,0,63,0,0,4192,48,8,3862.368587841,0.993407559,0,1
665.460710825,4,4,336,7,63,0,0,4191,48,8,3860.242135656,0.992860632,0,1
665.486059863,1,1,358,0,63,0,0,4191,48,8,3860.056268629,0.992812826,0,1
665.505816789,5,2,310,0,62,1,0,4190,48,8,3854.565548002,0.991400604,1,1
665.655553857,6,6,363,1,63,0,0,4190,48,8,3855.958740807,0.991758935,0,1
665.759718254,5,5,357,4,63,0,0,4190,48,8,3854.503702297,0.991384697,0,1
665.958782531,7,7,325,6,63,0,0,4192,48,8,3860.883324988,0.993025547,0,1
666.060164480,4,4,12,65535,63,0,0,4191,0,7,3860.198125214,0.992849312,0,1
666.203851437,8,8,336,5,63,0,0,4191,48,8,3858.042358267,0.992294845,0,1
666.226146913,3,3,359,7,63,0,0,4190,48,8,3855.177255888,0.991557936,0,1
666.241123005,0,0,361,2,63,0,0,4191,48,8,3859.709444980,0.992723623,0,1
666.366040199,2,2,311,8,63,0,0,4192,48,8,3862.287019329,0.993386579,0,1
666.422851395,0,0,12,65535,63,0,0,4191,0,7,3859.673782928,0.992714450,0,1
666.460710825,4,4,337,6,63,0,0,4191,48,8,3860.135434836,0.992833188,0,1
666.486059863,1,1,359,5,63,0,0,4191,48,8,3859.980642410,0.992793375,0,1
666.655553857,6,6,364,2,63,0,0,4190,48,8,3855.886655283,0.991740395,0,1
666.759718254,5,5,358,4,63,0,0,4190,48,8,3854.431616773,0.991366157,0,1
666.958782531,7,7,326,0,63,0,0,4192,48,8,3860.811239463,0.993007006,0,1
667.203851437,8,8,337,4,63,0,0,4191,48,8,3857.970272743,0.992276305,0,1
667.226146913,3,3,360,0,63,0,0,4190,48,8,3855.101629669,0.991538485,0,1
667.241123005,0,0,362,8,63,0,0,4191,48,8,3859.608686452,0.992697707,0,1
667.366040199,2,2,312,7,63,0,0,4192,48,8,3862.214933805,0.993368039,0,1
667.460710825,4,4,338,5,63,0,0,4191,48,8,3860.063349311,0.992814647,0,1
667.486059863,1,1,360,2,63,0,0,4191,48,8,3859.908556885,0.992774835,0,1
667.655553857,6,6,365,7,63,0,0,4190,48,8,3855.820512051,0.991723383,0,1
667.759718254,5,5,359,8,63,0,0,4190,48,8,3854.359531248,0.991347616,0,1
667.815809857,6,6,12,65535,63,0,0,4190,0,8,3855.759205744,0.991707615,0,1
667.931177313,1,1,12,65535,63,0,0,4191,0,7,3859.865435420,0.992763744,0,1
667.958782531,7,7,327,2,63,0,0,4192,48,8,3860.745096231,0.992989994,0,1
668.129722679,8,8,12,65535,63,0,0,4191,0,7,3857.924382136,0.992264502,0,1
668.225210679,8,8,338,0,63,0,0,4191,48,8,3857.863448893,0.992248829,0,1
668.226146913,3,3,361,8,63,0,0,4190,48,8,3855.029544144,0.991519944,0,1
668.241123005,0,0,363,2,63,0,0,4191,48,8,3859.533060232,0.992678256,0,1
668.364987271,5,8,338,0,62,1,0,4190,48,8,3854.282637984,0.991327839,1,1
668.366040199,2,2,313,6,63,0,0,4192,48,8,3862.135766890,0.993347677,0,1
668.460710825,4,4,339,0,63,0,0,4191,48,8,3859.993665384,0.992796725,0,1
668.486059863,1,1,361,7,63,0,0,4191,48,8,3859.801856065,0.992747391,0,1
668.655553857,6,6,366,8,63,0,0,4190,48,8,3855.688043294,0.991689312,0,1
668.759718254,5,5,360,8,63,0,0,4190,48,8,3854.219981102,0.991311724,0,1
668.958782531,7,7,328,6,63,0,0,4192,48,8,3860.675412304,0.992972071,0,1
669.203851437,8,8,339,1,63,0,0,4191,48,8,3857.785544106,0.992228792,0,1
669.226146913,3,3,362,8,63,0,0,4190,48,8,3854.945574035,0.991498347,0,1
669.241123005,0,0,364,3,63,0,0,4191,48,8,3859.460974708,0.992659716,0,1
669.366040199,2,2,314,3,63,0,0,4192,48,8,3862.069623658,0.993330665,0,1
669.460710825,4,4,340,0,63,0,0,4191,48,8,3859.915637567,0.992776656,0,1
669.486059863,1,1,362,5,63,0,0,4191,48,8,3859.729770540,0.992728850,0,1
669.655553857,6,6,367,7,63,0,0,4190,48,8,3855.615957770,0.991670771,0,1
669.759718254,5,5,361,0,63,0,0,4190,48,8,3854.147895577,0.991293183,0,1
669.958782531,7,7,329,4,63,0,0,4192,48,8,3860.609269072,0.992955059,0,1
670.179680522,5,5,12,65535,63,0,0,4190,0,8,3854.079151070,0.991275502,0,1
670.203851437,8,8,340,7,63,0,0,4191,48,8,3857.707516289,0.992208723,0,1
670.226146913,3,3,363,7,63,0,0,4190,48,8,3854.879430803,0.991481335,0,1
670.241123005,0,0,365,1,63,0,0,4191,48,8,3859.394831476,0.992642704,0,1
670.366040199,2,2,315,1,63,0,0,4192,48,8,3861.985273850,0.993308970,0,1
670.460710825,4,4,341,3,63,0,0,4191,48,8,3859.843552043,0.992758115,0,1
670.486059863,1,1,363,7,63,0,0,4191,48,8,3859.657685016,0.992710310,0,1
670.655553857,6,6,368,2,63,0,0,4190,48,8,3855.543872245,0.991652231,0,1
670.759718254,5,5,362,0,63,0,0,4190,48,8,3854.015426821,0.991259112,0,1
670.958782531,7,7,330,4,63,0,0,4192,48,8,3860.531241255,0.992934990,0,1
671.000395817,3,3,12,65535,63,0,0,4190,0,7,3854.840355833,0.991471285,0,1
671.203851437,8,8,341,6,63,0,0,4191,48,8,3857.629488472,0.992188654,0,1
671.226146913,3,3,364,1,63,0,0,4190,48,8,3854.778672275,0.991455420,0,1
671.241123005,0,0,366,6,63,0,0,4191,48,8,3859.322745951,0.992624163,0,1
671.366040199,2,2,316,1,63,0,0,4192,48,8,3861.913188325,0.993290429,0,1
671.460710825,4,4,342,7,63,0,0,4191,48,8,3859.771466518,0.992739575,0,1
671.486059863,1,1,364,5,63,0,0,4191,48,8,3859.585599491,0.992691769,0,1
671.655553857,6,6,369,7,63,0,0,4190,48,8,3855.459902136,0.991630633,0,1
671.759718254,5,5,363,6,63,0,0,4190,48,8,3853.943341296,0.991240571,0,1
671.958782531,7,7,331,4,63,0,0,4192,48,8,3860.459155731,0.992916450,0,1
672.203851437,8,8,342,5,63,0,0,4191,48,8,3857.551460655,0.992168586,0,1
672.226146913,3,3,365,2,63,0,0,4190,48,8,3854.700644458,0.991435351,0,1
672.241123005,0,0,367,1,63,0,0,4191,48,8,3859.250660427,0.992605623,0,1
672.366040199,2,2,317,0,63,0,0,4192,48,8,3861.847045093,0.993273417,0,1
672.460710825,4,4,343,8,63,0,0,4191,48,8,3859.699380994,0.992721034,0,1
672.486059863,1,1,365,4,63,0,0,4191,48,8,3859.513513967,0.992673229,0,1
672.655553857,6,6,370,5,63,0,0,4190,48,8,3855.387816611,0.991612093,0,1
672.759718254,5,5,364,2,63,0,0,4189,48,8,3853.871255772,0.991222031,0,1
672.847284098,7,7,12,65535,63,0,0,4191,0,7,3860.419422666,0.992906230,0,1
672.958782531,7,7,332,6,63,0,0,4191,48,8,3860.358397203,0.992890534,0,1
673.203851437,8,8,343,3,63,0,0,4191,48,8,3857.467490545,0.992146988,0,1
673.226146913,3,3,366,7,63,0,0,4190,48,8,3854.628558933,0.991416810,0,1
673.241123005,0,0,368,6,63,0,0,4191,48,8,3859.172632610,0.992585554,0,1
673.343628029,7,8,343,3,62,1,0,4191,48,8,3860.289854968,0.992872905,1,1
673.366040199,2,2,318,3,63,0,0,4192,48,8,3861.769017276,0.993253348,0,1
673.460710825,4,4,344,5,63,0,0,4191,48,8,3859.627295469,0.992702494,0,1
673.486059863,1,1,366,7,63,0,0,4191,48,8,3859.441428442,0.992654688,0,1
673.655553857,6,6,371,3,63,0,0,4190,48,8,3855.312190392,0.991592642,0,1
673.759718254,5,5,365,6,63,0,0,4189,48,8,3853.805112540,0.991205019,0,1
673.958782531,7,7,333,1,63,0,0,4191,48,8,3860.219986154,0.992854935,0,1
674.098559366,3,7,333,1,62,1,0,4190,48,8,3854.551266021,0.991396931,1,1
674.203851437,8,8,344,3,63,0,0,4191,48,8,3857.389462728,0.992126919,0,1
674.241123005,0,0,369,4,63,0,0,4191,48,8,3859.094604793,0.992565485,0,1
674.258815366,3,3,367,7,63,0,0,4190,48,8,3854.489959714,0.991381162,0,1
674.366040199,2,2,319,4,63,0,0,4192,48,8,3861.696931752,0.993234808,0,1
674.460710825,4,4,345,1,63,0,0,4191,48,8,3859.555209945,0.992683953,0,1
674.486059863,1,1,367,8,63,0,0,4191,48,8,3859.369342918,0.992636148,0,1
674.655553857,6,6,372,5,63,0,0,4190,48,8,3855.240104867,0.991574101,0,1
674.759718254,5,5,366,7,63,0,0,4189,48,8,3853.733027015,0.991186478,0,1
674.899494846,8,5,366,7,62,1,0,4191,48,8,3857.319130298,0.992108830,1,1
674.958782531,7,7,334,4,63,0,0,4191,48,8,3860.153842922,0.992837923,0,1
675.203851437,8,8,345,7,63,0,0,4191,48,8,3857.256993972,0.992092848,0,1
675.226146913,3,3,368,1,63,0,0,4190,48,8,3854.418062360,0.991362670,0,1
675.241123005,0,0,370,8,63,0,0,4191,48,8,3859.022519268,0.992546944,0,1
675.366040199,2,2,320,6,63,0,0,4192,48,8,3861.630788520,0.993217795,0,1
675.460710825,4,4,346,5,63,0,0,4191,48,8,3859.489066713,0.992666941,0,1
675.486059863,1,1,368,8,63,0,0,4191,48,8,3859.303199686,0.992619136,0,1
675.655553857,6,6,373,4,63,0,0,4190,48,8,3855.168019343,0.991555561,0,1
675.759718254,5,5,367,3,63,0,0,4189,48,8,3853.660941491,0.991167938,0,1
675.958782531,7,7,335,6,63,0,0,4191,48,8,3860.087699690,0.992820910,0,1
676.203851437,8,8,346,0,63,0,0,4191,48,8,3857.184908447,0.992074308,0,1
676.226146913,3,3,369,2,63,0,0,4190,48,8,3854.340034543,0.991342601,0,1
676.241123005,0,0,371,5,63,0,0,4191,48,8,3858.950433744,0.992528404,0,1
676.366040199,2,2,321,6,63,0,0,4192,48,8,3861.558702995,0.993199255,0,1
676.460710825,4,4,347,2,63,0,0,4191,48,8,3859.416981188,0.992648401,0,1
676.486059863,1,1,369,4,63,0,0,4191,48,8,3859.231114161,0.992600595,0,1
676.655553857,6,6,374,1,63,0,0,4190,48,8,3855.095933818,0.991537020,0,1
676.759718254,5,5,368,6,63,0,0,4189,48,8,3853.594798259,0.991150925,0,1
676.899494844,4,5,368,6,62,1,0,4191,48,8,3859.348128268,0.992630691,1,1
676.958782531,7,7,336,5,63,0,0,4191,48,8,3860.015614165,0.992802370,0,1
677.203851437,8,8,347,3,63,0,0,4190,48,8,3857.112822923,0.992055767,0,1
677.226146913,3,3,370,5,63,0,0,4190,48,8,3854.262006726,0.991322533,0,1
677.241123005,0,0,372,2,63,0,0,4191,48,8,3858.884290512,0.992511392,0,1
677.366040199,2,2,322,5,63,0,0,4192,48,8,3861.486617471,0.993180714,0,1
677.460710825,4,4,348,2,63,0,0,4191,48,8,3859.284512432,0.992614329,0,1
677.486059863,1,1,370,6,63,0,0,4191,48,8,3859.159028637,0.992582055,0,1
677.655553857,6,6,375,5,63,0,0,4190,48,8,3855.017906001,0.991516951,0,1
677.759718254,5,5,369,8,63,0,0,4189,48,8,3853.528655027,0.991133913,0,1
677.958782531,7,7,337,8,63,0,0,4191,48,8,3859.949470933,0.992785358,0,1
678.203851437,8,8,348,5,63,0,0,4190,48,8,3857.034795106,0.992035698,0,1
678.226146913,3,3,371,7,63,0,0,4190,48,8,3854.183978909,0.991302464,0,1
678.241123005,0,0,373,8,63,0,0,4191,48,8,3858.812204987,0.992492851,0,1
678.366040199,2,2,323,1,63,0,0,4192,48,8,3861.408589654,0.993160645,0,1
678.460710825,4,4,349,2,63,0,0,4191,48,8,3859.212426907,0.992595789,0,1
678.486059863,1,1,371,6,63,0,0,4191,48,8,3859.086943112,0.992563514,0,1
678.655553857,6,6,376,2,63,0,0,4190,48,8,3854.939878184,0.991496882,0,1
678.759718254,5,5,370,8,63,0,0,4189,48,8,3853.456569502,0.991115373,0,1
678.795330447,3,6,376,2,62,1,0,4190,48,8,3854.114374887,0.991284561,1,1
678.958782531,7,7,338,8,63,0,0,4191,48,8,3859.877385409,0.992766817,0,1
679.203851437,8,8,349,4,63,0,0,4190,48,8,3856.950824996,0.992014101,0,1
679.226146913,3,3,372,8,63,0,0,4190,48,8,3854.045567860,0.991266864,0,1
679.241123005,0,0,374,7,63,0,0,4191,48,8,3858.746061755,0.992475839,0,1
679.366040199,2,2,324,0,63,0,0,4192,48,8,3861.342446422,0.993143633,0,1
679.460710825,4,4,350,7,63,0,0,4191,48,8,3859.134399090,0.992575720,0,1
679.486059863,1,1,372,0,63,0,0,4191,48,8,3859.020799880,0.992546502,0,1
679.655553857,6,6,377,3,63,0,0,4190,48,8,3854.867792660,0.991478342,0,1
679.759718254,5,5,371,2,63,0,0,4189,48,8,3853.384483978,0.991096832,0,1
679.958782531,7,7,339,2,63,0,0,4191,48,8,3859.805299884,0.992748277,0,1
680.203851437,8,8,350,5,63,0,0,4190,48,8,3856.878739472,0.991995561,0,1
680.226146913,3,3,373,0,63,0,0,4190,48,8,3853.973482336,0.991248324,0,1
680.241123005,0,0,375,1,63,0,0,4191,48,8,3858.673976231,0.992457298,0,1
680.366040199,2,2,325,5,63,0,0,4192,48,8,3861.270360897,0.993125093,0,1
680.460710825,4,4,351,6,63,0,0,4191,48,8,3859.056371273,0.992555651,0,1
680.486059863,1,1,373,4,63,0,0,4191,48,8,3858.948714356,0.992527962,0,1
680.655553857,6,6,378,1,63,0,0,4190,48,8,3854.783822551,0.991456744,0,1
680.759718254,5,5,372,7,63,0,0,4189,48,8,3853.318340746,0.991079820,0,1
680.899494846,8,5,372,7,62,1,0,4190,48,8,3856.808407041,0.991977471,1,1
680.958782531,7,7,340,5,63,0,0,4191,48,8,3859.739156652,0.992731265,0,1
681.203851437,8,8,351,1,63,0,0,4190,48,8,3856.746270715,0.991961489,0,1
681.226146913,3,3,374,0,63,0,0,4189,48,8,3853.895454519,0.991228255,0,1
681.241123005,0,0,376,4,63,0,0,4191,48,8,3858.601890707,0.992438758,0,1
681.366040199,2,2,326,6,63,0,0,4192,48,8,3861.204217665,0.993108081,0,1
681.460710825,4,4,352,1,63,0,0,4191,48,8,3858.984285749,0.992537111,0,1
681.486059863,1,1,374,7,63,0,0,4191,48,8,3858.882571124,0.992510949,0,1
681.655553857,6,6,379,0,63,0,0,4190,48,8,3854.711737026,0.991438204,0,1
681.759718254,5,5,373,4,63,0,0,4189,48,8,3853.252197514,0.991062808,0,1
681.958782531,7,7,341,6,63,0,0,4191,48,8,3859.673013420,0.992714252,0,1
682.203851437,8,8,352,7,63,0,0,4190,48,8,3856.668242898,0.991941420,0,1
682.226146913,3,3,375,8,63,0,0,4189,48,8,3853.823368994,0.991209714,0,1
682.241123005,0,0,377,6,63,0,0,4191,48,8,3858.529805182,0.992420217,0,1
682.365923503,6,3,375,8,62,1,0,4190,48,8,3854.635377480,0.991418564,1,1
682.366040199,2,2,327,1,63,0,0,4192,48,8,3861.126189848,0.993088012,0,1
682.460710825,4,4,353,7,63,0,0,4191,48,8,3858.912200224,0.992518570,0,1
682.486059863,1,1,375,7,63,0,0,4191,48,8,3858.810485599,0.992492409,0,1
682.655553857,6,6,380,7,63,0,0,4190,48,8,3854.573325977,0.991402604,0,1
682.759718254,5,5,374,2,63,0,0,4189,48,8,3853.180111990,0.991044267,0,1
682.958782531,7,7,342,6,63,0,0,4191,48,8,3859.606870188,0.992697240,0,1
683.203851437,8,8,353,3,63,0,0,4190,48,8,3856.602099666,0.991924408,0,1
683.226146913,3,3,376,5,63,0,0,4189,48,8,3853.745341177,0.991189645,0,1
683.241123005,0,0,378,2,63,0,0,4191,48,8,3858.451777365,0.992400148,0,1
683.366040199,2,2,328,3,63,0,0,4192,48,8,3861.042219739,0.993066415,0,1
683.460710825,4,4,354,5,63,0,0,4191,48,8,3858.834172407,0.992498501,0,1
683.486059863,1,1,376,7,63,0,0,4191,48,8,3858.738400075,0.992473868,0,1
683.655553857,6,6,381,7,63,0,0,4190,48,8,3854.501240453,0.991384064,0,1
683.759718254,5,5,375,7,63,0,0,4189,48,8,3853.108026465,0.991025727,0,1
683.899494846,8,5,375,7,62,1,0,4190,48,8,3856.525824944,0.991904790,1,1
683.958782531,7,7,343,2,63,0,0,4191,48,8,3859.528842371,0.992677171,0,1
684.203851437,8,8,354,0,63,0,0,4190,48,8,3856.463688618,0.991888809,0,1
684.226146913,3,3,377,4,63,0,0,4189,48,8,3853.673255653,0.991171105,0,1
684.241123005,0,0,379,5,63,0,0,4191,48,8,3858.367807256,0.992378551,0,1
684.366040199,2,2,329,4,63,0,0,4192,48,8,3860.964191922,0.993046346,0,1
684.460710825,4,4,355,6,63,0,0,4191,48,8,3858.768029175,0.992481489,0,1
684.486059863,1,1,377,6,63,0,0,4191,48,8,3858.654429966,0.992452271,0,1
684.655553857,6,6,382,2,63,0,0,4190,48,8,3854.435097221,0.991367052,0,1
684.759718254,5,5,376,6,63,0,0,4189,48,8,3853.029998648,0.991005658,0,1
684.958782531,7,7,344,6,63,0,0,4191,48,8,3859.450814554,0.992657103,0,1
685.203851437,8,8,355,4,63,0,0,4190,48,8,3856.391603093,0.991870268,0,1
685.226146913,3,3,378,2,63,0,0,4189,48,8,3853.601170128,0.991152564,0,1
685.241123005,0,0,380,1,63,0,0,4191,48,8,3858.301664024,0.992361539,0,1
685.366040199,2,2,330,8,63,0,0,4192,48,8,3860.892106398,0.993027805,0,1
685.460710825,4,4,356,0,63,0,0,4191,48,8,3858.695943651,0.992462948,0,1
685.486059863,1,1,378,8,63,0,0,4191,48,8,3858.582344441,0.992433731,0,1
685.655553857,6,6,383,8,63,0,0,4190,48,8,3854.363011696,0.991348511,0,1
685.759718254,5,5,377,8,63,0,0,4189,48,8,3852.951970831,0.990985589,0,1
685.958782531,7,7,345,1,63,0,0,4191,48,8,3859.378729030,0.992638562,0,1
686.203851437,8,8,356,0,63,0,0,4190,48,8,3856.319517569,0.991851728,0,1
686.226146913,3,3,379,8,63,0,0,4189,48,8,3853.523142311,0.991132495,0,1
686.241123005,0,0,381,8,63,0,0,4191,48,8,3858.223636207,0.992341470,0,1
686.365923503,6,3,379,8,62,1,0,4190,48,8,3854.286652150,0.991328871,1,1
686.366040199,2,2,331,0,63,0,0,4192,48,8,3860.814078581,0.993007736,0,1
686.460710825,4,4,357,2,63,0,0,4191,48,8,3858.623858126,0.992444408,0,1
686.486059863,1,1,379,8,63,0,0,4191,48,8,3858.510258917,0.992415190,0,1
686.655553857,6,6,384,8,63,0,0,4190,48,8,3854.224600647,0.991312912,0,1
686.759718254,5,5,378,0,63,0,0,4189,48,8,3852.885827599,0.990968577,0,1
686.958782531,7,7,346,0,63,0,0,4191,48,8,3859.306643505,0.992620021,0,1
687.098559121,6,7,346,0,62,1,0,4190,48,8,3854.155723412,0.991295196,1,1
687.203851437,8,8,357,2,63,0,0,4190,48,8,3856.247432044,0.991833187,0,1
687.226146913,3,3,380,8,63,0,0,4189,48,8,3853.456999079,0.991115483,0,1
687.241123005,0,0,382,8,63,0,0,4191,48,8,3858.157492975,0.992324458,0,1
687.366040199,2,2,332,1,63,0,0,4192,48,8,3860.736050764,0.992987667,0,1
687.380900186,6,0,382,8,62,1,0,4190,48,8,3854.087771603,0.991277719,1,1
687.460710825,4,4,358,7,63,0,0,4191,48,8,3858.545830309,0.992424339,0,1
687.486059863,1,1,380,3,63,0,0,4191,48,8,3858.432231100,0.992395121,0,1
687.655553857,6,6,385,4,63,0,0,4190,48,8,3854.025806366,0.991261781,0,1
687.759718254,5,5,379,6,63,0,0,4189,48,8,3852.819684367,0.990951565,0,1
687.958782531,7,7,347,1,63,0,0,4191,48,8,3859.240500273,0.992603009,0,1
688.098559366,3,7,347,1,62,1,0,4189,48,8,3853.379706167,0.991095603,1,1
688.203851437,8,8,358,3,63,0,0,4190,48,8,3856.169404227,0.991813118,0,1
688.241123005,0,0,383,6,63,0,0,4191,48,8,3858.085407450,0.992305918,0,1
688.258815366,3,3,381,4,63,0,0,4189,48,8,3853.318399860,0.991079835,0,1
688.366040199,2,2,333,4,63,0,0,4192,48,8,3860.663965239,0.992969127,0,1
688.460710825,4,4,359,0,63,0,0,4191,48,8,3858.473744785,0.992405799,0,1
688.486059863,1,1,381,4,63,0,0,4191,48,8,3858.360145575,0.992376581,0,1
688.655553857,6,6,386,5,63,0,0,4190,48,8,3853.941836257,0.991240184,0,1
688.759718254,5,5,380,0,63,0,0,4189,48,8,3852.747598843,0.990933024,0,1
688.958782531,7,7,348,5,63,0,0,4191,48,8,3859.174357041,0.992585997,0,1
689.203851437,8,8,359,5,63,0,0,4190,48,8,3856.097318703,0.991794578,0,1
689.226146913,3,3,382,1,63,0,0,4189,48,8,3853.246502506,0.991061343,0,1
689.241123005,0,0,384,4,63,0,0,4191,48,8,3858.013321926,0.992287377,0,1
689.366040199,2,2,334,4,63,0,0,4192,48,8,3860.597822007,0.992952115,0,1
689.460710825,4,4,360,5,63,0,0,4191,48,8,3858.401659260,0.992387258,0,1
689.486059863,1,1,382,2,63,0,0,4191,48,8,3858.288060051,0.992358040,0,1
689.655553857,6,6,387,2,63,0,0,4189,48,8,3853.869750732,0.991221644,0,1
689.759718254,5,5,381,7,63,0,0,4189,48,8,3852.681455611,0.990916012,0,1
689.795330447,3,6,387,2,62,1,0,4189,48,8,3853.176898484,0.991043441,1,1
689.958782531,7,7,349,2,63,0,0,4191,48,8,3859.108213809,0.992568985,0,1
690.098559366,5,7,349,2,62,1,0,4189,48,8,3852.613178361,0.990898451,1,1
690.203851437,8,8,360,0,63,0,0,4190,48,8,3856.019290886,0.991774509,0,1
690.226146913,3,3,383,6,63,0,0,4189,48,8,3853.114033749,0.991027272,0,1
690.241123005,0,0,385,1,63,0,0,4191,48,8,3857.947178694,0.992270365,0,1
690.366040199,2,2,335,4,63,0,0,4192,48,8,3860.525736483,0.992933574,0,1
690.460710825,4,4,361,8,63,0,0,4191,48,8,3858.329573736,0.992368718,0,1
690.486059863,1,1,383,5,63,0,0,4191,48,8,3858.210032234,0.992337971,0,1
690.655553857,6,6,388,4,63,0,0,4189,48,8,3853.791722915,0.991201575,0,1
690.759718254,5,5,382,3,63,0,0,4189,48,8,3852.548986854,0.990881941,0,1
690.958782531,7,7,350,3,63,0,0,4191,48,8,3859.036128285,0.992550445,0,1
691.203851437,8,8,361,3,63,0,0,4190,48,8,3855.941263069,0.991754440,0,1
691.226146913,3,3,384,7,63,0,0,4189,48,8,3853.030063640,0.991005675,0,1
691.241123005,0,0,386,7,63,0,0,4191,48,8,3857.881035462,0.992253353,0,1
691.343628029,7,8,361,3,62,1,0,4191,48,8,3858.967586050,0.992532815,1,1
691.366040199,2,2,336,5,63,0,0,4192,48,8,3860.459593251,0.992916562,0,1
691.460710825,4,4,362,3,63,0,0,4191,48,8,3858.263430504,0.992351705,0,1
691.486059863,1,1,384,2,63,0,0,4191,48,8,3858.143889002,0.992320959,0,1
691.655553857,6,6,389,7,63,0,0,4189,48,8,3853.719637391,0.991183034,0,1
691.759718254,5,5,383,1,63,0,0,4189,48,8,3852.476901330,0.990863401,0,1
691.958782531,7,7,351,8,63,0,0,4191,48,8,3858.891774943,0.992513317,0,1
692.203851437,8,8,362,0,63,0,0,4190,48,8,3855.869177544,0.991735900,0,1
692.226146913,3,3,385,0,63,0,0,4189,48,8,3852.957978116,0.990987134,0,1
692.241123005,0,0,387,4,63,0,0,4191,48,8,3857.803007645,0.992233284,0,1
692.366040199,2,2,337,0,63,0,0,4191,48,8,3860.387507726,0.992898022,0,1
692.460710825,4,4,363,5,63,0,0,4191,48,8,3858.191344980,0.992333165,0,1
692.486059863,1,1,385,7,63,0,0,4191,48,8,3858.071803477,0.992302419,0,1
692.655553857,6,6,390,8,63,0,0,4189,48,8,3853.635667281,0.991161437,0,1
692.759718254,5,5,384,7,63,0,0,4189,48,8,3852.404815805,0.990844860,0,1
692.899494846,8,5,384,7,62,1,0,4190,48,8,3855.798845114,0.991717810,1,1
692.958782531,7,7,352,3,63,0,0,4191,48,8,3858.819689419,0.992494776,0,1
693.203851437,8,8,363,6,63,0,0,4190,48,8,3855.736708788,0.991701828,0,1
693.226146913,3,3,386,6,63,0,0,4189,48,8,3852.874008006,0.990965537,0,1
693.241123005,0,0,388,6,63,0,0,4191,48,8,3857.736864413,0.992216272,0,1
693.366040199,2,2,338,7,63,0,0,4191,48,8,3860.315422202,0.992879481,0,1
693.460710825,4,4,364,8,63,0,0,4191,48,8,3858.119259455,0.992314624,0,1
693.486059863,1,1,386,2,63,0,0,4191,48,8,3857.999717953,0.992283878,0,1
693.655553857,6,6,391,7,63,0,0,4189,48,8,3853.569524049,0.991144425,0,1
693.759718254,5,5,385,8,63,0,0,4189,48,8,3852.338672573,0.990827848,0,1
693.958782531,7,7,353,8,63,0,0,4191,48,8,3858.747603894,0.992476236,0,1
694.203851437,8,8,364,4,63,0,0,4190,48,8,3855.664623263,0.991683288,0,1
694.226146913,3,3,387,7,63,0,0,4189,48,8,3852.795980189,0.990945468,0,1
694.241123005,0,0,389,2,63,0,0,4191,48,8,3857.664778888,0.992197731,0,1
694.343628029,7,8,364,4,62,1,0,4191,48,8,3858.679061660,0.992458606,1,1
694.366040199,2,2,339,8,63,0,0,4191,48,8,3860.237394385,0.992859412,0,1
694.460710825,4,4,365,5,63,0,0,4191,48,8,3858.047173931,0.992296084,0,1
694.486059863,1,1,387,2,63,0,0,4191,48,8,3857.927632428,0.992265338,0,1
694.655553857,6,6,392,8,63,0,0,4189,48,8,3853.491496232,0.991124356,0,1
694.759718254,5,5,386,0,63,0,0,4189,48,8,3852.266587049,0.990809307,0,1
694.958782531,7,7,354,1,63,0,0,4191,48,8,3858.615135138,0.992442164,0,1
695.098559366,3,7,354,1,62,1,0,4189,48,8,3852.724629569,0.990927117,1,1
695.203851437,8,8,365,4,63,0,0,4190,48,8,3855.592537739,0.991664747,0,1
695.241123005,0,0,390,7,63,0,0,4191,48,8,3857.592693364,0.992179191,0,1
695.258815366,3,3,388,6,63,0,0,4189,48,8,3852.663323262,0.990911349,0,1
695.366040199,2,2,340,8,63,0,0,4191,48,8,3860.159366568,0.992839343,0,1
695.460710825,4,4,366,7,63,0,0,4191,48,8,3857.969146114,0.992276015,0,1
695.486059863,1,1,388,0,63,0,0,4191,48,8,3857.861489196,0.992248325,0,1
695.655553857,6,6,393,3,63,0,0,4189,48,8,3853.413468415,0.991104287,0,1
695.759718254,5,5,387,6,63,0,0,4189,48,8,3852.194501524,0.990790767,0,1
695.958782531,7,7,355,3,63,0,0,4191,48,8,3858.543049614,0.992423624,0,1
696.203851437,8,8,366,0,63,0,0,4190,48,8,3855.520452214,0.991646207,0,1
696.226146913,3,3,389,0,63,0,0,4189,48,8,3852.597368201,0.990894385,0,1
696.241123005,0,0,391,6,63,0,0,4191,48,8,3857.514665547,0.992159122,0,1
696.343628029,5,8,366,0,62,1,0,4189,48,8,3852.118870387,0.990771314,1,1
696.366040199,2,2,341,7,63,0,0,4191,48,8,3860.093223336,0.992822331,0,1
696.460710825,4,4,367,3,63,0,0,4191,48,8,3857.897060589,0.992257474,0,1
696.486059863,1,1,389,2,63,0,0,4191,48,8,3857.783461379,0.992228257,0,1
696.655553857,6,6,394,2,63,0,0,4189,48,8,3853.341382891,0.991085747,0,1
696.759718254,5,5,388,2,63,0,0,4189,48,8,3852.050148183,0.990753639,0,1
696.958782531,7,7,356,5,63,0,0,4191,48,8,3858.470964089,0.992405083,0,1
697.203851437,8,8,367,6,63,0,0,4190,48,8,3855.454308982,0.991629195,0,1
697.226146913,3,3,390,0,63,0,0,4189,48,8,3852.525282676,0.990875844,0,1
697.241123005,0,0,392,4,63,0,0,4191,48,8,3857.436637730,0.992139053,0,1
697.366040199,2,2,342,5,63,0,0,4191,48,8,3860.021137811,0.992803791,0,1
697.460710825,4,4,368,1,63,0,0,4191,48,8,3857.824975065,0.992238934,0,1
697.486059863,1,1,390,4,63,0,0,4191,48,8,3857.711375855,0.992209716,0,1
697.655553857,6,6,395,1,63,0,0,4189,48,8,3853.269297366,0.991067206,0,1
697.759718254,5,5,389,4,63,0,0,4189,48,8,3851.978062658,0.990735098,0,1
697.958782531,7,7,357,4,63,0,0,4191,48,8,3858.404820857,0.992388071,0,1
698.203851437,8,8,368,0,63,0,0,4190,48,8,3855.376281165,0.991609126,0,1
698.226146913,3,3,391,7,63,0,0,4189,48,8,3852.453197152,0.990857304,0,1
698.241123005,0,0,393,4,63,0,0,4191,48,8,3857.358609913,0.992118984,0,1
698.366040199,2,2,343,5,63,0,0,4191,48,8,3859.954994579,0.992786778,0,1
698.460710825,4,4,369,2,63,0,0,4191,48,8,3857.752889540,0.992220393,0,1
698.486059863,1,1,391,4,63,0,0,4191,48,8,3857.639290330,0.992191175,0,1
698.655553857,6,6,396,2,63,0,0,4189,48,8,3853.197211842,0.991048666,0,1
698.759718254,5,5,390,8,63,0,0,4189,48,8,3851.905977134,0.990716558,0,1
698.795330447,3,6,396,2,62,1,0,4189,48,8,3852.383593130,0.990839402,1,1
698.958782531,7,7,358,2,63,0,0,4191,48,8,3858.320850748,0.992366474,0,1
699.098559366,5,7,358,2,62,1,0,4189,48,8,3851.837699885,0.990698997,1,1
699.203851437,8,8,369,7,63,0,0,4190,48,8,3855.304195641,0.991590585,0,1
699.226146913,3,3,392,6,63,0,0,4189,48,8,3852.314786103,0.990821704,0,1
699.241123005,0,0,394,2,63,0,0,4191,48,8,3857.292466681,0.992101972,0,1
699.366040199,2,2,344,4,63,0,0,4191,48,8,3859.882909055,0.992768238,0,1
699.460710825,4,4,370,1,63,0,0,4191,48,8,3857.680804016,0.992201853,0,1
699.486059863,1,1,392,7,63,0,0,4191,48,8,3857.573147098,0.992174163,0,1
699.655553857,6,6,397,7,63,0,0,4189,48,8,3853.113241733,0.991027068,0,1
699.759718254,5,5,391,8,63,0,0,4189,48,8,3851.773508377,0.990682487,0,1
699.958782531,7,7,359,3,63,0,0,4191,48,8,3858.248765223,0.992347933,0,1
700.203851437,8,8,370,2,63,0,0,4190,48,8,3855.226167824,0.991570516,0,1
700.226146913,3,3,393,4,63,0,0,4189,48,8,3852.242700578,0.990803164,0,1
700.241123005,0,0,395,8,63,0,0,4191,48,8,3857.220381156,0.992083431,0,1
700.366040199,2,2,345,0,63,0,0,4191,48,8,3859.810823530,0.992749697,0,1
700.460710825,4,4,371,2,63,0,0,4191,48,8,3857.608718491,0.992183312,0,1
700.486059863,1,1,393,7,63,0,0,4191,48,8,3857.507003866,0.992157151,0,1
700.505816789,5,2,345,0,62,1,0,4189,48,8,3851.696943033,0.990662794,1,1
700.655553857,6,6,398,8,63,0,0,4189,48,8,3853.035213916,0.991006999,0,1
700.759718254,5,5,392,6,63,0,0,4189,48,8,3851.635097328,0.990646887,0,1
700.958782531,7,7,360,5,63,0,0,4191,48,8,3858.170737406,0.992327865,0,1
701.203851437,8,8,371,5,63,0,0,4190,48,8,3855.154082299,0.991551976,0,1
701.226146913,3,3,394,5,63,0,0,4189,48,8,3852.164672761,0.990783095,0,1
701.241123005,0,0,396,4,63,0,0,4190,48,8,3857.148295632,0.992064891,0,1
701.366040199,2,2,346,3,63,0,0,4191,48,8,3859.726853421,0.992728100,0,1
701.460710825,4,4,372,8,63,0,0,4191,48,8,3857.536632967,0.992164772,0,1
701.486059863,1,1,394,0,63,0,0,4191,48,8,3857.434918342,0.992138611,0,1
701.655553857,6,6,399,7,63,0,0,4189,48,8,3852.957186099,0.990986931,0,1
701.759718254,5,5,393,2,63,0,0,4189,48,8,3851.563011804,0.990628347,0,1
701.958782531,7,7,361,2,63,0,0,4191,48,8,3858.104594174,0.992310852,0,1
702.098559366,5,7,361,2,62,1,0,4189,48,8,3851.494734555,0.990610786,1,1
702.203851437,8,8,372,6,63,0,0,4190,48,8,3855.076054482,0.991531907,0,1
702.226146913,3,3,395,2,63,0,0,4189,48,8,3852.092587237,0.990764554,0,1
702.241123005,0,0,397,1,63,0,0,4190,48,8,3857.082152400,0.992047879,0,1
702.366040199,2,2,347,0,63,0,0,4191,48,8,3859.648825604,0.992708031,0,1
702.460710825,4,4,373,0,63,0,0,4191,48,8,3857.464547442,0.992146231,0,1
702.486059863,1,1,395,0,63,0,0,4191,48,8,3857.362832817,0.992120070,0,1
702.655553857,6,6,400,2,63,0,0,4189,48,8,3852.885100574,0.990968390,0,1
702.759718254,5,5,394,6,63,0,0,4189,48,8,3851.430543047,0.990594275,0,1
702.958782531,7,7,362,5,63,0,0,4191,48,8,3858.032508650,0.992292312,0,1
703.203851437,8,8,373,0,63,0,0,4190,48,8,3854.998026666,0.991511838,0,1
703.226146913,3,3,396,1,63,0,0,4189,48,8,3852.020501712,0.990746014,0,1
703.241123005,0,0,398,6,63,0,0,4190,48,8,3857.016009168,0.992030867,0,1
703.343628029,5,8,373,0,62,1,0,4189,48,8,3851.360854203,0.990576351,1,1
703.366040199,2,2,348,0,63,0,0,4191,48,8,3859.576740079,0.992689491,0,1
703.460710825,4,4,374,7,63,0,0,4191,48,8,3857.392461918,0.992127691,0,1
703.486059863,1,1,396,2,63,0,0,4191,48,8,3857.296689585,0.992103058,0,1
703.655553857,6,6,401,3,63,0,0,4189,48,8,3852.813015050,0.990949850,0,1
703.759718254,5,5,395,8,63,0,0,4189,48,8,3851.292131998,0.990558676,0,1
703.958782531,7,7,363,5,63,0,0,4191,48,8,3857.966365418,0.992275300,0,1
704.203851437,8,8,374,3,63,0,0,4190,48,8,3854.925941141,0.991493298,0,1
704.226146913,3,3,397,5,63,0,0,4189,48,8,3851.942473895,0.990725945,0,1
704.241123005,0,0,399,6,63,0,0,4190,48,8,3856.949865936,0.992013854,0,1
704.343628029,7,8,374,3,62,1,0,4191,48,8,3857.897823183,0.992257671,1,1
704.366040199,2,2,349,6,63,0,0,4191,48,8,3859.504654555,0.992670950,0,1
704.460710825,4,4,375,3,63,0,0,4191,48,8,3857.314434101,0.992107622,0,1
704.486059863,1,1,397,8,63,0,0,4191,48,8,3857.230546353,0.992086046,0,1
704.655553857,6,6,402,5,63,0,0,4189,48,8,3852.734987233,0.990929781,0,1
704.759718254,5,5,396,7,63,0,0,4189,48,8,3851.220046474,0.990540135,0,1
704.899494846,8,5,396,7,62,1,0,4190,48,8,3854.855608711,0.991475208,1,1
704.958782531,7,7,364,6,63,0,0,4191,48,8,3857.833896661,0.992241229,0,1
705.203851437,8,8,375,3,63,0,0,4190,48,8,3854.793472385,0.991459226,0,1
705.226146913,3,3,398,2,63,0,0,4189,48,8,3851.876330663,0.990708933,0,1
705.241123005,0,0,400,4,63,0,0,4190,48,8,3856.883722704,0.991996842,0,1
705.343628029,7,8,375,3,62,1,0,4191,48,8,3857.765354427,0.992223599,1,1
705.366040199,2,2,350,8,63,0,0,4191,48,8,3859.432569030,0.992652410,0,1
705.460710825,4,4,376,2,63,0,0,4191,48,8,3857.236406284,0.992087553,0,1
705.486059863,1,1,398,2,63,0,0,4190,48,8,3857.152518536,0.992065977,0,1
705.655553857,6,6,403,7,63,0,0,4189,48,8,3852.668844001,0.990912769,0,1
705.759718254,5,5,397,0,63,0,0,4189,48,8,3851.147960950,0.990521595,0,1
705.958782531,7,7,365,1,63,0,0,4191,48,8,3857.701427905,0.992207157,0,1
706.098559366,3,7,365,1,62,1,0,4189,48,8,3851.804980043,0.990690581,1,1
706.203851437,8,8,376,0,63,0,0,4190,48,8,3854.721386860,0.991440686,0,1
706.241123005,0,0,401,5,63,0,0,4190,48,8,3856.799752595,0.991975245,0,1
706.258815366,3,3,399,6,63,0,0,4189,48,8,3851.743673737,0.990674813,0,1
706.366040199,2,2,351,1,63,0,0,4191,48,8,3859.366425798,0.992635398,0,1
706.460710825,4,4,377,2,63,0,0,4191,48,8,3857.164320759,0.992069013,0,1
706.486059863,1,1,399,6,63,0,0,4190,48,8,3857.080433012,0.992047436,0,1
706.655553857,6,6,404,5,63,0,0,4189,48,8,3852.590816184,0.990892700,0,1
706.759718254,5,5,398,4,63,0,0,4189,48,8,3851.069933133,0.990501526,0,1
706.958782531,7,7,366,6,63,0,0,4191,48,8,3857.635284673,0.992190145,0,1
707.203851437,8,8,377,6,63,0,0,4190,48,8,3854.643359043,0.991420617,0,1
707.226146913,3,3,400,2,63,0,0,4189,48,8,3851.671776382,0.990656321,0,1
707.241123005,0,0,402,1,63,0,0,4190,48,8,3856.721724778,0.991955176,0,1
707.366040199,2,2,352,8,63,0,0,4191,48,8,3859.294340274,0.992616857,0,1
707.460710825,4,4,378,8,63,0,0,4190,48,8,3857.092235235,0.992050472,0,1
707.486059863,1,1,400,0,63,0,0,4190,48,8,3857.002405195,0.992027368,0,1
707.655553857,6,6,405,0,63,0,0,4189,48,8,3852.518730659,0.990874159,0,1
707.759718254,5,5,399,7,63,0,0,4189,48,8,3850.997847608,0.990482985,0,1
707.958782531,7,7,367,6,63,0,0,4191,48,8,3857.569141441,0.992173133,0,1
708.203851437,8,8,378,6,63,0,0,4190,48,8,3854.571273519,0.991402077,0,1
708.226146913,3,3,401,5,63,0,0,4189,48,8,3851.599690858,0.990637781,0,1
708.241123005,0,0,403,1,63,0,0,4190,48,8,3856.655581546,0.991938164,0,1
708.366040199,2,2,353,6,63,0,0,4191,48,8,3859.222254750,0.992598317,0,1
708.460710825,4,4,379,0,63,0,0,4190,48,8,3857.014207418,0.992030403,0,1
708.486059863,1,1,401,7,63,0,0,4190,48,8,3856.930319671,0.992008827,0,1
708.655553857,6,6,406,3,63,0,0,4189,48,8,3852.446645135,0.990855619,0,1
708.759718254,5,5,400,6,63,0,0,4189,48,8,3850.919819791,0.990462917,0,1
708.958782531,7,7,368,8,63,0,0,4191,48,8,3857.497055916,0.992154593,0,1
709.203851437,8,8,379,4,63,0,0,4190,48,8,3854.493245702,0.991382008,0,1
709.226146913,3,3,402,8,63,0,0,4189,48,8,3851.521663041,0.990617712,0,1
709.241123005,0,0,404,3,63,0,0,4190,48,8,3856.589438314,0.991921152,0,1
709.366040199,2,2,354,6,63,0,0,4191,48,8,3859.144226933,0.992578248,0,1
709.460710825,4,4,380,3,63,0,0,4190,48,8,3856.942121893,0.992011863,0,1
709.486059863,1,1,402,6,63,0,0,4190,48,8,3856.852291854,0.991988758,0,1
709.655553857,6,6,407,3,63,0,0,4189,48,8,3852.374559610,0.990837078,0,1
709.759718254,5,5,401,2,63,0,0,4189,48,8,3850.847734267,0.990444376,0,1
709.958782531,7,7,369,8,63,0,0,4191,48,8,3857.424970392,0.992136052,0,1
710.203851437,8,8,380,1,63,0,0,4190,48,8,3854.415217885,0.991361939,0,1
710.226146913,3,3,403,7,63,0,0,4189,48,8,3851.449577516,0.990599171,0,1
710.241123005,0,0,405,5,63,0,0,4190,48,8,3856.511410497,0.991901083,0,1
710.366040199,2,2,355,4,63,0,0,4191,48,8,3859.072141408,0.992559707,0,1
710.460710825,4,4,381,8,63,0,0,4190,48,8,3856.864094076,0.991991794,0,1
710.486059863,1,1,403,6,63,0,0,4190,48,8,3856.768321744,0.991967161,0,1
710.655553857,6,6,408,3,63,0,0,4189,48,8,3852.302474086,0.990818538,0,1
710.759718254,5,5,402,7,63,0,0,4189,48,8,3850.775648742,0.990425836,0,1
710.899494846,8,5,402,7,62,1,0,4190,48,8,3854.344885454,0.991343849,1,1
710.958782531,7,7,370,3,63,0,0,4191,48,8,3857.358827160,0.992119040,0,1
711.203851437,8,8,381,4,63,0,0,4190,48,8,3854.282749128,0.991327868,0,1
711.226146913,3,3,404,0,63,0,0,4189,48,8,3851.377491992,0.990580631,0,1
711.241123005,0,0,406,4,63,0,0,4190,48,8,3856.433382680,0.991881014,0,1
711.366040199,2,2,356,0,63,0,0,4191,48,8,3859.000055884,0.992541167,0,1
711.460710825,4,4,382,2,63,0,0,4190,48,8,3856.792008552,0.991973253,0,1
711.486059863,1,1,404,4,63,0,0,4190,48,8,3856.702178512,0.991950149,0,1
711.655553857,6,6,409,4,63,0,0,4189,48,8,3852.230388561,0.990799997,0,1
711.759718254,5,5,403,6,63,0,0,4189,48,8,3850.703563218,0.990407295,0,1
711.958782531,7,7,371,8,63,0,0,4191,48,8,3857.286741635,0.992100499,0,1
712.203851437,8,8,382,6,63,0,0,4190,48,8,3854.198779019,0.991306270,0,1
712.226146913,3,3,405,7,63,0,0,4189,48,8,3851.299464175,0.990560562,0,1
712.241123005,0,0,407,1,63,0,0,4190,48,8,3856.367239448,0.991864002,0,1
712.343628029,7,8,382,6,62,1,0,4191,48,8,3857.218199401,0.992082870,1,1
712.366040199,2,2,357,4,63,0,0,4191,48,8,3858.922028067,0.992521098,0,1
712.460710825,4,4,383,3,63,0,0,4190,48,8,3856.719923028,0.991954713,0,1
712.486059863,1,1,405,0,63,0,0,4190,48,8,3856.630092988,0.991931608,0,1
712.655553857,6,6,410,0,63,0,0,4189,48,8,3852.158303037,0.990781457,0,1
712.759718254,5,5,404,0,63,0,0,4188,48,8,3850.625535401,0.990387226,0,1
712.958782531,7,7,372,2,63,0,0,4190,48,8,3857.154272879,0.992066428,0,1
713.098559366,5,7,372,2,62,1,0,4188,48,8,3850.557258151,0.990369665,1,1
713.203851437,8,8,383,4,63,0,0,4190,48,8,3854.114808909,0.991284673,0,1
713.226146913,3,3,406,6,63,0,0,4189,48,8,3851.227378651,0.990542021,0,1
713.241123005,0,0,408,7,63,0,0,4190,48,8,3856.289211631,0.991843933,0,1
713.366040199,2,2,358,7,63,0,0,4191,48,8,3858.849942542,0.992502557,0,1
713.460710825,4,4,384,5,63,0,0,4190,48,8,3856.635952918,0.991933115,0,1
713.486059863,1,1,406,2,63,0,0,4190,48,8,3856.563949756,0.991914596,0,1
713.655553857,6,6,411,2,63,0,0,4189,48,8,3852.080275220,0.990761388,0,1
713.759718254,5,5,405,4,63,0,0,4188,48,8,3850.487124352,0.990351627,0,1
713.795330447,3,6,411,2,62,1,0,4189,48,8,3851.157774629,0.990524119,1,1
713.958782531,7,7,373,8,63,0,0,4190,48,8,3857.082187354,0.992047888,0,1
714.203851437,8,8,384,1,63,0,0,4190,48,8,3854.042723385,0.991266133,0,1
714.226146913,3,3,407,7,63,0,0,4189,48,8,3851.088967602,0.990506422,0,1
714.241123005,0,0,409,5,63,0,0,4190,48,8,3856.217126106,0.991825393,0,1
714.343628029,7,8,384,1,62,1,0,4190,48,8,3857.013645120,0.992030259,1,1
714.366040199,2,2,359,7,63,0,0,4191,48,8,3858.777857018,0.992484017,0,1
714.460710825,4,4,385,7,63,0,0,4190,48,8,3856.563867394,0.991914575,0,1
714.486059863,1,1,407,5,63,0,0,4190,48,8,3856.497806524,0.991897584,0,1
714.655553857,6,6,412,1,63,0,0,4189,48,8,3852.002247403,0.990741319,0,1
714.759718254,5,5,406,1,63,0,0,4188,48,8,3850.409096535,0.990331558,0,1
714.958782531,7,7,374,4,63,0,0,4190,48,8,3856.943776305,0.992012288,0,1
715.203851437,8,8,385,3,63,0,0,4190,48,8,3853.964695568,0.991246064,0,1
715.226146913,3,3,408,0,63,0,0,4189,48,8,3851.016882077,0.990487881,0,1
715.241123005,0,0,410,7,63,0,0,4190,48,8,3856.139098289,0.991805324,0,1
715.366040199,2,2,360,6,63,0,0,4191,48,8,3858.705771493,0.992465476,0,1
715.460710825,4,4,386,8,63,0,0,4190,48,8,3856.491781869,0.991896034,0,1
715.486059863,1,1,408,8,63,0,0,4190,48,8,3856.431663292,0.991880572,0,1
715.655553857,6,6,413,1,63,0,0,4189,48,8,3851.924219586,0.990721250,0,1
715.759718254,5,5,407,1,63,0,0,4188,48,8,3850.331068718,0.990311489,0,1
715.958782531,7,7,375,3,63,0,0,4190,48,8,3856.871690781,0.991993748,0,1
716.203851437,8,8,386,5,63,0,0,4189,48,8,3853.892610043,0.991227523,0,1
716.226146913,3,3,409,1,63,0,0,4189,48,8,3850.938854260,0.990467812,0,1
716.241123005,0,0,411,2,63,0,0,4190,48,8,3856.072955057,0.991788311,0,1
716.366040199,2,2,361,1,63,0,0,4191,48,8,3858.627743676,0.992445407,0,1
716.460710825,4,4,387,6,63,0,0,4190,48,8,3856.419696345,0.991877494,0,1
716.486059863,1,1,409,7,63,0,0,4190,48,8,3856.359577767,0.991862031,0,1
716.655553857,6,6,414,5,63,0,0,4189,48,8,3851.852134062,0.990702709,0,1
716.759718254,5,5,408,4,63,0,0,4188,48,8,3850.258983193,0.990292948,0,1
716.958782531,7,7,376,4,63,0,0,4190,48,8,3856.805547549,0.991976735,0,1
717.203851437,8,8,387,3,63,0,0,4189,48,8,3853.814582226,0.991207454,0,1
717.226146913,3,3,410,5,63,0,0,4189,48,8,3850.866768736,0.990449272,0,1
717.241123005,0,0,412,4,63,0,0,4190,48,8,3856.000869533,0.991769771,0,1
717.366040199,2,2,362,8,63,0,0,4191,48,8,3858.555658152,0.992426867,0,1
717.460710825,4,4,388,1,63,0,0,4190,48,8,3856.341668528,0.991857425,0,1
717.486059863,1,1,410,7,63,0,0,4190,48,8,3856.287492243,0.991843491,0,1
717.655553857,6,6,415,5,63,0,0,4189,48,8,3851.780048537,0.990684169,0,1
717.759718254,5,5,409,2,63,0,0,4188,48,8,3850.186897669,0.990274408,0,1
717.795330447,7,6,415,5,62,1,0,4190,48,8,3856.728461216,0.991956909,1,1
717.958782531,7,7,377,6,63,0,0,4190,48,8,3856.667136500,0.991941136,0,1
718.203851437,8,8,388,1,63,0,0,4189,48,8,3853.736554410,0.991187385,0,1
718.226146913,3,3,411,1,63,0,0,4189,48,8,3850.788740919,0.990429203,0,1
718.241123005,0,0,413,4,63,0,0,4190,48,8,3855.934726301,0.991752759,0,1
718.343628029,7,8,388,1,62,1,0,4190,48,8,3856.598594265,0.991923507,1,1
718.366040199,2,2,363,8,63,0,0,4191,48,8,3858.477630335,0.992406798,0,1
718.460710825,4,4,389,2,63,0,0,4190,48,8,3856.269583003,0.991838885,0,1
718.486059863,1,1,411,8,63,0,0,4190,48,8,3856.215406718,0.991824950,0,1
718.655553857,6,6,416,2,63,0,0,4189,48,8,3851.702020720,0.990664100,0,1
718.759718254,5,5,410,7,63,0,0,4188,48,8,3850.120754437,0.990257396,0,1
718.958782531,7,7,378,3,63,0,0,4190,48,8,3856.522783158,0.991904008,0,1
719.203851437,8,8,389,7,63,0,0,4189,48,8,3853.664468885,0.991168845,0,1
719.226146913,3,3,412,0,63,0,0,4189,48,8,3850.716655394,0.990410662,0,1
719.241123005,0,0,414,3,63,0,0,4190,48,8,3855.862640776,0.991734218,0,1
719.366040199,2,2,364,8,63,0,0,4191,48,8,3858.399602518,0.992386729,0,1
719.460710825,4,4,390,3,63,0,0,4190,48,8,3856.197497479,0.991820344,0,1
719.486059863,1,1,412,8,63,0,0,4190,48,8,3856.143321194,0.991806410,0,1
719.655553857,6,6,417,1,63,0,0,4189,48,8,3851.623992903,0.990644031,0,1
719.759718254,5,5,411,3,63,0,0,4188,48,8,3850.042726620,0.990237327,0,1
719.958782531,7,7,379,3,63,0,0,4190,48,8,3856.444755342,0.991883939,0,1
720.203851437,8,8,390,3,63,0,0,4189,48,8,3853.592383361,0.991150304,0,1
720.226146913,3,3,413,7,63,0,0,4188,48,8,3850.638627577,0.990390594,0,1
720.241123005,0,0,415,3,63,0,0,4190,48,8,3855.790555252,0.991715678,0,1
720.366040199,2,2,365,4,63,0,0,4191,48,8,3858.321574701,0.992366660,0,1
720.460710825,4,4,391,2,63,0,0,4190,48,8,3856.119469662,0.991800275,0,1
720.486059863,1,1,413,7,63,0,0,4190,48,8,3856.077177962,0.991789398,0,1
720.655553857,6,6,418,5,63,0,0,4189,48,8,3851.540022794,0.990622434,0,1
720.759718254,5,5,412,4,63,0,0,4188,48,8,3849.976583388,0.990220315,0,1
720.795330447,7,6,418,5,62,1,0,4190,48,8,3856.373611301,0.991865641,1,1
720.958782531,7,7,380,8,63,0,0,4190,48,8,3856.312286585,0.991849868,0,1
721.203851437,8,8,391,7,63,0,0,4189,48,8,3853.520297836,0.991131764,0,1
721.226146913,3,3,414,4,63,0,0,4188,48,8,3850.548715175,0.990367468,0,1
721.241123005,0,0,416,8,63,0,0,4190,48,8,3855.724412020,0.991698666,0,1
721.366040199,2,2,366,3,63,0,0,4191,48,8,3858.249489176,0.992348120,0,1
721.460710825,4,4,392,0,63,0,0,4190,48,8,3856.047384137,0.991781735,0,1
721.486059863,1,1,414,6,63,0,0,4190,48,8,3856.011034730,0.991772385,0,1
721.655553857,6,6,419,4,63,0,0,4189,48,8,3851.461994977,0.990602365,0,1
721.759718254,5,5,413,0,63,0,0,4188,48,8,3849.898555571,0.990200246,0,1
721.958782531,7,7,381,5,63,0,0,4190,48,8,3856.246143353,0.991832856,0,1
722.203851437,8,8,392,3,63,0,0,4189,48,8,3853.442270019,0.991111695,0,1
722.226146913,3,3,415,1,63,0,0,4188,48,8,3850.476629651,0.990348927,0,1
722.241123005,0,0,417,8,63,0,0,4190,48,8,3855.652326495,0.991680125,0,1
722.366040199,2,2,367,0,63,0,0,4191,48,8,3858.171461359,0.992328051,0,1
722.460710825,4,4,393,6,63,0,0,4190,48,8,3855.969356320,0.991761666,0,1
722.486059863,1,1,415,4,63,0,0,4190,48,8,3855.938949205,0.991753845,0,1
722.655553857,6,6,420,0,63,0,0,4189,48,8,3851.389909452,0.990583824,0,1
722.759718254,5,5,414,7,63,0,0,4188,48,8,3849.832412339,0.990183234,0,1
722.958782531,7,7,382,3,63,0,0,4190,48,8,3856.180000121,0.991815844,0,1
723.203851437,8,8,393,4,63,0,0,4189,48,8,3853.370184495,0.991093154,0,1
723.205627681,2,2,13,65535,63,0,0,4191,0,7,3858.132010040,0.992317904,0,1
723.226146913,3,3,416,0,63,0,0,4188,48,8,3850.392659541,0.990327330,0,1
723.241123005,0,0,418,1,63,0,0,4190,48,8,3855.580240971,0.991661585,0,1
723.366040199,2,2,368,7,63,0,0,4191,48,8,3858.070702831,0.992302136,0,1
723.460710825,4,4,394,2,63,0,0,4190,48,8,3855.893730101,0.991742215,0,1
723.486059863,1,1,416,2,63,0,0,4190,48,8,3855.866863681,0.991735304,0,1
723.655553857,6,6,421,1,63,0,0,4189,48,8,3851.317823928,0.990565284,0,1
723.759718254,5,5,415,3,63,0,0,4188,48,8,3849.760326814,0.990164693,0,1
723.899494846,8,5,415,3,62,1,0,4189,48,8,3853.299852064,0.991075065,1,1
723.958782531,7,7,383,1,63,0,0,4190,48,8,3856.107914597,0.991797303,0,1
724.203851437,8,8,394,3,63,0,0,4189,48,8,3853.237715738,0.991059083,0,1
724.226146913,3,3,417,2,63,0,0,4188,48,8,3850.314631724,0.990307261,0,1
724.241123005,0,0,419,7,63,0,0,4190,48,8,3855.514097739,0.991644572,0,1
724.366040199,2,2,369,5,63,0,0,4191,48,8,3858.004559599,0.992285123,0,1
724.460710825,4,4,395,5,63,0,0,4190,48,8,3855.827586869,0.991725202,0,1
724.486059863,1,1,417,6,63,0,0,4190,48,8,3855.794778156,0.991716764,0,1
724.655553857,6,6,422,4,63,0,0,4189,48,8,3851.245738403,0.990546743,0,1
724.759718254,5,5,416,6,63,0,0,4188,48,8,3849.688241290,0.990146153,0,1
724.899494844,4,5,416,6,62,1,0,4190,48,8,3855.758733948,0.991707493,1,1
724.958782531,7,7,384,1,63,0,0,4190,48,8,3856.035829072,0.991778763,0,1
725.203851437,8,8,395,5,63,0,0,4189,48,8,3853.165630214,0.991040543,0,1
725.226146913,3,3,418,1,63,0,0,4188,48,8,3850.242546200,0.990288721,0,1
725.241123005,0,0,420,4,63,0,0,4190,48,8,3855.442012214,0.991626032,0,1
725.366040199,2,2,370,5,63,0,0,4191,48,8,3857.932474075,0.992266583,0,1
725.460710825,4,4,396,2,63,0,0,4190,48,8,3855.689175820,0.991689603,0,1
725.486059863,1,1,418,4,63,0,0,4190,48,8,3855.722692632,0.991698223,0,1
725.655553857,6,6,423,7,63,0,0,4189,48,8,3851.179595171,0.990529731,0,1
725.759718254,5,5,417,8,63,0,0,4188,48,8,3849.622098058,0.990129140,0,1
725.958782531,7,7,385,2,63,0,0,4190,48,8,3855.963743548,0.991760222,0,1
726.060164480,4,4,13,65535,63,0,0,4190,0,7,3855.645165378,0.991678283,0,1
726.098559366,5,7,385,2,62,1,0,4188,48,8,3849.553820809,0.990111579,1,1
726.203851437,8,8,396,0,63,0,0,4189,48,8,3853.093544689,0.991022002,0,1
726.226146913,3,3,419,6,63,0,0,4188,48,8,3850.164518383,0.990268652,0,1
726.241123005,0,0,421,7,63,0,0,4190,48,8,3855.369926690,0.991607491,0,1
726.366040199,2,2,371,7,63,0,0,4191,48,8,3857.862790148,0.992248660,0,1
726.422851395,0,0,13,65535,63,0,0,4190,0,7,3855.334264638,0.991598319,0,1
726.460710825,4,4,397,1,63,0,0,4190,48,8,3855.582474999,0.991662159,0,1
726.486059863,1,1,419,4,63,0,0,4190,48,8,3855.644664815,0.991678155,0,1
726.655553857,6,6,424,5,63,0,0,4189,48,8,3851.107509647,0.990511191,0,1
726.759718254,5,5,418,7,63,0,0,4188,48,8,3849.489629302,0.990095069,0,1
726.958782531,7,7,386,2,63,0,0,4190,48,8,3855.897600316,0.991743210,0,1
727.203851437,8,8,397,3,63,0,0,4189,48,8,3853.021459165,0.991003462,0,1
727.226146913,3,3,420,0,63,0,0,4188,48,8,3850.086490566,0.990248583,0,1
727.241123005,0,0,422,4,63,0,0,4190,48,8,3855.269168162,0.991581576,0,1
727.366040199,2,2,372,5,63,0,0,4191,48,8,3857.784762331,0.992228591,0,1
727.460710825,4,4,398,0,63,0,0,4190,48,8,3855.504447182,0.991642090,0,1
727.486059863,1,1,420,0,63,0,0,4190,48,8,3855.578521583,0.991661142,0,1
727.655553857,6,6,425,5,63,0,0,4189,48,8,3851.029481830,0.990491122,0,1
727.759718254,5,5,419,0,63,0,0,4188,48,8,3849.417543777,0.990076529,0,1
727.795330447,7,6,425,5,62,1,0,4190,48,8,3855.820513983,0.991723383,1,1
727.815809857,6,6,13,65535,63,0,0,4189,0,7,3850.993943459,0.990481981,0,1
727.931177313,1,1,13,65535,63,0,0,4190,0,7,3855.541342410,0.991651580,0,1
727.958782531,7,7,387,3,63,0,0,4190,48,8,3855.759189267,0.991707610,0,1
728.129722679,8,8,13,65535,63,0,0,4189,0,7,3852.975568558,0.990991659,0,1
728.225210679,8,8,398,3,63,0,0,4189,48,8,3852.914635315,0.990975986,0,1
728.226146913,3,3,421,2,63,0,0,4188,48,8,3850.008462749,0.990228514,0,1
728.241123005,0,0,423,6,63,0,0,4190,48,8,3855.185198052,0.991559979,0,1
728.366040199,2,2,373,1,63,0,0,4191,48,8,3857.705595416,0.992208229,0,1
728.460710825,4,4,399,5,63,0,0,4190,48,8,3855.428820963,0.991622639,0,1
728.486059863,1,1,421,3,63,0,0,4190,48,8,3855.477763055,0.991635227,0,1
728.655553857,6,6,426,3,63,0,0,4189,48,8,3850.913298022,0.990461239,0,1
728.759718254,5,5,420,6,63,0,0,4188,48,8,3849.344319155,0.990057695,0,1
728.958782531,7,7,388,2,63,0,0,4190,48,8,3855.689505340,0.991689688,0,1
729.098559366,5,7,388,2,62,1,0,4188,48,8,3849.276041906,0.990040134,1,1
729.203851437,8,8,399,0,63,0,0,4189,48,8,3852.836730527,0.990955949,0,1
729.226146913,3,3,422,0,63,0,0,4188,48,8,3849.930434932,0.990208445,0,1
729.241123005,0,0,424,6,63,0,0,4190,48,8,3855.113112528,0.991541438,0,1
729.366040199,2,2,374,4,63,0,0,4191,48,8,3857.627567599,0.992188160,0,1
729.460710825,4,4,400,7,63,0,0,4190,48,8,3855.356735438,0.991604099,0,1
729.486059863,1,1,422,8,63,0,0,4190,48,8,3855.405677530,0.991616687,0,1
729.655553857,6,6,427,2,63,0,0,4189,48,8,3850.835270205,0.990441170,0,1
729.759718254,5,5,421,8,63,0,0,4188,48,8,3849.211850398,0.990023624,0,1
729.795330447,3,6,427,2,62,1,0,4188,48,8,3849.860830911,0.990190543,1,1
729.958782531,7,7,389,0,63,0,0,4190,48,8,3855.623362108,0.991672675,0,1
730.098559121,6,7,389,0,62,1,0,4189,48,8,3850.760450678,0.990421927,1,1
730.179680522,5,5,13,65535,63,0,0,4188,0,8,3849.143105891,0.990005943,0,1
730.203851437,8,8,400,5,63,0,0,4189,48,8,3852.752760418,0.990934352,0,1
730.226146913,3,3,423,4,63,0,0,4188,48,8,3849.792023883,0.990172846,0,1
730.241123005,0,0,425,2,63,0,0,4190,48,8,3855.046969296,0.991524426,0,1
730.366040199,2,2,375,3,63,0,0,4191,48,8,3857.555482075,0.992169620,0,1
730.460710825,4,4,401,8,63,0,0,4190,48,8,3855.284649914,0.991585558,0,1
730.486059863,1,1,423,8,63,0,0,4190,48,8,3855.339534298,0.991599674,0,1
730.655553857,6,6,428,3,63,0,0,4189,48,8,3850.684974571,0.990402514,0,1
730.759718254,5,5,422,8,63,0,0,4188,48,8,3849.079381642,0.989989553,0,1
730.958782531,7,7,390,4,63,0,0,4190,48,8,3855.557218876,0.991655663,0,1
731.000395817,3,3,13,65535,63,0,0,4188,0,7,3849.741064329,0.990159739,0,1
731.203851437,8,8,401,1,63,0,0,4189,48,8,3852.680674893,0.990915811,0,1
731.226146913,3,3,424,6,63,0,0,4188,48,8,3849.679380770,0.990143874,0,1
731.241123005,0,0,426,2,63,0,0,4190,48,8,3854.974883771,0.991505886,0,1
731.343628029,7,8,401,1,62,1,0,4190,48,8,3855.488676641,0.991638034,1,1
731.366040199,2,2,376,5,63,0,0,4191,48,8,3857.477454258,0.992149551,0,1
731.460710825,4,4,402,6,63,0,0,4190,48,8,3855.212564389,0.991567018,0,1
731.486059863,1,1,424,3,63,0,0,4190,48,8,3855.267448774,0.991581134,0,1
731.655553857,6,6,429,4,63,0,0,4188,48,8,3850.615290644,0.990384591,0,1
731.759718254,5,5,423,7,63,0,0,4188,48,8,3849.007296118,0.989971012,0,1
731.899495089,1,5,423,7,62,1,0,4190,48,8,3855.198741862,0.991563462,1,1
731.958782531,7,7,391,8,63,0,0,4190,48,8,3855.424750119,0.991621592,0,1
732.203851437,8,8,402,2,63,0,0,4189,48,8,3852.602647076,0.990895743,0,1
732.226146913,3,3,425,6,63,0,0,4188,48,8,3849.607295246,0.990125333,0,1
732.241123005,0,0,427,3,63,0,0,4190,48,8,3854.896855954,0.991485817,0,1
732.343628029,5,8,402,2,62,1,0,4188,48,8,3848.937607273,0.989953088,1,1
732.366040199,2,2,377,6,63,0,0,4191,48,8,3857.399426441,0.992129482,0,1
732.460710825,4,4,403,5,63,0,0,4190,48,8,3855.146421157,0.991550005,0,1
732.486059863,1,1,425,3,63,0,0,4190,48,8,3855.134980017,0.991547063,0,1
732.655553857,6,6,430,7,63,0,0,4188,48,8,3850.549147412,0.990367579,0,1
732.759718254,5,5,424,4,63,0,0,4188,48,8,3848.874827361,0.989936941,0,1
732.847284098,7,7,13,65535,63,0,0,4190,0,8,3855.353306826,0.991603217,0,1
733.017780098,7,7,392,1,63,0,0,4190,48,8,3855.291941537,0.991587434,0,1
733.157556933,3,7,392,1,62,1,0,4188,48,8,3849.523720215,0.990103838,1,1
733.203851437,8,8,403,6,63,0,0,4189,48,8,3852.524619259,0.990875674,0,1
733.241123005,0,0,428,5,63,0,0,4190,48,8,3854.824770430,0.991467276,0,1
733.317812933,3,3,426,7,63,0,0,4188,48,8,3849.462413908,0.990088069,0,1
733.366040199,2,2,378,4,63,0,0,4191,48,8,3857.327340917,0.992110942,0,1
733.460710825,4,4,404,3,63,0,0,4190,48,8,3855.062071349,0.991528311,0,1
733.486059863,1,1,426,4,63,0,0,4190,48,8,3855.062894493,0.991528522,0,1
733.655553857,6,6,431,0,63,0,0,4188,48,8,3850.464797603,0.990345884,0,1
733.759718254,5,5,425,0,63,0,0,4188,48,8,3848.802741837,0.989918401,0,1
733.958782531,7,7,393,8,63,0,0,4190,48,8,3855.220195838,0.991568980,0,1
734.203851437,8,8,404,2,63,0,0,4189,48,8,3852.446591442,0.990855605,0,1
734.226146913,3,3,427,2,63,0,0,4188,48,8,3849.390856380,0.990069665,0,1
734.241123005,0,0,429,1,63,0,0,4190,48,8,3854.758627198,0.991450264,0,1
734.343628029,5,8,404,2,62,1,0,4188,48,8,3848.727110699,0.989898948,1,1
734.366040199,2,2,379,7,63,0,0,4191,48,8,3857.255255392,0.992092401,0,1
734.460710825,4,4,405,2,63,0,0,4190,48,8,3854.989985824,0.991509770,0,1
734.486059863,1,1,427,7,63,0,0,4190,48,8,3854.990808968,0.991509982,0,1
734.655553857,6,6,432,1,63,0,0,4188,48,8,3850.386769786,0.990325815,0,1
734.759718254,5,5,426,0,63,0,0,4188,48,8,3848.658388495,0.989881273,0,1
734.958782531,7,7,394,2,63,0,0,4190,48,8,3855.148110314,0.991550440,0,1
735.098559366,5,7,394,2,62,1,0,4188,48,8,3848.590111246,0.989863712,1,1
735.203851437,8,8,405,6,63,0,0,4189,48,8,3852.374505918,0.990837064,0,1
735.226146913,3,3,428,0,63,0,0,4188,48,8,3849.318770855,0.990051124,0,1
735.241123005,0,0,430,1,63,0,0,4190,48,8,3854.680599381,0.991430195,0,1
735.366040199,2,2,380,5,63,0,0,4191,48,8,3857.171285283,0.992070804,0,1
735.460710825,4,4,406,3,63,0,0,4190,48,8,3854.917900300,0.991491230,0,1
735.486059863,1,1,428,4,63,0,0,4190,48,8,3854.918723444,0.991491441,0,1
735.655553857,6,6,433,3,63,0,0,4188,48,8,3850.314684262,0.990307275,0,1
735.759718254,5,5,427,3,63,0,0,4188,48,8,3848.525919739,0.989847202,0,1
735.958782531,7,7,395,1,63,0,0,4190,48,8,3855.076024789,0.991531899,0,1
736.098559366,3,7,395,1,62,1,0,4188,48,8,3849.247420235,0.990032773,1,1
736.203851437,8,8,406,6,63,0,0,4189,48,8,3852.296478101,0.990816995,0,1
736.241123005,0,0,431,5,63,0,0,4190,48,8,3854.596629272,0.991408598,0,1
736.258815366,3,3,429,7,63,0,0,4188,48,8,3849.186113929,0.990017005,0,1
736.366040199,2,2,381,3,63,0,0,4190,48,8,3857.099199758,0.992052263,0,1
736.460710825,4,4,407,5,63,0,0,4190,48,8,3854.839872483,0.991471161,0,1
736.486059863,1,1,429,5,63,0,0,4190,48,8,3854.852580212,0.991474429,0,1
736.655553857,6,6,434,0,63,0,0,4188,48,8,3850.230714152,0.990285678,0,1
736.759718254,5,5,428,1,63,0,0,4188,48,8,3848.453834214,0.989828661,0,1
736.958782531,7,7,396,6,63,0,0,4190,48,8,3855.009881557,0.991514887,0,1
737.203851437,8,8,407,1,63,0,0,4189,48,8,3852.218450284,0.990796927,0,1
737.226146913,3,3,430,4,63,0,0,4188,48,8,3849.102331989,0.989995456,0,1
737.241123005,0,0,432,7,63,0,0,4190,48,8,3854.518601455,0.991388529,0,1
737.343628029,7,8,407,1,62,1,0,4190,48,8,3854.941339323,0.991497258,1,1
737.366040199,2,2,382,8,63,0,0,4190,48,8,3857.027114234,0.992033723,0,1
737.460710825,4,4,408,1,63,0,0,4190,48,8,3854.767786958,0.991452620,0,1
737.486059863,1,1,430,3,63,0,0,4190,48,8,3854.780494687,0.991455889,0,1
737.655553857,6,6,435,0,63,0,0,4188,48,8,3850.158628628,0.990267137,0,1
737.759718254,5,5,429,6,63,0,0,4188,48,8,3848.375806397,0.989808592,0,1
737.958782531,7,7,397,0,63,0,0,4190,48,8,3854.871470508,0.991479288,0,1
738.098559121,6,7,397,0,62,1,0,4188,48,8,3850.089751393,0.990249422,1,1
738.203851437,8,8,408,0,63,0,0,4189,48,8,3852.146364760,0.990778386,0,1
738.226146913,3,3,431,0,63,0,0,4188,48,8,3849.024304172,0.989975387,0,1
738.241123005,0,0,433,1,63,0,0,4190,48,8,3854.446515930,0.991369989,0,1
738.366040199,2,2,383,0,63,0,0,4190,48,8,3856.955028709,0.992015182,0,1
738.460710825,4,4,409,5,63,0,0,4190,48,8,3854.695701434,0.991434080,0,1
738.486059863,1,1,431,5,63,0,0,4190,48,8,3854.708409163,0.991437348,0,1
738.655553857,6,6,436,7,63,0,0,4188,48,8,3850.020217579,0.990231537,0,1
738.759718254,5,5,430,4,63,0,0,4188,48,8,3848.303720873,0.989790052,0,1
738.958782531,7,7,398,4,63,0,0,4190,48,8,3854.799384984,0.991460747,0,1
739.203851437,8,8,409,7,63,0,0,4189,48,8,3852.068336943,0.990758317,0,1
739.226146913,3,3,432,4,63,0,0,4188,48,8,3848.952218648,0.989956846,0,1
739.241123005,0,0,434,8,63,0,0,4190,48,8,3854.380372698,0.991352977,0,1
739.366040199,2,2,384,5,63,0,0,4190,48,8,3856.882943185,0.991996642,0,1
739.460710825,4,4,410,0,63,0,0,4190,48,8,3854.623615909,0.991415539,0,1
739.486059863,1,1,432,0,63,0,0,4190,48,8,3854.636323639,0.991418808,0,1
739.655553857,6,6,437,3,63,0,0,4188,48,8,3849.942189762,0.990211469,0,1
739.759718254,5,5,431,8,63,0,0,4188,48,8,3848.225693056,0.989769983,0,1
739.958782531,7,7,399,6,63,0,0,4190,48,8,3854.733241752,0.991443735,0,1
740.203851437,8,8,410,4,63,0,0,4189,48,8,3851.984366833,0.990736720,0,1
740.226146913,3,3,433,4,63,0,0,4188,48,8,3848.874190831,0.989936777,0,1
740.241123005,0,0,435,4,63,0,0,4190,48,8,3854.314229466,0.991335964,0,1
740.366040199,2,2,385,3,63,0,0,4190,48,8,3856.804915368,0.991976573,0,1
740.460710825,4,4,411,5,63,0,0,4190,48,8,3854.551530385,0.991396999,0,1
740.486059863,1,1,433,3,63,0,0,4190,48,8,3854.564238114,0.991400267,0,1
740.655553857,6,6,438,7,63,0,0,4188,48,8,3849.870104238,0.990192928,0,1
740.759718254,5,5,432,0,63,0,0,4188,48,8,3848.147665239,0.989749914,0,1
740.958782531,7,7,400,6,63,0,0,4190,48,8,3854.667098520,0.991426723,0,1
741.203851437,8,8,411,6,63,0,0,4189,48,8,3851.906339016,0.990716651,0,1
741.226146913,3,3,434,6,63,0,0,4188,48,8,3848.796163014,0.989916709,0,1
741.241123005,0,0,436,1,63,0,0,4190,48,8,3854.242143942,0.991317424,0,1
741.343628029,7,8,411,6,62,1,0,4190,48,8,3854.598556285,0.991409094,1,1
741.366040199,2,2,386,5,63,0,0,4190,48,8,3856.732829843,0.991958032,0,1
741.460710825,4,4,412,1,63,0,0,4190,48,8,3854.479444860,0.991378458,0,1
741.486059863,1,1,434,7,63,0,0,4190,48,8,3854.492152590,0.991381726,0,1
741.655553857,6,6,439,0,63,0,0,4188,48,8,3849.798018713,0.990174388,0,1
741.759718254,5,5,433,6,63,0,0,4188,48,8,3848.075579714,0.989731373,0,1
741.899494844,4,5,433,6,62,1,0,4190,48,8,3854.410591940,0.991360749,1,1
741.958782531,7,7,401,3,63,0,0,4190,48,8,3854.534629763,0.991392652,0,1
742.203851437,8,8,412,5,63,0,0,4189,48,8,3851.834253492,0.990698110,0,1
742.226146913,3,3,435,1,63,0,0,4188,48,8,3848.730019782,0.989899696,0,1
742.241123005,0,0,437,7,63,0,0,4190,48,8,3854.170058417,0.991298883,0,1
742.366040199,2,2,387,7,63,0,0,4190,48,8,3856.666686611,0.991941020,0,1
742.460710825,4,4,413,1,63,0,0,4190,48,8,3854.346976104,0.991344387,0,1
742.486059863,1,1,435,7,63,0,0,4190,48,8,3854.420067065,0.991363186,0,1
742.655553857,6,6,440,5,63,0,0,4188,48,8,3849.731875481,0.990157375,0,1
742.759718254,5,5,434,0,63,0,0,4188,48,8,3848.009436482,0.989714361,0,1
742.958782531,7,7,402,5,63,0,0,4190,48,8,3854.462544239,0.991374111,0,1
743.203851437,8,8,413,4,63,0,0,4189,48,8,3851.762167967,0.990679570,0,1
743.226146913,3,3,436,5,63,0,0,4188,48,8,3848.646049673,0.989878099,0,1
743.241123005,0,0,438,2,63,0,0,4190,48,8,3854.103915185,0.991281871,0,1
743.366040199,2,2,388,3,63,0,0,4190,48,8,3856.594601087,0.991922480,0,1
743.460710825,4,4,414,7,63,0,0,4190,48,8,3854.268948287,0.991324318,0,1
743.486059863,1,1,436,7,63,0,0,4190,48,8,3854.347981541,0.991344645,0,1
743.655553857,6,6,441,1,63,0,0,4188,48,8,3849.659789957,0.990138835,0,1
743.759718254,5,5,435,4,63,0,0,4188,48,8,3847.931408665,0.989694292,0,1
743.958782531,7,7,403,8,63,0,0,4190,48,8,3854.396401007,0.991357099,0,1
744.203851437,8,8,414,3,63,0,0,4189,48,8,3851.690082443,0.990661029,0,1
744.226146913,3,3,437,2,63,0,0,4188,48,8,3848.573964148,0.989859559,0,1
744.241123005,0,0,439,1,63,0,0,4190,48,8,3854.031829661,0.991263331,0,1
744.366040199,2,2,389,0,63,0,0,4190,48,8,3856.522515562,0.991903939,0,1
744.460710825,4,4,415,3,63,0,0,4190,48,8,3854.196862763,0.991305777,0,1
744.486059863,1,1,437,2,63,0,0,4190,48,8,3854.269953724,0.991324577,0,1
744.655553857,6,6,442,1,63,0,0,4188,48,8,3849.581762140,0.990118766,0,1
744.759718254,5,5,436,8,63,0,0,4188,48,8,3847.853380848,0.989674223,0,1
744.958782531,7,7,404,5,63,0,0,4190,48,8,3854.330257775,0.991340087,0,1
745.203851437,8,8,415,4,63,0,0,4189,48,8,3851.612054626,0.990640961,0,1
745.226146913,3,3,438,0,63,0,0,4188,48,8,3848.501878624,0.989841018,0,1
745.241123005,0,0,440,3,63,0,0,4190,48,8,3853.959744136,0.991244790,0,1
745.343628029,7,8,415,4,62,1,0,4190,48,8,3854.261715540,0.991322458,1,1
745.366040199,2,2,390,3,63,0,0,4190,48,8,3856.456372330,0.991886927,0,1
745.460710825,4,4,416,0,63,0,0,4190,48,8,3854.124777238,0.991287237,0,1
745.486059863,1,1,438,5,63,0,0,4190,48,8,3854.203810492,0.991307564,0,1
745.655553857,6,6,443,7,63,0,0,4188,48,8,3849.503734323,0.990098697,0,1
745.759718254,5,5,437,4,63,0,0,4188,48,8,3847.775353031,0.989654155,0,1
745.958782531,7,7,405,8,63,0,0,4190,48,8,3854.191846726,0.991304487,0,1
746.203851437,8,8,416,0,63,0,0,4189,48,8,3851.539969101,0.990622420,0,1
746.226146913,3,3,439,1,63,0,0,4188,48,8,3848.435735392,0.989824006,0,1
746.241123005,0,0,441,8,63,0,0,4189,48,8,3853.887658612,0.991226250,0,1
746.343628029,5,8,416,0,62,1,0,4188,48,8,3847.699721894,0.989634702,1,1
746.366040199,2,2,391,6,63,0,0,4190,48,8,3856.378344513,0.991866858,0,1
746.460710825,4,4,417,5,63,0,0,4190,48,8,3854.052691714,0.991268696,0,1
746.486059863,1,1,439,7,63,0,0,4190,48,8,3854.131724967,0.991289024,0,1
746.655553857,6,6,444,4,63,0,0,4188,48,8,3849.425706506,0.990078628,0,1
746.759718254,5,5,438,4,63,0,0,4188,48,8,3847.636941982,0.989618555,0,1
746.958782531,7,7,406,5,63,0,0,4190,48,8,3854.125703494,0.991287475,0,1
747.203851437,8,8,417,2,63,0,0,4189,48,8,3851.461941284,0.990602351,0,1
747.226146913,3,3,440,8,63,0,0,4188,48,8,3848.369592160,0.989806994,0,1
747.241123005,0,0,442,3,63,0,0,4189,48,8,3853.809630795,0.991206181,0,1
747.343628029,5,8,417,2,62,1,0,4188,48,8,3847.561310845,0.989599103,1,1
747.366040199,2,2,392,7,63,0,0,4190,48,8,3856.312201281,0.991849846,0,1
747.460710825,4,4,418,2,63,0,0,4190,48,8,3853.980606189,0.991250156,0,1
747.486059863,1,1,440,4,63,0,0,4190,48,8,3854.065581735,0.991272012,0,1
747.655553857,6,6,445,0,63,0,0,4188,48,8,3849.353620981,0.990060088,0,1
747.759718254,5,5,439,3,63,0,0,4188,48,8,3847.498530933,0.989582955,0,1
747.899495089,1,5,439,3,62,1,0,4190,48,8,3853.996874824,0.991254340,1,1
747.958782531,7,7,407,3,63,0,0,4190,48,8,3854.059560262,0.991270463,0,1
748.203851437,8,8,418,6,63,0,0,4189,48,8,3851.395798052,0.990585339,0,1
748.226146913,3,3,441,2,63,0,0,4188,48,8,3848.303448928,0.989789982,0,1
748.241123005,0,0,443,5,63,0,0,4189,48,8,3853.737545270,0.991187640,0,1
748.366040199,2,2,393,5,63,0,0,4190,48,8,3856.234173464,0.991829777,0,1
748.460710825,4,4,419,2,63,0,0,4189,48,8,3853.914462957,0.991233144,0,1
748.486059863,1,1,441,0,63,0,0,4190,48,8,3853.933112979,0.991237941,0,1
748.655553857,6,6,446,5,63,0,0,4188,48,8,3849.275593164,0.990040019,0,1
748.759718254,5,5,440,0,63,0,0,4187,48,8,3847.426445409,0.989564415,0,1
748.958782531,7,7,408,1,63,0,0,4190,48,8,3853.987474737,0.991251923,0,1
749.098559366,3,7,408,1,62,1,0,4188,48,8,3848.226156015,0.989770102,1,1
749.203851437,8,8,419,2,63,0,0,4189,48,8,3851.323712528,0.990566798,0,1
749.241123005,0,0,444,8,63,0,0,4189,48,8,3853.671402038,0.991170628,0,1
749.258815366,3,3,442,8,63,0,0,4188,48,8,3848.164849708,0.989754334,0,1
749.366040199,2,2,394,0,63,0,0,4190,48,8,3856.156145647,0.991809708,0,1
749.460710825,4,4,420,0,63,0,0,4189,48,8,3853.842377433,0.991214603,0,1
749.486059863,1,1,442,6,63,0,0,4189,48,8,3853.855085162,0.991217872,0,1
749.655553857,6,6,447,5,63,0,0,4188,48,8,3849.191623055,0.990018422,0,1
749.759718254,5,5,441,6,63,0,0,4187,48,8,3847.354359885,0.989545874,0,1
749.958782531,7,7,409,0,63,0,0,4190,48,8,3853.921331505,0.991234910,0,1
750.098559121,6,7,409,0,62,1,0,4188,48,8,3849.122745820,0.990000706,1,1
750.203851437,8,8,420,0,63,0,0,4189,48,8,3851.251627003,0.990548258,0,1
750.226146913,3,3,443,0,63,0,0,4188,48,8,3848.092952354,0.989735842,0,1
750.241123005,0,0,445,5,63,0,0,4189,48,8,3853.593374221,0.991150559,0,1
750.366040199,2,2,395,6,63,0,0,4190,48,8,3856.078117830,0.991789639,0,1
750.460710825,4,4,421,8,63,0,0,4189,48,8,3853.770291908,0.991196063,0,1
750.486059863,1,1,443,5,63,0,0,4189,48,8,3853.777057345,0.991197803,0,1
750.655553857,6,6,448,1,63,0,0,4188,48,8,3849.053212006,0.989982822,0,1
750.759718254,5,5,442,3,63,0,0,4187,48,8,3847.282274360,0.989527334,0,1
750.958782531,7,7,410,4,63,0,0,4189,48,8,3853.849245981,0.991216370,0,1
751.203851437,8,8,421,0,63,0,0,4189,48,8,3851.179541479,0.990529717,0,1
751.226146913,3,3,444,5,63,0,0,4188,48,8,3848.014924537,0.989715773,0,1
751.241123005,0,0,446,6,63,0,0,4189,48,8,3853.527230989,0.991133547,0,1
751.343628029,5,8,421,0,62,1,0,4187,48,8,3847.212585515,0.989509410,1,1
751.366040199,2,2,396,3,63,0,0,4190,48,8,3856.011974598,0.991772627,0,1
751.460710825,4,4,422,1,63,0,0,4189,48,8,3853.692264091,0.991175994,0,1
751.486059863,1,1,444,5,63,0,0,4189,48,8,3853.710914113,0.991180791,0,1
751.655553857,6,6,449,2,63,0,0,4188,48,8,3848.969241896,0.989961225,0,1
751.759718254,5,5,443,3,63,0,0,4187,48,8,3847.143863311,0.989491734,0,1
751.795330447,3,6,449,2,62,1,0,4188,48,8,3847.945320516,0.989697871,1,1
751.958782531,7,7,411,8,63,0,0,4189,48,8,3853.777160456,0.991197829,0,1
752.203851437,8,8,422,0,63,0,0,4189,48,8,3851.101513662,0.990509649,0,1
752.226146913,3,3,445,8,63,0,0,4188,48,8,3847.876513488,0.989680173,0,1
752.241123005,0,0,447,3,63,0,0,4189,48,8,3853.461087757,0.991116535,0,1
752.365923503,6,3,445,8,62,1,0,4188,48,8,3848.886940058,0.989940057,1,1
752.366040199,2,2,397,0,63,0,0,4190,48,8,3855.928004489,0.991751030,0,1
752.460710825,4,4,423,7,63,0,0,4189,48,8,3853.620178567,0.991157453,0,1
752.486059863,1,1,445,7,63,0,0,4189,48,8,3853.638828588,0.991162250,0,1
752.655553857,6,6,450,4,63,0,0,4188,48,8,3848.824888555,0.989924097,0,1
752.759718254,5,5,444,2,63,0,0,4187,48,8,3847.071777787,0.989473194,0,1
752.958782531,7,7,412,1,63,0,0,4189,48,8,3853.711017224,0.991180817,0,1
753.098559366,3,7,412,1,62,1,0,4188,48,8,3847.805162868,0.989661822,1,1
753.203851437,8,8,423,3,63,0,0,4189,48,8,3851.029428138,0.990491108,0,1
753.241123005,0,0,448,2,63,0,0,4189,48,8,3853.389002233,0.991097994,0,1
753.258815366,3,3,446,2,63,0,0,4188,48,8,3847.743856562,0.989646054,0,1
753.343628029,7,8,423,3,62,1,0,4189,48,8,3853.642474990,0.991163188,1,1
753.366040199,2,2,398,7,63,0,0,4190,48,8,3855.855918965,0.991732489,0,1
753.460710825,4,4,424,3,63,0,0,4189,48,8,3853.548093042,0.991138913,0,1
753.486059863,1,1,446,8,63,0,0,4189,48,8,3853.572685356,0.991145238,0,1
753.655553857,6,6,451,5,63,0,0,4188,48,8,3848.752803030,0.989905556,0,1
753.759718254,5,5,445,8,63,0,0,4187,48,8,3846.999692262,0.989454653,0,1
753.795330447,7,6,451,5,62,1,0,4189,48,8,3853.567605367,0.991143931,1,1
753.958782531,7,7,413,2,63,0,0,4189,48,8,3853.506280651,0.991128159,0,1
754.098559366,5,7,413,2,62,1,0,4187,48,8,3846.931415013,0.989437092,1,1
754.203851437,8,8,424,3,63,0,0,4189,48,8,3850.957342613,0.990472568,0,1
754.226146913,3,3,447,8,63,0,0,4188,48,8,3847.666016915,0.989626033,0,1
754.241123005,0,0,449,7,63,0,0,4189,48,8,3853.305032123,0.991076397,0,1
754.365923503,6,3,447,8,62,1,0,4188,48,8,3848.670501192,0.989884388,1,1
754.366040199,2,2,399,1,63,0,0,4190,48,8,3855.777891148,0.991712421,0,1
754.460710825,4,4,425,3,63,0,0,4189,48,8,3853.470065225,0.991118844,0,1
754.486059863,1,1,447,0,63,0,0,4189,48,8,3853.500599832,0.991126697,0,1
754.655553857,6,6,452,8,63,0,0,4188,48,8,3848.608449689,0.989868428,0,1
754.759718254,5,5,446,8,63,0,0,4187,48,8,3846.867223506,0.989420582,0,1
754.958782531,7,7,414,0,63,0,0,4189,48,8,3853.440137419,0.991111146,0,1
755.098559121,6,7,414,0,62,1,0,4188,48,8,3848.539572454,0.989850713,1,1
755.203851437,8,8,425,7,63,0,0,4189,48,8,3850.879314796,0.990452499,0,1
755.226146913,3,3,448,5,63,0,0,4188,48,8,3847.587989098,0.989605964,0,1
755.241123005,0,0,450,8,63,0,0,4189,48,8,3853.232946599,0.991057857,0,1
755.366040199,2,2,400,7,63,0,0,4190,48,8,3855.711747916,0.991695408,0,1
755.460710825,4,4,426,7,63,0,0,4189,48,8,3853.397979701,0.991100303,0,1
755.486059863,1,1,448,8,63,0,0,4189,48,8,3853.422572015,0.991106629,0,1
755.655553857,6,6,453,0,63,0,0,4188,48,8,3848.470038640,0.989832829,0,1
755.759718254,5,5,447,0,63,0,0,4187,48,8,3846.795137981,0.989402042,0,1
755.958782531,7,7,415,8,63,0,0,4189,48,8,3853.373994187,0.991094134,0,1
756.203851437,8,8,426,4,63,0,0,4189,48,8,3850.807229272,0.990433958,0,1
756.226146913,3,3,449,2,63,0,0,4188,48,8,3847.509961281,0.989585895,0,1
756.241123005,0,0,451,4,63,0,0,4189,48,8,3853.166803367,0.991040844,0,1
756.343628029,7,8,426,4,62,1,0,4189,48,8,3853.305451952,0.991076505,1,1
756.366040199,2,2,401,5,63,0,0,4190,48,8,3855.645604684,0.991678396,0,1
756.460710825,4,4,427,7,63,0,0,4189,48,8,3853.319951884,0.991080235,0,1
756.486059863,1,1,449,5,63,0,0,4189,48,8,3853.350486490,0.991088088,0,1
756.655553857,6,6,454,7,63,0,0,4188,48,8,3848.392010823,0.989812760,0,1
756.759718254,5,5,448,1,63,0,0,4187,48,8,3846.723052457,0.989383501,0,1
756.958782531,7,7,416,8,63,0,0,4189,48,8,3853.241525430,0.991060063,0,1
757.203851437,8,8,427,0,63,0,0,4189,48,8,3850.735143747,0.990415418,0,1
757.226146913,3,3,450,7,63,0,0,4187,48,8,3847.437875756,0.989567355,0,1
757.241123005,0,0,452,4,63,0,0,4189,48,8,3853.100660135,0.991023832,0,1
757.366040199,2,2,402,1,63,0,0,4190,48,8,3855.579461452,0.991661384,0,1
757.460710825,4,4,428,0,63,0,0,4189,48,8,3853.247866359,0.991061694,0,1
757.486059863,1,1,450,3,63,0,0,4189,48,8,3853.278400966,0.991069548,0,1
757.655553857,6,6,455,8,63,0,0,4188,48,8,3848.313983006,0.989792691,0,1
757.759718254,5,5,449,3,63,0,0,4187,48,8,3846.650966932,0.989364961,0,1
757.899495089,1,5,449,3,62,1,0,4189,48,8,3853.209694054,0.991051876,1,1
757.958782531,7,7,417,6,63,0,0,4189,48,8,3853.169439906,0.991041523,0,1
758.203851437,8,8,428,4,63,0,0,4188,48,8,3850.663058223,0.990396877,0,1
758.226146913,3,3,451,5,63,0,0,4187,48,8,3847.359847939,0.989547286,0,1
758.241123005,0,0,453,6,63,0,0,4189,48,8,3853.034516903,0.991006820,0,1
758.343628029,7,8,428,4,62,1,0,4189,48,8,3853.100897671,0.991023893,1,1
758.366040199,2,2,403,0,63,0,0,4190,48,8,3855.507375927,0.991642844,0,1
758.460710825,4,4,429,8,63,0,0,4189,48,8,3853.181723127,0.991044682,0,1
758.486059863,1,1,451,0,63,0,0,4189,48,8,3853.145932209,0.991035476,0,1
758.655553857,6,6,456,0,63,0,0,4188,48,8,3848.241897482,0.989774151,0,1
758.759718254,5,5,450,4,63,0,0,4187,48,8,3846.584823700,0.989347948,0,1
758.958782531,7,7,418,3,63,0,0,4189,48,8,3853.036971150,0.991007451,0,1
759.203851437,8,8,429,7,63,0,0,4188,48,8,3850.585030406,0.990376808,0,1
759.226146913,3,3,452,5,63,0,0,4187,48,8,3847.287762415,0.989528745,0,1
759.241123005,0,0,454,3,63,0,0,4189,48,8,3852.962431378,0.990988280,0,1
759.366040199,2,2,404,7,63,0,0,4190,48,8,3855.435290403,0.991624303,0,1
759.460710825,4,4,430,5,63,0,0,4189,48,8,3853.103695310,0.991024613,0,1
759.486059863,1,1,452,0,63,0,0,4189,48,8,3853.079788977,0.991018464,0,1
759.600487415,7,4,430,5,62,1,0,4189,48,8,3852.966949405,0.990989442,1,1
759.655553857,6,6,457,0,63,0,0,4188,48,8,3848.169811957,0.989755610,0,1
759.759718254,5,5,451,4,63,0,0,4187,48,8,3846.512738176,0.989329408,0,1
759.958782531,7,7,419,1,63,0,0,4189,48,8,3852.898560101,0.990971852,0,1
760.098559366,3,7,419,1,62,1,0,4187,48,8,3847.216411795,0.989510394,1,1
760.203851437,8,8,430,0,63,0,0,4188,48,8,3850.501060296,0.990355211,0,1
760.241123005,0,0,455,5,63,0,0,4189,48,8,3852.890345854,0.990969739,0,1
760.258815366,3,3,453,8,63,0,0,4187,48,8,3847.155105488,0.989494626,0,1
760.366040199,2,2,405,8,63,0,0,4190,48,8,3855.363204878,0.991605763,0,1
760.460710825,4,4,431,3,63,0,0,4189,48,8,3853.031609786,0.991006072,0,1
760.486059863,1,1,453,3,63,0,0,4189,48,8,3853.007703453,0.990999924,0,1
760.655553857,6,6,458,4,63,0,0,4188,48,8,3848.091784140,0.989735541,0,1
760.759718254,5,5,452,2,63,0,0,4187,48,8,3846.446594944,0.989312396,0,1
760.958782531,7,7,420,6,63,0,0,4189,48,8,3852.826474576,0.990953311,0,1
761.203851437,8,8,431,3,63,0,0,4188,48,8,3850.428974772,0.990336670,0,1
761.226146913,3,3,454,5,63,0,0,4187,48,8,3847.077265842,0.989474605,0,1
761.241123005,0,0,456,8,63,0,0,4189,48,8,3852.824202622,0.990952727,0,1
761.366040199,2,2,406,6,63,0,0,4190,48,8,3855.291119354,0.991587222,0,1
761.460710825,4,4,432,7,63,0,0,4189,48,8,3852.953581969,0.990986004,0,1
761.486059863,1,1,454,7,63,0,0,4189,48,8,3852.935617928,0.990981383,0,1
761.655553857,6,6,459,2,63,0,0,4188,48,8,3848.019698616,0.989717001,0,1
761.759718254,5,5,453,3,63,0,0,4187,48,8,3846.368567127,0.989292327,0,1
761.795330447,3,6,459,2,62,1,0,4187,48,8,3847.007661820,0.989456703,1,1
761.958782531,7,7,421,0,63,0,0,4189,48,8,3852.754389052,0.990934771,0,1
762.098559121,6,7,421,0,62,1,0,4188,48,8,3847.944879088,0.989697757,1,1
762.203851437,8,8,432,2,63,0,0,4188,48,8,3850.356889247,0.990318130,0,1
762.226146913,3,3,455,6,63,0,0,4187,48,8,3846.938854793,0.989439006,0,1
762.241123005,0,0,457,4,63,0,0,4189,48,8,3852.752117098,0.990934186,0,1
762.343628029,5,8,432,2,62,1,0,4187,48,8,3846.292935990,0.989272874,1,1
762.366040199,2,2,407,4,63,0,0,4190,48,8,3855.224976122,0.991570210,0,1
762.460710825,4,4,433,2,63,0,0,4189,48,8,3852.881496444,0.990967463,0,1
762.486059863,1,1,455,6,63,0,0,4189,48,8,3852.869474696,0.990964371,0,1
762.655553857,6,6,460,4,63,0,0,4188,48,8,3847.881287567,0.989681401,0,1
762.759718254,5,5,454,4,63,0,0,4187,48,8,3846.224213785,0.989255199,0,1
762.958782531,7,7,422,4,63,0,0,4189,48,8,3852.688245820,0.990917759,0,1
763.203851437,8,8,433,5,63,0,0,4188,48,8,3850.278861430,0.990298061,0,1
763.226146913,3,3,456,4,63,0,0,4187,48,8,3846.866769268,0.989420465,0,1
763.241123005,0,0,458,7,63,0,0,4189,48,8,3852.680031573,0.990915646,0,1
763.366040199,2,2,408,7,63,0,0,4190,48,8,3855.152890597,0.991551669,0,1
763.460710825,4,4,434,2,63,0,0,4189,48,8,3852.809410920,0.990948923,0,1
763.486059863,1,1,456,3,63,0,0,4189,48,8,3852.791446879,0.990944302,0,1
763.655553857,6,6,461,7,63,0,0,4188,48,8,3847.809202042,0.989662861,0,1
763.759718254,5,5,455,0,63,0,0,4187,48,8,3846.146185968,0.989235130,0,1
763.958782531,7,7,423,1,63,0,0,4189,48,8,3852.610218003,0.990897690,0,1
764.098559366,3,7,423,1,62,1,0,4187,48,8,3846.795418648,0.989402114,1,1
764.203851437,8,8,434,5,63,0,0,4188,48,8,3850.200833613,0.990277992,0,1
764.241123005,0,0,459,4,63,0,0,4189,48,8,3852.607946049,0.990897105,0,1
764.258815366,3,3,457,8,63,0,0,4187,48,8,3846.734112341,0.989386346,0,1
764.366040199,2,2,409,0,63,0,0,4190,48,8,3855.074862780,0.991531601,0,1
764.398591956,6,3,457,8,62,1,0,4188,48,8,3847.726712033,0.989641644,1,1
764.460710825,4,4,435,7,63,0,0,4189,48,8,3852.737325395,0.990930382,0,1
764.486059863,1,1,457,8,63,0,0,4189,48,8,3852.719361355,0.990925762,0,1
764.655553857,6,6,462,2,63,0,0,4188,48,8,3847.664848701,0.989625733,0,1
764.759718254,5,5,456,0,63,0,0,4187,48,8,3846.068158151,0.989215061,0,1
764.795330447,3,6,462,2,62,1,0,4187,48,8,3846.664696490,0.989368492,1,1
764.958782531,7,7,424,0,63,0,0,4189,48,8,3852.538132478,0.990879149,0,1
765.098559121,6,7,424,0,62,1,0,4188,48,8,3847.590029174,0.989606489,1,1
765.203851437,8,8,435,2,63,0,0,4188,48,8,3850.128748089,0.990259452,0,1
765.226146913,3,3,458,7,63,0,0,4187,48,8,3846.595889463,0.989350795,0,1
765.241123005,0,0,460,5,63,0,0,4189,48,8,3852.535860524,0.990878565,0,1
765.366040199,2,2,410,4,63,0,0,4190,48,8,3855.008719548,0.991514588,0,1
765.460710825,4,4,436,2,63,0,0,4189,48,8,3852.653355286,0.990908785,0,1
765.486059863,1,1,458,6,63,0,0,4189,48,8,3852.653218123,0.990908750,0,1
765.655553857,6,6,463,3,63,0,0,4188,48,8,3847.526437652,0.989590133,0,1
765.759718254,5,5,457,2,63,0,0,4187,48,8,3846.002014919,0.989198049,0,1
765.958782531,7,7,425,2,63,0,0,4189,48,8,3852.466046954,0.990860609,0,1
766.203851437,8,8,436,7,63,0,0,4188,48,8,3850.050720272,0.990239383,0,1
766.226146913,3,3,459,5,63,0,0,4187,48,8,3846.523803938,0.989332254,0,1
766.241123005,0,0,461,6,63,0,0,4189,48,8,3852.469717292,0.990861553,0,1
766.366040199,2,2,411,8,63,0,0,4190,48,8,3854.936634024,0.991496048,0,1
766.460710825,4,4,437,6,63,0,0,4189,48,8,3852.581269762,0.990890244,0,1
766.486059863,1,1,459,8,63,0,0,4189,48,8,3852.581132599,0.990890209,0,1
766.655553857,6,6,464,8,63,0,0,4188,48,8,3847.448409835,0.989570064,0,1
766.759718254,5,5,458,6,63,0,0,4187,48,8,3845.935871687,0.989181037,0,1
766.958782531,7,7,426,3,63,0,0,4189,48,8,3852.382076844,0.990839012,0,1
767.203851437,8,8,437,4,63,0,0,4188,48,8,3849.972692455,0.990219314,0,1
767.226146913,3,3,460,7,63,0,0,4187,48,8,3846.451718414,0.989313714,0,1
767.241123005,0,0,462,1,63,0,0,4189,48,8,3852.397631768,0.990843012,0,1
767.366040199,2,2,412,8,63,0,0,4190,48,8,3854.864548499,0.991477507,0,1
767.460710825,4,4,438,2,63,0,0,4189,48,8,3852.509184237,0.990871704,0,1
767.486059863,1,1,460,0,63,0,0,4189,48,8,3852.509047074,0.990871668,0,1
767.655553857,6,6,465,8,63,0,0,4187,48,8,3847.382266603,0.989553052,0,1
767.759718254,5,5,459,4,63,0,0,4187,48,8,3845.869728455,0.989164025,0,1
767.958782531,7,7,427,3,63,0,0,4189,48,8,3852.315933612,0.990821999,0,1
768.203851437,8,8,438,6,63,0,0,4188,48,8,3849.894664638,0.990199245,0,1
768.226146913,3,3,461,2,63,0,0,4187,48,8,3846.367748304,0.989292116,0,1
768.241123005,0,0,463,4,63,0,0,4189,48,8,3852.331488536,0.990826000,0,1
768.366040199,2,2,413,4,63,0,0,4190,48,8,3854.798405267,0.991460495,0,1
768.460710825,4,4,439,7,63,0,0,4189,48,8,3852.437098713,0.990853163,0,1
768.486059863,1,1,461,6,63,0,0,4189,48,8,3852.436961550,0.990853128,0,1
768.655553857,6,6,466,1,63,0,0,4187,48,8,3847.316123371,0.989536040,0,1
768.759718254,5,5,460,3,63,0,0,4187,48,8,3845.803585223,0.989147013,0,1
768.899495089,1,5,460,3,62,1,0,4189,48,8,3852.368254638,0.990835456,1,1
768.958782531,7,7,428,5,63,0,0,4189,48,8,3852.243848088,0.990803459,0,1
769.203851437,8,8,439,1,63,0,0,4188,48,8,3849.822579114,0.990180705,0,1
769.226146913,3,3,462,8,63,0,0,4187,48,8,3846.295662780,0.989273576,0,1
769.241123005,0,0,464,8,63,0,0,4189,48,8,3852.259403011,0.990807460,0,1
769.366040199,2,2,414,3,63,0,0,4190,48,8,3854.714435158,0.991438898,0,1
769.460710825,4,4,440,8,63,0,0,4189,48,8,3852.365013188,0.990834623,0,1
769.486059863,1,1,462,2,63,0,0,4189,48,8,3852.304492793,0.990819057,0,1
769.655553857,6,6,467,1,63,0,0,4187,48,8,3847.244037846,0.989517499,0,1
769.759718254,5,5,461,0,63,0,0,4187,48,8,3845.731499699,0.989128472,0,1
769.958782531,7,7,429,2,63,0,0,4189,48,8,3852.177704856,0.990786447,0,1
770.098559366,5,7,429,2,62,1,0,4187,48,8,3845.663222450,0.989110911,1,1
770.203851437,8,8,440,5,63,0,0,4188,48,8,3849.750493589,0.990162164,0,1
770.226146913,3,3,463,4,63,0,0,4187,48,8,3846.223577255,0.989255035,0,1
770.241123005,0,0,465,4,63,0,0,4189,48,8,3852.187317487,0.990788919,0,1
770.366040199,2,2,415,1,63,0,0,4190,48,8,3854.648291926,0.991421886,0,1
770.460710825,4,4,441,1,63,0,0,4189,48,8,3852.292927664,0.990816082,0,1
770.486059863,1,1,463,7,63,0,0,4189,48,8,3852.232407269,0.990800516,0,1
770.655553857,6,6,468,7,63,0,0,4187,48,8,3847.171952322,0.989498959,0,1
770.759718254,5,5,462,4,63,0,0,4187,48,8,3845.599030942,0.989094401,0,1
770.958782531,7,7,430,0,63,0,0,4189,48,8,3852.105619331,0.990767906,0,1
771.098559121,6,7,430,0,62,1,0,4187,48,8,3847.103075087,0.989481244,1,1
771.203851437,8,8,441,6,63,0,0,4188,48,8,3849.672465772,0.990142095,0,1
771.226146913,3,3,464,6,63,0,0,4187,48,8,3846.145549438,0.989234966,0,1
771.241123005,0,0,466,4,63,0,0,4189,48,8,3852.115231962,0.990770379,0,1
771.366040199,2,2,416,6,63,0,0,4190,48,8,3854.570264109,0.991401817,0,1
771.460710825,4,4,442,7,63,0,0,4189,48,8,3852.220842139,0.990797542,0,1
771.486059863,1,1,464,2,63,0,0,4189,48,8,3852.160321744,0.990781976,0,1
771.655553857,6,6,469,3,63,0,0,4187,48,8,3847.033541273,0.989463359,0,1
771.759718254,5,5,463,7,63,0,0,4187,48,8,3845.526945418,0.989075860,0,1
771.958782531,7,7,431,1,63,0,0,4189,48,8,3852.039476099,0.990750894,0,1
772.098559366,3,7,431,1,62,1,0,4187,48,8,3846.068256526,0.989215087,1,1
772.203851437,8,8,442,4,63,0,0,4188,48,8,3849.594437955,0.990122026,0,1
772.241123005,0,0,467,2,63,0,0,4189,48,8,3852.037204145,0.990750310,0,1
772.258815366,3,3,465,0,63,0,0,4187,48,8,3846.006950219,0.989199318,0,1
772.366040199,2,2,417,7,63,0,0,4190,48,8,3854.504120877,0.991384805,0,1
772.460710825,4,4,443,2,63,0,0,4189,48,8,3852.130929737,0.990774416,0,1
772.486059863,1,1,465,3,63,0,0,4189,48,8,3852.082293927,0.990761907,0,1
772.655553857,6,6,470,5,63,0,0,4187,48,8,3846.949571164,0.989441762,0,1
772.759718254,5,5,464,6,63,0,0,4187,48,8,3845.442975309,0.989054263,0,1
772.958782531,7,7,432,5,63,0,0,4189,48,8,3851.967390575,0.990732354,0,1
773.203851437,8,8,443,7,63,0,0,4188,48,8,3849.516410138,0.990101957,0,1
773.226146913,3,3,466,5,63,0,0,4187,48,8,3845.929110572,0.989179298,0,1
773.241123005,0,0,468,5,63,0,0,4189,48,8,3851.965118621,0.990731769,0,1
773.366040199,2,2,418,1,63,0,0,4190,48,8,3854.437977645,0.991367793,0,1
773.460710825,4,4,444,8,63,0,0,4189,48,8,3852.058844213,0.990755876,0,1
773.486059863,1,1,466,4,63,0,0,4189,48,8,3852.010208403,0.990743366,0,1
773.655553857,6,6,471,3,63,0,0,4187,48,8,3846.871543347,0.989421693,0,1
773.759718254,5,5,465,6,63,0,0,4187,48,8,3845.370889784,0.989035723,0,1
773.958782531,7,7,433,0,63,0,0,4189,48,8,3851.901247343,0.990715341,0,1
774.098559121,6,7,433,0,62,1,0,4187,48,8,3846.802666112,0.989403978,1,1
774.203851437,8,8,444,2,63,0,0,4188,48,8,3849.444324614,0.990083417,0,1
774.226146913,3,3,467,7,63,0,0,4187,48,8,3845.851082755,0.989159229,0,1
774.241123005,0,0,469,1,63,0,0,4189,48,8,3851.893033096,0.990713229,0,1
774.366040199,2,2,419,8,63,0,0,4190,48,8,3854.365892120,0.991349252,0,1
774.460710825,4,4,445,3,63,0,0,4189,48,8,3851.980816396,0.990735807,0,1
774.486059863,1,1,467,4,63,0,0,4189,48,8,3851.938122878,0.990724826,0,1
774.655553857,6,6,472,5,63,0,0,4187,48,8,3846.733132298,0.989386094,0,1
774.759718254,5,5,466,7,63,0,0,4187,48,8,3845.304746552,0.989018711,0,1
774.958782531,7,7,434,1,63,0,0,4189,48,8,3851.835104111,0.990698329,0,1
775.098559366,3,7,434,1,62,1,0,4187,48,8,3845.779732135,0.989140878,1,1
775.203851437,8,8,445,0,63,0,0,4188,48,8,3849.360354504,0.990061820,0,1
775.241123005,0,0,470,2,63,0,0,4189,48,8,3851.820947572,0.990694688,0,1
775.258815366,3,3,468,2,63,0,0,4187,48,8,3845.718425829,0.989125110,0,1
775.366040199,2,2,420,6,63,0,0,4190,48,8,3854.293806596,0.991330712,0,1
775.460710825,4,4,446,0,63,0,0,4189,48,8,3851.908730871,0.990717266,0,1
775.486059863,1,1,468,4,63,0,0,4189,48,8,3851.866037354,0.990706285,0,1
775.655553857,6,6,473,3,63,0,0,4187,48,8,3846.649162188,0.989364496,0,1
775.759718254,5,5,467,8,63,0,0,4187,48,8,3845.238603320,0.989001698,0,1
775.958782531,7,7,435,3,63,0,0,4189,48,8,3851.763018586,0.990679789,0,1
776.203851437,8,8,446,0,63,0,0,4188,48,8,3849.282326687,0.990041751,0,1
776.226146913,3,3,469,2,63,0,0,4187,48,8,3845.646528475,0.989106617,0,1
776.241123005,0,0,471,5,63,0,0,4189,48,8,3851.754804340,0.990677676,0,1
776.366040199,2,2,421,8,63,0,0,4190,48,8,3854.221721071,0.991312171,0,1
776.460710825,4,4,447,2,63,0,0,4189,48,8,3851.836645347,0.990698726,0,1
776.486059863,1,1,469,7,63,0,0,4189,48,8,3851.788009537,0.990686216,0,1
776.655553857,6,6,474,2,63,0,0,4187,48,8,3846.565192079,0.989342899,0,1
776.759718254,5,5,468,3,63,0,0,4187,48,8,3845.166517796,0.988983158,0,1
776.795330447,3,6,474,2,62,1,0,4187,48,8,3845.576924453,0.989088715,1,1
776.958782531,7,7,436,3,63,0,0,4189,48,8,3851.684990769,0.990659720,0,1
777.203851437,8,8,447,2,63,0,0,4188,48,8,3849.210241163,0.990023210,0,1
777.226146913,3,3,470,0,63,0,0,4187,48,8,3845.508117426,0.989071018,0,1
777.241123005,0,0,472,8,63,0,0,4189,48,8,3851.688661108,0.990660664,0,1
777.366040199,2,2,422,5,63,0,0,4190,48,8,3854.155577839,0.991295159,0,1
777.460710825,4,4,448,0,63,0,0,4189,48,8,3851.764559822,0.990680185,0,1
777.486059863,1,1,470,8,63,0,0,4189,48,8,3851.709981720,0.990666148,0,1
777.655553857,6,6,475,1,63,0,0,4187,48,8,3846.481221969,0.989321302,0,1
777.759718254,5,5,469,6,63,0,0,4187,48,8,3845.094432271,0.988964617,0,1
777.958782531,7,7,437,3,63,0,0,4189,48,8,3851.618847537,0.990642708,0,1
778.203851437,8,8,448,0,63,0,0,4188,48,8,3849.132213346,0.990003141,0,1
778.226146913,3,3,471,0,63,0,0,4187,48,8,3845.424147316,0.989049421,0,1
778.241123005,0,0,473,6,63,0,0,4189,48,8,3851.616575583,0.990642123,0,1
778.343628029,5,8,448,0,62,1,0,4187,48,8,3845.018801134,0.988945165,1,1
778.366040199,2,2,423,7,63,0,0,4190,48,8,3854.077550022,0.991275090,0,1
778.460710825,4,4,449,7,63,0,0,4189,48,8,3851.692474298,0.990661645,0,1
778.486059863,1,1,471,7,63,0,0,4189,48,8,3851.643838488,0.990649135,0,1
778.655553857,6,6,476,3,63,0,0,4187,48,8,3846.409136445,0.989302761,0,1
778.759718254,5,5,470,0,63,0,0,4187,48,8,3844.950078930,0.988927489,0,1
778.958782531,7,7,438,1,63,0,0,4189,48,8,3851.546762013,0.990624167,0,1
779.098559366,3,7,438,1,62,1,0,4187,48,8,3845.352796696,0.989031069,1,1
779.203851437,8,8,449,6,63,0,0,4188,48,8,3849.054185529,0.989983072,0,1
779.241123005,0,0,474,3,63,0,0,4189,48,8,3851.544490059,0.990623583,0,1
779.258815366,3,3,472,8,63,0,0,4187,48,8,3845.291490389,0.989015301,0,1
779.366040199,2,2,424,8,63,0,0,4190,48,8,3854.011406790,0.991258078,0,1
779.398591956,6,3,472,8,62,1,0,4187,48,8,3846.326646436,0.989281545,1,1
779.460710825,4,4,450,8,63,0,0,4189,48,8,3851.620388773,0.990643104,0,1
779.486059863,1,1,472,0,63,0,0,4189,48,8,3851.565810671,0.990629067,0,1
779.655553857,6,6,477,8,63,0,0,4187,48,8,3846.264783103,0.989265634,0,1
779.759718254,5,5,471,8,63,0,0,4187,48,8,3844.877993405,0.988908949,0,1
779.958782531,7,7,439,0,63,0,0,4189,48,8,3851.480618781,0.990607155,0,1
780.203851437,8,8,450,1,63,0,0,4188,48,8,3848.988042297,0.989966060,0,1
780.226146913,3,3,473,4,63,0,0,4187,48,8,3845.213650743,0.988995281,0,1
780.241123005,0,0,475,1,63,0,0,4189,48,8,3851.472404534,0.990605042,0,1
780.343628029,7,8,450,1,62,1,0,4189,48,8,3851.412076546,0.990589526,1,1
780.366040199,2,2,425,5,63,0,0,4190,48,8,3853.945263558,0.991241066,0,1
780.460710825,4,4,451,8,63,0,0,4189,48,8,3851.548303249,0.990624564,0,1
780.486059863,1,1,473,5,63,0,0,4189,48,8,3851.499667439,0.990612054,0,1
780.655553857,6,6,478,0,63,0,0,4187,48,8,3846.192697579,0.989247093,0,1
780.759718254,5,5,472,0,63,0,0,4187,48,8,3844.805907881,0.988890408,0,1
780.958782531,7,7,440,6,63,0,0,4189,48,8,3851.342207732,0.990571555,0,1
781.203851437,8,8,451,4,63,0,0,4188,48,8,3848.904072187,0.989944463,0,1
781.226146913,3,3,474,5,63,0,0,4187,48,8,3845.135622926,0.988975212,0,1
781.241123005,0,0,476,2,63,0,0,4189,48,8,3851.400319010,0.990586502,0,1
781.366040199,2,2,426,7,63,0,0,4189,48,8,3853.867235742,0.991220997,0,1
781.460710825,4,4,452,1,63,0,0,4189,48,8,3851.476217724,0.990606023,0,1
781.486059863,1,1,474,8,63,0,0,4189,48,8,3851.427581914,0.990593514,0,1
781.655553857,6,6,479,0,63,0,0,4187,48,8,3846.108727470,0.989225496,0,1
781.759718254,5,5,473,0,63,0,0,4187,48,8,3844.727880064,0.988870340,0,1
781.958782531,7,7,441,6,63,0,0,4189,48,8,3851.276064500,0.990554543,0,1
782.203851437,8,8,452,7,63,0,0,4188,48,8,3848.826044370,0.989924394,0,1
782.226146913,3,3,475,0,63,0,0,4187,48,8,3845.057595109,0.988955143,0,1
782.241123005,0,0,477,6,63,0,0,4189,48,8,3851.334175778,0.990569490,0,1
782.366040199,2,2,427,3,63,0,0,4189,48,8,3853.795150217,0.991202456,0,1
782.460710825,4,4,453,2,63,0,0,4189,48,8,3851.404132200,0.990587483,0,1
782.486059863,1,1,475,6,63,0,0,4189,48,8,3851.361438682,0.990576502,0,1
782.655553857,6,6,480,8,63,0,0,4187,48,8,3846.036641945,0.989206955,0,1
782.759718254,5,5,474,2,63,0,0,4187,48,8,3844.649852247,0.988850271,0,1
782.958782531,7,7,442,0,63,0,0,4189,48,8,3851.203978975,0.990536003,0,1
783.098559121,6,7,442,0,62,1,0,4187,48,8,3845.967764710,0.989189240,1,1
783.203851437,8,8,453,3,63,0,0,4188,48,8,3848.748016554,0.989904325,0,1
783.205627681,2,2,14,65535,63,0,0,4189,0,8,3853.723988669,0.991184153,0,1
783.226146913,3,3,476,8,63,0,0,4187,48,8,3844.991451877,0.988938131,0,1
783.241123005,0,0,478,7,63,0,0,4189,48,8,3851.256147961,0.990549421,0,1
783.376123681,2,2,428,0,63,0,0,4189,48,8,3853.662623380,0.991168370,0,1
783.460710825,4,4,454,6,63,0,0,4189,48,8,3851.332046675,0.990568942,0,1
783.486059863,1,1,476,8,63,0,0,4189,48,8,3851.295295450,0.990559490,0,1
783.655553857,6,6,481,7,63,0,0,4187,48,8,3845.898230896,0.989171356,0,1
783.759718254,5,5,475,8,63,0,0,4187,48,8,3844.583709015,0.988833258,0,1
783.958782531,7,7,443,5,63,0,0,4189,48,8,3851.137835743,0.990518991,0,1
784.203851437,8,8,454,6,63,0,0,4188,48,8,3848.681873322,0.989887313,0,1
784.226146913,3,3,477,1,63,0,0,4187,48,8,3844.919366352,0.988919590,0,1
784.241123005,0,0,479,5,63,0,0,4189,48,8,3851.184062436,0.990530880,0,1
784.366040199,2,2,429,8,63,0,0,4189,48,8,3853.596538229,0.991151373,0,1
784.460710825,4,4,455,1,63,0,0,4189,48,8,3851.259961151,0.990550402,0,1
784.486059863,1,1,477,0,63,0,0,4189,48,8,3851.223209926,0.990540949,0,1
784.655553857,6,6,482,3,63,0,0,4187,48,8,3845.820203079,0.989151287,0,1
784.759718254,5,5,476,4,63,0,0,4187,48,8,3844.511623490,0.988814718,0,1
784.958782531,7,7,444,1,63,0,0,4189,48,8,3851.065750219,0.990500450,0,1
785.098559366,3,7,444,1,62,1,0,4187,48,8,3844.842073440,0.988899710,1,1
785.203851437,8,8,455,4,63,0,0,4188,48,8,3848.609787797,0.989868773,0,1
785.241123005,0,0,480,4,63,0,0,4189,48,8,3851.111976912,0.990512340,0,1
785.258815366,3,3,478,6,63,0,0,4187,48,8,3844.780767133,0.988883942,0,1
785.366040199,2,2,430,3,63,0,0,4189,48,8,3853.530394997,0.991134361,0,1
785.460710825,4,4,456,8,63,0,0,4189,48,8,3851.181933334,0.990530333,0,1
785.486059863,1,1,478,7,63,0,0,4189,48,8,3851.157066694,0.990523937,0,1
785.655553857,6,6,483,5,63,0,0,4187,48,8,3845.742175262,0.989131218,0,1
785.759718254,5,5,477,0,63,0,0,4187,48,8,3844.439537966,0.988796177,0,1
785.958782531,7,7,445,1,63,0,0,4189,48,8,3850.999606987,0.990483438,0,1
786.060164480,4,4,14,65535,63,0,0,4189,0,8,3851.118097249,0.990513914,0,1
786.098559366,3,7,445,1,62,1,0,4187,48,8,3844.709604683,0.988865639,1,1
786.203851437,8,8,456,5,63,0,0,4188,48,8,3848.543644565,0.989851760,0,1
786.241123005,0,0,481,6,63,0,0,4189,48,8,3851.039891387,0.990493799,0,1
786.258815366,3,3,479,8,63,0,0,4187,48,8,3844.648298377,0.988849871,0,1
786.366040199,2,2,431,0,63,0,0,4189,48,8,3853.458309472,0.991115820,0,1
786.398591956,6,3,479,8,62,1,0,4187,48,8,3845.671569838,0.989113058,1,1
786.422851395,0,0,14,65535,63,0,0,4189,0,7,3851.004229336,0.990484627,0,1
786.460710825,4,4,457,5,63,0,0,4189,48,8,3851.055406870,0.990497790,0,1
786.486059863,1,1,479,0,63,0,0,4189,48,8,3851.084981169,0.990505396,0,1
786.655553857,6,6,484,0,63,0,0,4187,48,8,3845.609706506,0.989097147,0,1
786.759718254,5,5,478,8,63,0,0,4187,48,8,3844.373394734,0.988779165,0,1
786.958782531,7,7,446,4,63,0,0,4189,48,8,3850.921579170,0.990463369,0,1
787.203851437,8,8,457,1,63,0,0,4188,48,8,3848.465616748,0.989831692,0,1
787.226146913,3,3,480,8,63,0,0,4187,48,8,3844.582343315,0.988832907,0,1
787.241123005,0,0,482,7,63,0,0,4189,48,8,3850.933190567,0.990466356,0,1
787.343628029,7,8,457,1,62,1,0,4189,48,8,3850.853036935,0.990445740,1,1
787.366040199,2,2,432,1,63,0,0,4189,48,8,3853.380281655,0.991095751,0,1
787.460710825,4,4,458,0,63,0,0,4189,48,8,3850.977379053,0.990477721,0,1
787.486059863,1,1,480,8,63,0,0,4189,48,8,3851.018837937,0.990488384,0,1
787.655553857,6,6,485,7,63,0,0,4187,48,8,3845.537620981,0.989078606,0,1
787.759718254,5,5,479,1,63,0,0,4187,48,8,3844.295366917,0.988759096,0,1
787.815809857,6,6,14,65535,63,0,0,4187,0,8,3845.476314675,0.989062838,0,1
787.931177313,1,1,14,65535,63,0,0,4189,0,8,3850.955890829,0.990472194,0,1
787.958782531,7,7,447,8,63,0,0,4189,48,8,3850.783168121,0.990427770,0,1
788.129722679,8,8,14,65535,63,0,0,4188,0,7,3848.425668434,0.989821417,0,1
788.225210679,8,8,458,5,63,0,0,4188,48,8,3848.364735191,0.989805745,0,1
788.226146913,3,3,481,1,63,0,0,4187,48,8,3844.516200083,0.988815895,0,1
788.241123005,0,0,483,6,63,0,0,4189,48,8,3850.867047335,0.990449343,0,1
788.366040199,2,2,433,7,63,0,0,4189,48,8,3853.314138423,0.991078739,0,1
788.460710825,4,4,459,3,63,0,0,4189,48,8,3850.911235821,0.990460709,0,1
788.486059863,1,1,481,0,63,0,0,4189,48,8,3850.886369181,0.990454313,0,1
788.655553857,6,6,486,1,63,0,0,4187,48,8,3845.399209932,0.989043007,0,1
788.759718254,5,5,480,6,63,0,0,4187,48,8,3844.225682990,0.988741174,0,1
788.958782531,7,7,448,5,63,0,0,4189,48,8,3850.707541902,0.990408318,0,1
789.203851437,8,8,459,0,63,0,0,4188,48,8,3848.292772696,0.989787236,0,1
789.226146913,3,3,482,1,63,0,0,4187,48,8,3844.450056851,0.988798883,0,1
789.241123005,0,0,484,7,63,0,0,4189,48,8,3850.794961810,0.990430803,0,1
789.366040199,2,2,434,5,63,0,0,4189,48,8,3853.236110606,0.991058670,0,1
789.460710825,4,4,460,5,63,0,0,4189,48,8,3850.839150297,0.990442168,0,1
789.486059863,1,1,482,4,63,0,0,4189,48,8,3850.820225949,0.990437301,0,1
789.655553857,6,6,487,4,63,0,0,4187,48,8,3845.327124408,0.989024466,0,1
789.759718254,5,5,481,1,63,0,0,4186,48,8,3844.147655173,0.988721105,0,1
789.958782531,7,7,449,0,63,0,0,4188,48,8,3850.641398670,0.990391306,0,1
790.098559121,6,7,449,0,62,1,0,4187,48,8,3845.258247173,0.989006751,1,1
790.179680522,5,5,14,65535,63,0,0,4186,0,7,3844.104678602,0.988710051,0,1
790.203851437,8,8,460,1,63,0,0,4188,48,8,3848.214744879,0.989767167,0,1
790.226146913,3,3,483,6,63,0,0,4187,48,8,3844.377971326,0.988780342,0,1
790.241123005,0,0,485,4,63,0,0,4189,48,8,3850.728818578,0.990413791,0,1
790.366040199,2,2,435,7,63,0,0,4189,48,8,3853.160484387,0.991039219,0,1
790.460710825,4,4,461,3,63,0,0,4189,48,8,3850.761122480,0.990422099,0,1
790.486059863,1,1,483,3,63,0,0,4189,48,8,3850.748140424,0.990418760,0,1
790.655553857,6,6,488,8,63,0,0,4187,48,8,3845.188713359,0.988988867,0,1
790.759718254,5,5,482,4,63,0,0,4186,48,8,3844.040954352,0.988693661,0,1
790.958782531,7,7,450,8,63,0,0,4188,48,8,3850.563370853,0.990371237,0,1
791.000395817,3,3,14,65535,63,0,0,4187,0,7,3844.332954064,0.988768764,0,1
791.203851437,8,8,461,2,63,0,0,4188,48,8,3848.136717062,0.989747098,0,1
791.226146913,3,3,484,4,63,0,0,4187,48,8,3844.271270506,0.988752899,0,1
791.241123005,0,0,486,1,63,0,0,4188,48,8,3850.656733054,0.990395250,0,1
791.366040199,2,2,436,6,63,0,0,4189,48,8,3853.088398862,0.991020679,0,1
791.460710825,4,4,462,6,63,0,0,4189,48,8,3850.689036955,0.990403559,0,1
791.486059863,1,1,484,4,63,0,0,4188,48,8,3850.678456497,0.990400838,0,1
791.655553857,6,6,489,8,63,0,0,4187,48,8,3845.116627834,0.988970326,0,1
791.759718254,5,5,483,0,63,0,0,4186,48,8,3843.968868828,0.988675121,0,1
791.958782531,7,7,451,8,63,0,0,4188,48,8,3850.497227621,0.990354225,0,1
792.203851437,8,8,462,7,63,0,0,4188,48,8,3848.058689245,0.989727029,0,1
792.226146913,3,3,485,7,63,0,0,4186,48,8,3844.199184981,0.988734358,0,1
792.241123005,0,0,487,7,63,0,0,4188,48,8,3850.590589822,0.990378238,0,1
792.366040199,2,2,437,0,63,0,0,4189,48,8,3853.016313338,0.991002138,0,1
792.460710825,4,4,463,5,63,0,0,4188,48,8,3850.611009138,0.990383490,0,1
792.486059863,1,1,485,6,63,0,0,4188,48,8,3850.606370973,0.990382297,0,1
792.655553857,6,6,490,2,63,0,0,4187,48,8,3845.038600017,0.988950257,0,1
792.759718254,5,5,484,0,63,0,0,4186,48,8,3843.896783303,0.988656580,0,1
792.847284098,7,7,14,65535,63,0,0,4188,0,7,3850.451552263,0.990342477,0,1
792.958782531,7,7,452,3,63,0,0,4188,48,8,3850.390526800,0.990326782,0,1
793.203851437,8,8,463,1,63,0,0,4188,48,8,3847.983063025,0.989707578,0,1
793.226146913,3,3,486,6,63,0,0,4186,48,8,3844.129501054,0.988716435,0,1
793.241123005,0,0,488,8,63,0,0,4188,48,8,3850.524446590,0.990361226,0,1
793.366040199,2,2,438,3,63,0,0,4189,48,8,3852.938285521,0.990982069,0,1
793.460710825,4,4,464,3,63,0,0,4188,48,8,3850.538923614,0.990364949,0,1
793.486059863,1,1,486,5,63,0,0,4188,48,8,3850.528343156,0.990362228,0,1
793.655553857,6,6,491,8,63,0,0,4187,48,8,3844.962973798,0.988930806,0,1
793.759718254,5,5,485,1,63,0,0,4186,48,8,3843.824697779,0.988638040,0,1
793.958782531,7,7,453,4,63,0,0,4188,48,8,3850.312498983,0.990306713,0,1
794.203851437,8,8,464,3,63,0,0,4188,48,8,3847.910977501,0.989689037,0,1
794.226146913,3,3,487,0,63,0,0,4186,48,8,3844.057415530,0.988697895,0,1
794.241123005,0,0,489,3,63,0,0,4188,48,8,3850.458303358,0.990344214,0,1
794.366040199,2,2,439,3,63,0,0,4189,48,8,3852.866199996,0.990963529,0,1
794.460710825,4,4,465,0,63,0,0,4188,48,8,3850.466838089,0.990346409,0,1
794.486059863,1,1,487,2,63,0,0,4188,48,8,3850.456257631,0.990343688,0,1
794.655553857,6,6,492,4,63,0,0,4187,48,8,3844.890888273,0.988912266,0,1
794.759718254,5,5,486,4,63,0,0,4186,48,8,3843.752612254,0.988619499,0,1
794.958782531,7,7,454,3,63,0,0,4188,48,8,3850.246355751,0.990289701,0,1
795.203851437,8,8,465,2,63,0,0,4188,48,8,3847.832949684,0.989668969,0,1
795.226146913,3,3,488,6,63,0,0,4186,48,8,3843.991272298,0.988680883,0,1
795.241123005,0,0,490,8,63,0,0,4188,48,8,3850.392160126,0.990327202,0,1
795.343628029,5,8,465,2,62,1,0,4186,48,8,3843.682923410,0.988601575,1,1
795.366040199,2,2,440,4,63,0,0,4189,48,8,3852.800056764,0.990946517,0,1
795.460710825,4,4,466,1,63,0,0,4188,48,8,3850.394752565,0.990327868,0,1
795.486059863,1,1,488,3,63,0,0,4188,48,8,3850.384172107,0.990325147,0,1
795.655553857,6,6,493,4,63,0,0,4187,48,8,3844.818802749,0.988893725,0,1
795.759718254,5,5,487,1,63,0,0,4186,48,8,3843.614201205,0.988583899,0,1
795.958782531,7,7,455,0,63,0,0,4188,48,8,3850.180212519,0.990272688,0,1
796.098559121,6,7,455,0,62,1,0,4187,48,8,3844.749925514,0.988876010,1,1
796.203851437,8,8,466,2,63,0,0,4188,48,8,3847.760864159,0.989650428,0,1
796.226146913,3,3,489,5,63,0,0,4186,48,8,3843.925129066,0.988663871,0,1
796.241123005,0,0,491,7,63,0,0,4188,48,8,3850.326016894,0.990310190,0,1
796.343628029,5,8,466,2,62,1,0,4186,48,8,3843.538570068,0.988564447,1,1
796.366040199,2,2,441,3,63,0,0,4189,48,8,3852.727971240,0.990927976,0,1
796.460710825,4,4,467,6,63,0,0,4188,48,8,3850.322667040,0.990309328,0,1
796.486059863,1,1,489,7,63,0,0,4188,48,8,3850.318028875,0.990308135,0,1
796.655553857,6,6,494,5,63,0,0,4187,48,8,3844.680391700,0.988858125,0,1
796.759718254,5,5,488,0,63,0,0,4186,48,8,3843.469847864,0.988546772,0,1
796.958782531,7,7,456,4,63,0,0,4188,48,8,3850.114069287,0.990255676,0,1
797.203851437,8,8,467,6,63,0,0,4188,48,8,3847.676894050,0.989628831,0,1
797.226146913,3,3,490,4,63,0,0,4186,48,8,3843.853043541,0.988645330,0,1
797.241123005,0,0,492,3,63,0,0,4188,48,8,3850.253931370,0.990291649,0,1
797.343628029,7,8,467,6,62,1,0,4188,48,8,3850.045527053,0.990238047,1,1
797.366040199,2,2,442,0,63,0,0,4189,48,8,3852.649943423,0.990907907,0,1
797.460710825,4,4,468,0,63,0,0,4188,48,8,3850.250581516,0.990290787,0,1
797.486059863,1,1,490,2,63,0,0,4188,48,8,3850.240001058,0.990288066,0,1
797.655553857,6,6,495,4,63,0,0,4187,48,8,3844.608306175,0.988839585,0,1
797.759718254,5,5,489,3,63,0,0,4186,48,8,3843.397762340,0.988528231,0,1
797.958782531,7,7,457,1,63,0,0,4188,48,8,3849.981600531,0.990221605,0,1
798.098559366,3,7,457,1,62,1,0,4186,48,8,3843.769808336,0.988623922,1,1
798.203851437,8,8,468,7,63,0,0,4188,48,8,3847.598866233,0.989608762,0,1
798.241123005,0,0,493,1,63,0,0,4188,48,8,3850.187788138,0.990274637,0,1
798.258815366,3,3,491,2,63,0,0,4186,48,8,3843.708502030,0.988608154,0,1
798.366040199,2,2,443,7,63,0,0,4189,48,8,3852.583800191,0.990890895,0,1
798.460710825,4,4,469,2,63,0,0,4188,48,8,3850.178495991,0.990272247,0,1
798.486059863,1,1,491,3,63,0,0,4188,48,8,3850.167915534,0.990269526,0,1
798.655553857,6,6,496,2,63,0,0,4187,48,8,3844.524336066,0.988817988,0,1
798.759718254,5,5,490,1,63,0,0,4186,48,8,3843.325676815,0.988509691,0,1
798.795330447,3,6,496,2,62,1,0,4186,48,8,3843.633143886,0.988588772,1,1
798.958782531,7,7,458,8,63,0,0,4188,48,8,3849.915457299,0.990204593,0,1
799.203851437,8,8,469,0,63,0,0,4188,48,8,3847.526780708,0.989590221,0,1
799.226146913,3,3,492,4,63,0,0,4186,48,8,3843.564336859,0.988571074,0,1
799.241123005,0,0,494,1,63,0,0,4188,48,8,3850.109760321,0.990254568,0,1
799.343628029,5,8,469,0,62,1,0,4186,48,8,3843.255987970,0.988491766,1,1
799.366040199,2,2,444,7,63,0,0,4189,48,8,3852.511714666,0.990872355,0,1
799.460710825,4,4,470,5,63,0,0,4188,48,8,3850.106410467,0.990253706,0,1
799.486059863,1,1,492,7,63,0,0,4188,48,8,3850.095830009,0.990250985,0,1
799.655553857,6,6,497,2,63,0,0,4187,48,8,3844.446308249,0.988797919,0,1
799.759718254,5,5,491,6,63,0,0,4186,48,8,3843.187265766,0.988474091,0,1
799.958782531,7,7,459,8,63,0,0,4188,48,8,3849.849314067,0.990187581,0,1
800.203851437,8,8,470,5,63,0,0,4188,48,8,3847.448752891,0.989570152,0,1
800.226146913,3,3,493,4,63,0,0,4186,48,8,3843.492251334,0.988552534,0,1
800.241123005,0,0,495,8,63,0,0,4188,48,8,3850.031732504,0.990234499,0,1
800.366040199,2,2,445,4,63,0,0,4189,48,8,3852.445571434,0.990855342,0,1
800.460710825,4,4,471,5,63,0,0,4188,48,8,3850.034324942,0.990235166,0,1
800.486059863,1,1,493,3,63,0,0,4188,48,8,3850.029686777,0.990233973,0,1
800.655553857,6,6,498,1,63,0,0,4187,48,8,3844.368280432,0.988777850,0,1
800.759718254,5,5,492,8,63,0,0,4186,48,8,3843.115180242,0.988455550,0,1
800.958782531,7,7,460,5,63,0,0,4188,48,8,3849.777228542,0.990169040,0,1
801.203851437,8,8,471,4,63,0,0,4187,48,8,3847.370725074,0.989550084,0,1
801.226146913,3,3,494,1,63,0,0,4186,48,8,3843.414223517,0.988532465,0,1
801.241123005,0,0,496,2,63,0,0,4188,48,8,3849.953704687,0.990214430,0,1
801.366040199,2,2,446,7,63,0,0,4189,48,8,3852.373485910,0.990836802,0,1
801.460710825,4,4,472,3,63,0,0,4188,48,8,3849.956297125,0.990215097,0,1
801.486059863,1,1,494,4,63,0,0,4188,48,8,3849.951658960,0.990213904,0,1
801.655553857,6,6,499,0,63,0,0,4187,48,8,3844.296194908,0.988759309,0,1
801.759718254,5,5,493,0,63,0,0,4186,48,8,3843.043094717,0.988437010,0,1
801.958782531,7,7,461,5,63,0,0,4188,48,8,3849.705143018,0.990150500,0,1
802.203851437,8,8,472,2,63,0,0,4187,48,8,3847.298639550,0.989531543,0,1
802.226146913,3,3,495,4,63,0,0,4186,48,8,3843.336195700,0.988512396,0,1
802.241123005,0,0,497,8,63,0,0,4188,48,8,3849.887561455,0.990197418,0,1
802.366040199,2,2,447,4,63,0,0,4189,48,8,3852.301400385,0.990818261,0,1
802.460710825,4,4,473,6,63,0,0,4188,48,8,3849.884211601,0.990196556,0,1
802.486059863,1,1,495,4,63,0,0,4188,48,8,3849.873631143,0.990193835,0,1
802.655553857,6,6,500,2,63,0,0,4187,48,8,3844.218167091,0.988739241,0,1
802.759718254,5,5,494,3,63,0,0,4186,48,8,3842.976951485,0.988419998,0,1
802.958782531,7,7,462,8,63,0,0,4188,48,8,3849.638999786,0.990133488,0,1
803.203851437,8,8,473,1,63,0,0,4187,48,8,3847.226554025,0.989513003,0,1
803.226146913,3,3,496,7,63,0,0,4186,48,8,3843.264110176,0.988493855,0,1
803.241123005,0,0,498,1,63,0,0,4188,48,8,3849.821418223,0.990180406,0,1
803.366040199,2,2,448,6,63,0,0,4189,48,8,3852.235257153,0.990801249,0,1
803.460710825,4,4,474,1,63,0,0,4188,48,8,3849.800241491,0.990174959,0,1
803.486059863,1,1,496,2,63,0,0,4188,48,8,3849.801545619,0.990175295,0,1
803.655553857,6,6,501,1,63,0,0,4186,48,8,3844.146081566,0.988720700,0,1
803.759718254,5,5,495,4,63,0,0,4186,48,8,3842.898923668,0.988399929,0,1
803.958782531,7,7,463,8,63,0,0,4188,48,8,3849.572856554,0.990116475,0,1
804.203851437,8,8,474,7,63,0,0,4187,48,8,3847.154468501,0.989494462,0,1
804.226146913,3,3,497,2,63,0,0,4186,48,8,3843.192024651,0.988475315,0,1
804.241123005,0,0,499,2,63,0,0,4188,48,8,3849.743390406,0.990160337,0,1
804.366040199,2,2,449,3,63,0,0,4189,48,8,3852.163171629,0.990782709,0,1
804.460710825,4,4,475,2,63,0,0,4188,48,8,3849.728155967,0.990156419,0,1
804.486059863,1,1,497,5,63,0,0,4188,48,8,3849.729460094,0.990156754,0,1
804.655553857,6,6,502,3,63,0,0,4186,48,8,3844.073996042,0.988702159,0,1
804.759718254,5,5,496,3,63,0,0,4186,48,8,3842.826838144,0.988381388,0,1
804.899495089,1,5,496,3,62,1,0,4188,48,8,3849.660753183,0.990139083,1,1
804.958782531,7,7,464,5,63,0,0,4188,48,8,3849.506713322,0.990099463,0,1
805.203851437,8,8,475,0,63,0,0,4187,48,8,3847.088325269,0.989477450,0,1
805.226146913,3,3,498,8,63,0,0,4186,48,8,3843.119939127,0.988456774,0,1
805.241123005,0,0,500,3,63,0,0,4188,48,8,3849.677247174,0.990143325,0,1
805.366040199,2,2,450,7,63,0,0,4189,48,8,3852.085143812,0.990762640,0,1
805.460710825,4,4,476,6,63,0,0,4188,48,8,3849.662012735,0.990139407,0,1
805.486059863,1,1,498,0,63,0,0,4188,48,8,3849.596991338,0.990122683,0,1
805.655553857,6,6,503,3,63,0,0,4186,48,8,3844.007852810,0.988685147,0,1
805.759718254,5,5,497,8,63,0,0,4186,48,8,3842.754752619,0.988362848,0,1
805.958782531,7,7,465,1,63,0,0,4188,48,8,3849.440570090,0.990082451,0,1
806.098559366,3,7,465,1,62,1,0,4186,48,8,3843.042646214,0.988436895,1,1
806.203851437,8,8,476,0,63,0,0,4187,48,8,3847.016239745,0.989458909,0,1
806.241123005,0,0,501,1,63,0,0,4188,48,8,3849.605161649,0.990124784,0,1
806.258815366,3,3,499,7,63,0,0,4186,48,8,3842.981339907,0.988421127,0,1
806.366040199,2,2,451,8,63,0,0,4189,48,8,3852.019000580,0.990745628,0,1
806.460710825,4,4,477,7,63,0,0,4188,48,8,3849.589927211,0.990120866,0,1
806.486059863,1,1,499,6,63,0,0,4188,48,8,3849.524905813,0.990104142,0,1
806.655553857,6,6,504,7,63,0,0,4186,48,8,3843.929824993,0.988665078,0,1
806.759718254,5,5,498,8,63,0,0,4186,48,8,3842.682667095,0.988344307,0,1
806.958782531,7,7,466,5,63,0,0,4188,48,8,3849.368484565,0.990063911,0,1
807.203851437,8,8,477,2,63,0,0,4187,48,8,3846.944154220,0.989440369,0,1
807.226146913,3,3,500,4,63,0,0,4186,48,8,3842.909442553,0.988402634,0,1
807.241123005,0,0,502,2,63,0,0,4188,48,8,3849.539018417,0.990107772,0,1
807.343628029,5,8,477,2,62,1,0,4186,48,8,3842.607035958,0.988324855,1,1
807.366040199,2,2,452,6,63,0,0,4189,48,8,3851.946915055,0.990727087,0,1
807.460710825,4,4,478,6,63,0,0,4188,48,8,3849.517841686,0.990102326,0,1
807.486059863,1,1,500,7,63,0,0,4188,48,8,3849.452820289,0.990085602,0,1
807.655553857,6,6,505,4,63,0,0,4186,48,8,3843.857739468,0.988646538,0,1
807.759718254,5,5,499,6,63,0,0,4186,48,8,3842.544256046,0.988308708,0,1
807.958782531,7,7,467,6,63,0,0,4188,48,8,3849.302341333,0.990046898,0,1
808.203851437,8,8,478,6,63,0,0,4187,48,8,3846.866126403,0.989420300,0,1
808.226146913,3,3,501,4,63,0,0,4186,48,8,3842.825472444,0.988381037,0,1
808.241123005,0,0,503,6,63,0,0,4188,48,8,3849.472875185,0.990090760,0,1
808.366040199,2,2,453,8,63,0,0,4189,48,8,3851.874829531,0.990708547,0,1
808.460710825,4,4,479,2,63,0,0,4188,48,8,3849.445756162,0.990083785,0,1
808.486059863,1,1,501,6,63,0,0,4188,48,8,3849.374792472,0.990065533,0,1
808.655553857,6,6,506,4,63,0,0,4186,48,8,3843.779711651,0.988626469,0,1
808.759718254,5,5,500,0,63,0,0,4186,48,8,3842.472170521,0.988290167,0,1
808.958782531,7,7,468,4,63,0,0,4188,48,8,3849.230255809,0.990028358,0,1
809.203851437,8,8,479,3,63,0,0,4187,48,8,3846.788098586,0.989400231,0,1
809.226146913,3,3,502,6,63,0,0,4186,48,8,3842.747444627,0.988360968,0,1
809.241123005,0,0,504,2,63,0,0,4188,48,8,3849.406731953,0.990073748,0,1
809.343628029,7,8,479,3,62,1,0,4188,48,8,3849.161713574,0.990010729,1,1
809.366040199,2,2,454,0,63,0,0,4189,48,8,3851.802744006,0.990690006,0,1
809.460710825,4,4,480,8,63,0,0,4188,48,8,3849.367728345,0.990063716,0,1
809.486059863,1,1,502,2,63,0,0,4188,48,8,3849.302706947,0.990046993,0,1
809.655553857,6,6,507,0,63,0,0,4186,48,8,3843.707626127,0.988607929,0,1
809.759718254,5,5,501,0,63,0,0,4186,48,8,3842.394142704,0.988270098,0,1
809.958782531,7,7,469,6,63,0,0,4188,48,8,3849.091844760,0.989992758,0,1
810.203851437,8,8,480,2,63,0,0,4187,48,8,3846.710070769,0.989380162,0,1
810.226146913,3,3,503,7,63,0,0,4186,48,8,3842.669416810,0.988340899,0,1
810.241123005,0,0,505,3,63,0,0,4188,48,8,3849.340588721,0.990056736,0,1
810.343628029,5,8,480,2,62,1,0,4186,48,8,3842.318511567,0.988250646,1,1
810.366040199,2,2,455,7,63,0,0,4189,48,8,3851.730658482,0.990671466,0,1
810.460710825,4,4,481,8,63,0,0,4188,48,8,3849.283758235,0.990042119,0,1
810.486059863,1,1,503,3,63,0,0,4188,48,8,3849.230621423,0.990028452,0,1
810.655553857,6,6,508,5,63,0,0,4186,48,8,3843.635540602,0.988589388,0,1
810.759718254,5,5,502,6,63,0,0,4186,48,8,3842.249789363,0.988232971,0,1
810.795330447,7,6,508,5,62,1,0,4188,48,8,3849.014758427,0.989972932,1,1
810.958782531,7,7,470,6,63,0,0,4188,48,8,3848.953433711,0.989957159,0,1
811.203851437,8,8,481,6,63,0,0,4187,48,8,3846.637985245,0.989361622,0,1
811.226146913,3,3,504,5,63,0,0,4186,48,8,3842.597331285,0.988322359,0,1
811.241123005,0,0,506,4,63,0,0,4188,48,8,3849.262560904,0.990036667,0,1
811.366040199,2,2,456,3,63,0,0,4189,48,8,3851.652630665,0.990651397,0,1
811.460710825,4,4,482,1,63,0,0,4188,48,8,3849.211672711,0.990023578,0,1
811.486059863,1,1,504,8,63,0,0,4188,48,8,3849.164478191,0.990011440,0,1
811.655553857,6,6,509,7,63,0,0,4186,48,8,3843.557512785,0.988569319,0,1
811.759718254,5,5,503,2,63,0,0,4186,48,8,3842.177703838,0.988214430,0,1
811.958782531,7,7,471,4,63,0,0,4188,48,8,3848.881348186,0.989938618,0,1
812.203851437,8,8,482,6,63,0,0,4187,48,8,3846.565899720,0.989343081,0,1
812.226146913,3,3,505,5,63,0,0,4186,48,8,3842.525245761,0.988303818,0,1
812.241123005,0,0,507,8,63,0,0,4188,48,8,3849.190475380,0.990018126,0,1
812.366040199,2,2,457,1,63,0,0,4189,48,8,3851.574602848,0.990631328,0,1
812.460710825,4,4,483,6,63,0,0,4188,48,8,3849.139587186,0.990005038,0,1
812.486059863,1,1,505,5,63,0,0,4188,48,8,3849.086450374,0.989991371,0,1
812.655553857,6,6,510,4,63,0,0,4186,48,8,3843.479484968,0.988549250,0,1
812.759718254,5,5,504,0,63,0,0,4186,48,8,3842.105618314,0.988195889,0,1
812.958782531,7,7,472,1,63,0,0,4188,48,8,3848.815204954,0.989921606,0,1
813.098559366,3,7,472,1,62,1,0,4186,48,8,3842.453895141,0.988285467,1,1
813.203851437,8,8,483,2,63,0,0,4187,48,8,3846.487871903,0.989323012,0,1
813.241123005,0,0,508,3,63,0,0,4188,48,8,3849.118389855,0.989999586,0,1
813.258815366,3,3,506,6,63,0,0,4186,48,8,3842.392588834,0.988269699,0,1
813.366040199,2,2,458,3,63,0,0,4189,48,8,3851.496575031,0.990611259,0,1
813.460710825,4,4,484,8,63,0,0,4188,48,8,3849.067501662,0.989986497,0,1
813.486059863,1,1,506,8,63,0,0,4188,48,8,3849.020307142,0.989974359,0,1
813.655553857,6,6,511,3,63,0,0,4186,48,8,3843.401457151,0.988529181,0,1
813.759718254,5,5,505,0,63,0,0,4186,48,8,3842.033532789,0.988177349,0,1
813.958782531,7,7,473,2,63,0,0,4188,48,8,3848.743119430,0.989903066,0,1
814.098559366,5,7,473,2,62,1,0,4186,48,8,3841.965255540,0.988159788,1,1
814.203851437,8,8,484,5,63,0,0,4187,48,8,3846.409844086,0.989302943,0,1
814.226146913,3,3,507,6,63,0,0,4186,48,8,3842.314749187,0.988249678,0,1
814.241123005,0,0,509,8,63,0,0,4188,48,8,3849.052246623,0.989982574,0,1
814.366040199,2,2,459,5,63,0,0,4189,48,8,3851.424489507,0.990592718,0,1
814.460710825,4,4,485,2,63,0,0,4188,48,8,3849.001358430,0.989969485,0,1
814.486059863,1,1,507,8,63,0,0,4188,48,8,3848.948221617,0.989955818,0,1
814.655553857,6,6,512,7,63,0,0,4186,48,8,3843.329371627,0.988510641,0,1
814.759718254,5,5,506,6,63,0,0,4186,48,8,3841.901064033,0.988143278,0,1
814.958782531,7,7,474,0,63,0,0,4188,48,8,3848.671033905,0.989884525,0,1
815.098559121,6,7,474,0,62,1,0,4186,48,8,3843.260494392,0.988492926,1,1
815.203851437,8,8,485,5,63,0,0,4187,48,8,3846.337758562,0.989284403,0,1
815.226146913,3,3,508,4,63,0,0,4186,48,8,3842.242663663,0.988231138,0,1
815.241123005,0,0,510,8,63,0,0,4188,48,8,3848.974218806,0.989962505,0,1
815.366040199,2,2,460,3,63,0,0,4189,48,8,3851.346461690,0.990572650,0,1
815.460710825,4,4,486,1,63,0,0,4188,48,8,3848.929272905,0.989950945,0,1
815.486059863,1,1,508,8,63,0,0,4188,48,8,3848.882078385,0.989938806,0,1
815.655553857,6,6,513,0,63,0,0,4186,48,8,3843.196902870,0.988476570,0,1
815.759718254,5,5,507,4,63,0,0,4186,48,8,3841.828978509,0.988124737,0,1
815.958782531,7,7,475,0,63,0,0,4188,48,8,3848.598948381,0.989865985,0,1
816.098559121,6,7,475,0,62,1,0,4186,48,8,3843.128025636,0.988458854,1,1
816.203851437,8,8,486,0,63,0,0,4187,48,8,3846.265673037,0.989265862,0,1
816.226146913,3,3,509,6,63,0,0,4186,48,8,3842.170578138,0.988212597,0,1
816.241123005,0,0,511,3,63,0,0,4188,48,8,3848.902133282,0.989943964,0,1
816.366040199,2,2,461,1,63,0,0,4189,48,8,3851.274376165,0.990554109,0,1
816.460710825,4,4,487,7,63,0,0,4188,48,8,3848.857187381,0.989932404,0,1
816.486059863,1,1,509,2,63,0,0,4188,48,8,3848.809992861,0.989920266,0,1
816.655553857,6,6,514,0,63,0,0,4186,48,8,3843.064434114,0.988442498,0,1
816.759718254,5,5,508,4,63,0,0,4186,48,8,3841.756892984,0.988106197,0,1
816.958782531,7,7,476,8,63,0,0,4188,48,8,3848.532805149,0.989848973,0,1
817.203851437,8,8,487,1,63,0,0,4187,48,8,3846.193587513,0.989247322,0,1
817.226146913,3,3,510,5,63,0,0,4186,48,8,3842.092550322,0.988192528,0,1
817.241123005,0,0,512,2,63,0,0,4188,48,8,3848.830047757,0.989925424,0,1
817.366040199,2,2,462,4,63,0,0,4189,48,8,3851.202290641,0.990535569,0,1
817.460710825,4,4,488,0,63,0,0,4188,48,8,3848.785101856,0.989913864,0,1
817.486059863,1,1,510,4,63,0,0,4188,48,8,3848.743849629,0.989903254,0,1
817.655553857,6,6,515,1,63,0,0,4186,48,8,3842.998290882,0.988425486,0,1
817.759718254,5,5,509,2,63,0,0,4186,48,8,3841.678865167,0.988086128,0,1
817.958782531,7,7,477,5,63,0,0,4188,48,8,3848.460719624,0.989830432,0,1
818.203851437,8,8,488,4,63,0,0,4187,48,8,3846.121501988,0.989228781,0,1
818.226146913,3,3,511,6,63,0,0,4186,48,8,3842.008580212,0.988170931,0,1
818.241123005,0,0,513,4,63,0,0,4188,48,8,3848.757962233,0.989906883,0,1
818.366040199,2,2,463,0,63,0,0,4189,48,8,3851.124262824,0.990515500,0,1
818.460710825,4,4,489,8,63,0,0,4188,48,8,3848.713016332,0.989895323,0,1
818.486059863,1,1,511,2,63,0,0,4188,48,8,3848.671764104,0.989884713,0,1
818.655553857,6,6,516,0,63,0,0,4186,48,8,3842.926205358,0.988406946,0,1
818.759718254,5,5,510,7,63,0,0,4186,48,8,3841.600837350,0.988066059,0,1
818.958782531,7,7,478,8,63,0,0,4188,48,8,3848.388634100,0.989811891,0,1
819.203851437,8,8,489,1,63,0,0,4187,48,8,3846.049416464,0.989210241,0,1
819.226146913,3,3,512,4,63,0,0,4186,48,8,3841.930552395,0.988150862,0,1
819.241123005,0,0,514,7,63,0,0,4188,48,8,3848.685876708,0.989888343,0,1
819.343628029,7,8,489,1,62,1,0,4188,48,8,3848.320091865,0.989794262,1,1
819.366040199,2,2,464,1,63,0,0,4189,48,8,3851.046235007,0.990495431,0,1
819.460710825,4,4,490,2,63,0,0,4188,48,8,3848.640930807,0.989876783,0,1
819.486059863,1,1,512,0,63,0,0,4188,48,8,3848.605620872,0.989867701,0,1
819.655553857,6,6,517,5,63,0,0,4186,48,8,3842.854119833,0.988388405,0,1
819.759718254,5,5,511,4,63,0,0,4186,48,8,3841.522809533,0.988045990,0,1
819.958782531,7,7,479,6,63,0,0,4188,48,8,3848.250223051,0.989776292,0,1
820.203851437,8,8,490,7,63,0,0,4187,48,8,3845.971388647,0.989190172,0,1
820.226146913,3,3,513,5,63,0,0,4186,48,8,3841.858466871,0.988132322,0,1
820.241123005,0,0,515,5,63,0,0,4188,48,8,3848.613791184,0.989869802,0,1
820.366040199,2,2,465,8,63,0,0,4189,48,8,3850.980091775,0.990478419,0,1
820.460710825,4,4,491,0,63,0,0,4188,48,8,3848.568845283,0.989858242,0,1
820.486059863,1,1,513,5,63,0,0,4188,48,8,3848.533535348,0.989849160,0,1
820.655553857,6,6,518,2,63,0,0,4186,48,8,3842.776092016,0.988368336,0,1
820.759718254,5,5,512,2,63,0,0,4186,48,8,3841.444781716,0.988025921,0,1
820.958782531,7,7,480,1,63,0,0,4188,48,8,3848.172195234,0.989756223,0,1
821.098559366,3,7,480,1,62,1,0,4186,48,8,3841.787116250,0.988113970,1,1
821.203851437,8,8,491,7,63,0,0,4187,48,8,3845.899303122,0.989171631,0,1
821.241123005,0,0,516,1,63,0,0,4188,48,8,3848.541705659,0.989851262,0,1
821.258815366,3,3,514,4,63,0,0,4186,48,8,3841.725809944,0.988098202,0,1
821.366040199,2,2,466,3,63,0,0,4189,48,8,3850.913948543,0.990461407,0,1
821.460710825,4,4,492,7,63,0,0,4188,48,8,3848.490817466,0.989838173,0,1
821.486059863,1,1,514,2,63,0,0,4188,48,8,3848.467392116,0.989832148,0,1
821.655553857,6,6,519,2,63,0,0,4186,48,8,3842.698064199,0.988348268,0,1
821.759718254,5,5,513,2,63,0,0,4186,48,8,3841.372696192,0.988007381,0,1
821.795330447,3,6,519,2,62,1,0,4186,48,8,3841.656394093,0.988080348,1,1
821.958782531,7,7,481,6,63,0,0,4188,48,8,3848.094167417,0.989736154,0,1
822.203851437,8,8,492,1,63,0,0,4187,48,8,3845.827217598,0.989153091,0,1
822.226146913,3,3,515,8,63,0,0,4186,48,8,3841.593529358,0.988064179,0,1
822.241123005,0,0,517,7,63,0,0,4188,48,8,3848.469620135,0.989832721,0,1
822.343628029,7,8,492,1,62,1,0,4188,48,8,3848.025625182,0.989718525,1,1
822.366040199,2,2,467,1,63,0,0,4189,48,8,3850.835920726,0.990441338,0,1
822.460710825,4,4,493,1,63,0,0,4188,48,8,3848.418731941,0.989819633,0,1
822.486059863,1,1,515,8,63,0,0,4188,48,8,3848.395306591,0.989813608,0,1
822.655553857,6,6,520,3,63,0,0,4186,48,8,3842.614094090,0.988326670,0,1
822.759718254,5,5,514,3,63,0,0,4186,48,8,3841.300610667,0.987988840,0,1
822.958782531,7,7,482,6,63,0,0,4188,48,8,3847.955756368,0.989700555,0,1
823.203851437,8,8,493,3,63,0,0,4187,48,8,3845.749189781,0.989133022,0,1
823.226146913,3,3,516,5,63,0,0,4186,48,8,3841.521443833,0.988045639,0,1
823.241123005,0,0,518,8,63,0,0,4188,48,8,3848.403476903,0.989815709,0,1
823.366040199,2,2,468,7,63,0,0,4189,48,8,3850.769777494,0.990424325,0,1
823.460710825,4,4,494,0,63,0,0,4188,48,8,3848.346646417,0.989801092,0,1
823.486059863,1,1,516,3,63,0,0,4188,48,8,3848.329163359,0.989796596,0,1
823.655553857,6,6,521,7,63,0,0,4186,48,8,3842.542008565,0.988308130,0,1
823.759718254,5,5,515,2,63,0,0,4186,48,8,3841.228525143,0.987970300,0,1
823.958782531,7,7,483,8,63,0,0,4188,48,8,3847.877728551,0.989680486,0,1
824.203851437,8,8,494,6,63,0,0,4187,48,8,3845.677104257,0.989114482,0,1
824.226146913,3,3,517,8,63,0,0,4186,48,8,3841.437473724,0.988024042,0,1
824.241123005,0,0,519,5,63,0,0,4188,48,8,3848.337333671,0.989798697,0,1
824.343628029,7,8,494,6,62,1,0,4188,48,8,3847.809186317,0.989662857,1,1
824.366040199,2,2,469,6,63,0,0,4189,48,8,3850.691749677,0.990404257,0,1
824.460710825,4,4,495,0,63,0,0,4188,48,8,3848.274560892,0.989782552,0,1
824.486059863,1,1,517,5,63,0,0,4188,48,8,3848.263020127,0.989779583,0,1
824.655553857,6,6,522,0,63,0,0,4186,48,8,3842.469923041,0.988289589,0,1
824.759718254,5,5,516,1,63,0,0,4186,48,8,3841.156439618,0.987951759,0,1
824.958782531,7,7,484,0,63,0,0,4188,48,8,3847.739317502,0.989644886,0,1
825.098559121,6,7,484,0,62,1,0,4186,48,8,3842.401045806,0.988271874,1,1
825.203851437,8,8,495,6,63,0,0,4187,48,8,3845.599076440,0.989094413,0,1
825.226146913,3,3,518,6,63,0,0,4186,48,8,3841.359445907,0.988003973,0,1
825.241123005,0,0,520,8,63,0,0,4188,48,8,3848.271190439,0.989781685,0,1
825.366040199,2,2,470,7,63,0,0,4188,48,8,3850.625606445,0.990387244,0,1
825.460710825,4,4,496,1,63,0,0,4188,48,8,3848.202475368,0.989764011,0,1
825.486059863,1,1,518,7,63,0,0,4188,48,8,3848.190934603,0.989761043,0,1
825.655553857,6,6,523,0,63,0,0,4186,48,8,3842.337454284,0.988255518,0,1
825.759718254,5,5,517,8,63,0,0,4186,48,8,3841.084354094,0.987933219,0,1
825.958782531,7,7,485,0,63,0,0,4188,48,8,3847.673174270,0.989627874,0,1
826.098559121,6,7,485,0,62,1,0,4186,48,8,3842.268577049,0.988237803,1,1
826.203851437,8,8,496,0,63,0,0,4187,48,8,3845.521048623,0.989074344,0,1
826.226146913,3,3,519,2,63,0,0,4186,48,8,3841.287360382,0.987985432,0,1
826.241123005,0,0,521,4,63,0,0,4188,48,8,3848.205047207,0.989764673,0,1
826.343628029,5,8,496,0,62,1,0,4186,48,8,3841.008722957,0.987913766,1,1
826.366040199,2,2,471,6,63,0,0,4188,48,8,3850.553520920,0.990368704,0,1
826.460710825,4,4,497,8,63,0,0,4188,48,8,3848.124447551,0.989743942,0,1
826.486059863,1,1,519,7,63,0,0,4188,48,8,3848.124791371,0.989744031,0,1
826.655553857,6,6,524,3,63,0,0,4186,48,8,3842.199043235,0.988219919,0,1
826.759718254,5,5,518,8,63,0,0,4185,48,8,3840.940000752,0.987896091,0,1
826.958782531,7,7,486,5,63,0,0,4188,48,8,3847.607031038,0.989610862,0,1
827.203851437,8,8,497,4,63,0,0,4187,48,8,3845.443020806,0.989054275,0,1
827.226146913,3,3,520,5,63,0,0,4186,48,8,3841.209332565,0.987965363,0,1
827.241123005,0,0,522,6,63,0,0,4188,48,8,3848.138903975,0.989747660,0,1
827.366040199,2,2,472,7,63,0,0,4188,48,8,3850.475493103,0.990348635,0,1
827.460710825,4,4,498,6,63,0,0,4188,48,8,3848.058304319,0.989726930,0,1
827.486059863,1,1,520,5,63,0,0,4188,48,8,3848.052705847,0.989725490,0,1
827.655553857,6,6,525,1,63,0,0,4186,48,8,3842.126957711,0.988201378,0,1
827.759718254,5,5,519,4,63,0,0,4185,48,8,3840.861972935,0.987876022,0,1
827.958782531,7,7,487,3,63,0,0,4188,48,8,3847.529003221,0.989590793,0,1
828.203851437,8,8,498,0,63,0,0,4187,48,8,3845.370935281,0.989035734,0,1
828.226146913,3,3,521,6,63,0,0,4186,48,8,3841.131304748,0.987945294,0,1
828.241123005,0,0,523,3,63,0,0,4188,48,8,3848.066818450,0.989729120,0,1
828.366040199,2,2,473,5,63,0,0,4188,48,8,3850.403407579,0.990330095,0,1
828.460710825,4,4,499,0,63,0,0,4188,48,8,3847.980276502,0.989706861,0,1
828.486059863,1,1,521,4,63,0,0,4188,48,8,3847.980620322,0.989706950,0,1
828.655553857,6,6,526,4,63,0,0,4186,48,8,3842.048929894,0.988181309,0,1
828.759718254,5,5,520,2,63,0,0,4185,48,8,3840.789887411,0.987857481,0,1
828.958782531,7,7,488,5,63,0,0,4188,48,8,3847.456917697,0.989572252,0,1
829.203851437,8,8,499,1,63,0,0,4187,48,8,3845.298849757,0.989017194,0,1
829.226146913,3,3,522,0,63,0,0,4186,48,8,3841.059219224,0.987926754,0,1
829.241123005,0,0,524,8,63,0,0,4188,48,8,3847.988790634,0.989709051,0,1
829.366040199,2,2,474,3,63,0,0,4188,48,8,3850.325379762,0.990310026,0,1
829.460710825,4,4,500,6,63,0,0,4188,48,8,3847.902248685,0.989686792,0,1
829.486059863,1,1,522,2,63,0,0,4188,48,8,3847.908534798,0.989688409,0,1
829.655553857,6,6,527,1,63,0,0,4186,48,8,3841.976844369,0.988162769,0,1
829.759718254,5,5,521,1,63,0,0,4185,48,8,3840.717801886,0.987838941,0,1
829.958782531,7,7,489,0,63,0,0,4187,48,8,3847.384832172,0.989553712,0,1
830.098559121,6,7,489,0,62,1,0,4186,48,8,3841.907967135,0.988145053,1,1
830.203851437,8,8,500,5,63,0,0,4187,48,8,3845.232706525,0.989000182,0,1
830.226146913,3,3,523,6,63,0,0,4186,48,8,3840.981191407,0.987906685,0,1
830.241123005,0,0,525,7,63,0,0,4188,48,8,3847.916705109,0.989690511,0,1
830.366040199,2,2,475,7,63,0,0,4188,48,8,3850.241409653,0.990288428,0,1
830.460710825,4,4,501,7,63,0,0,4188,48,8,3847.830163161,0.989668252,0,1
830.486059863,1,1,523,0,63,0,0,4188,48,8,3847.842391566,0.989671397,0,1
830.655553857,6,6,528,0,63,0,0,4186,48,8,3841.838433320,0.988127169,0,1
830.759718254,5,5,522,0,63,0,0,4185,48,8,3840.639774069,0.987818872,0,1
830.958782531,7,7,490,5,63,0,0,4187,48,8,3847.318688940,0.989536700,0,1
831.203851437,8,8,501,5,63,0,0,4187,48,8,3845.160621000,0.988981641,0,1
831.226146913,3,3,524,6,63,0,0,4185,48,8,3840.909105882,0.987888145,0,1
831.241123005,0,0,526,5,63,0,0,4188,48,8,3847.850561877,0.989673498,0,1
831.366040199,2,2,476,8,63,0,0,4188,48,8,3850.169324128,0.990269888,0,1
831.460710825,4,4,502,2,63,0,0,4188,48,8,3847.758077636,0.989649711,0,1
831.486059863,1,1,524,0,63,0,0,4188,48,8,3847.764363749,0.989651328,0,1
831.655553857,6,6,529,0,63,0,0,4186,48,8,3841.760405503,0.988107100,0,1
831.759718254,5,5,523,8,63,0,0,4185,48,8,3840.561746253,0.987798803,0,1
831.958782531,7,7,491,0,63,0,0,4187,48,8,3847.240661123,0.989516631,0,1
832.098559121,6,7,491,0,62,1,0,4186,48,8,3841.691528269,0.988089385,1,1
832.203851437,8,8,502,4,63,0,0,4187,48,8,3845.094477768,0.988964629,0,1
832.226146913,3,3,525,2,63,0,0,4185,48,8,3840.831078066,0.987868076,0,1
832.241123005,0,0,527,3,63,0,0,4188,48,8,3847.778476353,0.989654958,0,1
832.366040199,2,2,477,8,63,0,0,4188,48,8,3850.103180896,0.990252876,0,1
832.460710825,4,4,503,0,63,0,0,4188,48,8,3847.685992112,0.989631171,0,1
832.486059863,1,1,525,8,63,0,0,4188,48,8,3847.698220517,0.989634316,0,1
832.655553857,6,6,530,1,63,0,0,4186,48,8,3841.621994454,0.988071501,0,1
832.759718254,5,5,524,3,63,0,0,4185,48,8,3840.489660728,0.987780263,0,1
832.958782531,7,7,492,2,63,0,0,4187,48,8,3847.168575599,0.989498090,0,1
833.098559366,5,7,492,2,62,1,0,4185,48,8,3840.421383479,0.987762702,1,1
833.203851437,8,8,503,5,63,0,0,4187,48,8,3845.022392244,0.988946089,0,1
833.226146913,3,3,526,4,63,0,0,4185,48,8,3840.758992541,0.987849535,0,1
833.241123005,0,0,528,4,63,0,0,4188,48,8,3847.712333121,0.989637946,0,1
833.366040199,2,2,478,5,63,0,0,4188,48,8,3850.019210787,0.990231278,0,1
833.460710825,4,4,504,3,63,0,0,4188,48,8,3847.602022002,0.989609574,0,1
833.486059863,1,1,526,4,63,0,0,4188,48,8,3847.632077285,0.989617304,0,1
833.655553857,6,6,531,4,63,0,0,4186,48,8,3841.549908930,0.988052960,0,1
833.759718254,5,5,525,3,63,0,0,4185,48,8,3840.357191972,0.987746191,0,1
833.958782531,7,7,493,2,63,0,0,4187,48,8,3847.102432367,0.989481078,0,1
834.098559366,5,7,493,2,62,1,0,4185,48,8,3840.288914722,0.987728630,1,1
834.203851437,8,8,504,0,63,0,0,4187,48,8,3844.950306719,0.988927548,0,1
834.226146913,3,3,527,2,63,0,0,4185,48,8,3840.686907017,0.987830995,0,1
834.241123005,0,0,529,2,63,0,0,4188,48,8,3847.628363011,0.989616349,0,1
834.366040199,2,2,479,1,63,0,0,4188,48,8,3849.935240677,0.990209681,0,1
834.460710825,4,4,505,2,63,0,0,4188,48,8,3847.529936478,0.989591033,0,1
834.486059863,1,1,527,4,63,0,0,4188,48,8,3847.565934053,0.989600292,0,1
834.655553857,6,6,532,3,63,0,0,4186,48,8,3841.471881113,0.988032891,0,1
834.759718254,5,5,526,6,63,0,0,4185,48,8,3840.224723215,0.987712120,0,1
834.958782531,7,7,494,4,63,0,0,4187,48,8,3847.030346842,0.989462538,0,1
835.203851437,8,8,505,4,63,0,0,4187,48,8,3844.872278902,0.988907479,0,1
835.226146913,3,3,528,6,63,0,0,4185,48,8,3840.614821492,0.987812454,0,1
835.241123005,0,0,530,1,63,0,0,4188,48,8,3847.562219779,0.989599336,0,1
835.366040199,2,2,480,1,63,0,0,4188,48,8,3849.857212860,0.990189612,0,1
835.460710825,4,4,506,7,63,0,0,4188,48,8,3847.457850953,0.989572493,0,1
835.486059863,1,1,528,6,63,0,0,4188,48,8,3847.493848528,0.989581751,0,1
835.655553857,6,6,533,3,63,0,0,4186,48,8,3841.399795589,0.988014351,0,1
835.759718254,5,5,527,4,63,0,0,4185,48,8,3840.152637691,0.987693580,0,1
835.958782531,7,7,495,2,63,0,0,4187,48,8,3846.964203610,0.989445526,0,1
836.098559366,5,7,495,2,62,1,0,4185,48,8,3840.084360441,0.987676019,1,1
836.203851437,8,8,506,4,63,0,0,4187,48,8,3844.794251085,0.988887410,0,1
836.226146913,3,3,529,8,63,0,0,4185,48,8,3840.536793675,0.987792385,0,1
836.241123005,0,0,531,5,63,0,0,4188,48,8,3847.490134255,0.989580796,0,1
836.365923503,6,3,529,8,62,1,0,4186,48,8,3841.323436042,0.987994711,1,1
836.366040199,2,2,481,5,63,0,0,4188,48,8,3849.785127336,0.990171072,0,1
836.460710825,4,4,507,2,63,0,0,4187,48,8,3847.379823136,0.989552424,0,1
836.486059863,1,1,529,8,63,0,0,4187,48,8,3847.421763004,0.989563211,0,1
836.655553857,6,6,534,7,63,0,0,4186,48,8,3841.261384540,0.987978751,0,1
836.759718254,5,5,528,4,63,0,0,4185,48,8,3840.020168934,0.987659508,0,1
836.958782531,7,7,496,1,63,0,0,4187,48,8,3846.898060378,0.989428513,0,1
837.098559366,3,7,496,1,62,1,0,4185,48,8,3840.459500762,0.987772505,1,1
837.203851437,8,8,507,5,63,0,0,4187,48,8,3844.722165561,0.988868870,0,1
837.241123005,0,0,532,7,63,0,0,4187,48,8,3847.412106438,0.989560727,0,1
837.258815366,3,3,530,2,63,0,0,4185,48,8,3840.398194456,0.987756737,0,1
837.366040199,2,2,482,6,63,0,0,4188,48,8,3849.713041811,0.990152531,0,1
837.460710825,4,4,508,5,63,0,0,4187,48,8,3847.301795319,0.989532355,0,1
837.486059863,1,1,530,6,63,0,0,4187,48,8,3847.355619772,0.989546199,0,1
837.600487415,7,4,508,5,62,1,0,4187,48,8,3846.828038634,0.989410504,1,1
837.655553857,6,6,535,8,63,0,0,4186,48,8,3841.189299015,0.987960211,0,1
837.759718254,5,5,529,8,63,0,0,4185,48,8,3839.954025702,0.987642496,0,1
837.958782531,7,7,497,1,63,0,0,4187,48,8,3846.759649329,0.989392914,0,1
838.203851437,8,8,508,6,63,0,0,4187,48,8,3844.650080036,0.988850329,0,1
838.226146913,3,3,531,4,63,0,0,4185,48,8,3840.332239394,0.987739774,0,1
838.241123005,0,0,533,4,63,0,0,4187,48,8,3847.334078621,0.989540658,0,1
838.366040199,2,2,483,3,63,0,0,4188,48,8,3849.646898579,0.990135519,0,1
838.460710825,4,4,509,2,63,0,0,4187,48,8,3847.235652087,0.989515343,0,1
838.486059863,1,1,531,2,63,0,0,4187,48,8,3847.289476540,0.989529186,0,1
838.655553857,6,6,536,4,63,0,0,4186,48,8,3841.117213491,0.987941670,0,1
838.759718254,5,5,530,1,63,0,0,4185,48,8,3839.881940178,0.987623956,0,1
838.958782531,7,7,498,6,63,0,0,4187,48,8,3846.687563805,0.989374373,0,1
839.203851437,8,8,509,3,63,0,0,4187,48,8,3844.577994512,0.988831789,0,1
839.226146913,3,3,532,2,63,0,0,4185,48,8,3840.254211577,0.987719705,0,1
839.241123005,0,0,534,2,63,0,0,4187,48,8,3847.256050804,0.989520589,0,1
839.366040199,2,2,484,1,63,0,0,4188,48,8,3849.568870762,0.990115450,0,1
839.460710825,4,4,510,3,63,0,0,4187,48,8,3847.163566563,0.989496802,0,1
839.486059863,1,1,532,5,63,0,0,4187,48,8,3847.211448723,0.989509117,0,1
839.655553857,6,6,537,4,63,0,0,4186,48,8,3841.039185674,0.987921601,0,1
839.759718254,5,5,531,3,63,0,0,4185,48,8,3839.809854653,0.987605415,0,1
839.899495089,1,5,531,3,62,1,0,4187,48,8,3847.142741811,0.989491446,1,1
839.958782531,7,7,499,3,63,0,0,4187,48,8,3846.609535988,0.989354305,0,1
840.203851437,8,8,510,7,63,0,0,4187,48,8,3844.505908987,0.988813248,0,1
840.226146913,3,3,533,5,63,0,0,4185,48,8,3840.182126053,0.987701164,0,1
840.241123005,0,0,535,7,63,0,0,4187,48,8,3847.183965279,0.989502049,0,1
840.366040199,2,2,485,6,63,0,0,4188,48,8,3849.484900653,0.990093853,0,1
840.460710825,4,4,511,0,63,0,0,4187,48,8,3847.097423331,0.989479790,0,1
840.486059863,1,1,533,0,63,0,0,4187,48,8,3847.078979966,0.989475046,0,1
840.655553857,6,6,538,5,63,0,0,4186,48,8,3840.967100149,0.987903061,0,1
840.759718254,5,5,532,1,63,0,0,4185,48,8,3839.737769129,0.987586875,0,1
840.958782531,7,7,500,2,63,0,0,4187,48,8,3846.537450463,0.989335764,0,1
841.098559366,5,7,500,2,62,1,0,4185,48,8,3839.669491879,0.987569314,1,1
841.203851437,8,8,511,4,63,0,0,4187,48,8,3844.433823463,0.988794708,0,1
841.226146913,3,3,534,1,63,0,0,4185,48,8,3840.104098236,0.987681095,0,1
841.241123005,0,0,536,6,63,0,0,4187,48,8,3847.105937462,0.989481980,0,1
841.366040199,2,2,486,7,63,0,0,4188,48,8,3849.406872836,0.990073784,0,1
841.460710825,4,4,512,8,63,0,0,4187,48,8,3847.025337806,0.989461249,0,1
841.486059863,1,1,534,7,63,0,0,4187,48,8,3847.012836734,0.989458034,0,1
841.655553857,6,6,539,4,63,0,0,4185,48,8,3840.895014625,0.987884520,0,1
841.759718254,5,5,533,3,63,0,0,4185,48,8,3839.605300372,0.987552804,0,1
841.899495089,1,5,533,3,62,1,0,4187,48,8,3846.944129823,0.989440363,1,1
841.958782531,7,7,501,3,63,0,0,4187,48,8,3846.471307231,0.989318752,0,1
842.203851437,8,8,512,4,63,0,0,4187,48,8,3844.367680231,0.988777696,0,1
842.226146913,3,3,535,4,63,0,0,4185,48,8,3840.037955004,0.987664083,0,1
842.241123005,0,0,537,1,63,0,0,4187,48,8,3847.027909645,0.989461911,0,1
842.366040199,2,2,487,8,63,0,0,4188,48,8,3849.328845019,0.990053715,0,1
842.460710825,4,4,513,0,63,0,0,4187,48,8,3846.959194574,0.989444237,0,1
842.486059863,1,1,535,7,63,0,0,4187,48,8,3846.880367978,0.989423963,0,1
842.655553857,6,6,540,5,63,0,0,4185,48,8,3840.828871393,0.987867508,0,1
842.759718254,5,5,534,7,63,0,0,4185,48,8,3839.533214848,0.987534263,0,1
842.958782531,7,7,502,3,63,0,0,4187,48,8,3846.405163999,0.989301740,0,1
843.203851437,8,8,513,7,63,0,0,4187,48,8,3844.295594706,0.988759155,0,1
843.205627681,2,2,15,65535,63,0,0,4188,0,7,3849.289393699,0.990043568,0,1
843.226146913,3,3,536,7,63,0,0,4185,48,8,3839.971811772,0.987647071,0,1
843.241123005,0,0,538,4,63,0,0,4187,48,8,3846.955824121,0.989443370,0,1
843.366040199,2,2,488,4,63,0,0,4188,48,8,3849.228086491,0.990027800,0,1
843.460710825,4,4,514,1,63,0,0,4187,48,8,3846.877626062,0.989423258,0,1
843.486059863,1,1,536,6,63,0,0,4187,48,8,3846.814224746,0.989406951,0,1
843.655553857,6,6,541,4,63,0,0,4185,48,8,3840.750843576,0.987847439,0,1
843.759718254,5,5,535,0,63,0,0,4185,48,8,3839.461129323,0.987515723,0,1
843.958782531,7,7,503,6,63,0,0,4187,48,8,3846.333078475,0.989283199,0,1
844.203851437,8,8,514,0,63,0,0,4187,48,8,3844.217566889,0.988739086,0,1
844.226146913,3,3,537,4,63,0,0,4185,48,8,3839.905668540,0.987630059,0,1
844.241123005,0,0,539,6,63,0,0,4187,48,8,3846.889680889,0.989426358,0,1
844.343628029,5,8,514,0,62,1,0,4185,48,8,3839.385498186,0.987496270,1,1
844.366040199,2,2,489,6,63,0,0,4188,48,8,3849.156000966,0.990009260,0,1
844.460710825,4,4,515,1,63,0,0,4187,48,8,3846.805540538,0.989404717,0,1
844.486059863,1,1,537,3,63,0,0,4187,48,8,3846.742139221,0.989388410,0,1
844.655553857,6,6,542,1,63,0,0,4185,48,8,3840.678758051,0.987828899,0,1
844.759718254,5,5,536,6,63,0,0,4185,48,8,3839.316775982,0.987478595,0,1
844.958782531,7,7,504,2,63,0,0,4187,48,8,3846.266935243,0.989266187,0,1
845.098559366,5,7,504,2,62,1,0,4185,48,8,3839.248498733,0.987461034,1,1
845.203851437,8,8,515,1,63,0,0,4186,48,8,3844.139539073,0.988719017,0,1
845.226146913,3,3,538,4,63,0,0,4185,48,8,3839.833583015,0.987611518,0,1
845.241123005,0,0,540,7,63,0,0,4187,48,8,3846.811653072,0.989406289,0,1
845.366040199,2,2,490,0,63,0,0,4188,48,8,3849.072030857,0.989987662,0,1
845.460710825,4,4,516,5,63,0,0,4187,48,8,3846.733455013,0.989386177,0,1
845.486059863,1,1,538,5,63,0,0,4187,48,8,3846.670053697,0.989369870,0,1
845.655553857,6,6,543,2,63,0,0,4185,48,8,3840.606672527,0.987810358,0,1
845.759718254,5,5,537,1,63,0,0,4185,48,8,3839.184307225,0.987444523,0,1
845.795330447,3,6,543,2,62,1,0,4185,48,8,3839.763978994,0.987593616,1,1
845.958782531,7,7,505,8,63,0,0,4187,48,8,3846.200792011,0.989249175,0,1
846.060164480,4,4,15,65535,63,0,0,4187,0,8,3846.669618928,0.989369758,0,1
846.203851437,8,8,516,1,63,0,0,4186,48,8,3844.073395841,0.988702005,0,1
846.226146913,3,3,539,6,63,0,0,4185,48,8,3839.701114259,0.987577447,0,1
846.241123005,0,0,541,3,63,0,0,4187,48,8,3846.733245556,0.989386123,0,1
846.343628029,7,8,516,1,62,1,0,4187,48,8,3846.132249776,0.989231546,1,1
846.366040199,2,2,491,1,63,0,0,4188,48,8,3848.993623341,0.989967496,0,1
846.422851395,0,0,15,65535,63,0,0,4187,0,7,3846.697583504,0.989376950,0,1
846.460710825,4,4,517,8,63,0,0,4187,48,8,3846.606928549,0.989353634,0,1
846.486059863,1,1,539,2,63,0,0,4187,48,8,3846.597588473,0.989351232,0,1
846.655553857,6,6,544,3,63,0,0,4185,48,8,3840.534587002,0.987791818,0,1
846.759718254,5,5,538,7,63,0,0,4185,48,8,3839.118163993,0.987427511,0,1
846.899494846,8,5,538,7,62,1,0,4186,48,8,3844.003063410,0.988683915,1,1
846.958782531,7,7,506,2,63,0,0,4187,48,8,3846.056438669,0.989212047,0,1
847.203851437,8,8,517,3,63,0,0,4186,48,8,3843.940927084,0.988667934,0,1
847.226146913,3,3,540,5,63,0,0,4185,48,8,3839.631430332,0.987559524,0,1
847.241123005,0,0,542,8,63,0,0,4187,48,8,3846.632487028,0.989360208,0,1
847.343628029,7,8,517,3,62,1,0,4187,48,8,3845.987896435,0.989194418,1,1
847.366040199,2,2,492,4,63,0,0,4188,48,8,3848.915595524,0.989947427,0,1
847.460710825,4,4,518,0,63,0,0,4187,48,8,3846.534843025,0.989335093,0,1
847.486059863,1,1,540,3,63,0,0,4187,48,8,3846.525502949,0.989332691,0,1
847.655553857,6,6,545,4,63,0,0,4185,48,8,3840.462501478,0.987773277,0,1
847.759718254,5,5,539,4,63,0,0,4185,48,8,3839.040136176,0.987407442,0,1
847.815809857,6,6,15,65535,63,0,0,4185,0,7,3840.426963107,0.987764137,0,1
847.931177313,1,1,15,65535,63,0,0,4187,0,7,3846.482381484,0.989321600,0,1
847.958782531,7,7,507,5,63,0,0,4187,48,8,3845.920429218,0.989177065,0,1
848.129722679,8,8,15,65535,63,0,0,4186,0,7,3843.889094185,0.988654602,0,1
848.225210679,8,8,518,4,63,0,0,4186,48,8,3843.828160942,0.988638930,0,1
848.226146913,3,3,541,8,63,0,0,4185,48,8,3839.552263417,0.987539162,0,1
848.241123005,0,0,543,3,63,0,0,4187,48,8,3846.562803101,0.989342285,0,1
848.366040199,2,2,493,5,63,0,0,4188,48,8,3848.836428609,0.989927065,0,1
848.460710825,4,4,519,1,63,0,0,4187,48,8,3846.459216805,0.989315642,0,1
848.486059863,1,1,541,5,63,0,0,4187,48,8,3846.418802128,0.989305247,0,1
848.655553857,6,6,546,1,63,0,0,4185,48,8,3840.355800657,0.987745834,0,1
848.759718254,5,5,540,1,63,0,0,4185,48,8,3838.966911554,0.987388609,0,1
848.958782531,7,7,508,6,63,0,0,4187,48,8,3845.854285986,0.989160053,0,1
849.203851437,8,8,519,1,63,0,0,4186,48,8,3843.750256154,0.988618893,0,1
849.226146913,3,3,542,6,63,0,0,4185,48,8,3839.474235600,0.987519094,0,1
849.241123005,0,0,544,7,63,0,0,4187,48,8,3846.496659869,0.989325273,0,1
849.366040199,2,2,494,0,63,0,0,4188,48,8,3848.770285377,0.989910053,0,1
849.460710825,4,4,520,7,63,0,0,4187,48,8,3846.387131281,0.989297102,0,1
849.486059863,1,1,542,2,63,0,0,4187,48,8,3846.346716604,0.989286707,0,1
849.655553857,6,6,547,1,63,0,0,4185,48,8,3840.283715133,0.987727293,0,1
849.759718254,5,5,541,4,63,0,0,4185,48,8,3838.894826030,0.987370068,0,1
849.958782531,7,7,509,5,63,0,0,4187,48,8,3845.782200461,0.989141512,0,1
850.179680522,5,5,15,65535,63,0,0,4185,0,7,3838.854061299,0.987359584,0,1
850.203851437,8,8,520,3,63,0,0,4186,48,8,3843.678170630,0.988600353,0,1
850.226146913,3,3,543,2,63,0,0,4185,48,8,3839.396207783,0.987499025,0,1
850.241123005,0,0,545,6,63,0,0,4187,48,8,3846.430516637,0.989308260,0,1
850.366040199,2,2,495,0,63,0,0,4188,48,8,3848.694849007,0.989890650,0,1
850.460710825,4,4,521,0,63,0,0,4187,48,8,3846.315045756,0.989278561,0,1
850.486059863,1,1,543,8,63,0,0,4187,48,8,3846.277222526,0.989268833,0,1
850.655553857,6,6,548,2,63,0,0,4185,48,8,3840.205687316,0.987707224,0,1
850.759718254,5,5,542,4,63,0,0,4185,48,8,3838.790337049,0.987343194,0,1
850.958782531,7,7,510,2,63,0,0,4187,48,8,3845.716057229,0.989124500,0,1
851.000395817,3,3,15,65535,63,0,0,4185,0,7,3839.357132814,0.987488974,0,1
851.098559366,5,7,510,2,62,1,0,4185,48,8,3838.722059800,0.987325633,1,1
851.203851437,8,8,521,7,63,0,0,4186,48,8,3843.606085105,0.988581812,0,1
851.226146913,3,3,544,6,63,0,0,4185,48,8,3839.295449255,0.987473109,0,1
851.241123005,0,0,546,6,63,0,0,4187,48,8,3846.352488820,0.989288192,0,1
851.366040199,2,2,496,3,63,0,0,4188,48,8,3848.616821190,0.989870582,0,1
851.460710825,4,4,522,5,63,0,0,4187,48,8,3846.242960232,0.989260021,0,1
851.486059863,1,1,544,7,63,0,0,4187,48,8,3846.205137002,0.989250292,0,1
851.655553857,6,6,549,4,63,0,0,4185,48,8,3840.133601791,0.987688684,0,1
851.759718254,5,5,543,3,63,0,0,4185,48,8,3838.657868293,0.987309123,0,1
851.899495089,1,5,543,3,62,1,0,4187,48,8,3846.136430090,0.989232621,1,1
851.958782531,7,7,511,0,63,0,0,4187,48,8,3845.649913997,0.989107488,0,1
852.039271679,4,5,543,3,61,2,0,4187,48,8,3846.173302197,0.989242104,1,1
852.203851437,8,8,522,0,63,0,0,4186,48,8,3843.539941873,0.988564800,0,1
852.226146913,3,3,545,1,63,0,0,4185,48,8,3839.223363731,0.987454569,0,1
852.241123005,0,0,547,3,63,0,0,4187,48,8,3846.280403295,0.989269651,0,1
852.366040199,2,2,497,6,63,0,0,4188,48,8,3848.532851081,0.989848984,0,1
852.460710825,4,4,523,7,63,0,0,4187,48,8,3846.110491475,0.989225949,0,1
852.486059863,1,1,545,2,63,0,0,4187,48,8,3846.066725953,0.989214693,0,1
852.655553857,6,6,550,8,63,0,0,4185,48,8,3840.067458559,0.987671671,0,1
852.759718254,5,5,544,7,63,0,0,4185,48,8,3838.579840476,0.987289054,0,1
852.847284098,7,7,15,65535,63,0,0,4187,0,7,3845.606450480,0.989096309,0,1
852.899494846,8,5,544,7,62,1,0,4186,48,8,3843.469609443,0.988546710,1,1
852.958782531,7,7,512,8,63,0,0,4187,48,8,3845.545425017,0.989080613,0,1
853.098559121,6,7,512,8,62,1,0,4185,48,8,3839.995230479,0.987653094,1,1
853.203851437,8,8,523,5,63,0,0,4186,48,8,3843.407473117,0.988530729,0,1
853.226146913,3,3,546,7,63,0,0,4185,48,8,3839.157220499,0.987437557,0,1
853.241123005,0,0,548,5,63,0,0,4187,48,8,3846.208317771,0.989251111,0,1
853.366040199,2,2,498,5,63,0,0,4188,48,8,3848.460765557,0.989830444,0,1
853.460710825,4,4,524,5,63,0,0,4187,48,8,3846.044348243,0.989208937,0,1
853.486059863,1,1,546,8,63,0,0,4187,48,8,3846.000582721,0.989197681,0,1
853.655553857,6,6,551,8,63,0,0,4185,48,8,3839.925696665,0.987635210,0,1
853.759718254,5,5,545,4,63,0,0,4185,48,8,3838.513697244,0.987272041,0,1
853.958782531,7,7,513,8,63,0,0,4187,48,8,3845.479281785,0.989063601,0,1
854.098559121,6,7,513,8,62,1,0,4185,48,8,3839.856819430,0.987617495,1,1
854.203851437,8,8,524,7,63,0,0,4186,48,8,3843.329445300,0.988510660,0,1
854.226146913,3,3,547,4,63,0,0,4185,48,8,3839.073250389,0.987415959,0,1
854.241123005,0,0,549,7,63,0,0,4187,48,8,3846.142174539,0.989234098,0,1
854.366040199,2,2,499,0,63,0,0,4188,48,8,3848.388680032,0.989811903,0,1
854.460710825,4,4,525,5,63,0,0,4187,48,8,3845.966320427,0.989188868,0,1
854.486059863,1,1,547,0,63,0,0,4187,48,8,3845.928497196,0.989179140,0,1
854.655553857,6,6,552,7,63,0,0,4185,48,8,3839.781343324,0.987598082,0,1
854.759718254,5,5,546,7,63,0,0,4185,48,8,3838.441611719,0.987253501,0,1
854.958782531,7,7,514,8,63,0,0,4187,48,8,3845.413138553,0.989046589,0,1
855.098559121,6,7,514,8,62,1,0,4185,48,8,3839.712466089,0.987580367,1,1
855.203851437,8,8,525,1,63,0,0,4186,48,8,3843.257359775,0.988492119,0,1
855.226146913,3,3,548,2,63,0,0,4185,48,8,3839.001164865,0.987397419,0,1
855.241123005,0,0,550,4,63,0,0,4187,48,8,3846.076031307,0.989217086,0,1
855.366040199,2,2,500,3,63,0,0,4188,48,8,3848.310652215,0.989791834,0,1
855.460710825,4,4,526,3,63,0,0,4187,48,8,3845.894234902,0.989170328,0,1
855.486059863,1,1,548,5,63,0,0,4187,48,8,3845.856411672,0.989160600,0,1
855.655553857,6,6,553,0,63,0,0,4185,48,8,3839.648874567,0.987564011,0,1
855.759718254,5,5,547,0,63,0,0,4185,48,8,3838.369526195,0.987234960,0,1
855.958782531,7,7,515,1,63,0,0,4187,48,8,3845.341053029,0.989028049,0,1
856.098559366,3,7,515,1,62,1,0,4185,48,8,3838.923871952,0.987377539,1,1
856.203851437,8,8,526,4,63,0,0,4186,48,8,3843.179331958,0.988472050,0,1
856.241123005,0,0,551,8,63,0,0,4187,48,8,3845.998003490,0.989197017,0,1
856.258815366,3,3,549,4,63,0,0,4185,48,8,3838.862565646,0.987361771,0,1
856.366040199,2,2,501,5,63,0,0,4188,48,8,3848.226682106,0.989770237,0,1
856.460710825,4,4,527,7,63,0,0,4187,48,8,3845.822149378,0.989151787,0,1
856.486059863,1,1,549,2,63,0,0,4187,48,8,3845.778383855,0.989140531,0,1
856.655553857,6,6,554,1,63,0,0,4185,48,8,3839.564904458,0.987542414,0,1
856.759718254,5,5,548,2,63,0,0,4185,48,8,3838.291498378,0.987214892,0,1
856.958782531,7,7,516,5,63,0,0,4187,48,8,3845.274909797,0.989011036,0,1
857.203851437,8,8,527,2,63,0,0,4186,48,8,3843.107246434,0.988453510,0,1
857.226146913,3,3,550,0,63,0,0,4185,48,8,3838.784725999,0.987341751,0,1
857.241123005,0,0,552,3,63,0,0,4187,48,8,3845.925917965,0.989178477,0,1
857.366040199,2,2,502,0,63,0,0,4188,48,8,3848.154596581,0.989751697,0,1
857.460710825,4,4,528,7,63,0,0,4187,48,8,3845.750063853,0.989133247,0,1
857.486059863,1,1,550,3,63,0,0,4187,48,8,3845.712240623,0.989123519,0,1
857.655553857,6,6,555,0,63,0,0,4185,48,8,3839.492818933,0.987523873,0,1
857.759718254,5,5,549,0,63,0,0,4185,48,8,3838.213470561,0.987194823,0,1
857.958782531,7,7,517,3,63,0,0,4187,48,8,3845.202824272,0.988992496,0,1
858.203851437,8,8,528,3,63,0,0,4186,48,8,3843.029218617,0.988433441,0,1
858.226146913,3,3,551,7,63,0,0,4185,48,8,3838.706698182,0.987321682,0,1
858.241123005,0,0,553,1,63,0,0,4187,48,8,3845.853832441,0.989159936,0,1
858.366040199,2,2,503,5,63,0,0,4188,48,8,3848.070626472,0.989730099,0,1
858.460710825,4,4,529,7,63,0,0,4187,48,8,3845.677978329,0.989114706,0,1
858.486059863,1,1,551,8,63,0,0,4187,48,8,3845.640155098,0.989104978,0,1
858.655553857,6,6,556,1,63,0,0,4185,48,8,3839.414791116,0.987503804,0,1
858.759718254,5,5,550,2,63,0,0,4185,48,8,3838.141385037,0.987176282,0,1
858.958782531,7,7,518,5,63,0,0,4187,48,8,3845.130738748,0.988973955,0,1
859.203851437,8,8,529,6,63,0,0,4186,48,8,3842.957133092,0.988414900,0,1
859.226146913,3,3,552,8,63,0,0,4185,48,8,3838.634612658,0.987303141,0,1
859.241123005,0,0,554,5,63,0,0,4187,48,8,3845.787689209,0.989142924,0,1
859.366040199,2,2,504,8,63,0,0,4188,48,8,3848.004483240,0.989713087,0,1
859.460710825,4,4,530,5,63,0,0,4187,48,8,3845.605892804,0.989096166,0,1
859.486059863,1,1,552,3,63,0,0,4187,48,8,3845.568069574,0.989086438,0,1
859.600487415,7,4,530,5,62,1,0,4187,48,8,3845.060717003,0.988955946,1,1
859.655553857,6,6,557,7,63,0,0,4185,48,8,3839.336763299,0.987483735,0,1
859.759718254,5,5,551,6,63,0,0,4185,48,8,3838.063357220,0.987156213,0,1
859.958782531,7,7,519,0,63,0,0,4187,48,8,3844.992327699,0.988938356,0,1
860.098559121,6,7,519,0,62,1,0,4185,48,8,3839.267886064,0.987466020,1,1
860.203851437,8,8,530,0,63,0,0,4186,48,8,3842.885047568,0.988396360,0,1
860.226146913,3,3,553,0,63,0,0,4185,48,8,3838.562527133,0.987284601,0,1
860.241123005,0,0,555,1,63,0,0,4187,48,8,3845.721545977,0.989125912,0,1
860.366040199,2,2,505,6,63,0,0,4188,48,8,3847.932397715,0.989694547,0,1
860.460710825,4,4,531,0,63,0,0,4187,48,8,3845.533807280,0.989077625,0,1
860.486059863,1,1,553,3,63,0,0,4187,48,8,3845.495984049,0.989067897,0,1
860.655553857,6,6,558,1,63,0,0,4185,48,8,3839.204294543,0.987449664,0,1
860.759718254,5,5,552,1,63,0,0,4185,48,8,3837.991271695,0.987137673,0,1
860.958782531,7,7,520,1,63,0,0,4187,48,8,3844.920242174,0.988919815,0,1
861.098559366,3,7,520,1,62,1,0,4185,48,8,3838.485234220,0.987264721,1,1
861.203851437,8,8,531,3,63,0,0,4186,48,8,3842.812962043,0.988377819,0,1
861.241123005,0,0,556,1,63,0,0,4187,48,8,3845.643518160,0.989105843,0,1
861.258815366,3,3,554,1,63,0,0,4185,48,8,3838.423927914,0.987248953,0,1
861.366040199,2,2,506,0,63,0,0,4188,48,8,3847.848427606,0.989672949,0,1
861.460710825,4,4,532,6,63,0,0,4187,48,8,3845.455779463,0.989057556,0,1
861.486059863,1,1,554,6,63,0,0,4187,48,8,3845.423898525,0.989049357,0,1
861.655553857,6,6,559,3,63,0,0,4185,48,8,3839.120324433,0.987428067,0,1
861.759718254,5,5,553,8,63,0,0,4185,48,8,3837.919186171,0.987119132,0,1
861.958782531,7,7,521,3,63,0,0,4187,48,8,3844.854098942,0.988902803,0,1
862.203851437,8,8,532,7,63,0,0,4186,48,8,3842.740876519,0.988359279,0,1
862.226146913,3,3,555,0,63,0,0,4185,48,8,3838.352030560,0.987230461,0,1
862.241123005,0,0,557,6,63,0,0,4187,48,8,3845.571432635,0.989087303,0,1
862.366040199,2,2,507,3,63,0,0,4188,48,8,3847.776342081,0.989654409,0,1
862.460710825,4,4,533,0,63,0,0,4187,48,8,3845.383693938,0.989039016,0,1
862.486059863,1,1,555,6,63,0,0,4187,48,8,3845.345870708,0.989029288,0,1
862.600487415,3,4,533,0,62,1,0,4185,48,8,3838.283548834,0.987212847,1,1
862.655553857,6,6,560,7,63,0,0,4185,48,8,3839.048238909,0.987409526,0,1
862.759718254,5,5,554,1,63,0,0,4185,48,8,3837.853042939,0.987102120,0,1
862.958782531,7,7,522,8,63,0,0,4187,48,8,3844.787955710,0.988885791,0,1
863.098559121,6,7,522,8,62,1,0,4185,48,8,3838.979361674,0.987391811,1,1
863.203851437,8,8,533,2,63,0,0,4186,48,8,3842.662848702,0.988339210,0,1
863.226146913,3,3,556,1,63,0,0,4185,48,8,3838.207677218,0.987193333,0,1
863.241123005,0,0,558,4,63,0,0,4187,48,8,3845.505289403,0.989070290,0,1
863.366040199,2,2,508,1,63,0,0,4188,48,8,3847.698314264,0.989634340,0,1
863.460710825,4,4,534,2,63,0,0,4187,48,8,3845.311608414,0.989020475,0,1
863.486059863,1,1,556,4,63,0,0,4187,48,8,3845.279727476,0.989012276,0,1
863.655553857,6,6,561,1,63,0,0,4185,48,8,3838.909827860,0.987373927,0,1
863.759718254,5,5,555,6,63,0,0,4185,48,8,3837.780957414,0.987083580,0,1
863.958782531,7,7,523,0,63,0,0,4187,48,8,3844.709927893,0.988865722,0,1
864.098559121,6,7,523,0,62,1,0,4185,48,8,3838.840950625,0.987356212,1,1
864.203851437,8,8,534,5,63,0,0,4186,48,8,3842.590763177,0.988320670,0,1
864.226146913,3,3,557,5,63,0,0,4185,48,8,3838.129649401,0.987173264,0,1
864.241123005,0,0,559,1,63,0,0,4187,48,8,3845.433203879,0.989051750,0,1
864.366040199,2,2,509,8,63,0,0,4188,48,8,3847.632171032,0.989617328,0,1
864.460710825,4,4,535,8,63,0,0,4187,48,8,3845.227638304,0.988998878,0,1
864.486059863,1,1,557,4,63,0,0,4187,48,8,3845.207641951,0.988993735,0,1
864.655553857,6,6,562,2,63,0,0,4185,48,8,3838.771416811,0.987338327,0,1
864.759718254,5,5,556,0,63,0,0,4184,48,8,3837.714814182,0.987066567,0,1
864.795330447,3,6,562,2,62,1,0,4185,48,8,3838.054103087,0.987153833,1,1
864.958782531,7,7,524,3,63,0,0,4187,48,8,3844.637842369,0.988847182,0,1
865.203851437,8,8,535,2,63,0,0,4186,48,8,3842.518677653,0.988302129,0,1
865.226146913,3,3,558,5,63,0,0,4185,48,8,3837.985296060,0.987136136,0,1
865.241123005,0,0,560,7,63,0,0,4187,48,8,3845.361118354,0.989033209,0,1
865.366040199,2,2,510,1,63,0,0,4188,48,8,3847.566027800,0.989600316,0,1
865.460710825,4,4,536,0,63,0,0,4187,48,8,3845.149610487,0.988978809,0,1
865.486059863,1,1,558,0,63,0,0,4187,48,8,3845.129614135,0.988973666,0,1
865.655553857,6,6,563,8,63,0,0,4185,48,8,3838.693388994,0.987318258,0,1
865.759718254,5,5,557,3,63,0,0,4184,48,8,3837.642728658,0.987048027,0,1
865.899495089,1,5,557,3,62,1,0,4187,48,8,3845.060907223,0.988955995,1,1
865.958782531,7,7,525,1,63,0,0,4187,48,8,3844.565756844,0.988828641,0,1
866.203851437,8,8,536,7,63,0,0,4186,48,8,3842.440649836,0.988282060,0,1
866.226146913,3,3,559,2,63,0,0,4185,48,8,3837.919152828,0.987119124,0,1
866.241123005,0,0,561,6,63,0,0,4187,48,8,3845.289032830,0.989014669,0,1
866.366040199,2,2,511,4,63,0,0,4188,48,8,3847.493942276,0.989581775,0,1
866.460710825,4,4,537,8,63,0,0,4187,48,8,3845.083467255,0.988961797,0,1
866.486059863,1,1,559,5,63,0,0,4187,48,8,3844.997145378,0.988939595,0,1
866.655553857,6,6,564,4,63,0,0,4185,48,8,3838.621303470,0.987299718,0,1
866.759718254,5,5,558,2,63,0,0,4184,48,8,3837.570643133,0.987029486,0,1
866.958782531,7,7,526,8,63,0,0,4187,48,8,3844.499613612,0.988811629,0,1
867.203851437,8,8,537,7,63,0,0,4186,48,8,3842.362622019,0.988261991,0,1
867.226146913,3,3,560,8,63,0,0,4185,48,8,3837.841125011,0.987099055,0,1
867.241123005,0,0,562,8,63,0,0,4187,48,8,3845.222889598,0.988997657,0,1
867.366040199,2,2,512,1,63,0,0,4187,48,8,3847.427799044,0.989564763,0,1
867.460710825,4,4,538,5,63,0,0,4187,48,8,3845.011381731,0.988943257,0,1
867.486059863,1,1,560,2,63,0,0,4187,48,8,3844.925059854,0.988921054,0,1
867.655553857,6,6,565,1,63,0,0,4185,48,8,3838.555160238,0.987282706,0,1
867.759718254,5,5,559,8,63,0,0,4184,48,8,3837.498557609,0.987010946,0,1
867.795331038,0,6,565,1,62,1,0,4187,48,8,3845.147429543,0.988978248,1,1
867.958782531,7,7,527,5,63,0,0,4187,48,8,3844.433470380,0.988794617,0,1
868.203851437,8,8,538,0,63,0,0,4186,48,8,3842.296478787,0.988244979,0,1
868.226146913,3,3,561,8,63,0,0,4185,48,8,3837.769039486,0.987080514,0,1
868.241123005,0,0,563,2,63,0,0,4187,48,8,3845.084478549,0.988962057,0,1
868.343628029,5,8,538,0,62,1,0,4184,48,8,3837.422926471,0.986991493,1,1
868.366040199,2,2,513,5,63,0,0,4187,48,8,3847.343828934,0.989543166,0,1
868.460710825,4,4,539,8,63,0,0,4187,48,8,3844.939296206,0.988924716,0,1
868.486059863,1,1,561,3,63,0,0,4187,48,8,3844.858916622,0.988904042,0,1
868.655553857,6,6,566,2,63,0,0,4185,48,8,3838.477132421,0.987262637,0,1
868.759718254,5,5,560,2,63,0,0,4184,48,8,3837.354204267,0.986973818,0,1
868.795330447,3,6,566,2,62,1,0,4184,48,8,3837.699435465,0.987062612,1,1
868.958782531,7,7,528,0,63,0,0,4187,48,8,3844.355442563,0.988774548,0,1
869.098559121,6,7,528,0,62,1,0,4185,48,8,3838.402312893,0.987243393,1,1
869.203851437,8,8,539,0,63,0,0,4186,48,8,3842.206566385,0.988221853,0,1
869.226146913,3,3,562,8,63,0,0,4184,48,8,3837.636570730,0.987046443,0,1
869.241123005,0,0,564,4,63,0,0,4187,48,8,3845.018335317,0.988945045,0,1
869.366040199,2,2,514,4,63,0,0,4187,48,8,3847.277685702,0.989526154,0,1
869.460710825,4,4,540,1,63,0,0,4187,48,8,3844.867210682,0.988906176,0,1
869.486059863,1,1,562,2,63,0,0,4187,48,8,3844.792773390,0.988887030,0,1
869.655553857,6,6,567,7,63,0,0,4185,48,8,3838.338721372,0.987227037,0,1
869.759718254,5,5,561,1,63,0,0,4184,48,8,3837.282118743,0.986955277,0,1
869.958782531,7,7,529,6,63,0,0,4187,48,8,3844.289299331,0.988757536,0,1
870.203851437,8,8,540,1,63,0,0,4186,48,8,3842.128538568,0.988201785,0,1
870.226146913,3,3,563,8,63,0,0,4184,48,8,3837.564485205,0.987027903,0,1
870.241123005,0,0,565,5,63,0,0,4187,48,8,3844.946249793,0.988926505,0,1
870.366040199,2,2,515,7,63,0,0,4187,48,8,3847.205600178,0.989507613,0,1
870.460710825,4,4,541,6,63,0,0,4187,48,8,3844.795125157,0.988887635,0,1
870.486059863,1,1,563,3,63,0,0,4187,48,8,3844.720687865,0.988868490,0,1
870.655553857,6,6,568,5,63,0,0,4185,48,8,3838.260693555,0.987206969,0,1
870.759718254,5,5,562,2,63,0,0,4184,48,8,3837.204090926,0.986935209,0,1
870.795330447,7,6,568,5,62,1,0,4187,48,8,3844.212212998,0.988737709,1,1
870.958782531,7,7,530,8,63,0,0,4186,48,8,3844.150888282,0.988721936,0,1
871.098559121,6,7,530,8,62,1,0,4185,48,8,3838.185874027,0.987187725,1,1
871.203851437,8,8,541,3,63,0,0,4186,48,8,3842.056453044,0.988183244,0,1
871.226146913,3,3,564,6,63,0,0,4184,48,8,3837.498341973,0.987010890,0,1
871.241123005,0,0,566,5,63,0,0,4187,48,8,3844.868221976,0.988906436,0,1
871.366040199,2,2,516,5,63,0,0,4187,48,8,3847.133514654,0.989489073,0,1
871.460710825,4,4,542,2,63,0,0,4187,48,8,3844.723039633,0.988869095,0,1
871.486059863,1,1,564,3,63,0,0,4187,48,8,3844.648602341,0.988849949,0,1
871.655553857,6,6,569,8,63,0,0,4185,48,8,3838.116340213,0.987169841,0,1
871.759718254,5,5,563,1,63,0,0,4184,48,8,3837.132005401,0.986916668,0,1
871.958782531,7,7,531,0,63,0,0,4186,48,8,3844.078802758,0.988703396,0,1
872.098559121,6,7,531,0,62,1,0,4185,48,8,3838.047462978,0.987152125,1,1
872.203851437,8,8,542,6,63,0,0,4186,48,8,3841.984367519,0.988164704,0,1
872.226146913,3,3,565,1,63,0,0,4184,48,8,3837.426256449,0.986992350,0,1
872.241123005,0,0,567,8,63,0,0,4187,48,8,3844.796136451,0.988887895,0,1
872.366040199,2,2,517,0,63,0,0,4187,48,8,3847.067371422,0.989472061,0,1
872.460710825,4,4,543,1,63,0,0,4187,48,8,3844.650954108,0.988850554,0,1
872.486059863,1,1,565,8,63,0,0,4187,48,8,3844.576516816,0.988831409,0,1
872.655553857,6,6,570,4,63,0,0,4185,48,8,3837.983871457,0.987135769,0,1
872.759718254,5,5,564,0,63,0,0,4184,48,8,3837.059919877,0.986898128,0,1
872.899494844,4,5,564,0,62,1,0,4187,48,8,3844.582101188,0.988832845,1,1
872.958782531,7,7,532,0,63,0,0,4186,48,8,3844.012659526,0.988686384,0,1
873.203851437,8,8,543,7,63,0,0,4186,48,8,3841.918224287,0.988147691,0,1
873.226146913,3,3,566,5,63,0,0,4184,48,8,3837.360113217,0.986975338,0,1
873.241123005,0,0,568,2,63,0,0,4187,48,8,3844.718108634,0.988867826,0,1
873.366040199,2,2,518,7,63,0,0,4187,48,8,3846.983401312,0.989450463,0,1
873.460710825,4,4,544,3,63,0,0,4187,48,8,3844.518485352,0.988816483,0,1
873.486059863,1,1,566,2,63,0,0,4187,48,8,3844.498488999,0.988811340,0,1
873.655553857,6,6,571,7,63,0,0,4185,48,8,3837.911785932,0.987117229,0,1
873.759718254,5,5,565,2,63,0,0,4184,48,8,3836.993776645,0.986881115,0,1
873.958782531,7,7,533,3,63,0,0,4186,48,8,3843.946516294,0.988669371,0,1
874.203851437,8,8,544,1,63,0,0,4186,48,8,3841.840196470,0.988127623,0,1
874.226146913,3,3,567,2,63,0,0,4184,48,8,3837.288027692,0.986956797,0,1
874.241123005,0,0,569,4,63,0,0,4187,48,8,3844.646023110,0.988849286,0,1
874.366040199,2,2,519,5,63,0,0,4187,48,8,3846.911315788,0.989431923,0,1
874.460710825,4,4,545,1,63,0,0,4187,48,8,3844.446399827,0.988797942,0,1
874.486059863,1,1,567,0,63,0,0,4187,48,8,3844.420461182,0.988791271,0,1
874.655553857,6,6,572,2,63,0,0,4185,48,8,3837.833758115,0.987097160,0,1
874.759718254,5,5,566,4,63,0,0,4184,48,8,3836.921691120,0.986862575,0,1
874.958782531,7,7,534,2,63,0,0,4186,48,8,3843.880373062,0.988652359,0,1
875.098559366,5,7,534,2,62,1,0,4184,48,8,3836.853413871,0.986845014,1,1
875.203851437,8,8,545,0,63,0,0,4186,48,8,3841.756226361,0.988106025,0,1
875.226146913,3,3,568,8,63,0,0,4184,48,8,3837.209999875,0.986936728,0,1
875.241123005,0,0,570,1,63,0,0,4187,48,8,3844.579879878,0.988832274,0,1
875.366040199,2,2,520,4,63,0,0,4187,48,8,3846.833287971,0.989411854,0,1
875.460710825,4,4,546,2,63,0,0,4187,48,8,3844.380256595,0.988780930,0,1
875.486059863,1,1,568,4,63,0,0,4187,48,8,3844.354317950,0.988774259,0,1
875.655553857,6,6,573,0,63,0,0,4185,48,8,3837.761672591,0.987078619,0,1
875.759718254,5,5,567,1,63,0,0,4184,48,8,3836.789222364,0.986828504,0,1
875.958782531,7,7,535,0,63,0,0,4186,48,8,3843.808287537,0.988633819,0,1
876.098559121,6,7,535,0,62,1,0,4184,48,8,3837.692795356,0.987060904,1,1
876.203851437,8,8,546,2,63,0,0,4186,48,8,3841.684140836,0.988087485,0,1
876.226146913,3,3,569,4,63,0,0,4184,48,8,3837.126029766,0.986915131,0,1
876.241123005,0,0,571,7,63,0,0,4187,48,8,3844.507794353,0.988813733,0,1
876.343628029,5,8,546,2,62,1,0,4184,48,8,3836.713591227,0.986809051,1,1
876.366040199,2,2,521,0,63,0,0,4187,48,8,3846.749317861,0.989390257,0,1
876.460710825,4,4,547,6,63,0,0,4187,48,8,3844.308171071,0.988762390,0,1
876.486059863,1,1,569,3,63,0,0,4187,48,8,3844.282232426,0.988755718,0,1
876.655553857,6,6,574,2,63,0,0,4184,48,8,3837.623261542,0.987043020,0,1
876.759718254,5,5,568,2,63,0,0,4184,48,8,3836.644869022,0.986791376,0,1
876.958782531,7,7,536,2,63,0,0,4186,48,8,3843.742144305,0.988616807,0,1
877.203851437,8,8,547,7,63,0,0,4186,48,8,3841.606113019,0.988067416,0,1
877.226146913,3,3,570,1,63,0,0,4184,48,8,3837.059886534,0.986898119,0,1
877.241123005,0,0,572,6,63,0,0,4187,48,8,3844.429766536,0.988793664,0,1
877.366040199,2,2,522,5,63,0,0,4187,48,8,3846.671290044,0.989370188,0,1
877.460710825,4,4,548,1,63,0,0,4187,48,8,3844.236085547,0.988743849,0,1
877.486059863,1,1,570,8,63,0,0,4187,48,8,3844.216089194,0.988738706,0,1
877.655553857,6,6,575,3,63,0,0,4184,48,8,3837.545233725,0.987022951,0,1
877.759718254,5,5,569,8,63,0,0,4184,48,8,3836.578725790,0.986774364,0,1
877.958782531,7,7,537,5,63,0,0,4186,48,8,3843.676001073,0.988599795,0,1
878.203851437,8,8,548,6,63,0,0,4186,48,8,3841.534027495,0.988048875,0,1
878.226146913,3,3,571,5,63,0,0,4184,48,8,3836.987801010,0.986879578,0,1
878.241123005,0,0,573,1,63,0,0,4187,48,8,3844.363623304,0.988776652,0,1
878.343628029,7,8,548,6,62,1,0,4186,48,8,3843.607458839,0.988582165,1,1
878.366040199,2,2,523,3,63,0,0,4187,48,8,3846.593262227,0.989350119,0,1
878.460710825,4,4,549,1,63,0,0,4186,48,8,3844.164000022,0.988725309,0,1
878.486059863,1,1,571,3,63,0,0,4186,48,8,3844.149945962,0.988721694,0,1
878.655553857,6,6,576,3,63,0,0,4184,48,8,3837.473148200,0.987004411,0,1
878.759718254,5,5,570,3,63,0,0,4184,48,8,3836.500697973,0.986754295,0,1
878.899495089,1,5,570,3,62,1,0,4186,48,8,3844.081239050,0.988704022,1,1
878.958782531,7,7,538,1,63,0,0,4186,48,8,3843.537590024,0.988564195,0,1
879.203851437,8,8,549,6,63,0,0,4186,48,8,3841.461941970,0.988030335,0,1
879.226146913,3,3,572,2,63,0,0,4184,48,8,3836.921657778,0.986862566,0,1
879.241123005,0,0,574,7,63,0,0,4187,48,8,3844.279653195,0.988755055,0,1
879.366040199,2,2,524,3,63,0,0,4187,48,8,3846.521176703,0.989331578,0,1
879.460710825,4,4,550,5,63,0,0,4186,48,8,3844.097856790,0.988708296,0,1
879.486059863,1,1,572,5,63,0,0,4186,48,8,3844.017477205,0.988687623,0,1
879.600487415,7,4,550,5,62,1,0,4186,48,8,3843.467568280,0.988546185,1,1
879.655553857,6,6,577,4,63,0,0,4184,48,8,3837.407004968,0.986987398,0,1
879.759718254,5,5,571,1,63,0,0,4184,48,8,3836.428612449,0.986735754,0,1
879.958782531,7,7,539,8,63,0,0,4186,48,8,3843.399178975,0.988528595,0,1
880.098559121,6,7,539,8,62,1,0,4184,48,8,3837.338127734,0.986969683,1,1
880.203851437,8,8,550,2,63,0,0,4186,48,8,3841.383914153,0.988010266,0,1
880.226146913,3,3,573,1,63,0,0,4184,48,8,3836.849572253,0.986844026,0,1
880.241123005,0,0,575,6,63,0,0,4187,48,8,3844.213509963,0.988738043,0,1
880.343628029,5,8,550,2,62,1,0,4184,48,8,3836.352981312,0.986716302,1,1
880.366040199,2,2,525,8,63,0,0,4187,48,8,3846.449091178,0.989313038,0,1
880.460710825,4,4,551,2,63,0,0,4186,48,8,3844.019828973,0.988688228,0,1
880.486059863,1,1,573,8,63,0,0,4186,48,8,3843.951333973,0.988670611,0,1
880.625836698,5,1,573,8,62,1,0,4184,48,8,3836.285030265,0.986698825,1,1
880.655553857,6,6,578,3,63,0,0,4184,48,8,3837.262651627,0.986950270,0,1
880.786092698,5,5,572,3,63,0,0,4184,48,8,3836.223723959,0.986683057,0,1
880.925869533,1,5,572,3,62,1,0,4186,48,8,3843.882475145,0.988652900,1,1
880.958782531,7,7,540,3,63,0,0,4186,48,8,3843.333035743,0.988511583,0,1
881.203851437,8,8,551,4,63,0,0,4186,48,8,3841.311828629,0.987991725,0,1
881.226146913,3,3,574,1,63,0,0,4184,48,8,3836.783429021,0.986827014,0,1
881.241123005,0,0,576,1,63,0,0,4186,48,8,3844.147366731,0.988721031,0,1
881.343628029,7,8,551,4,62,1,0,4186,48,8,3843.264493509,0.988493954,1,1
881.366040199,2,2,526,0,63,0,0,4187,48,8,3846.371063361,0.989292969,0,1
881.460710825,4,4,552,2,63,0,0,4186,48,8,3843.941801156,0.988668159,0,1
881.483404619,6,8,551,4,61,2,0,4184,48,8,3837.191557682,0.986931985,1,1
881.486059863,1,1,574,8,63,0,0,4186,48,8,3843.818865217,0.988636539,0,1
881.655553857,6,6,579,4,63,0,0,4184,48,8,3837.130182870,0.986916199,0,1
881.759718254,5,5,573,6,63,0,0,4184,48,8,3836.157732644,0.986666083,0,1
881.958782531,7,7,541,8,63,0,0,4186,48,8,3843.194624694,0.988475984,0,1
882.098559121,6,7,541,8,62,1,0,4184,48,8,3837.061305636,0.986898484,1,1
882.203851437,8,8,552,6,63,0,0,4186,48,8,3841.239743105,0.987973185,0,1
882.226146913,3,3,575,8,63,0,0,4184,48,8,3836.711343497,0.986808473,0,1
882.241123005,0,0,577,1,63,0,0,4186,48,8,3844.081223499,0.988704018,0,1
882.366040199,2,2,527,4,63,0,0,4187,48,8,3846.298977837,0.989274428,0,1
882.460710825,4,4,553,7,63,0,0,4186,48,8,3843.869715632,0.988649618,0,1
882.486059863,1,1,575,3,63,0,0,4186,48,8,3843.746779692,0.988617999,0,1
882.655553857,6,6,580,1,63,0,0,4184,48,8,3836.991771821,0.986880600,0,1
882.759718254,5,5,574,1,63,0,0,4184,48,8,3836.085647119,0.986647543,0,1
882.958782531,7,7,542,4,63,0,0,4186,48,8,3843.128481462,0.988458972,0,1
883.098559121,6,7,542,4,62,1,0,4184,48,8,3836.922894587,0.986862884,1,1
883.203851437,8,8,553,0,63,0,0,4186,48,8,3841.167657580,0.987954644,0,1
883.226146913,3,3,576,7,63,0,0,4184,48,8,3836.633315680,0.986788404,0,1
883.241123005,0,0,578,8,63,0,0,4186,48,8,3844.009137974,0.988685478,0,1
883.366040199,2,2,528,8,63,0,0,4187,48,8,3846.220950020,0.989254360,0,1
883.460710825,4,4,554,6,63,0,0,4186,48,8,3843.797630107,0.988631078,0,1
883.486059863,1,1,576,4,63,0,0,4186,48,8,3843.668751875,0.988597930,0,1
883.655553857,6,6,581,2,63,0,0,4184,48,8,3836.859303065,0.986846529,0,1
883.759718254,5,5,575,3,63,0,0,4184,48,8,3836.013561595,0.986629002,0,1
883.795330447,3,6,581,2,62,1,0,4184,48,8,3836.563711658,0.986770502,1,1
883.958782531,7,7,543,2,63,0,0,4186,48,8,3843.056395938,0.988440431,0,1
884.203851437,8,8,554,4,63,0,0,4186,48,8,3841.089629763,0.987934576,0,1
884.226146913,3,3,577,2,63,0,0,4184,48,8,3836.494904631,0.986752805,0,1
884.241123005,0,0,579,2,63,0,0,4186,48,8,3843.931110157,0.988665409,0,1
884.366040199,2,2,529,5,63,0,0,4187,48,8,3846.154806788,0.989237347,0,1
884.460710825,4,4,555,2,63,0,0,4186,48,8,3843.725544583,0.988612537,0,1
884.486059863,1,1,577,5,63,0,0,4186,48,8,3843.596666351,0.988579389,0,1
884.655553857,6,6,582,8,63,0,0,4184,48,8,3836.775332956,0.986824931,0,1
884.759718254,5,5,576,2,63,0,0,4184,48,8,3835.941476070,0.986610462,0,1
884.958782531,7,7,544,3,63,0,0,4186,48,8,3842.978368121,0.988420362,0,1
885.203851437,8,8,555,6,63,0,0,4186,48,8,3841.005659654,0.987912978,0,1
885.226146913,3,3,578,0,63,0,0,4184,48,8,3836.422819106,0.986734264,0,1
885.241123005,0,0,580,3,63,0,0,4186,48,8,3843.853082340,0.988645340,0,1
885.366040199,2,2,530,4,63,0,0,4187,48,8,3846.070836678,0.989215750,0,1
885.460710825,4,4,556,6,63,0,0,4186,48,8,3843.653459058,0.988593997,0,1
885.486059863,1,1,578,5,63,0,0,4186,48,8,3843.530523119,0.988562377,0,1
885.655553857,6,6,583,4,63,0,0,4184,48,8,3836.703247431,0.986806391,0,1
885.759718254,5,5,577,7,63,0,0,4184,48,8,3835.863448253,0.986590393,0,1
885.899494846,8,5,577,7,62,1,0,4185,48,8,3840.935327223,0.987894889,1,1
885.958782531,7,7,545,3,63,0,0,4186,48,8,3842.912224889,0.988403350,0,1
886.203851437,8,8,556,1,63,0,0,4185,48,8,3840.873190897,0.987878907,0,1
886.226146913,3,3,579,4,63,0,0,4184,48,8,3836.338848997,0.986712667,0,1
886.241123005,0,0,581,2,63,0,0,4186,48,8,3843.786939108,0.988628328,0,1
886.366040199,2,2,531,6,63,0,0,4187,48,8,3845.998751154,0.989197210,0,1
886.460710825,4,4,557,1,63,0,0,4186,48,8,3843.587315826,0.988576985,0,1
886.486059863,1,1,579,5,63,0,0,4186,48,8,3843.458437594,0.988543837,0,1
886.655553857,6,6,584,0,63,0,0,4184,48,8,3836.631161907,0.986787850,0,1
886.759718254,5,5,578,2,63,0,0,4184,48,8,3835.791362729,0.986571853,0,1
886.958782531,7,7,546,5,63,0,0,4186,48,8,3842.840139365,0.988384810,0,1
887.203851437,8,8,557,1,63,0,0,4185,48,8,3840.801105373,0.987860367,0,1
887.226146913,3,3,580,4,63,0,0,4184,48,8,3836.260821180,0.986692598,0,1
887.241123005,0,0,582,7,63,0,0,4186,48,8,3843.720795876,0.988611316,0,1
887.343628029,7,8,557,1,62,1,0,4186,48,8,3842.771597130,0.988367180,1,1
887.366040199,2,2,532,1,63,0,0,4187,48,8,3845.926665629,0.989178669,0,1
887.460710825,4,4,558,7,63,0,0,4186,48,8,3843.509288009,0.988556916,0,1
887.486059863,1,1,580,6,63,0,0,4186,48,8,3843.392294362,0.988526825,0,1
887.655553857,6,6,585,7,63,0,0,4184,48,8,3836.559076382,0.986769310,0,1
887.759718254,5,5,579,6,63,0,0,4184,48,8,3835.719277204,0.986553312,0,1
887.958782531,7,7,547,0,63,0,0,4186,48,8,3842.701728316,0.988349210,0,1
888.098559121,6,7,547,0,62,1,0,4184,48,8,3836.490199147,0.986751594,1,1
888.203851437,8,8,558,7,63,0,0,4185,48,8,3840.729019848,0.987841826,0,1
888.226146913,3,3,581,1,63,0,0,4184,48,8,3836.188735655,0.986674058,0,1
888.241123005,0,0,583,7,63,0,0,4186,48,8,3843.648710352,0.988592775,0,1
888.366040199,2,2,533,8,63,0,0,4187,48,8,3845.848637813,0.989158600,0,1
888.460710825,4,4,559,8,63,0,0,4186,48,8,3843.437202485,0.988538375,0,1
888.486059863,1,1,581,4,63,0,0,4186,48,8,3843.326151130,0.988509813,0,1
888.655553857,6,6,586,7,63,0,0,4184,48,8,3836.414723041,0.986732182,0,1
888.759718254,5,5,580,2,63,0,0,4184,48,8,3835.641249387,0.986533243,0,1
888.958782531,7,7,548,1,63,0,0,4186,48,8,3842.635585084,0.988332198,0,1
889.098559366,3,7,548,1,62,1,0,4184,48,8,3836.105500450,0.986652649,1,1
889.203851437,8,8,559,4,63,0,0,4185,48,8,3840.656934324,0.987823286,0,1
889.241123005,0,0,584,7,63,0,0,4186,48,8,3843.576624827,0.988574235,0,1
889.258815366,3,3,582,7,63,0,0,4184,48,8,3836.044194144,0.986636881,0,1
889.366040199,2,2,534,8,63,0,0,4187,48,8,3845.770609996,0.989138531,0,1
889.460710825,4,4,560,1,63,0,0,4186,48,8,3843.353232375,0.988516778,0,1
889.486059863,1,1,582,5,63,0,0,4186,48,8,3843.260007898,0.988492800,0,1
889.655553857,6,6,587,0,63,0,0,4184,48,8,3836.336695224,0.986712113,0,1
889.759718254,5,5,581,3,63,0,0,4184,48,8,3835.569163863,0.986514703,0,1
889.958782531,7,7,549,8,63,0,0,4186,48,8,3842.563499559,0.988313657,0,1
890.098559121,6,7,549,8,62,1,0,4184,48,8,3836.267817989,0.986694398,1,1
890.203851437,8,8,560,3,63,0,0,4185,48,8,3840.590791092,0.987806273,0,1
890.226146913,3,3,583,6,63,0,0,4184,48,8,3835.966354497,0.986616861,0,1
890.241123005,0,0,585,8,63,0,0,4186,48,8,3843.510481595,0.988557223,0,1
890.366040199,2,2,535,1,63,0,0,4187,48,8,3845.692582179,0.989118462,0,1
890.460710825,4,4,561,7,63,0,0,4186,48,8,3843.281146851,0.988498237,0,1
890.486059863,1,1,583,0,63,0,0,4186,48,8,3843.187922374,0.988474260,0,1
890.655553857,6,6,588,8,63,0,0,4184,48,8,3836.198284175,0.986676513,0,1
890.759718254,5,5,582,4,63,0,0,4184,48,8,3835.497078338,0.986496162,0,1
890.958782531,7,7,550,5,63,0,0,4186,48,8,3842.491414035,0.988295117,0,1
891.203851437,8,8,561,4,63,0,0,4185,48,8,3840.512763275,0.987786205,0,1
891.226146913,3,3,584,6,63,0,0,4184,48,8,3835.888326680,0.986596792,0,1
891.241123005,0,0,586,3,63,0,0,4186,48,8,3843.432453778,0.988537154,0,1
891.366040199,2,2,536,3,63,0,0,4187,48,8,3845.620496654,0.989099922,0,1
891.460710825,4,4,562,1,63,0,0,4186,48,8,3843.209061326,0.988479697,0,1
891.486059863,1,1,584,2,63,0,0,4186,48,8,3843.115836849,0.988455719,0,1
891.655553857,6,6,589,1,63,0,0,4184,48,8,3836.120256358,0.986656445,0,1
891.759718254,5,5,583,7,63,0,0,4184,48,8,3835.419050521,0.986476093,0,1
891.899494846,8,5,583,7,62,1,0,4185,48,8,3840.436488552,0.987766587,1,1
891.958782531,7,7,551,6,63,0,0,4186,48,8,3842.413386218,0.988275048,0,1
892.203851437,8,8,562,7,63,0,0,4185,48,8,3840.374352226,0.987750605,0,1
892.226146913,3,3,585,1,63,0,0,4184,48,8,3835.816241155,0.986578251,0,1
892.241123005,0,0,587,4,63,0,0,4186,48,8,3843.366310546,0.988520142,0,1
892.366040199,2,2,537,4,63,0,0,4187,48,8,3845.548411130,0.989081381,0,1
892.460710825,4,4,563,5,63,0,0,4186,48,8,3843.142918094,0.988462685,0,1
892.486059863,1,1,585,3,63,0,0,4186,48,8,3843.049693617,0.988438707,0,1
892.655553857,6,6,590,2,63,0,0,4184,48,8,3836.048170833,0.986637904,0,1
892.759718254,5,5,584,7,63,0,0,4184,48,8,3835.346964997,0.986457553,0,1
892.899494846,8,5,584,7,62,1,0,4185,48,8,3840.304019795,0.987732515,1,1
892.958782531,7,7,552,0,63,0,0,4186,48,8,3842.335358401,0.988254979,0,1
893.203851437,8,8,563,6,63,0,0,4185,48,8,3840.241883469,0.987716534,0,1
893.226146913,3,3,586,1,63,0,0,4184,48,8,3835.750097923,0.986561239,0,1
893.241123005,0,0,588,2,63,0,0,4186,48,8,3843.288282730,0.988500073,0,1
893.366040199,2,2,538,8,63,0,0,4187,48,8,3845.482267898,0.989064369,0,1
893.460710825,4,4,564,8,63,0,0,4186,48,8,3843.076774862,0.988445673,0,1
893.486059863,1,1,586,6,63,0,0,4186,48,8,3842.983550385,0.988421695,0,1
893.655553857,6,6,591,7,63,0,0,4184,48,8,3835.976085309,0.986619364,0,1
893.759718254,5,5,585,8,63,0,0,4184,48,8,3835.280821765,0.986440541,0,1
893.958782531,7,7,553,0,63,0,0,4186,48,8,3842.269215169,0.988237967,0,1
894.203851437,8,8,564,7,63,0,0,4185,48,8,3840.169797945,0.987697993,0,1
894.226146913,3,3,587,7,63,0,0,4184,48,8,3835.678012399,0.986542699,0,1
894.241123005,0,0,589,2,63,0,0,4186,48,8,3843.204312620,0.988478475,0,1
894.366040199,2,2,539,7,63,0,0,4187,48,8,3845.410182373,0.989045829,0,1
894.460710825,4,4,565,5,63,0,0,4186,48,8,3843.004689338,0.988427132,0,1
894.486059863,1,1,587,6,63,0,0,4186,48,8,3842.917407153,0.988404683,0,1
894.655553857,6,6,592,8,63,0,0,4184,48,8,3835.909942077,0.986602351,0,1
894.759718254,5,5,586,3,63,0,0,4184,48,8,3835.214678533,0.986423528,0,1
894.958782531,7,7,554,8,63,0,0,4186,48,8,3842.197129644,0.988219426,0,1
895.098559121,6,7,554,8,62,1,0,4184,48,8,3835.841064842,0.986584636,1,1
895.203851437,8,8,565,7,63,0,0,4185,48,8,3840.091770128,0.987677924,0,1
895.226146913,3,3,588,4,63,0,0,4184,48,8,3835.599984582,0.986522630,0,1
895.241123005,0,0,590,2,63,0,0,4186,48,8,3843.126284803,0.988458407,0,1
895.366040199,2,2,540,5,63,0,0,4187,48,8,3845.338096849,0.989027288,0,1
895.460710825,4,4,566,1,63,0,0,4186,48,8,3842.932603813,0.988408592,0,1
895.486059863,1,1,588,8,63,0,0,4186,48,8,3842.839379336,0.988384614,0,1
895.655553857,6,6,593,2,63,0,0,4184,48,8,3835.765588735,0.986565223,0,1
895.759718254,5,5,587,6,63,0,0,4184,48,8,3835.136650716,0.986403460,0,1
895.795330447,3,6,593,2,62,1,0,4184,48,8,3835.530380560,0.986504728,1,1
895.958782531,7,7,555,8,63,0,0,4186,48,8,3842.125044120,0.988200886,0,1
896.098559121,6,7,555,8,62,1,0,4184,48,8,3835.690769208,0.986545980,1,1
896.203851437,8,8,566,3,63,0,0,4185,48,8,3840.019684603,0.987659384,0,1
896.226146913,3,3,589,0,63,0,0,4184,48,8,3835.461573533,0.986487030,0,1
896.241123005,0,0,591,7,63,0,0,4186,48,8,3843.054199279,0.988439866,0,1
896.366040199,2,2,541,7,63,0,0,4187,48,8,3845.260069032,0.989007219,0,1
896.460710825,4,4,567,8,63,0,0,4186,48,8,3842.860518289,0.988390051,0,1
896.486059863,1,1,589,0,63,0,0,4186,48,8,3842.773236104,0.988367602,0,1
896.655553857,6,6,594,0,63,0,0,4184,48,8,3835.627177686,0.986529624,0,1
896.759718254,5,5,588,3,63,0,0,4184,48,8,3835.058622899,0.986383391,0,1
896.958782531,7,7,556,4,63,0,0,4186,48,8,3842.052958595,0.988182345,0,1
897.098559121,6,7,556,4,62,1,0,4184,48,8,3835.558300452,0.986511909,1,1
897.203851437,8,8,567,4,63,0,0,4185,48,8,3839.941656786,0.987639315,0,1
897.226146913,3,3,590,0,63,0,0,4184,48,8,3835.389488009,0.986468490,0,1
897.241123005,0,0,592,5,63,0,0,4186,48,8,3842.988056047,0.988422854,0,1
897.366040199,2,2,542,4,63,0,0,4187,48,8,3845.182041215,0.988987151,0,1
897.380899595,1,0,592,5,62,1,0,4186,48,8,3842.701756303,0.988349217,1,1
897.460710825,4,4,568,5,63,0,0,4186,48,8,3842.788432764,0.988371510,0,1
897.541155595,1,1,590,7,63,0,0,4186,48,8,3842.640449997,0.988333449,0,1
897.655553857,6,6,595,0,63,0,0,4184,48,8,3835.494708930,0.986495553,0,1
897.680932185,2,1,590,7,62,1,0,4187,48,8,3845.113901912,0.988969625,1,1
897.759718254,5,5,589,8,63,0,0,4184,48,8,3834.986537374,0.986364850,0,1
897.958782531,7,7,557,1,63,0,0,4186,48,8,3841.986815363,0.988165333,0,1
898.098559366,3,7,557,1,62,1,0,4184,48,8,3835.318137388,0.986450138,1,1
898.203851437,8,8,568,5,63,0,0,4185,48,8,3839.869571262,0.987620775,0,1
898.241123005,0,0,593,4,63,0,0,4186,48,8,3842.898143645,0.988399728,0,1
898.258815366,3,3,591,1,63,0,0,4184,48,8,3835.256831082,0.986434370,0,1
898.366040199,2,2,543,4,63,0,0,4187,48,8,3845.049572458,0.988953079,0,1
898.460710825,4,4,569,8,63,0,0,4186,48,8,3842.716347240,0.988352970,0,1
898.486059863,1,1,591,5,63,0,0,4186,48,8,3842.568681823,0.988314990,0,1
898.655553857,6,6,596,2,63,0,0,4184,48,8,3835.416681113,0.986475484,0,1
898.759718254,5,5,590,0,63,0,0,4184,48,8,3834.920394142,0.986347838,0,1
898.795330447,3,6,596,2,62,1,0,4184,48,8,3835.187415230,0.986416516,1,1
898.958782531,7,7,558,0,63,0,0,4186,48,8,3841.908787546,0.988145264,0,1
899.098559121,6,7,558,0,62,1,0,4184,48,8,3835.341861586,0.986456240,1,1
899.203851437,8,8,569,1,63,0,0,4185,48,8,3839.797485737,0.987602234,0,1
899.226146913,3,3,592,0,63,0,0,4184,48,8,3835.118608203,0.986398819,0,1
899.241123005,0,0,594,8,63,0,0,4186,48,8,3842.832000413,0.988382716,0,1
899.366040199,2,2,544,4,63,0,0,4187,48,8,3844.971544641,0.988933010,0,1
899.380900186,6,0,594,8,62,1,0,4184,48,8,3835.273909777,0.986438763,1,1
899.460710825,4,4,570,0,63,0,0,4186,48,8,3842.644261715,0.988334429,0,1
899.486059863,1,1,592,4,63,0,0,4186,48,8,3842.490654007,0.988294921,0,1
899.655553857,6,6,597,4,63,0,0,4184,48,8,3835.211944540,0.986422825,0,1
899.759718254,5,5,591,4,63,0,0,4184,48,8,3834.848308618,0.986329297,0,1
899.958782531,7,7,559,5,63,0,0,4186,48,8,3841.842644314,0.988128252,0,1
900.203851437,8,8,570,4,63,0,0,4185,48,8,3839.725400213,0.987583693,0,1
900.226146913,3,3,593,7,63,0,0,4184,48,8,3835.040580386,0.986378750,0,1
900.241123005,0,0,595,1,63,0,0,4186,48,8,3842.759914888,0.988364176,0,1
900.366040199,2,2,545,4,63,0,0,4187,48,8,3844.893516824,0.988912942,0,1
900.460710825,4,4,571,3,63,0,0,4186,48,8,3842.572176191,0.988315889,0,1
900.486059863,1,1,593,3,63,0,0,4186,48,8,3842.418568482,0.988276381,0,1
900.655553857,6,6,598,2,63,0,0,4184,48,8,3835.133916723,0.986402756,0,1
900.759718254,5,5,592,0,63,0,0,4184,48,8,3834.776223093,0.986310757,0,1
900.795330447,3,6,598,2,62,1,0,4184,48,8,3834.970976365,0.986360848,1,1
900.958782531,7,7,560,1,63,0,0,4186,48,8,3841.764616497,0.988108183,0,1
901.203851437,8,8,571,1,63,0,0,4185,48,8,3839.647372396,0.987563625,0,1
901.226146913,3,3,594,6,63,0,0,4184,48,8,3834.908111630,0.986344679,0,1
901.241123005,0,0,596,4,63,0,0,4186,48,8,3842.681887071,0.988344107,0,1
901.366040199,2,2,546,7,63,0,0,4187,48,8,3844.827373592,0.988895929,0,1
901.460710825,4,4,572,3,63,0,0,4186,48,8,3842.500090667,0.988297348,0,1
901.486059863,1,1,594,5,63,0,0,4186,48,8,3842.352425250,0.988259369,0,1
901.655553857,6,6,599,8,63,0,0,4184,48,8,3835.055888906,0.986382687,0,1
901.759718254,5,5,593,3,63,0,0,4184,48,8,3834.710079861,0.986293745,0,1
901.958782531,7,7,561,1,63,0,0,4186,48,8,3841.692530973,0.988089643,0,1
902.203851437,8,8,572,0,63,0,0,4185,48,8,3839.575286872,0.987545084,0,1
902.226146913,3,3,595,2,63,0,0,4184,48,8,3834.830083813,0.986324610,0,1
902.241123005,0,0,597,2,63,0,0,4186,48,8,3842.615743839,0.988327095,0,1
902.343628029,5,8,572,0,62,1,0,4184,48,8,3834.640391017,0.986275821,1,1
902.366040199,2,2,547,8,63,0,0,4187,48,8,3844.755288068,0.988877389,0,1
902.460710825,4,4,573,1,63,0,0,4186,48,8,3842.428005142,0.988278808,0,1
902.486059863,1,1,595,2,63,0,0,4186,48,8,3842.274397433,0.988239300,0,1
902.655553857,6,6,600,0,63,0,0,4184,48,8,3834.983803381,0.986364147,0,1
902.759718254,5,5,594,7,63,0,0,4184,48,8,3834.571668813,0.986258145,0,1
902.958782531,7,7,562,1,63,0,0,4186,48,8,3841.626387741,0.988072631,0,1
903.098559366,3,7,562,1,62,1,0,4184,48,8,3834.752790900,0.986304730,1,1
903.203851437,8,8,573,1,63,0,0,4185,48,8,3839.497259055,0.987525015,0,1
903.205627681,2,2,16,65535,63,0,0,4187,0,7,3844.709894456,0.988865714,0,1
903.241123005,0,0,598,8,63,0,0,4186,48,8,3842.537716022,0.988307026,0,1
903.258815366,3,3,596,8,63,0,0,4184,48,8,3834.691484593,0.986288962,0,1
903.366040199,2,2,548,0,63,0,0,4187,48,8,3844.648587247,0.988849945,0,1
903.460710825,4,4,574,5,63,0,0,4186,48,8,3842.349977325,0.988258739,0,1
903.486059863,1,1,596,6,63,0,0,4186,48,8,3842.202311909,0.988220759,0,1
903.655553857,6,6,601,7,63,0,0,4184,48,8,3834.905775564,0.986344078,0,1
903.759718254,5,5,595,8,63,0,0,4184,48,8,3834.499583288,0.986239605,0,1
903.958782531,7,7,563,0,63,0,0,4186,48,8,3841.560244509,0.988055618,0,1
904.098559121,6,7,563,0,62,1,0,4184,48,8,3834.836898329,0.986326363,1,1
904.203851437,8,8,574,3,63,0,0,4185,48,8,3839.419231238,0.987504946,0,1
904.226146913,3,3,597,8,63,0,0,4184,48,8,3834.625529532,0.986271998,0,1
904.241123005,0,0,599,4,63,0,0,4186,48,8,3842.465630498,0.988288485,0,1
904.366040199,2,2,549,8,63,0,0,4187,48,8,3844.582444015,0.988832933,0,1
904.460710825,4,4,575,5,63,0,0,4186,48,8,3842.277891801,0.988240199,0,1
904.486059863,1,1,597,6,63,0,0,4186,48,8,3842.124284092,0.988200690,0,1
904.655553857,6,6,602,2,63,0,0,4184,48,8,3834.767364515,0.986308479,0,1
904.759718254,5,5,596,0,63,0,0,4183,48,8,3834.433440056,0.986222593,0,1
904.795330447,3,6,602,2,62,1,0,4184,48,8,3834.555925510,0.986254096,1,1
904.935107037,6,6,602,2,61,2,0,4184,48,8,3834.699428764,0.986291005,0,1
904.958782531,7,7,564,5,63,0,0,4186,48,8,3841.494101277,0.988038606,0,1
905.203851437,8,8,575,6,63,0,0,4185,48,8,3839.347145713,0.987486406,0,1
905.226146913,3,3,598,7,63,0,0,4184,48,8,3834.493060775,0.986237927,0,1
905.241123005,0,0,600,5,63,0,0,4186,48,8,3842.399487266,0.988271473,0,1
905.366040199,2,2,550,5,63,0,0,4187,48,8,3844.516300783,0.988815921,0,1
905.460710825,4,4,576,3,63,0,0,4186,48,8,3842.199863984,0.988220130,0,1
905.486059863,1,1,598,3,63,0,0,4186,48,8,3842.052198567,0.988182150,0,1
905.655553857,6,6,603,1,63,0,0,4184,48,8,3834.628953466,0.986272879,0,1
905.759718254,5,5,597,8,63,0,0,4183,48,8,3834.355412239,0.986202524,0,1
905.958782531,7,7,565,2,63,0,0,4186,48,8,3841.422015752,0.988020066,0,1
906.060164480,4,4,16,65535,63,0,0,4186,0,7,3842.161795835,0.988210338,0,1
906.098559366,5,7,565,2,62,1,0,4183,48,8,3834.287134990,0.986184963,1,1
906.203851437,8,8,576,1,63,0,0,4185,48,8,3839.275060189,0.987467865,0,1
906.226146913,3,3,599,1,63,0,0,4183,48,8,3834.420975251,0.986219387,0,1
906.241123005,0,0,601,6,63,0,0,4186,48,8,3842.327401741,0.988252933,0,1
906.366040199,2,2,551,7,63,0,0,4187,48,8,3844.444215259,0.988797380,0,1
906.422851395,0,0,16,65535,63,0,0,4186,0,7,3842.291739690,0.988243760,0,1
906.460710825,4,4,577,5,63,0,0,4186,48,8,3842.099105456,0.988194214,0,1
906.486059863,1,1,599,4,63,0,0,4186,48,8,3841.982514640,0.988164227,0,1
906.655553857,6,6,604,7,63,0,0,4184,48,8,3834.553327247,0.986253428,0,1
906.759718254,5,5,598,1,63,0,0,4183,48,8,3834.222943483,0.986168453,0,1
906.958782531,7,7,566,1,63,0,0,4186,48,8,3841.355872520,0.988003054,0,1
907.098559366,3,7,566,1,62,1,0,4183,48,8,3834.340141643,0.986198596,1,1
907.203851437,8,8,577,2,63,0,0,4185,48,8,3839.197032372,0.987447796,0,1
907.238335956,0,7,566,1,61,2,0,4186,48,8,3842.214774682,0.988223965,1,1
907.258815366,3,3,600,6,63,0,0,4183,48,8,3834.278835336,0.986182828,0,1
907.343628029,5,8,577,2,62,1,0,4183,48,8,3834.147312345,0.986149000,1,1
907.366040199,2,2,552,0,63,0,0,4187,48,8,3844.360245149,0.988775783,0,1
907.398591956,0,0,602,2,63,0,0,4186,48,8,3842.153468375,0.988208197,0,1
907.460710825,4,4,578,5,63,0,0,4186,48,8,3842.027019931,0.988175674,0,1
907.486059863,1,1,600,0,63,0,0,4186,48,8,3841.910429116,0.988145687,0,1
907.655553857,6,6,605,7,63,0,0,4184,48,8,3834.481241722,0.986234887,0,1
907.759718254,5,5,599,2,63,0,0,4183,48,8,3834.078590141,0.986131325,0,1
907.815809857,6,6,16,65535,63,0,0,4183,0,8,3834.419935416,0.986219119,0,1
907.931177313,1,1,16,65535,63,0,0,4186,0,7,3841.873249943,0.988136124,0,1
907.958782531,7,7,567,0,63,0,0,4186,48,8,3841.289729288,0.987986041,0,1
908.098559121,6,7,567,0,62,1,0,4183,48,8,3834.351981255,0.986201641,1,1
908.129722679,8,8,16,65535,63,0,0,4185,0,8,3839.125373829,0.987429366,0,1
908.226146913,3,3,601,6,63,0,0,4183,48,8,3834.206937982,0.986164336,0,1
908.241123005,0,0,603,1,63,0,0,4186,48,8,3842.076347579,0.988188361,0,1
908.300218679,8,8,578,1,63,0,0,4185,48,8,3839.064008540,0.987413582,0,1
908.366040199,2,2,553,7,63,0,0,4187,48,8,3844.290561222,0.988757860,0,1
908.460710825,4,4,579,3,63,0,0,4186,48,8,3841.954934407,0.988157133,0,1
908.486059863,1,1,601,6,63,0,0,4186,48,8,3841.809670588,0.988119771,0,1
908.655553857,6,6,606,7,63,0,0,4183,48,8,3834.288389734,0.986185285,0,1
908.759718254,5,5,600,7,63,0,0,4183,48,8,3834.008906214,0.986113402,0,1
908.958782531,7,7,568,0,63,0,0,4186,48,8,3841.223586056,0.987969029,0,1
909.098559121,6,7,568,0,62,1,0,4183,48,8,3834.219512499,0.986167570,1,1
909.203851437,8,8,579,2,63,0,0,4185,48,8,3838.992478091,0.987395185,0,1
909.226146913,3,3,602,7,63,0,0,4183,48,8,3834.128910165,0.986144267,0,1
909.241123005,0,0,604,1,63,0,0,4186,48,8,3842.010204347,0.988171349,0,1
909.366040199,2,2,554,4,63,0,0,4187,48,8,3844.224417990,0.988740848,0,1
909.460710825,4,4,580,0,63,0,0,4186,48,8,3841.882848882,0.988138593,0,1
909.486059863,1,1,602,4,63,0,0,4186,48,8,3841.737585063,0.988101231,0,1
909.600487415,3,4,580,0,62,1,0,4183,48,8,3834.060428440,0.986126653,1,1
909.655553857,6,6,607,2,63,0,0,4183,48,8,3834.149978685,0.986149686,0,1
909.759718254,5,5,601,1,63,0,0,4183,48,8,3833.930878397,0.986093333,0,1
909.958782531,7,7,569,0,63,0,0,4186,48,8,3841.157442824,0.987952017,0,1
910.098559121,6,7,569,0,62,1,0,4183,48,8,3834.081101450,0.986131971,1,1
910.179680522,5,5,16,65535,63,0,0,4183,0,7,3833.894537346,0.986083986,0,1
910.203851437,8,8,580,2,63,0,0,4185,48,8,3838.914450274,0.987375116,0,1
910.226146913,3,3,603,2,63,0,0,4183,48,8,3833.996441409,0.986110196,0,1
910.241123005,0,0,605,5,63,0,0,4186,48,8,3841.926234238,0.988149752,0,1
910.366040199,2,2,555,1,63,0,0,4186,48,8,3844.155303612,0.988723072,0,1
910.460710825,4,4,581,2,63,0,0,4186,48,8,3841.810763358,0.988120052,0,1
910.486059863,1,1,603,5,63,0,0,4186,48,8,3841.671441831,0.988084219,0,1
910.655553857,6,6,608,7,63,0,0,4183,48,8,3834.011567636,0.986114086,0,1
910.759718254,5,5,602,4,63,0,0,4183,48,8,3833.830813097,0.986067596,0,1
910.958782531,7,7,570,8,63,0,0,4186,48,8,3841.085357300,0.987933477,0,1
911.000395817,3,3,16,65535,63,0,0,4183,0,7,3833.959578279,0.986100715,0,1
911.098559121,6,7,570,8,62,1,0,4183,48,8,3833.942690401,0.986096371,1,1
911.203851437,8,8,581,2,63,0,0,4185,48,8,3838.842364749,0.987356575,0,1
911.226146913,3,3,604,5,63,0,0,4183,48,8,3833.897894721,0.986084849,0,1
911.241123005,0,0,606,5,63,0,0,4186,48,8,3841.854148714,0.988131211,0,1
911.366040199,2,2,556,6,63,0,0,4186,48,8,3844.077275795,0.988703003,0,1
911.460710825,4,4,582,2,63,0,0,4186,48,8,3841.744620126,0.988103040,0,1
911.486059863,1,1,604,3,63,0,0,4186,48,8,3841.599356307,0.988065678,0,1
911.655553857,6,6,609,0,63,0,0,4183,48,8,3833.879098879,0.986080015,0,1
911.759718254,5,5,603,6,63,0,0,4183,48,8,3833.758727572,0.986049055,0,1
911.899495089,1,5,603,6,62,1,0,4186,48,8,3841.530649395,0.988048007,1,1
911.958782531,7,7,571,5,63,0,0,4186,48,8,3841.019214068,0.987916465,0,1
912.039271679,4,5,603,6,61,2,0,4186,48,8,3841.674962091,0.988085124,1,1
912.203851437,8,8,582,1,63,0,0,4185,48,8,3838.776221517,0.987339563,0,1
912.226146913,3,3,605,8,63,0,0,4183,48,8,3833.825809196,0.986066309,0,1
912.241123005,0,0,607,3,63,0,0,4186,48,8,3841.788005482,0.988114199,0,1
912.366040199,2,2,557,4,63,0,0,4186,48,8,3844.011132563,0.988685991,0,1
912.460710825,4,4,583,3,63,0,0,4186,48,8,3841.612151369,0.988068969,0,1
912.486059863,1,1,605,8,63,0,0,4186,48,8,3841.460945258,0.988030079,0,1
912.655553857,6,6,610,5,63,0,0,4183,48,8,3833.807013355,0.986061475,0,1
912.759718254,5,5,604,3,63,0,0,4183,48,8,3833.692584340,0.986032043,0,1
912.847284098,7,7,16,65535,63,0,0,4185,0,7,3840.977962390,0.987905855,0,1
912.958782531,7,7,572,3,63,0,0,4185,48,8,3840.916936927,0.987890159,0,1
913.098559121,6,7,572,3,62,1,0,4183,48,8,3833.734975124,0.986042946,1,1
913.203851437,8,8,583,7,63,0,0,4185,48,8,3838.698193700,0.987319494,0,1
913.226146913,3,3,606,0,63,0,0,4183,48,8,3833.744620384,0.986045427,0,1
913.241123005,0,0,608,4,63,0,0,4186,48,8,3841.721862250,0.988097187,0,1
913.366040199,2,2,558,6,63,0,0,4186,48,8,3843.939047039,0.988667450,0,1
913.460710825,4,4,584,8,63,0,0,4186,48,8,3841.530962556,0.988048087,0,1
913.486059863,1,1,606,6,63,0,0,4186,48,8,3841.394802026,0.988013066,0,1
913.655553857,6,6,611,3,63,0,0,4183,48,8,3833.671383603,0.986026590,0,1
913.759718254,5,5,605,2,63,0,0,4183,48,8,3833.620498816,0.986013503,0,1
913.899495089,1,5,605,2,62,1,0,4186,48,8,3841.326095114,0.987995395,1,1
913.958782531,7,7,573,3,63,0,0,4185,48,8,3840.850793695,0.987873147,0,1
914.098559121,6,7,573,3,62,1,0,4183,48,8,3833.602506368,0.986008875,1,1
914.203851437,8,8,584,3,63,0,0,4185,48,8,3838.632050468,0.987302482,0,1
914.226146913,3,3,607,7,63,0,0,4183,48,8,3833.672534859,0.986026887,0,1
914.241123005,0,0,609,5,63,0,0,4186,48,8,3841.655719018,0.988080175,0,1
914.366040199,2,2,559,8,63,0,0,4186,48,8,3843.861019222,0.988647381,0,1
914.460710825,4,4,585,7,63,0,0,4186,48,8,3841.458877032,0.988029547,0,1
914.486059863,1,1,607,7,63,0,0,4186,48,8,3841.262333269,0.987978995,0,1
914.655553857,6,6,612,1,63,0,0,4183,48,8,3833.532972554,0.985990991,0,1
914.759718254,5,5,606,2,63,0,0,4183,48,8,3833.554355584,0.985996491,0,1
914.899495089,1,5,606,2,62,1,0,4186,48,8,3841.193626358,0.987961324,1,1
914.958782531,7,7,574,6,63,0,0,4185,48,8,3840.778708171,0.987854606,0,1
915.203851437,8,8,585,7,63,0,0,4185,48,8,3838.559964944,0.987283942,0,1
915.226146913,3,3,608,2,63,0,0,4183,48,8,3833.594507042,0.986006818,0,1
915.241123005,0,0,610,7,63,0,0,4186,48,8,3841.583633493,0.988061634,0,1
915.366040199,2,2,560,8,63,0,0,4186,48,8,3843.782991405,0.988627313,0,1
915.460710825,4,4,586,8,63,0,0,4186,48,8,3841.392733800,0.988012534,0,1
915.486059863,1,1,608,6,63,0,0,4186,48,8,3841.129864513,0.987944924,0,1
915.655553857,6,6,613,1,63,0,0,4183,48,8,3833.460887029,0.985972450,0,1
915.759718254,5,5,607,6,63,0,0,4183,48,8,3833.482270059,0.985977950,0,1
915.899495089,1,5,607,6,62,1,0,4186,48,8,3841.061157601,0.987927252,1,1
915.958782531,7,7,575,4,63,0,0,4185,48,8,3840.706622646,0.987836065,0,1
916.098559121,6,7,575,4,62,1,0,4183,48,8,3833.392009794,0.985954735,1,1
916.203851437,8,8,586,5,63,0,0,4185,48,8,3838.493821712,0.987266929,0,1
916.226146913,3,3,609,1,63,0,0,4183,48,8,3833.522421518,0.985988277,0,1
916.241123005,0,0,611,6,63,0,0,4186,48,8,3841.511547969,0.988043094,0,1
916.366040199,2,2,561,4,63,0,0,4186,48,8,3843.716848173,0.988610300,0,1
916.460710825,4,4,587,5,63,0,0,4186,48,8,3841.326590568,0.987995522,0,1
916.486059863,1,1,609,3,63,0,0,4186,48,8,3840.997395756,0.987910853,0,1
916.655553857,6,6,614,3,63,0,0,4183,48,8,3833.316533688,0.985935322,0,1
916.759718254,5,5,608,2,63,0,0,4183,48,8,3833.398299950,0.985956353,0,1
916.899495089,1,5,608,2,62,1,0,4185,48,8,3840.928688845,0.987893181,1,1
917.203851437,8,8,587,7,63,0,0,4185,48,8,3838.415793895,0.987246861,0,1
917.226146913,3,3,610,8,63,0,0,4183,48,8,3833.444393701,0.985968208,0,1
917.241123005,0,0,612,3,63,0,0,4186,48,8,3841.439462444,0.988024553,0,1
917.366040199,2,2,562,0,63,0,0,4186,48,8,3843.638820356,0.988590232,0,1
917.460710825,4,4,588,5,63,0,0,4186,48,8,3841.254505043,0.987976982,0,1
917.486059863,1,1,610,7,63,0,0,4185,48,8,3840.864927000,0.987876782,0,1
917.600487415,7,4,588,5,62,1,0,4185,48,8,3840.624898609,0.987815046,1,1
917.655553857,6,6,615,7,63,0,0,4183,48,8,3833.250390456,0.985918310,0,1
917.759718254,5,5,609,1,63,0,0,4183,48,8,3833.326214425,0.985937812,0,1
917.958782531,7,7,577,4,63,0,0,4185,48,8,3840.556509305,0.987797456,0,1
918.098559121,6,7,577,4,62,1,0,4183,48,8,3833.181513221,0.985900595,1,1
918.203851437,8,8,588,0,63,0,0,4185,48,8,3838.343708370,0.987228320,0,1
918.226146913,3,3,611,7,63,0,0,4183,48,8,3833.372308176,0.985949668,0,1
918.241123005,0,0,613,5,63,0,0,4186,48,8,3841.367376920,0.988006013,0,1
918.366040199,2,2,563,5,63,0,0,4186,48,8,3843.566734831,0.988571691,0,1
918.460710825,4,4,589,6,63,0,0,4186,48,8,3841.182419519,0.987958441,0,1
918.486059863,1,1,611,8,63,0,0,4185,48,8,3840.792841475,0.987858241,0,1
918.655553857,6,6,616,4,63,0,0,4183,48,8,3833.117921699,0.985884239,0,1
918.759718254,5,5,610,6,63,0,0,4183,48,8,3833.254128901,0.985919272,0,1
918.899495089,1,5,610,6,62,1,0,4185,48,8,3840.724134564,0.987840570,1,1
918.958782531,7,7,578,2,63,0,0,4185,48,8,3840.490366073,0.987780444,0,1
919.203851437,8,8,589,3,63,0,0,4185,48,8,3838.277565138,0.987211308,0,1
919.226146913,3,3,612,6,63,0,0,4183,48,8,3833.300222652,0.985931127,0,1
919.241123005,0,0,614,7,63,0,0,4186,48,8,3841.295291395,0.987987472,0,1
919.366040199,2,2,564,3,63,0,0,4186,48,8,3843.488707014,0.988551622,0,1
919.460710825,4,4,590,1,63,0,0,4186,48,8,3841.116276287,0.987941429,0,1
919.486059863,1,1,612,3,63,0,0,4185,48,8,3840.660372719,0.987824170,0,1
919.655553857,6,6,617,8,63,0,0,4183,48,8,3833.039893882,0.985864170,0,1
919.759718254,5,5,611,0,63,0,0,4183,48,8,3833.182043376,0.985900731,0,1
919.958782531,7,7,579,2,63,0,0,4185,48,8,3840.418280549,0.987761903,0,1
920.098559366,5,7,579,2,62,1,0,4183,48,8,3833.113766127,0.985883170,1,1
920.203851437,8,8,590,4,63,0,0,4185,48,8,3838.205479614,0.987192767,0,1
920.226146913,3,3,613,8,63,0,0,4183,48,8,3833.216252542,0.985909530,0,1
920.241123005,0,0,615,8,63,0,0,4186,48,8,3841.229148163,0.987970460,0,1
920.366040199,2,2,565,3,63,0,0,4186,48,8,3843.422563782,0.988534610,0,1
920.460710825,4,4,591,5,63,0,0,4186,48,8,3841.038248470,0.987921360,0,1
920.486059863,1,1,613,7,63,0,0,4185,48,8,3840.588287194,0.987805629,0,1
920.655553857,6,6,618,2,63,0,0,4183,48,8,3832.967808358,0.985845630,0,1
920.759718254,5,5,612,4,63,0,0,4183,48,8,3833.049574620,0.985866660,0,1
920.958782531,7,7,580,2,63,0,0,4185,48,8,3840.346195024,0.987743363,0,1
921.098559366,5,7,580,2,62,1,0,4183,48,8,3832.981297371,0.985849099,1,1
921.203851437,8,8,591,5,63,0,0,4185,48,8,3838.127451797,0.987172699,0,1
921.226146913,3,3,614,6,63,0,0,4183,48,8,3833.144167018,0.985890989,0,1
921.241123005,0,0,616,7,63,0,0,4186,48,8,3841.157062639,0.987951919,0,1
921.366040199,2,2,566,0,63,0,0,4186,48,8,3843.350478258,0.988516070,0,1
921.460710825,4,4,592,0,63,0,0,4186,48,8,3840.966162946,0.987902820,0,1
921.486059863,1,1,614,7,63,0,0,4185,48,8,3840.510259377,0.987785561,0,1
921.655553857,6,6,619,4,63,0,0,4183,48,8,3832.895722833,0.985827089,0,1
921.759718254,5,5,613,2,63,0,0,4183,48,8,3832.917105863,0.985832589,0,1
921.795330447,7,6,619,4,62,1,0,4185,48,8,3840.269108691,0.987723536,1,1
921.935107037,6,6,619,4,61,2,0,4183,48,8,3832.827787083,0.985809616,0,1
921.958782531,7,7,581,0,63,0,0,4185,48,8,3840.207783975,0.987707763,0,1
922.203851437,8,8,592,2,63,0,0,4185,48,8,3838.061308565,0.987155686,0,1
922.226146913,3,3,615,1,63,0,0,4183,48,8,3833.072081493,0.985872449,0,1
922.241123005,0,0,617,3,63,0,0,4186,48,8,3841.084977114,0.987933379,0,1
922.343628029,7,8,592,2,62,1,0,4185,48,8,3840.139241741,0.987690134,1,1
922.366040199,2,2,567,5,63,0,0,4186,48,8,3843.278392733,0.988497529,0,1
922.460710825,4,4,593,8,63,0,0,4185,48,8,3840.900019714,0.987885808,0,1
922.486059863,1,1,615,3,63,0,0,4185,48,8,3840.444116145,0.987768548,0,1
922.655553857,6,6,620,1,63,0,0,4183,48,8,3832.763254077,0.985793018,0,1
922.759718254,5,5,614,3,63,0,0,4183,48,8,3832.850962631,0.985815577,0,1
922.958782531,7,7,582,0,63,0,0,4185,48,8,3840.069372926,0.987672164,0,1
923.098559121,6,7,582,0,62,1,0,4183,48,8,3832.694376842,0.985775303,1,1
923.203851437,8,8,593,5,63,0,0,4185,48,8,3837.989223041,0.987137146,0,1
923.226146913,3,3,616,1,63,0,0,4183,48,8,3832.994053676,0.985852380,0,1
923.241123005,0,0,618,8,63,0,0,4186,48,8,3841.018833882,0.987916367,0,1
923.366040199,2,2,568,8,63,0,0,4186,48,8,3843.212249501,0.988480517,0,1
923.380900186,6,0,618,8,62,1,0,4183,48,8,3832.626425033,0.985757825,1,1
923.460710825,4,4,594,2,63,0,0,4185,48,8,3840.827934189,0.987867267,0,1
923.486059863,1,1,616,7,63,0,0,4185,48,8,3840.372030621,0.987750008,0,1
923.655553857,6,6,621,7,63,0,0,4183,48,8,3832.564459796,0.985741888,0,1
923.759718254,5,5,615,3,63,0,0,4183,48,8,3832.784819399,0.985798565,0,1
923.958782531,7,7,583,0,63,0,0,4185,48,8,3839.997287402,0.987653623,0,1
924.098559121,6,7,583,0,62,1,0,4183,48,8,3832.495582561,0.985724172,1,1
924.203851437,8,8,594,2,63,0,0,4185,48,8,3837.917137516,0.987118605,0,1
924.226146913,3,3,617,6,63,0,0,4183,48,8,3832.921968152,0.985833840,0,1
924.241123005,0,0,619,3,63,0,0,4185,48,8,3840.952690650,0.987899355,0,1
924.366040199,2,2,569,6,63,0,0,4186,48,8,3843.134221685,0.988460448,0,1
924.460710825,4,4,595,0,63,0,0,4185,48,8,3840.755848665,0.987848727,0,1
924.486059863,1,1,617,3,63,0,0,4185,48,8,3840.305887389,0.987732996,0,1
924.600487415,3,4,595,0,62,1,0,4183,48,8,3832.853486426,0.985816226,1,1
924.655553857,6,6,622,7,63,0,0,4183,48,8,3832.431991039,0.985707817,0,1
924.759718254,5,5,616,3,63,0,0,4183,48,8,3832.718676167,0.985781553,0,1
925.203851437,8,8,595,1,63,0,0,4185,48,8,3837.845051992,0.987100065,0,1
925.226146913,3,3,618,6,63,0,0,4183,48,8,3832.783557103,0.985798240,0,1
925.241123005,0,0,620,1,63,0,0,4185,48,8,3840.886547418,0.987882342,0,1
925.366040199,2,2,570,7,63,0,0,4186,48,8,3843.062136160,0.988441907,0,1
925.460710825,4,4,596,7,63,0,0,4185,48,8,3840.689705433,0.987831714,0,1
925.486059863,1,1,618,7,63,0,0,4185,48,8,3840.239744157,0.987715984,0,1
925.655553857,6,6,623,1,63,0,0,4183,48,8,3832.359905515,0.985689276,0,1
925.759718254,5,5,617,7,63,0,0,4183,48,8,3832.652532935,0.985764540,0,1
925.958782531,7,7,585,5,63,0,0,4185,48,8,3839.925384170,0.987635130,0,1
926.203851437,8,8,596,6,63,0,0,4185,48,8,3837.772966467,0.987081524,0,1
926.226146913,3,3,619,0,63,0,0,4183,48,8,3832.711471578,0.985779699,0,1
926.241123005,0,0,621,8,63,0,0,4185,48,8,3840.820404186,0.987865330,0,1
926.366040199,2,2,571,3,63,0,0,4186,48,8,3842.990050636,0.988423367,0,1
926.460710825,4,4,597,5,63,0,0,4185,48,8,3840.617619908,0.987813174,0,1
926.486059863,1,1,619,6,63,0,0,4185,48,8,3840.173600925,0.987698971,0,1
926.600487415,7,4,597,5,62,1,0,4185,48,8,3839.855362425,0.987617120,1,1
926.655553857,6,6,624,5,63,0,0,4183,48,8,3832.281877698,0.985669207,0,1
926.759718254,5,5,618,2,63,0,0,4183,48,8,3832.568562826,0.985742943,0,1
926.958782531,7,7,586,6,63,0,0,4185,48,8,3839.786973121,0.987599530,0,1
927.203851437,8,8,597,4,63,0,0,4184,48,8,3837.694938650,0.987061455,0,1
927.226146913,3,3,620,0,63,0,0,4183,48,8,3832.633443761,0.985759631,0,1
927.241123005,0,0,622,3,63,0,0,4185,48,8,3840.754260954,0.987848318,0,1
927.366040199,2,2,572,4,63,0,0,4186,48,8,3842.923907404,0.988406355,0,1
927.460710825,4,4,598,3,63,0,0,4185,48,8,3840.545534384,0.987794633,0,1
927.486059863,1,1,620,3,63,0,0,4185,48,8,3840.101515400,0.987680431,0,1
927.655553857,6,6,625,3,63,0,0,4183,48,8,3832.209792173,0.985650667,0,1
927.759718254,5,5,619,3,63,0,0,4183,48,8,3832.490535009,0.985722874,0,1
927.958782531,7,7,587,4,63,0,0,4185,48,8,3839.714887596,0.987580990,0,1
928.098559121,6,7,587,4,62,1,0,4183,48,8,3832.140914939,0.985632951,1,1
928.203851437,8,8,598,2,63,0,0,4184,48,8,3837.616910833,0.987041387,0,1
928.226146913,3,3,621,2,63,0,0,4183,48,8,3832.561358237,0.985741090,0,1
928.241123005,0,0,623,5,63,0,0,4185,48,8,3840.682175430,0.987829778,0,1
928.343628029,7,8,598,2,62,1,0,4185,48,8,3839.646345362,0.987563360,1,1
928.366040199,2,2,573,0,63,0,0,4186,48,8,3842.857764172,0.988389343,0,1
928.460710825,4,4,599,0,63,0,0,4185,48,8,3840.473448859,0.987776093,0,1
928.486059863,1,1,621,4,63,0,0,4185,48,8,3840.029429876,0.987661890,0,1
928.600487415,3,4,599,0,62,1,0,4183,48,8,3832.492876511,0.985723476,1,1
928.655553857,6,6,626,8,63,0,0,4183,48,8,3832.071381125,0.985615067,0,1
928.759718254,5,5,620,2,63,0,0,4183,48,8,3832.418449485,0.985704334,0,1
928.958782531,7,7,588,0,63,0,0,4185,48,8,3839.582418840,0.987546918,0,1
929.098559121,6,7,588,0,62,1,0,4183,48,8,3832.002503890,0.985597352,1,1
929.203851437,8,8,599,7,63,0,0,4184,48,8,3837.538883016,0.987021318,0,1
929.226146913,3,3,622,6,63,0,0,4183,48,8,3832.417004896,0.985703962,0,1
929.241123005,0,0,624,4,63,0,0,4185,48,8,3840.610089905,0.987811237,0,1
929.366040199,2,2,574,3,63,0,0,4186,48,8,3842.779736355,0.988369274,0,1
929.460710825,4,4,600,2,63,0,0,4185,48,8,3840.401363335,0.987757552,0,1
929.486059863,1,1,622,2,63,0,0,4185,48,8,3839.963286644,0.987644878,0,1
929.655553857,6,6,627,1,63,0,0,4183,48,8,3831.938912368,0.985580996,0,1
929.759718254,5,5,621,2,63,0,0,4183,48,8,3832.346363960,0.985685793,0,1
929.795331038,0,6,627,1,62,1,0,4185,48,8,3840.534629850,0.987791829,1,1
929.958782531,7,7,589,4,63,0,0,4185,48,8,3839.510333315,0.987528378,0,1
930.098559121,6,7,589,4,62,1,0,4183,48,8,3831.864092841,0.985561752,1,1
930.203851437,8,8,600,1,63,0,0,4184,48,8,3837.466797492,0.987002777,0,1
930.226146913,3,3,623,5,63,0,0,4183,48,8,3832.333034786,0.985682365,0,1
930.241123005,0,0,625,5,63,0,0,4185,48,8,3840.471678856,0.987775638,0,1
930.366040199,2,2,575,4,63,0,0,4186,48,8,3842.707650830,0.988350733,0,1
930.460710825,4,4,601,1,63,0,0,4185,48,8,3840.329277810,0.987739012,0,1
930.486059863,1,1,623,4,63,0,0,4185,48,8,3839.885258827,0.987624809,0,1
930.655553857,6,6,628,4,63,0,0,4183,48,8,3831.794559027,0.985543868,0,1
930.759718254,5,5,622,6,63,0,0,4183,48,8,3832.280220728,0.985668781,0,1
930.958782531,7,7,590,4,63,0,0,4185,48,8,3839.444190083,0.987511366,0,1
931.098559121,6,7,590,4,62,1,0,4183,48,8,3831.725681792,0.985526153,1,1
931.203851437,8,8,601,2,63,0,0,4184,48,8,3837.394711967,0.986984237,0,1
931.226146913,3,3,624,4,63,0,0,4183,48,8,3832.260949262,0.985663824,0,1
931.241123005,0,0,626,8,63,0,0,4185,48,8,3840.399593332,0.987757097,0,1
931.366040199,2,2,576,1,63,0,0,4186,48,8,3842.629623013,0.988330664,0,1
931.460710825,4,4,602,6,63,0,0,4185,48,8,3840.257192286,0.987720471,0,1
931.486059863,1,1,624,2,63,0,0,4185,48,8,3839.813173303,0.987606269,0,1
931.655553857,6,6,629,0,63,0,0,4183,48,8,3831.662090270,0.985509797,0,1
931.759718254,5,5,623,4,63,0,0,4183,48,8,3832.202192911,0.985648712,0,1
931.958782531,7,7,591,8,63,0,0,4185,48,8,3839.372104559,0.987492825,0,1
932.098559121,6,7,591,8,62,1,0,4183,48,8,3831.593213035,0.985492082,1,1
932.203851437,8,8,602,2,63,0,0,4184,48,8,3837.322626443,0.986965696,0,1
932.226146913,3,3,625,6,63,0,0,4183,48,8,3832.182921445,0.985643756,0,1
932.241123005,0,0,627,1,63,0,0,4185,48,8,3840.333450100,0.987740085,0,1
932.366040199,2,2,577,0,63,0,0,4186,48,8,3842.557537489,0.988312124,0,1
932.460710825,4,4,603,3,63,0,0,4185,48,8,3840.185106761,0.987701931,0,1
932.486059863,1,1,625,6,63,0,0,4185,48,8,3839.741087778,0.987587728,0,1
932.655553857,6,6,630,3,63,0,0,4183,48,8,3831.523679221,0.985474197,0,1
932.759718254,5,5,624,6,63,0,0,4183,48,8,3832.130107387,0.985630172,0,1
933.203851437,8,8,603,5,63,0,0,4184,48,8,3837.256483211,0.986948684,0,1
933.226146913,3,3,626,1,63,0,0,4183,48,8,3832.116778213,0.985626743,0,1
933.241123005,0,0,628,5,63,0,0,4185,48,8,3840.267306868,0.987723073,0,1
933.366040199,2,2,578,1,63,0,0,4186,48,8,3842.491394257,0.988295112,0,1
933.460710825,4,4,604,5,63,0,0,4185,48,8,3840.118963529,0.987684919,0,1
933.486059863,1,1,626,4,63,0,0,4185,48,8,3839.674944546,0.987570716,0,1
933.600487415,7,4,604,5,62,1,0,4185,48,8,3839.290380522,0.987471806,1,1
933.655553857,6,6,631,5,63,0,0,4183,48,8,3831.457535989,0.985457185,0,1
933.759718254,5,5,625,4,63,0,0,4183,48,8,3832.063964155,0.985613160,0,1
933.958782531,7,7,593,5,63,0,0,4185,48,8,3839.221991217,0.987454216,0,1
934.203851437,8,8,604,6,63,0,0,4184,48,8,3837.178455394,0.986928615,0,1
934.226146913,3,3,627,2,63,0,0,4183,48,8,3832.050634981,0.985609731,0,1
934.241123005,0,0,629,7,63,0,0,4185,48,8,3840.195221343,0.987704532,0,1
934.366040199,2,2,579,0,63,0,0,4186,48,8,3842.413366440,0.988275043,0,1
934.460710825,4,4,605,5,63,0,0,4185,48,8,3840.034993420,0.987663321,0,1
934.486059863,1,1,627,4,63,0,0,4185,48,8,3839.602859022,0.987552176,0,1
934.600487415,7,4,605,5,62,1,0,4185,48,8,3839.151969473,0.987436206,1,1
934.655553857,6,6,632,3,63,0,0,4183,48,8,3831.391392757,0.985440173,0,1
934.759718254,5,5,626,7,63,0,0,4183,48,8,3831.991878630,0.985594619,0,1
935.203851437,8,8,605,5,63,0,0,4184,48,8,3837.106369869,0.986910075,0,1
935.226146913,3,3,628,8,63,0,0,4183,48,8,3831.984491749,0.985592719,0,1
935.241123005,0,0,630,6,63,0,0,4185,48,8,3840.129078111,0.987687520,0,1
935.366040199,2,2,580,3,63,0,0,4186,48,8,3842.347223208,0.988258031,0,1
935.460710825,4,4,606,7,63,0,0,4185,48,8,3839.962907895,0.987644781,0,1
935.486059863,1,1,628,6,63,0,0,4185,48,8,3839.536715790,0.987535164,0,1
935.655553857,6,6,633,0,63,0,0,4183,48,8,3831.325249525,0.985423161,0,1
935.759718254,5,5,627,8,63,0,0,4183,48,8,3831.919793106,0.985576078,0,1
935.958782531,7,7,595,6,63,0,0,4185,48,8,3839.065935583,0.987414078,0,1
936.203851437,8,8,606,0,63,0,0,4184,48,8,3837.022399760,0.986888477,0,1
936.226146913,3,3,629,7,63,0,0,4183,48,8,3831.906463932,0.985572650,0,1
936.241123005,0,0,631,3,63,0,0,4185,48,8,3840.056992587,0.987668980,0,1
936.343628029,7,8,606,0,62,1,0,4185,48,8,3838.997393349,0.987396449,1,1
936.366040199,2,2,581,6,63,0,0,4186,48,8,3842.275137683,0.988239490,0,1
936.460710825,4,4,607,2,63,0,0,4185,48,8,3839.890822371,0.987626240,0,1
936.486059863,1,1,629,8,63,0,0,4185,48,8,3839.464630265,0.987516623,0,1
936.655553857,6,6,634,8,63,0,0,4183,48,8,3831.253164001,0.985404620,0,1
936.759718254,5,5,628,1,63,0,0,4183,48,8,3831.847707581,0.985557538,0,1
936.958782531,7,7,596,4,63,0,0,4185,48,8,3838.921582242,0.987376950,0,1
937.098559121,6,7,596,4,62,1,0,4182,48,8,3831.184286766,0.985386905,1,1
937.203851437,8,8,607,6,63,0,0,4184,48,8,3836.950314235,0.986869937,0,1
937.226146913,3,3,630,1,63,0,0,4183,48,8,3831.828436115,0.985552581,0,1
937.241123005,0,0,632,7,63,0,0,4185,48,8,3839.990849355,0.987651967,0,1
937.366040199,2,2,582,0,63,0,0,4186,48,8,3842.197109866,0.988219421,0,1
937.460710825,4,4,608,7,63,0,0,4185,48,8,3839.818736846,0.987607700,0,1
937.486059863,1,1,630,3,63,0,0,4185,48,8,3839.392544741,0.987498082,0,1
937.655553857,6,6,635,7,63,0,0,4182,48,8,3831.114752952,0.985369021,0,1
937.759718254,5,5,629,6,63,0,0,4183,48,8,3831.781564349,0.985540526,0,1
937.958782531,7,7,597,4,63,0,0,4185,48,8,3838.843554425,0.987356881,0,1
938.098559121,6,7,597,4,62,1,0,4182,48,8,3831.045875717,0.985351305,1,1
938.203851437,8,8,608,3,63,0,0,4184,48,8,3836.878228711,0.986851396,0,1
938.226146913,3,3,631,4,63,0,0,4183,48,8,3831.750408298,0.985532512,0,1
938.238335711,7,7,597,4,61,2,0,4185,48,8,3838.775618674,0.987339408,0,1
938.241123005,0,0,633,6,63,0,0,4185,48,8,3839.924706123,0.987634955,0,1
938.366040199,2,2,583,7,63,0,0,4186,48,8,3842.125024342,0.988200881,0,1
938.460710825,4,4,609,3,63,0,0,4185,48,8,3839.746651322,0.987589159,0,1
938.486059863,1,1,631,5,63,0,0,4185,48,8,3839.326401509,0.987481070,0,1
938.655553857,6,6,636,8,63,0,0,4182,48,8,3830.976341903,0.985333421,0,1
938.759718254,5,5,630,1,63,0,0,4183,48,8,3831.709478825,0.985521985,0,1
938.958782531,7,7,598,6,63,0,0,4185,48,8,3838.711085669,0.987322810,0,1
939.203851437,8,8,609,7,63,0,0,4184,48,8,3836.806143186,0.986832856,0,1
939.226146913,3,3,632,2,63,0,0,4183,48,8,3831.672380481,0.985512444,0,1
939.241123005,0,0,634,6,63,0,0,4185,48,8,3839.852620598,0.987616415,0,1
939.366040199,2,2,584,5,63,0,0,4186,48,8,3842.052938817,0.988182340,0,1
939.460710825,4,4,610,8,63,0,0,4185,48,8,3839.674565797,0.987570619,0,1
939.486059863,1,1,632,0,63,0,0,4185,48,8,3839.248373692,0.987461001,0,1
939.655553857,6,6,637,8,63,0,0,4182,48,8,3830.904256378,0.985314881,0,1
939.759718254,5,5,631,6,63,0,0,4183,48,8,3831.637393300,0.985503445,0,1
939.958782531,7,7,599,0,63,0,0,4185,48,8,3838.639000144,0.987304270,0,1
940.098559121,6,7,599,0,62,1,0,4182,48,8,3830.835379143,0.985297165,1,1
940.203851437,8,8,610,1,63,0,0,4184,48,8,3836.734057662,0.986814315,0,1
940.226146913,3,3,633,7,63,0,0,4183,48,8,3831.594352664,0.985492375,0,1
940.241123005,0,0,635,2,63,0,0,4185,48,8,3839.786477366,0.987599403,0,1
940.366040199,2,2,585,1,63,0,0,4186,48,8,3841.980853293,0.988163800,0,1
940.460710825,4,4,611,6,63,0,0,4185,48,8,3839.602480273,0.987552078,0,1
940.486059863,1,1,633,2,63,0,0,4185,48,8,3839.176288167,0.987442461,0,1
940.655553857,6,6,638,4,63,0,0,4182,48,8,3830.771787622,0.985280810,0,1
940.759718254,5,5,632,8,63,0,0,4183,48,8,3831.565307776,0.985484904,0,1
940.958782531,7,7,600,5,63,0,0,4185,48,8,3838.572856912,0.987287257,0,1
941.203851437,8,8,611,1,63,0,0,4184,48,8,3836.650087553,0.986792718,0,1
941.226146913,3,3,634,5,63,0,0,4183,48,8,3831.510382554,0.985470777,0,1
941.241123005,0,0,636,6,63,0,0,4185,48,8,3839.720334134,0.987582390,0,1
941.366040199,2,2,586,7,63,0,0,4186,48,8,3841.908767768,0.988145259,0,1
941.460710825,4,4,612,0,63,0,0,4185,48,8,3839.524452456,0.987532009,0,1
941.486059863,1,1,634,7,63,0,0,4185,48,8,3839.104202643,0.987423920,0,1
941.655553857,6,6,639,1,63,0,0,4182,48,8,3830.699702097,0.985262269,0,1
941.759718254,5,5,633,4,63,0,0,4183,48,8,3831.499164544,0.985467892,0,1
941.899495089,1,5,633,4,62,1,0,4185,48,8,3839.035495731,0.987406249,1,1
941.958782531,7,7,601,5,63,0,0,4185,48,8,3838.500771388,0.987268717,0,1
942.203851437,8,8,612,0,63,0,0,4184,48,8,3836.572059736,0.986772649,0,1
942.226146913,3,3,635,2,63,0,0,4183,48,8,3831.438297030,0.985452237,0,1
942.241123005,0,0,637,5,63,0,0,4185,48,8,3839.654190902,0.987565378,0,1
942.343628029,7,8,612,0,62,1,0,4185,48,8,3838.432229153,0.987251088,1,1
942.366040199,2,2,587,3,63,0,0,4186,48,8,3841.836682244,0.988126719,0,1
942.460710825,4,4,613,0,63,0,0,4185,48,8,3839.458309224,0.987514997,0,1
942.486059863,1,1,635,5,63,0,0,4185,48,8,3838.971733886,0.987389849,0,1
942.655553857,6,6,640,5,63,0,0,4182,48,8,3830.633558865,0.985245257,0,1
942.759718254,5,5,634,0,63,0,0,4183,48,8,3831.433021312,0.985450880,0,1
942.958782531,7,7,602,0,63,0,0,4185,48,8,3838.368302631,0.987234646,0,1
943.098559121,6,7,602,0,62,1,0,4182,48,8,3830.564681631,0.985227542,1,1
943.203851437,8,8,613,2,63,0,0,4184,48,8,3836.499974211,0.986754109,0,1
943.226146913,3,3,636,4,63,0,0,4183,48,8,3831.366211505,0.985433696,0,1
943.241123005,0,0,638,6,63,0,0,4185,48,8,3839.588047670,0.987548366,0,1
943.366040199,2,2,588,0,63,0,0,4186,48,8,3841.758654427,0.988106650,0,1
943.460710825,4,4,614,1,63,0,0,4185,48,8,3839.386223699,0.987496457,0,1
943.486059863,1,1,636,4,63,0,0,4185,48,8,3838.899648362,0.987371309,0,1
943.655553857,6,6,641,2,63,0,0,4182,48,8,3830.495147816,0.985209657,0,1
943.759718254,5,5,635,8,63,0,0,4183,48,8,3831.360935787,0.985432339,0,1
943.795330447,3,6,641,2,62,1,0,4183,48,8,3831.296607484,0.985415794,1,1
943.935107037,6,6,641,2,61,2,0,4182,48,8,3830.427212066,0.985192184,0,1
943.958782531,7,7,603,6,63,0,0,4185,48,8,3838.296217107,0.987216105,0,1
944.203851437,8,8,614,2,63,0,0,4184,48,8,3836.433830979,0.986737096,0,1
944.226146913,3,3,637,7,63,0,0,4182,48,8,3831.233742749,0.985399625,0,1
944.241123005,0,0,639,6,63,0,0,4185,48,8,3839.521904438,0.987531354,0,1
944.343628029,7,8,614,2,62,1,0,4185,48,8,3838.227674872,0.987198476,1,1
944.366040199,2,2,589,5,63,0,0,4186,48,8,3841.686568902,0.988088109,0,1
944.460710825,4,4,615,6,63,0,0,4185,48,8,3839.320080467,0.987479445,0,1
944.486059863,1,1,637,4,63,0,0,4185,48,8,3838.827562837,0.987352768,0,1
944.655553857,6,6,642,1,63,0,0,4182,48,8,3830.362679060,0.985175586,0,1
944.759718254,5,5,636,2,63,0,0,4183,48,8,3831.294792555,0.985415327,0,1
944.958782531,7,7,604,8,63,0,0,4185,48,8,3838.157806058,0.987180506,0,1
945.098559121,6,7,604,8,62,1,0,4182,48,8,3830.293801825,0.985157871,1,1
945.203851437,8,8,615,3,63,0,0,4184,48,8,3836.367687747,0.986720084,0,1
945.226146913,3,3,638,4,63,0,0,4182,48,8,3831.155714932,0.985379556,0,1
945.241123005,0,0,640,3,63,0,0,4185,48,8,3839.449818914,0.987512814,0,1
945.366040199,2,2,590,5,63,0,0,4186,48,8,3841.614483378,0.988069569,0,1
945.460710825,4,4,616,0,63,0,0,4185,48,8,3839.242052650,0.987459376,0,1
945.486059863,1,1,638,5,63,0,0,4185,48,8,3838.761419605,0.987335756,0,1
945.655553857,6,6,643,5,63,0,0,4182,48,8,3830.224268011,0.985139987,0,1
945.759718254,5,5,637,2,63,0,0,4182,48,8,3831.222707031,0.985396787,0,1
945.958782531,7,7,605,4,63,0,0,4185,48,8,3838.091662826,0.987163494,0,1
946.098559121,6,7,605,4,62,1,0,4182,48,8,3830.155390776,0.985122271,1,1
946.203851437,8,8,616,5,63,0,0,4184,48,8,3836.289659930,0.986700015,0,1
946.226146913,3,3,639,8,63,0,0,4182,48,8,3831.077687115,0.985359487,0,1
946.241123005,0,0,641,8,63,0,0,4185,48,8,3839.371791097,0.987492745,0,1
946.366040199,2,2,591,5,63,0,0,4186,48,8,3841.542397853,0.988051028,0,1
946.380900186,6,0,641,8,62,1,0,4182,48,8,3830.087438967,0.985104794,1,1
946.460710825,4,4,617,5,63,0,0,4185,48,8,3839.169967126,0.987440835,0,1
946.486059863,1,1,639,2,63,0,0,4185,48,8,3838.695276373,0.987318744,0,1
946.655553857,6,6,644,7,63,0,0,4182,48,8,3830.025473730,0.985088856,0,1
946.759718254,5,5,638,0,63,0,0,4182,48,8,3831.150621506,0.985378246,0,1
946.958782531,7,7,606,6,63,0,0,4185,48,8,3838.019577301,0.987144953,0,1
947.203851437,8,8,617,3,63,0,0,4184,48,8,3836.211632113,0.986679947,0,1
947.226146913,3,3,640,8,63,0,0,4182,48,8,3830.999659298,0.985339419,0,1
947.241123005,0,0,642,2,63,0,0,4185,48,8,3839.299705572,0.987474204,0,1
947.366040199,2,2,592,8,63,0,0,4186,48,8,3841.470312329,0.988032488,0,1
947.460710825,4,4,618,3,63,0,0,4185,48,8,3839.097881602,0.987422295,0,1
947.486059863,1,1,640,5,63,0,0,4185,48,8,3838.623190849,0.987300203,0,1
947.655553857,6,6,645,4,63,0,0,4182,48,8,3829.953388205,0.985070316,0,1
947.759718254,5,5,639,2,63,0,0,4182,48,8,3831.072593689,0.985358177,0,1
947.958782531,7,7,607,6,63,0,0,4185,48,8,3837.953434069,0.987127941,0,1
948.203851437,8,8,618,6,63,0,0,4184,48,8,3836.133604296,0.986659878,0,1
948.226146913,3,3,641,0,63,0,0,4182,48,8,3830.927573774,0.985320878,0,1
948.241123005,0,0,643,5,63,0,0,4185,48,8,3839.227620048,0.987455664,0,1
948.343628029,7,8,618,6,62,1,0,4185,48,8,3837.884891835,0.987110312,1,1
948.366040199,2,2,593,3,63,0,0,4186,48,8,3841.404169097,0.988015476,0,1
948.460710825,4,4,619,1,63,0,0,4185,48,8,3839.019853785,0.987402226,0,1
948.486059863,1,1,641,3,63,0,0,4185,48,8,3838.557047617,0.987283191,0,1
948.655553857,6,6,646,1,63,0,0,4182,48,8,3829.881302681,0.985051775,0,1
948.759718254,5,5,640,3,63,0,0,4182,48,8,3831.000508165,0.985339637,0,1
948.899495089,1,5,640,3,62,1,0,4185,48,8,3838.488340705,0.987265520,1,1
948.958782531,7,7,608,0,63,0,0,4185,48,8,3837.820965313,0.987093870,0,1
949.098559121,6,7,608,0,62,1,0,4182,48,8,3829.812425446,0.985034060,1,1
949.203851437,8,8,619,4,63,0,0,4184,48,8,3836.055576479,0.986639809,0,1
949.226146913,3,3,642,6,63,0,0,4182,48,8,3830.855488249,0.985302338,0,1
949.241123005,0,0,644,3,63,0,0,4185,48,8,3839.161476816,0.987438651,0,1
949.366040199,2,2,594,0,63,0,0,4186,48,8,3841.332083573,0.987996935,0,1
949.460710825,4,4,620,1,63,0,0,4185,48,8,3838.953710553,0.987385214,0,1
949.486059863,1,1,642,3,63,0,0,4185,48,8,3838.424578860,0.987249120,0,1
949.655553857,6,6,647,0,63,0,0,4182,48,8,3829.748833925,0.985017704,0,1
949.759718254,5,5,641,4,63,0,0,4182,48,8,3830.934364933,0.985322625,0,1
949.958782531,7,7,609,5,63,0,0,4185,48,8,3837.748879788,0.987075329,0,1
950.203851437,8,8,620,6,63,0,0,4184,48,8,3835.977548662,0.986619740,0,1
950.226146913,3,3,643,4,63,0,0,4182,48,8,3830.777460432,0.985282269,0,1
950.241123005,0,0,645,3,63,0,0,4185,48,8,3839.095333584,0.987421639,0,1
950.343628029,7,8,620,6,62,1,0,4184,48,8,3837.680337554,0.987057700,1,1
950.366040199,2,2,595,4,63,0,0,4186,48,8,3841.254055756,0.987976866,0,1
950.460710825,4,4,621,7,63,0,0,4185,48,8,3838.881625028,0.987366673,0,1
950.486059863,1,1,643,2,63,0,0,4185,48,8,3838.358435628,0.987232108,0,1
950.655553857,6,6,648,0,63,0,0,4182,48,8,3829.676748400,0.984999164,0,1
950.759718254,5,5,642,0,63,0,0,4182,48,8,3830.862279408,0.985304084,0,1
950.958782531,7,7,610,6,63,0,0,4184,48,8,3837.610468739,0.987039730,0,1
951.203851437,8,8,621,0,63,0,0,4184,48,8,3835.899520845,0.986599671,0,1
951.226146913,3,3,644,6,63,0,0,4182,48,8,3830.699432615,0.985262200,0,1
951.241123005,0,0,646,3,63,0,0,4185,48,8,3839.023248059,0.987403099,0,1
951.343628029,7,8,621,0,62,1,0,4184,48,8,3837.541926505,0.987022100,1,1
951.366040199,2,2,596,4,63,0,0,4186,48,8,3841.181970231,0.987958326,0,1
951.460710825,4,4,622,2,63,0,0,4185,48,8,3838.809539504,0.987348133,0,1
951.486059863,1,1,644,5,63,0,0,4185,48,8,3838.286350104,0.987213567,0,1
951.655553857,6,6,649,5,63,0,0,4182,48,8,3829.604662876,0.984980623,0,1
951.759718254,5,5,643,0,63,0,0,4182,48,8,3830.784251591,0.985284015,0,1
951.899495089,1,5,643,0,62,1,0,4185,48,8,3838.217643192,0.987195896,1,1
951.958782531,7,7,611,2,63,0,0,4184,48,8,3837.472057690,0.987004130,0,1
952.039271679,4,5,643,0,61,2,0,4185,48,8,3838.739881469,0.987330216,1,1
952.203851437,8,8,622,6,63,0,0,4184,48,8,3835.821493028,0.986579602,0,1
952.226146913,3,3,645,5,63,0,0,4182,48,8,3830.633289383,0.985245188,0,1
952.241123005,0,0,647,5,63,0,0,4185,48,8,3838.945220242,0.987383030,0,1
952.366040199,2,2,597,1,63,0,0,4186,48,8,3841.103942414,0.987938257,0,1
952.460710825,4,4,623,1,63,0,0,4185,48,8,3838.671128455,0.987312533,0,1
952.486059863,1,1,645,4,63,0,0,4185,48,8,3838.147939055,0.987177968,0,1
952.655553857,6,6,650,3,63,0,0,4182,48,8,3829.526635059,0.984960554,0,1
952.759718254,5,5,644,7,63,0,0,4182,48,8,3830.712166067,0.985265475,0,1
952.958782531,7,7,612,8,63,0,0,4184,48,8,3837.405914458,0.986987118,0,1
953.098559121,6,7,612,8,62,1,0,4182,48,8,3829.457757824,0.984942839,1,1
953.203851437,8,8,623,5,63,0,0,4184,48,8,3835.743465211,0.986559533,0,1
953.226146913,3,3,646,6,63,0,0,4182,48,8,3830.561203859,0.985226647,0,1
953.241123005,0,0,648,8,63,0,0,4185,48,8,3838.873134718,0.987364489,0,1
953.343628029,7,8,623,5,62,1,0,4184,48,8,3837.337372224,0.986969489,1,1
953.366040199,2,2,598,6,63,0,0,4186,48,8,3841.031856890,0.987919716,0,1
953.460710825,4,4,624,0,63,0,0,4185,48,8,3838.599042930,0.987293993,0,1
953.486059863,1,1,646,8,63,0,0,4185,48,8,3838.075853530,0.987159427,0,1
953.655553857,6,6,651,8,63,0,0,4182,48,8,3829.394166302,0.984926483,0,1
953.759718254,5,5,645,7,63,0,0,4182,48,8,3830.640080542,0.985246934,0,1
953.899494846,8,5,645,7,62,1,0,4184,48,8,3835.673132781,0.986541444,1,1
953.958782531,7,7,613,5,63,0,0,4184,48,8,3837.273445702,0.986953047,0,1
954.203851437,8,8,624,6,63,0,0,4184,48,8,3835.610996455,0.986525462,0,1
954.226146913,3,3,647,2,63,0,0,4182,48,8,3830.483176042,0.985206578,0,1
954.241123005,0,0,649,4,63,0,0,4185,48,8,3838.801049194,0.987345949,0,1
954.366040199,2,2,599,7,63,0,0,4186,48,8,3840.965713658,0.987902704,0,1
954.460710825,4,4,625,6,63,0,0,4185,48,8,3838.532899698,0.987276980,0,1
954.486059863,1,1,647,0,63,0,0,4185,48,8,3838.009710298,0.987142415,0,1
954.655553857,6,6,652,8,63,0,0,4182,48,8,3829.322080778,0.984907943,0,1
954.759718254,5,5,646,7,63,0,0,4182,48,8,3830.567995018,0.985228394,0,1
954.958782531,7,7,614,3,63,0,0,4184,48,8,3837.207302470,0.986936035,0,1
955.098559121,6,7,614,3,62,1,0,4182,48,8,3829.253203543,0.984890227,1,1
955.203851437,8,8,625,4,63,0,0,4184,48,8,3835.538910930,0.986506922,0,1
955.226146913,3,3,648,7,63,0,0,4182,48,8,3830.411090517,0.985188038,0,1
955.241123005,0,0,650,4,63,0,0,4185,48,8,3838.728963669,0.987327408,0,1
955.366040199,2,2,600,3,63,0,0,4185,48,8,3840.893628133,0.987884164,0,1
955.460710825,4,4,626,7,63,0,0,4185,48,8,3838.460814174,0.987258440,0,1
955.486059863,1,1,648,8,63,0,0,4185,48,8,3837.931682481,0.987122346,0,1
955.655553857,6,6,653,3,63,0,0,4182,48,8,3829.183669729,0.984872343,0,1
955.759718254,5,5,647,1,63,0,0,4182,48,8,3830.495909493,0.985209853,0,1
955.958782531,7,7,615,8,63,0,0,4184,48,8,3837.135216945,0.986917494,0,1
956.098559121,6,7,615,8,62,1,0,4182,48,8,3829.114792494,0.984854628,1,1
956.203851437,8,8,626,4,63,0,0,4184,48,8,3835.454940821,0.986485324,0,1
956.226146913,3,3,649,7,63,0,0,4182,48,8,3830.339004993,0.985169497,0,1
956.241123005,0,0,651,1,63,0,0,4185,48,8,3838.650935852,0.987307339,0,1
956.366040199,2,2,601,4,63,0,0,4185,48,8,3840.821542609,0.987865623,0,1
956.460710825,4,4,627,3,63,0,0,4185,48,8,3838.388728649,0.987239899,0,1
956.486059863,1,1,649,4,63,0,0,4185,48,8,3837.865539249,0.987105334,0,1
956.655553857,6,6,654,4,63,0,0,4182,48,8,3829.039316387,0.984835215,0,1
956.759718254,5,5,648,7,63,0,0,4182,48,8,3830.423823969,0.985191313,0,1
956.899494846,8,5,648,7,62,1,0,4184,48,8,3835.384608390,0.986467235,1,1
956.958782531,7,7,616,2,63,0,0,4184,48,8,3837.069073713,0.986900482,0,1
957.203851437,8,8,627,1,63,0,0,4184,48,8,3835.322472065,0.986451253,0,1
957.226146913,3,3,650,2,63,0,0,4182,48,8,3830.272861761,0.985152485,0,1
957.241123005,0,0,652,7,63,0,0,4185,48,8,3838.584792620,0.987290327,0,1
957.366040199,2,2,602,0,63,0,0,4185,48,8,3840.755399377,0.987848611,0,1
957.460710825,4,4,628,5,63,0,0,4185,48,8,3838.316643125,0.987221359,0,1
957.486059863,1,1,650,6,63,0,0,4185,48,8,3837.793453725,0.987086794,0,1
957.655553857,6,6,655,8,63,0,0,4182,48,8,3828.973173155,0.984818203,0,1
957.759718254,5,5,649,2,63,0,0,4182,48,8,3830.357680737,0.985174301,0,1
957.958782531,7,7,617,3,63,0,0,4184,48,8,3837.002930481,0.986883470,0,1
958.098559121,6,7,617,3,62,1,0,4182,48,8,3828.904295920,0.984800488,1,1
958.203851437,8,8,628,3,63,0,0,4184,48,8,3835.244444248,0.986431184,0,1
958.226146913,3,3,651,5,63,0,0,4182,48,8,3830.194833944,0.985132416,0,1
958.241123005,0,0,653,5,63,0,0,4185,48,8,3838.518649388,0.987273315,0,1
958.366040199,2,2,603,6,63,0,0,4185,48,8,3840.683313852,0.987830070,0,1
958.460710825,4,4,629,5,63,0,0,4185,48,8,3838.244557600,0.987202818,0,1
958.486059863,1,1,651,5,63,0,0,4185,48,8,3837.727310493,0.987069782,0,1
958.655553857,6,6,656,3,63,0,0,4182,48,8,3828.840704399,0.984784132,0,1
958.759718254,5,5,650,0,63,0,0,4182,48,8,3830.279652920,0.985154232,0,1
958.958782531,7,7,618,0,63,0,0,4184,48,8,3836.936787249,0.986866458,0,1
959.098559121,6,7,618,0,62,1,0,4182,48,8,3828.771827164,0.984766416,1,1
959.203851437,8,8,629,2,63,0,0,4184,48,8,3835.166416431,0.986411115,0,1
959.226146913,3,3,652,2,63,0,0,4182,48,8,3830.122748419,0.985113876,0,1
959.241123005,0,0,654,4,63,0,0,4185,48,8,3838.446563864,0.987254775,0,1
959.366040199,2,2,604,3,63,0,0,4185,48,8,3840.617170620,0.987813058,0,1
959.460710825,4,4,630,6,63,0,0,4185,48,8,3838.178414368,0.987185806,0,1
959.486059863,1,1,652,7,63,0,0,4184,48,8,3837.655224968,0.987051241,0,1
959.655553857,6,6,657,7,63,0,0,4182,48,8,3828.702293350,0.984748532,0,1
959.759718254,5,5,651,0,63,0,0,4182,48,8,3830.207567396,0.985135691,0,1
959.958782531,7,7,619,5,63,0,0,4184,48,8,3836.870644017,0.986849445,0,1
960.203851437,8,8,630,0,63,0,0,4184,48,8,3835.094330906,0.986392575,0,1
960.226146913,3,3,653,1,63,0,0,4182,48,8,3830.044720602,0.985093807,0,1
960.241123005,0,0,655,2,63,0,0,4185,48,8,3838.374478339,0.987236234,0,1
960.366040199,2,2,605,4,63,0,0,4185,48,8,3840.545085096,0.987794518,0,1
960.460710825,4,4,631,3,63,0,0,4185,48,8,3838.106328844,0.987167266,0,1
960.486059863,1,1,653,8,63,0,0,4184,48,8,3837.589081736,0.987034229,0,1
960.655553857,6,6,658,8,63,0,0,4182,48,8,3828.624265533,0.984728463,0,1
960.759718254,5,5,652,4,63,0,0,4182,48,8,3830.129539579,0.985115622,0,1
960.958782531,7,7,620,0,63,0,0,4184,48,8,3836.804500785,0.986832433,0,1
961.098559121,6,7,620,0,62,1,0,4182,48,8,3828.555388298,0.984710748,1,1
961.203851437,8,8,631,2,63,0,0,4184,48,8,3835.022245382,0.986374034,0,1
961.226146913,3,3,654,1,63,0,0,4182,48,8,3829.966692785,0.985073738,0,1
961.241123005,0,0,656,1,63,0,0,4185,48,8,3838.302392815,0.987217694,0,1
961.366040199,2,2,606,0,63,0,0,4185,48,8,3840.478941864,0.987777506,0,1
961.460710825,4,4,632,8,63,0,0,4185,48,8,3838.034243319,0.987148725,0,1
961.486059863,1,1,654,5,63,0,0,4184,48,8,3837.522938504,0.987017217,0,1
961.655553857,6,6,659,1,63,0,0,4182,48,8,3828.491796776,0.984694392,0,1
961.759718254,5,5,653,2,63,0,0,4182,48,8,3830.057454054,0.985097082,0,1
961.958782531,7,7,621,6,63,0,0,4184,48,8,3836.738357553,0.986815421,0,1
962.203851437,8,8,632,0,63,0,0,4184,48,8,3834.938275272,0.986352437,0,1
962.226146913,3,3,655,6,63,0,0,4182,48,8,3829.894607261,0.985055197,0,1
962.241123005,0,0,657,5,63,0,0,4185,48,8,3838.236249583,0.987200681,0,1
962.366040199,2,2,607,3,63,0,0,4185,48,8,3840.406856339,0.987758965,0,1
962.460710825,4,4,633,1,63,0,0,4185,48,8,3837.962157795,0.987130185,0,1
962.486059863,1,1,655,7,63,0,0,4184,48,8,3837.456795272,0.987000205,0,1
962.655553857,6,6,660,7,63,0,0,4182,48,8,3828.419711252,0.984675852,0,1
962.759718254,5,5,654,2,63,0,0,4182,48,8,3829.979426237,0.985077013,0,1
962.958782531,7,7,622,2,63,0,0,4184,48,8,3836.666272029,0.986796881,0,1
963.098559366,5,7,622,2,62,1,0,4182,48,8,3829.911148988,0.985059452,1,1
963.203851437,8,8,633,0,63,0,0,4184,48,8,3834.860247455,0.986332368,0,1
963.205627681,2,2,17,65535,63,0,0,4185,0,8,3840.335694791,0.987740662,0,1
963.226146913,3,3,656,6,63,0,0,4182,48,8,3829.816579444,0.985035128,0,1
963.241123005,0,0,658,2,63,0,0,4185,48,8,3838.170106351,0.987183669,0,1
963.376123681,2,2,608,3,63,0,0,4185,48,8,3840.274329502,0.987724879,0,1
963.460710825,4,4,634,7,63,0,0,4185,48,8,3837.890072270,0.987111644,0,1
963.486059863,1,1,656,0,63,0,0,4184,48,8,3837.384709748,0.986981664,0,1
963.655553857,6,6,661,4,63,0,0,4182,48,8,3828.347625727,0.984657311,0,1
963.759718254,5,5,655,7,63,0,0,4182,48,8,3829.846957481,0.985042942,0,1
963.795330447,7,6,661,4,62,1,0,4184,48,8,3836.589185696,0.986777054,1,1
963.935107037,6,6,661,4,61,2,0,4182,48,8,3828.279689977,0.984639838,0,1
963.958782531,7,7,623,0,63,0,0,4184,48,8,3836.527860980,0.986761281,0,1
964.203851437,8,8,634,5,63,0,0,4184,48,8,3834.788161931,0.986313828,0,1
964.226146913,3,3,657,0,63,0,0,4182,48,8,3829.744493920,0.985016588,0,1
964.241123005,0,0,659,3,63,0,0,4185,48,8,3838.103963119,0.987166657,0,1
964.366040199,2,2,609,0,63,0,0,4185,48,8,3840.202302058,0.987706353,0,1
964.460710825,4,4,635,7,63,0,0,4185,48,8,3837.817986746,0.987093104,0,1
964.486059863,1,1,657,4,63,0,0,4184,48,8,3837.312624223,0.986963124,0,1
964.655553857,6,6,662,0,63,0,0,4182,48,8,3828.215156971,0.984623240,0,1
964.759718254,5,5,656,7,63,0,0,4182,48,8,3829.774871956,0.985024401,0,1
964.899494846,8,5,656,7,62,1,0,4184,48,8,3834.717829500,0.986295738,1,1
964.958782531,7,7,624,8,63,0,0,4184,48,8,3836.461717748,0.986744269,0,1
965.098559121,6,7,624,8,62,1,0,4182,48,8,3828.146279736,0.984605525,1,1
965.203851437,8,8,635,4,63,0,0,4184,48,8,3834.655693174,0.986279756,0,1
965.226146913,3,3,658,0,63,0,0,4182,48,8,3829.672408395,0.984998047,0,1
965.241123005,0,0,660,7,63,0,0,4185,48,8,3838.037819887,0.987149645,0,1
965.366040199,2,2,610,6,63,0,0,4185,48,8,3840.124274241,0.987686285,0,1
965.460710825,4,4,636,7,63,0,0,4185,48,8,3837.751843514,0.987076091,0,1
965.486059863,1,1,658,0,63,0,0,4184,48,8,3837.240538699,0.986944583,0,1
965.655553857,6,6,663,0,63,0,0,4182,48,8,3828.082688214,0.984589169,0,1
965.759718254,5,5,657,0,63,0,0,4182,48,8,3829.708728724,0.985007389,0,1
965.899495089,1,5,657,0,62,1,0,4184,48,8,3837.171831788,0.986926911,1,1
965.958782531,7,7,625,0,63,0,0,4184,48,8,3836.383689931,0.986724200,0,1
966.060164480,4,4,17,65535,63,0,0,4184,0,8,3837.688007429,0.987059673,0,1
966.203851437,8,8,636,1,63,0,0,4184,48,8,3834.589549942,0.986262744,0,1
966.226146913,3,3,659,1,63,0,0,4182,48,8,3829.600322871,0.984979507,0,1
966.241123005,0,0,661,4,63,0,0,4185,48,8,3837.971676655,0.987132633,0,1
966.366040199,2,2,611,3,63,0,0,4185,48,8,3840.052188717,0.987667744,0,1
966.422851395,0,0,17,65535,63,0,0,4185,0,8,3837.910246667,0.987116833,0,1
966.460710825,4,4,637,6,63,0,0,4184,48,8,3837.625317050,0.987043549,0,1
966.486059863,1,1,659,3,63,0,0,4184,48,8,3837.101747951,0.986908886,0,1
966.655553857,6,6,664,5,63,0,0,4182,48,8,3828.010602690,0.984570628,0,1
966.759718254,5,5,658,8,63,0,0,4182,48,8,3829.636263501,0.984988751,0,1
966.795330447,7,6,664,5,62,1,0,4184,48,8,3836.312545890,0.986705902,1,1
966.958782531,7,7,626,3,63,0,0,4184,48,8,3836.251221174,0.986690129,0,1
967.098559121,6,7,626,3,62,1,0,4181,48,8,3827.935783163,0.984551385,1,1
967.203851437,8,8,637,1,63,0,0,4184,48,8,3834.517464418,0.986244204,0,1
967.226146913,3,3,660,7,63,0,0,4182,48,8,3829.522295054,0.984959438,0,1
967.241123005,0,0,662,1,63,0,0,4185,48,8,3837.839207898,0.987098562,0,1
967.366040199,2,2,612,8,63,0,0,4185,48,8,3839.980103192,0.987649203,0,1
967.460710825,4,4,638,6,63,0,0,4184,48,8,3837.553231525,0.987025008,0,1
967.486059863,1,1,660,5,63,0,0,4184,48,8,3837.029662426,0.986890345,0,1
967.655553857,6,6,665,8,63,0,0,4181,48,8,3827.872191641,0.984535029,0,1
967.759718254,5,5,659,7,63,0,0,4182,48,8,3829.564177976,0.984970210,0,1
967.815809857,6,6,17,65535,63,0,0,4181,0,7,3827.836653270,0.984525888,0,1
967.931177313,1,1,17,65535,63,0,0,4184,0,7,3836.986540961,0.986879254,0,1
967.958782531,7,7,627,8,63,0,0,4184,48,8,3836.175594955,0.986670678,0,1
968.098559121,6,7,627,8,62,1,0,4181,48,8,3827.768699110,0.984508410,1,1
968.129722679,8,8,17,65535,63,0,0,4183,0,7,3834.471573811,0.986232401,0,1
968.225210679,8,8,638,2,63,0,0,4183,48,8,3834.410640568,0.986216729,0,1
968.226146913,3,3,661,5,63,0,0,4182,48,8,3829.443128139,0.984939076,0,1
968.241123005,0,0,663,5,63,0,0,4185,48,8,3837.765983276,0.987079728,0,1
968.366040199,2,2,613,3,63,0,0,4185,48,8,3839.904476973,0.987629752,0,1
968.460710825,4,4,639,1,63,0,0,4184,48,8,3837.480006903,0.987006175,0,1
968.486059863,1,1,661,5,63,0,0,4184,48,8,3836.922961606,0.986862902,0,1
968.655553857,6,6,666,5,63,0,0,4181,48,8,3827.705107589,0.984492054,0,1
968.759718254,5,5,660,3,63,0,0,4182,48,8,3829.492092452,0.984951670,0,1
968.958782531,7,7,628,8,63,0,0,4184,48,8,3836.109451723,0.986653666,0,1
969.098559121,6,7,628,8,62,1,0,4181,48,8,3827.636230354,0.984474339,1,1
969.203851437,8,8,639,7,63,0,0,4183,48,8,3834.338678073,0.986198220,0,1
969.226146913,3,3,662,4,63,0,0,4182,48,8,3829.365100322,0.984919007,0,1
969.241123005,0,0,664,1,63,0,0,4184,48,8,3837.693897752,0.987061188,0,1
969.366040199,2,2,614,8,63,0,0,4185,48,8,3839.832391448,0.987611212,0,1
969.460710825,4,4,640,6,63,0,0,4184,48,8,3837.407921379,0.986987634,0,1
969.486059863,1,1,662,2,63,0,0,4184,48,8,3836.850876081,0.986844361,0,1
969.655553857,6,6,667,0,63,0,0,4181,48,8,3827.572638832,0.984457983,0,1
969.759718254,5,5,661,2,63,0,0,4182,48,8,3829.420006927,0.984933129,0,1
969.958782531,7,7,629,3,63,0,0,4184,48,8,3836.043308491,0.986636653,0,1
970.098559121,6,7,629,3,62,1,0,4181,48,8,3827.503761597,0.984440268,1,1
970.179680522,5,5,17,65535,63,0,0,4182,0,7,3829.377030356,0.984922076,0,1
970.203851437,8,8,640,2,63,0,0,4183,48,8,3834.266592548,0.986179679,0,1
970.226146913,3,3,663,4,63,0,0,4182,48,8,3829.293014798,0.984900467,0,1
970.241123005,0,0,665,5,63,0,0,4184,48,8,3837.621812227,0.987042647,0,1
970.366040199,2,2,615,6,63,0,0,4185,48,8,3839.760305924,0.987592671,0,1
970.460710825,4,4,641,1,63,0,0,4184,48,8,3837.332295159,0.986968183,0,1
970.486059863,1,1,663,3,63,0,0,4184,48,8,3836.784732849,0.986827349,0,1
970.655553857,6,6,668,2,63,0,0,4181,48,8,3827.434227783,0.984422384,0,1
970.759718254,5,5,662,2,63,0,0,4182,48,8,3829.313306107,0.984905686,0,1
970.795330447,3,6,668,2,62,1,0,4182,48,8,3829.223410776,0.984882564,1,1
970.935107037,6,6,668,2,61,2,0,4181,48,8,3827.366292032,0.984404911,0,1
970.958782531,7,7,630,8,63,0,0,4184,48,8,3835.977165259,0.986619641,0,1
971.000395817,3,3,17,65535,63,0,0,4182,0,8,3829.161846367,0.984866730,0,1
971.203851437,8,8,641,4,63,0,0,4183,48,8,3834.194507024,0.986161139,0,1
971.226146913,3,3,664,4,63,0,0,4182,48,8,3829.100162809,0.984850865,0,1
971.241123005,0,0,666,5,63,0,0,4184,48,8,3837.555668995,0.987025635,0,1
971.365923748,1,3,664,4,62,1,0,4184,48,8,3836.713339309,0.986808986,1,1
971.366040199,2,2,616,6,63,0,0,4185,48,8,3839.688220399,0.987574131,0,1
971.460710825,4,4,642,3,63,0,0,4184,48,8,3837.266151927,0.986951171,0,1
971.526179748,1,1,664,0,63,0,0,4184,48,8,3836.652033002,0.986793218,0,1
971.655553857,6,6,669,5,63,0,0,4181,48,8,3827.295816734,0.984386784,0,1
971.759718254,5,5,663,2,63,0,0,4182,48,8,3829.228956298,0.984883991,0,1
971.899495089,1,5,663,2,62,1,0,4184,48,8,3836.583557182,0.986775606,1,1
971.958782531,7,7,631,4,63,0,0,4184,48,8,3835.905079734,0.986601101,0,1
972.098559121,6,7,631,4,62,1,0,4181,48,8,3827.226939499,0.984369069,1,1
972.203851437,8,8,642,0,63,0,0,4183,48,8,3834.122421499,0.986142598,0,1
972.226146913,3,3,665,0,63,0,0,4182,48,8,3829.034019577,0.984833853,0,1
972.241123005,0,0,667,5,63,0,0,4184,48,8,3837.483583471,0.987007095,0,1
972.366040199,2,2,617,3,63,0,0,4185,48,8,3839.604250290,0.987552534,0,1
972.460710825,4,4,643,6,63,0,0,4184,48,8,3837.200008695,0.986934159,0,1
972.486059863,1,1,665,0,63,0,0,4184,48,8,3836.519795336,0.986759207,0,1
972.655553857,6,6,670,0,63,0,0,4181,48,8,3827.163347978,0.984352713,0,1
972.759718254,5,5,664,2,63,0,0,4182,48,8,3829.162813066,0.984866979,0,1
972.847284098,7,7,17,65535,63,0,0,4184,0,8,3835.827694148,0.986581197,0,1
973.017780098,7,7,632,4,63,0,0,4184,48,8,3835.766328859,0.986565414,0,1
973.157556688,6,7,632,4,62,1,0,4181,48,8,3827.087808925,0.984333284,1,1
973.203851437,8,8,643,7,63,0,0,4183,48,8,3834.050335975,0.986124058,0,1
973.226146913,3,3,666,4,63,0,0,4182,48,8,3828.961934053,0.984815312,0,1
973.241123005,0,0,668,1,63,0,0,4184,48,8,3837.417440239,0.986990082,0,1
973.366040199,2,2,618,3,63,0,0,4185,48,8,3839.538107058,0.987535521,0,1
973.460710825,4,4,644,3,63,0,0,4184,48,8,3837.127923171,0.986915618,0,1
973.486059863,1,1,666,4,63,0,0,4184,48,8,3836.447709812,0.986740666,0,1
973.600487660,6,4,644,3,62,1,0,4181,48,8,3827.018932118,0.984315569,1,1
973.759718254,5,5,665,1,63,0,0,4182,48,8,3829.084785249,0.984846910,0,1
973.760743660,6,6,671,7,63,0,0,4181,48,8,3826.957625812,0.984299801,0,1
973.958782531,7,7,633,5,63,0,0,4184,48,8,3835.694583161,0.986546961,0,1
974.203851437,8,8,644,3,63,0,0,4183,48,8,3833.978250450,0.986105517,0,1
974.226146913,3,3,667,4,63,0,0,4182,48,8,3828.877963943,0.984793715,0,1
974.241123005,0,0,669,8,63,0,0,4184,48,8,3837.345354714,0.986971542,0,1
974.366040199,2,2,619,5,63,0,0,4185,48,8,3839.454136949,0.987513924,0,1
974.460710825,4,4,645,0,63,0,0,4184,48,8,3837.043953061,0.986894021,0,1
974.486059863,1,1,667,5,63,0,0,4184,48,8,3836.381566580,0.986723654,0,1
974.655553857,6,6,672,3,63,0,0,4181,48,8,3826.886146181,0.984281416,0,1
974.759718254,5,5,666,2,63,0,0,4182,48,8,3829.006757432,0.984826841,0,1
974.958782531,7,7,634,1,63,0,0,4184,48,8,3835.628439929,0.986529949,0,1
975.098559121,6,7,634,1,62,1,0,4181,48,8,3826.817268946,0.984263701,1,1
975.203851437,8,8,645,4,63,0,0,4183,48,8,3833.900222633,0.986085448,0,1
975.226146913,3,3,668,8,63,0,0,4182,48,8,3828.799936126,0.984773646,0,1
975.241123005,0,0,670,7,63,0,0,4184,48,8,3837.273269190,0.986953001,0,1
975.366040199,2,2,620,4,63,0,0,4185,48,8,3839.382051424,0.987495384,0,1
975.460710825,4,4,646,5,63,0,0,4184,48,8,3836.971867537,0.986875480,0,1
975.486059863,1,1,668,4,63,0,0,4184,48,8,3836.309481055,0.986705113,0,1
975.655553857,6,6,673,8,63,0,0,4181,48,8,3826.753677424,0.984247345,0,1
975.759718254,5,5,667,3,63,0,0,4182,48,8,3828.928729615,0.984806772,0,1
975.958782531,7,7,635,3,63,0,0,4184,48,8,3835.556354405,0.986511408,0,1
976.098559121,6,7,635,3,62,1,0,4181,48,8,3826.684800189,0.984229630,1,1
976.203851437,8,8,646,2,63,0,0,4183,48,8,3833.828137109,0.986066908,0,1
976.226146913,3,3,669,5,63,0,0,4182,48,8,3828.721908309,0.984753577,0,1
976.241123005,0,0,671,8,63,0,0,4184,48,8,3837.189299080,0.986931404,0,1
976.366040199,2,2,621,0,63,0,0,4185,48,8,3839.309965900,0.987476843,0,1
976.380900186,6,0,671,8,62,1,0,4181,48,8,3826.616848380,0.984212152,1,1
976.460710825,4,4,647,7,63,0,0,4184,48,8,3836.893839720,0.986855411,0,1
976.486059863,1,1,669,2,63,0,0,4184,48,8,3836.237395531,0.986686573,0,1
976.655553857,6,6,674,8,63,0,0,4181,48,8,3826.554883143,0.984196215,0,1
976.759718254,5,5,668,7,63,0,0,4182,48,8,3828.850701798,0.984786703,0,1
976.958782531,7,7,636,2,63,0,0,4184,48,8,3835.490211173,0.986494396,0,1
977.203851437,8,8,647,6,63,0,0,4183,48,8,3833.756051584,0.986048367,0,1
977.226146913,3,3,670,8,63,0,0,4182,48,8,3828.655765077,0.984736565,0,1
977.241123005,0,0,672,8,63,0,0,4184,48,8,3837.123155848,0.986914392,0,1
977.366040199,2,2,622,8,63,0,0,4185,48,8,3839.237880375,0.987458303,0,1
977.460710825,4,4,648,6,63,0,0,4184,48,8,3836.821754195,0.986836871,0,1
977.486059863,1,1,670,6,63,0,0,4184,48,8,3836.159367714,0.986666504,0,1
977.655553857,6,6,675,8,63,0,0,4181,48,8,3826.476855326,0.984176146,0,1
977.759718254,5,5,669,2,63,0,0,4182,48,8,3828.784558566,0.984769691,0,1
977.958782531,7,7,637,3,63,0,0,4184,48,8,3835.424067941,0.986477384,0,1
978.098559121,6,7,637,3,62,1,0,4181,48,8,3826.407978091,0.984158431,1,1
978.203851437,8,8,648,7,63,0,0,4183,48,8,3833.683966060,0.986029827,0,1
978.226146913,3,3,671,1,63,0,0,4182,48,8,3828.577737260,0.984716496,0,1
978.241123005,0,0,673,3,63,0,0,4184,48,8,3837.051070324,0.986895851,0,1
978.366040199,2,2,623,1,63,0,0,4185,48,8,3839.171737143,0.987441290,0,1
978.460710825,4,4,649,6,63,0,0,4184,48,8,3836.749668671,0.986818330,0,1
978.486059863,1,1,671,0,63,0,0,4184,48,8,3836.093224482,0.986649492,0,1
978.655553857,6,6,676,4,63,0,0,4181,48,8,3826.344386570,0.984142075,0,1
978.759718254,5,5,670,2,63,0,0,4182,48,8,3828.712473042,0.984751150,0,1
978.958782531,7,7,638,1,63,0,0,4184,48,8,3835.357924709,0.986460372,0,1
979.098559121,6,7,638,1,62,1,0,4181,48,8,3826.275509335,0.984124359,1,1
979.203851437,8,8,649,4,63,0,0,4183,48,8,3833.611880536,0.986011286,0,1
979.226146913,3,3,672,5,63,0,0,4182,48,8,3828.499709443,0.984696427,0,1
979.241123005,0,0,674,2,63,0,0,4184,48,8,3836.984927092,0.986878839,0,1
979.366040199,2,2,624,3,63,0,0,4185,48,8,3839.099651619,0.987422750,0,1
979.460710825,4,4,650,1,63,0,0,4184,48,8,3836.671640854,0.986798262,0,1
979.486059863,1,1,672,6,63,0,0,4184,48,8,3836.027081250,0.986632480,0,1
979.655553857,6,6,677,1,63,0,0,4181,48,8,3826.211917813,0.984108004,0,1
979.759718254,5,5,671,8,63,0,0,4182,48,8,3828.646329810,0.984734138,0,1
979.795331038,0,6,677,1,62,1,0,4184,48,8,3836.909467037,0.986859431,1,1
979.958782531,7,7,639,0,63,0,0,4184,48,8,3835.285839184,0.986441831,0,1
980.098559121,6,7,639,0,62,1,0,4181,48,8,3826.143040578,0.984090288,1,1
980.203851437,8,8,650,1,63,0,0,4183,48,8,3833.539795011,0.985992746,0,1
980.226146913,3,3,673,4,63,0,0,4182,48,8,3828.415739334,0.984674830,0,1
980.241123005,0,0,675,3,63,0,0,4184,48,8,3836.846516043,0.986843240,0,1
980.366040199,2,2,625,7,63,0,0,4185,48,8,3839.027566094,0.987404209,0,1
980.460710825,4,4,651,6,63,0,0,4184,48,8,3836.599555330,0.986779721,0,1
980.486059863,1,1,673,8,63,0,0,4184,48,8,3835.954995726,0.986613939,0,1
980.655553857,6,6,678,5,63,0,0,4181,48,8,3826.079449057,0.984073932,0,1
980.759718254,5,5,672,1,63,0,0,4182,48,8,3828.574244285,0.984715598,0,1
980.958782531,7,7,640,3,63,0,0,4184,48,8,3835.219695952,0.986424819,0,1
981.098559121,6,7,640,3,62,1,0,4181,48,8,3826.010571822,0.984056217,1,1
981.203851437,8,8,651,6,63,0,0,4183,48,8,3833.461767194,0.985972677,0,1
981.226146913,3,3,674,2,63,0,0,4182,48,8,3828.349596102,0.984657818,0,1
981.241123005,0,0,676,3,63,0,0,4184,48,8,3836.774430518,0.986824699,0,1
981.366040199,2,2,626,8,63,0,0,4185,48,8,3838.955480570,0.987385669,0,1
981.460710825,4,4,652,7,63,0,0,4184,48,8,3836.521527513,0.986759652,0,1
981.486059863,1,1,674,4,63,0,0,4184,48,8,3835.888852494,0.986596927,0,1
981.655553857,6,6,679,7,63,0,0,4181,48,8,3825.941038008,0.984038333,0,1
981.759718254,5,5,673,6,63,0,0,4182,48,8,3828.502158761,0.984697057,0,1
981.958782531,7,7,641,8,63,0,0,4184,48,8,3835.147610428,0.986406278,0,1
982.098559121,6,7,641,8,62,1,0,4181,48,8,3825.872160773,0.984020617,1,1
982.203851437,8,8,652,1,63,0,0,4183,48,8,3833.383739377,0.985952608,0,1
982.226146913,3,3,675,7,63,0,0,4182,48,8,3828.283452870,0.984640806,0,1
982.241123005,0,0,677,3,63,0,0,4184,48,8,3836.708287286,0.986807687,0,1
982.366040199,2,2,627,6,63,0,0,4185,48,8,3838.883395045,0.987367128,0,1
982.460710825,4,4,653,0,63,0,0,4184,48,8,3836.449441988,0.986741112,0,1
982.486059863,1,1,675,6,63,0,0,4184,48,8,3835.816766969,0.986578387,0,1
982.655553857,6,6,680,5,63,0,0,4181,48,8,3825.808569251,0.984004262,0,1
982.759718254,5,5,674,1,63,0,0,4182,48,8,3828.424130944,0.984676988,0,1
982.958782531,7,7,642,8,63,0,0,4184,48,8,3835.081467196,0.986389266,0,1
983.098559121,6,7,642,8,62,1,0,4181,48,8,3825.739692016,0.983986546,1,1
983.203851437,8,8,653,5,63,0,0,4183,48,8,3833.305711560,0.985932539,0,1
983.226146913,3,3,676,8,63,0,0,4182,48,8,3828.205425053,0.984620737,0,1
983.241123005,0,0,678,8,63,0,0,4184,48,8,3836.636201762,0.986789147,0,1
983.366040199,2,2,628,6,63,0,0,4185,48,8,3838.811309521,0.987348588,0,1
983.460710825,4,4,654,2,63,0,0,4184,48,8,3836.377356464,0.986722571,0,1
983.486059863,1,1,676,6,63,0,0,4184,48,8,3835.738739152,0.986558318,0,1
983.655553857,6,6,681,8,63,0,0,4181,48,8,3825.670158202,0.983968662,0,1
983.759718254,5,5,675,7,63,0,0,4182,48,8,3828.346103127,0.984656920,0,1
983.958782531,7,7,643,4,63,0,0,4184,48,8,3835.009381671,0.986370726,0,1
984.203851437,8,8,654,6,63,0,0,4183,48,8,3833.233626036,0.985913998,0,1
984.226146913,3,3,677,6,63,0,0,4182,48,8,3828.133339529,0.984602196,0,1
984.241123005,0,0,679,7,63,0,0,4184,48,8,3836.564116237,0.986770606,0,1
984.366040199,2,2,629,4,63,0,0,4185,48,8,3838.739223996,0.987330047,0,1
984.460710825,4,4,655,7,63,0,0,4184,48,8,3836.305270939,0.986704031,0,1
984.486059863,1,1,677,4,63,0,0,4184,48,8,3835.666653628,0.986539777,0,1
984.655553857,6,6,682,0,63,0,0,4181,48,8,3825.604014970,0.983951650,0,1
984.759718254,5,5,676,2,63,0,0,4182,48,8,3828.274017602,0.984638379,0,1
984.899495089,1,5,676,2,62,1,0,4184,48,8,3835.597946716,0.986522106,1,1
984.958782531,7,7,644,2,63,0,0,4184,48,8,3834.943238439,0.986353714,0,1
985.203851437,8,8,655,4,63,0,0,4183,48,8,3833.161540511,0.985895458,0,1
985.226146913,3,3,678,5,63,0,0,4182,48,8,3828.067196297,0.984585184,0,1
985.241123005,0,0,680,1,63,0,0,4184,48,8,3836.492030713,0.986752066,0,1
985.343628029,7,8,655,4,62,1,0,4184,48,8,3834.874696205,0.986336084,1,1
985.366040199,2,2,630,7,63,0,0,4185,48,8,3838.661196179,0.987309978,0,1
985.460710825,4,4,656,2,63,0,0,4184,48,8,3836.239127707,0.986687018,0,1
985.486059863,1,1,678,6,63,0,0,4184,48,8,3835.534184871,0.986505706,0,1
985.655553857,6,6,683,3,63,0,0,4181,48,8,3825.537871738,0.983934638,0,1
985.759718254,5,5,677,0,63,0,0,4182,48,8,3828.207874370,0.984621367,0,1
985.958782531,7,7,645,3,63,0,0,4184,48,8,3834.810769683,0.986319642,0,1
986.098559121,6,7,645,3,62,1,0,4181,48,8,3825.468994503,0.983916922,1,1
986.203851437,8,8,656,7,63,0,0,4183,48,8,3833.077570402,0.985873861,0,1
986.226146913,3,3,679,0,63,0,0,4182,48,8,3828.001053065,0.984568172,0,1
986.241123005,0,0,681,6,63,0,0,4184,48,8,3836.414002896,0.986731997,0,1
986.366040199,2,2,631,8,63,0,0,4185,48,8,3838.595052947,0.987292966,0,1
986.460710825,4,4,657,7,63,0,0,4184,48,8,3836.167042183,0.986668478,0,1
986.486059863,1,1,679,8,63,0,0,4184,48,8,3835.462099347,0.986487165,0,1
986.655553857,6,6,684,1,63,0,0,4181,48,8,3825.405402982,0.983900567,0,1
986.759718254,5,5,678,8,63,0,0,4182,48,8,3828.141731138,0.984604355,0,1
986.958782531,7,7,646,5,63,0,0,4184,48,8,3834.744626451,0.986302630,0,1
987.203851437,8,8,657,5,63,0,0,4183,48,8,3833.005484877,0.985855320,0,1
987.226146913,3,3,680,8,63,0,0,4181,48,8,3827.928967540,0.984549632,0,1
987.241123005,0,0,682,1,63,0,0,4184,48,8,3836.335975079,0.986711928,0,1
987.365923503,6,3,680,8,62,1,0,4181,48,8,3825.329043436,0.983880927,1,1
987.366040199,2,2,632,6,63,0,0,4185,48,8,3838.517025130,0.987272897,0,1
987.460710825,4,4,658,0,63,0,0,4184,48,8,3836.094956658,0.986649937,0,1
987.486059863,1,1,680,0,63,0,0,4184,48,8,3835.390013822,0.986468625,0,1
987.655553857,6,6,685,8,63,0,0,4181,48,8,3825.266991933,0.983864967,0,1
987.759718254,5,5,679,0,63,0,0,4182,48,8,3828.069645614,0.984585814,0,1
987.958782531,7,7,647,2,63,0,0,4184,48,8,3834.678483219,0.986285618,0,1
988.098559366,5,7,647,2,62,1,0,4182,48,8,3828.001368364,0.984568253,1,1
988.203851437,8,8,658,1,63,0,0,4183,48,8,3832.921514768,0.985833723,0,1
988.226146913,3,3,681,0,63,0,0,4181,48,8,3827.856882016,0.984531091,0,1
988.241123005,0,0,683,7,63,0,0,4184,48,8,3836.263889554,0.986693387,0,1
988.366040199,2,2,633,5,63,0,0,4185,48,8,3838.444939606,0.987254357,0,1
988.460710825,4,4,659,6,63,0,0,4184,48,8,3836.022871134,0.986631397,0,1
988.486059863,1,1,681,3,63,0,0,4184,48,8,3835.311986005,0.986448556,0,1
988.655553857,6,6,686,5,63,0,0,4181,48,8,3825.194906408,0.983846427,0,1
988.759718254,5,5,680,7,63,0,0,4181,48,8,3827.937176857,0.984551743,0,1
988.958782531,7,7,648,6,63,0,0,4184,48,8,3834.606397694,0.986267078,0,1
989.203851437,8,8,659,6,63,0,0,4183,48,8,3832.843486951,0.985813654,0,1
989.226146913,3,3,682,2,63,0,0,4181,48,8,3827.778854199,0.984511022,0,1
989.241123005,0,0,684,8,63,0,0,4184,48,8,3836.185861738,0.986673318,0,1
989.366040199,2,2,634,4,63,0,0,4185,48,8,3838.372854081,0.987235816,0,1
989.460710825,4,4,660,6,63,0,0,4184,48,8,3835.950785609,0.986612856,0,1
989.486059863,1,1,682,8,63,0,0,4184,48,8,3835.233958188,0.986428487,0,1
989.655553857,6,6,687,2,63,0,0,4181,48,8,3825.122820884,0.983827886,0,1
989.759718254,5,5,681,6,63,0,0,4181,48,8,3827.865091333,0.984533203,0,1
989.958782531,7,7,649,3,63,0,0,4184,48,8,3834.534312170,0.986248537,0,1
990.098559121,6,7,649,3,62,1,0,4181,48,8,3825.053943649,0.983810171,1,1
990.203851437,8,8,660,6,63,0,0,4183,48,8,3832.771401426,0.985795114,0,1
990.226146913,3,3,683,4,63,0,0,4181,48,8,3827.712710967,0.984494010,0,1
990.241123005,0,0,685,6,63,0,0,4184,48,8,3836.119718506,0.986656306,0,1
990.366040199,2,2,635,8,63,0,0,4185,48,8,3838.306710849,0.987218804,0,1
990.460710825,4,4,661,1,63,0,0,4184,48,8,3835.878700085,0.986594316,0,1
990.486059863,1,1,683,6,63,0,0,4184,48,8,3835.161872664,0.986409947,0,1
990.505816789,5,2,635,8,62,1,0,4181,48,8,3827.782583696,0.984511981,1,1
990.655553857,6,6,688,5,63,0,0,4181,48,8,3824.990352127,0.983793815,0,1
990.759718254,5,5,682,2,63,0,0,4181,48,8,3827.720737991,0.984496075,0,1
990.795330447,7,6,688,5,62,1,0,4183,48,8,3834.457225837,0.986228710,1,1
990.899495089,1,5,682,2,62,1,0,4184,48,8,3835.093165752,0.986392275,1,1
990.958782531,7,7,650,6,63,0,0,4183,48,8,3834.395901121,0.986212938,0,1
991.203851437,8,8,661,2,63,0,0,4183,48,8,3832.699315902,0.985776573,0,1
991.226146913,3,3,684,5,63,0,0,4181,48,8,3827.640625442,0.984475470,0,1
991.241123005,0,0,686,7,63,0,0,4184,48,8,3836.041690689,0.986636237,0,1
991.366040199,2,2,636,5,63,0,0,4185,48,8,3838.234625325,0.987200264,0,1
991.460710825,4,4,662,2,63,0,0,4184,48,8,3835.806614560,0.986575775,0,1
991.486059863,1,1,684,2,63,0,0,4184,48,8,3835.029403907,0.986375875,0,1
991.655553857,6,6,689,0,63,0,0,4181,48,8,3824.912324310,0.983773746,0,1
991.759718254,5,5,683,1,63,0,0,4181,48,8,3827.648652467,0.984477534,0,1
991.958782531,7,7,651,2,63,0,0,4183,48,8,3834.329757889,0.986195925,0,1
992.203851437,8,8,662,2,63,0,0,4183,48,8,3832.627230377,0.985758033,0,1
992.226146913,3,3,685,1,63,0,0,4181,48,8,3827.568539918,0.984456929,0,1
992.241123005,0,0,687,6,63,0,0,4184,48,8,3835.969605164,0.986617697,0,1
992.366040199,2,2,637,7,63,0,0,4185,48,8,3838.150655215,0.987178666,0,1
992.460710825,4,4,663,8,63,0,0,4184,48,8,3835.734529036,0.986557235,0,1
992.486059863,1,1,685,6,63,0,0,4184,48,8,3834.957318383,0.986357335,0,1
992.655553857,6,6,690,8,63,0,0,4181,48,8,3824.840238786,0.983755205,0,1
992.759718254,5,5,684,8,63,0,0,4181,48,8,3827.576566942,0.984458994,0,1
992.958782531,7,7,652,0,63,0,0,4183,48,8,3834.257672364,0.986177385,0,1
993.203851437,8,8,663,2,63,0,0,4183,48,8,3832.549202560,0.985737964,0,1
993.226146913,3,3,686,7,63,0,0,4181,48,8,3827.484569808,0.984435332,0,1
993.241123005,0,0,688,4,63,0,0,4184,48,8,3835.891577347,0.986597628,0,1
993.366040199,2,2,638,0,63,0,0,4185,48,8,3838.078569691,0.987160126,0,1
993.460710825,4,4,664,0,63,0,0,4184,48,8,3835.656501219,0.986537166,0,1
993.486059863,1,1,686,7,63,0,0,4184,48,8,3834.885232858,0.986338794,0,1
993.655553857,6,6,691,7,63,0,0,4181,48,8,3824.768153261,0.983736665,0,1
993.759718254,5,5,685,8,63,0,0,4181,48,8,3827.510423710,0.984441981,0,1
993.958782531,7,7,653,6,63,0,0,4183,48,8,3834.185586840,0.986158844,0,1
994.203851437,8,8,664,0,63,0,0,4183,48,8,3832.477117036,0.985719423,0,1
994.226146913,3,3,687,1,63,0,0,4181,48,8,3827.406541991,0.984415263,0,1
994.241123005,0,0,689,6,63,0,0,4184,48,8,3835.819491823,0.986579087,0,1
994.343628029,7,8,664,0,62,1,0,4183,48,8,3834.117044605,0.986141215,1,1
994.366040199,2,2,639,1,63,0,0,4185,48,8,3838.000541874,0.987140057,0,1
994.460710825,4,4,665,2,63,0,0,4184,48,8,3835.584415694,0.986518625,0,1
994.483404619,6,8,664,0,61,2,0,4180,48,8,3824.691117024,0.983716851,1,1
994.486059863,1,1,687,6,63,0,0,4184,48,8,3834.813147334,0.986320254,0,1
994.655553857,6,6,692,0,63,0,0,4180,48,8,3824.629742213,0.983701065,0,1
994.759718254,5,5,686,4,63,0,0,4181,48,8,3827.438338186,0.984423441,0,1
994.958782531,7,7,654,8,63,0,0,4183,48,8,3834.047175791,0.986123245,0,1
995.098559121,6,7,654,8,62,1,0,4180,48,8,3824.560864978,0.983683350,1,1
995.203851437,8,8,665,1,63,0,0,4183,48,8,3832.405031512,0.985700883,0,1
995.226146913,3,3,688,8,63,0,0,4181,48,8,3827.334456467,0.984396722,0,1
995.241123005,0,0,690,6,63,0,0,4184,48,8,3835.747406298,0.986560547,0,1
995.366040199,2,2,640,7,63,0,0,4185,48,8,3837.922514057,0.987119988,0,1
995.460710825,4,4,666,0,63,0,0,4184,48,8,3835.512330170,0.986500085,0,1
995.486059863,1,1,688,4,63,0,0,4184,48,8,3834.747004102,0.986303242,0,1
995.600487660,6,4,666,0,62,1,0,4180,48,8,3824.485706052,0.983664019,1,1
995.759718254,5,5,687,7,63,0,0,4181,48,8,3827.372194954,0.984406429,0,1
995.760743660,6,6,693,1,63,0,0,4180,48,8,3824.424399746,0.983648251,0,1
995.958782531,7,7,655,3,63,0,0,4183,48,8,3833.969147974,0.986103176,0,1
996.203851437,8,8,666,6,63,0,0,4183,48,8,3832.327003695,0.985680814,0,1
996.226146913,3,3,689,1,63,0,0,4181,48,8,3827.256428650,0.984376653,0,1
996.241123005,0,0,691,7,63,0,0,4184,48,8,3835.681263066,0.986543535,0,1
996.366040199,2,2,641,4,63,0,0,4185,48,8,3837.850428533,0.987101448,0,1
996.460710825,4,4,667,2,63,0,0,4184,48,8,3835.434302353,0.986480016,0,1
996.486059863,1,1,689,7,63,0,0,4184,48,8,3834.680860870,0.986286230,0,1
996.655553857,6,6,694,5,63,0,0,4180,48,8,3824.358862407,0.983631395,0,1
996.759718254,5,5,688,3,63,0,0,4181,48,8,3827.300109429,0.984387888,0,1
996.795330447,7,6,694,5,62,1,0,4183,48,8,3833.898003933,0.986084878,1,1
996.958782531,7,7,656,6,63,0,0,4183,48,8,3833.836679217,0.986069105,0,1
997.203851437,8,8,667,3,63,0,0,4183,48,8,3832.254918170,0.985662273,0,1
997.226146913,3,3,690,6,63,0,0,4181,48,8,3827.184343125,0.984358113,0,1
997.241123005,0,0,692,8,63,0,0,4184,48,8,3835.615119834,0.986526523,0,1
997.366040199,2,2,642,0,63,0,0,4185,48,8,3837.778343008,0.987082907,0,1
997.460710825,4,4,668,8,63,0,0,4184,48,8,3835.362216828,0.986461476,0,1
997.486059863,1,1,690,4,63,0,0,4184,48,8,3834.608775345,0.986267689,0,1
997.655553857,6,6,695,4,63,0,0,4180,48,8,3824.286776883,0.983612854,0,1
997.759718254,5,5,689,3,63,0,0,4181,48,8,3827.222081612,0.984367819,0,1
997.958782531,7,7,657,4,63,0,0,4183,48,8,3833.770535985,0.986052093,0,1
998.098559121,6,7,657,4,62,1,0,4180,48,8,3824.217899648,0.983595139,1,1
998.203851437,8,8,668,7,63,0,0,4183,48,8,3832.176890353,0.985642204,0,1
998.226146913,3,3,691,5,63,0,0,4181,48,8,3827.112257601,0.984339572,0,1
998.241123005,0,0,693,5,63,0,0,4184,48,8,3835.543034310,0.986507982,0,1
998.366040199,2,2,643,0,63,0,0,4184,48,8,3837.712199776,0.987065895,0,1
998.460710825,4,4,669,1,63,0,0,4184,48,8,3835.284189011,0.986441407,0,1
998.486059863,1,1,691,6,63,0,0,4184,48,8,3834.536689821,0.986249149,0,1
998.655553857,6,6,696,0,63,0,0,4180,48,8,3824.154308126,0.983578783,0,1
998.759718254,5,5,690,3,63,0,0,4181,48,8,3827.144053796,0.984347750,0,1
998.958782531,7,7,658,3,63,0,0,4183,48,8,3833.704392753,0.986035080,0,1
999.098559121,6,7,658,3,62,1,0,4180,48,8,3824.085430891,0.983561068,1,1
999.203851437,8,8,669,7,63,0,0,4183,48,8,3832.092920244,0.985620607,0,1
999.226146913,3,3,692,7,63,0,0,4181,48,8,3827.040172076,0.984321032,0,1
999.241123005,0,0,694,5,63,0,0,4184,48,8,3835.476891078,0.986490970,0,1
999.366040199,2,2,644,0,63,0,0,4184,48,8,3837.634171959,0.987045826,0,1
999.460710825,4,4,670,8,63,0,0,4184,48,8,3835.206161194,0.986421338,0,1
999.486059863,1,1,692,0,63,0,0,4183,48,8,3834.464604296,0.986230608,0,1
999.655553857,6,6,697,1,63,0,0,4180,48,8,3824.015897077,0.983543183,0,1
999.759718254,5,5,691,1,63,0,0,4181,48,8,3827.060083686,0.984326153,0,1
999.958782531,7,7,659,6,63,0,0,4183,48,8,3833.638249521,0.986018068,0,1
1000.203851437,8,8,670,4,63,0,0,4183,48,8,3832.020834719,0.985602067,0,1
1000.226146913,3,3,693,5,63,0,0,4181,48,8,3826.962144259,0.984300963,0,1
1000.241123005,0,0,695,6,63,0,0,4184,48,8,3835.404805553,0.986472429,0,1
1000.366040199,2,2,645,3,63,0,0,4184,48,8,3837.568028727,0.987028814,0,1
1000.460710825,4,4,671,6,63,0,0,4184,48,8,3835.128133378,0.986401269,0,1
1000.486059863,1,1,693,8,63,0,0,4183,48,8,3834.398461064,0.986213596,0,1
1000.655553857,6,6,698,4,63,0,0,4180,48,8,3823.943811553,0.983524643,0,1
1000.759718254,5,5,692,7,63,0,0,4181,48,8,3826.982055869,0.984306084,0,1
1000.795330447,7,6,698,4,62,1,0,4183,48,8,3833.567105481,0.985999770,1,1
1000.935107037,6,6,698,4,61,2,0,4180,48,8,3823.875875802,0.983507170,0,1
1000.958782531,7,7,660,1,63,0,0,4183,48,8,3833.505780765,0.985983997,0,1
1001.203851437,8,8,671,0,63,0,0,4183,48,8,3831.954691487,0.985585054,0,1
1001.226146913,3,3,694,2,63,0,0,4181,48,8,3826.896001027,0.984283951,0,1
1001.241123005,0,0,696,1,63,0,0,4184,48,8,3835.332720029,0.986453889,0,1
1001.343628029,7,8,671,0,62,1,0,4183,48,8,3833.437238530,0.985966368,1,1
1001.366040199,2,2,646,3,63,0,0,4184,48,8,3837.490000910,0.987008745,0,1
1001.460710825,4,4,672,7,63,0,0,4184,48,8,3835.056047853,0.986382728,0,1
1001.486059863,1,1,694,6,63,0,0,4183,48,8,3834.326375540,0.986195055,0,1
1001.655553857,6,6,699,7,63,0,0,4180,48,8,3823.811342796,0.983490572,0,1
1001.759718254,5,5,693,4,63,0,0,4181,48,8,3826.915912637,0.984289072,0,1
1001.958782531,7,7,661,2,63,0,0,4183,48,8,3833.361427423,0.985946869,0,1
1002.098559366,5,7,661,2,62,1,0,4181,48,8,3826.847635388,0.984271511,1,1
1002.203851437,8,8,672,0,63,0,0,4183,48,8,3831.876663670,0.985564986,0,1
1002.226146913,3,3,695,6,63,0,0,4181,48,8,3826.829857795,0.984266939,0,1
1002.241123005,0,0,697,7,63,0,0,4184,48,8,3835.260634504,0.986435348,0,1
1002.366040199,2,2,647,8,63,0,0,4184,48,8,3837.411973093,0.986988676,0,1
1002.460710825,4,4,673,3,63,0,0,4184,48,8,3834.978020036,0.986362659,0,1
1002.486059863,1,1,695,7,63,0,0,4183,48,8,3834.248347723,0.986174987,0,1
1002.600487660,6,4,673,3,62,1,0,4180,48,8,3823.727689868,0.983469056,1,1
1002.759718254,5,5,694,1,63,0,0,4181,48,8,3826.783443881,0.984255001,0,1
1002.760743660,6,6,700,8,63,0,0,4180,48,8,3823.666383562,0.983453288,0,1
1002.958782531,7,7,662,1,63,0,0,4183,48,8,3833.295284191,0.985929857,0,1
1003.098559121,6,7,662,1,62,1,0,4180,48,8,3823.598112220,0.983435728,1,1
1003.203851437,8,8,673,6,63,0,0,4183,48,8,3831.798635853,0.985544917,0,1
1003.226146913,3,3,696,5,63,0,0,4181,48,8,3826.751829978,0.984246870,0,1
1003.241123005,0,0,698,1,63,0,0,4184,48,8,3835.188548980,0.986416808,0,1
1003.366040199,2,2,648,5,63,0,0,4184,48,8,3837.345829861,0.986971664,0,1
1003.460710825,4,4,674,0,63,0,0,4184,48,8,3834.911876804,0.986345647,0,1
1003.486059863,1,1,696,5,63,0,0,4183,48,8,3834.170319906,0.986154918,0,1
1003.655553857,6,6,701,4,63,0,0,4180,48,8,3823.528578406,0.983417844,0,1
1003.759718254,5,5,695,8,63,0,0,4181,48,8,3826.711358356,0.984236460,0,1
1003.958782531,7,7,663,5,63,0,0,4183,48,8,3833.223198667,0.985911317,0,1
1004.203851437,8,8,674,1,63,0,0,4183,48,8,3831.720608036,0.985524848,0,1
1004.226146913,3,3,697,8,63,0,0,4181,48,8,3826.679744454,0.984228329,0,1
1004.241123005,0,0,699,3,63,0,0,4184,48,8,3835.122405748,0.986399796,0,1
1004.366040199,2,2,649,3,63,0,0,4184,48,8,3837.267802044,0.986951595,0,1
1004.460710825,4,4,675,6,63,0,0,4184,48,8,3834.839791280,0.986327107,0,1
1004.486059863,1,1,697,3,63,0,0,4183,48,8,3834.092292089,0.986134849,0,1
1004.655553857,6,6,702,7,63,0,0,4180,48,8,3823.456492881,0.983399304,0,1
1004.759718254,5,5,696,6,63,0,0,4181,48,8,3826.639272832,0.984217920,0,1
1004.958782531,7,7,664,6,63,0,0,4183,48,8,3833.157055435,0.985894304,0,1
1005.203851437,8,8,675,4,63,0,0,4183,48,8,3831.642580219,0.985504779,0,1
1005.226146913,3,3,698,2,63,0,0,4181,48,8,3826.601716637,0.984208260,0,1
1005.241123005,0,0,700,3,63,0,0,4184,48,8,3835.056262516,0.986382784,0,1
1005.366040199,2,2,650,4,63,0,0,4184,48,8,3837.195716520,0.986933055,0,1
1005.460710825,4,4,676,1,63,0,0,4184,48,8,3834.761763463,0.986307038,0,1
1005.486059863,1,1,698,4,63,0,0,4183,48,8,3834.014264272,0.986114780,0,1
1005.655553857,6,6,703,5,63,0,0,4180,48,8,3823.384407357,0.983380763,0,1
1005.759718254,5,5,697,3,63,0,0,4181,48,8,3826.567187307,0.984199379,0,1
1005.958782531,7,7,665,3,63,0,0,4183,48,8,3833.090912203,0.985877292,0,1
1006.203851437,8,8,676,4,63,0,0,4183,48,8,3831.570494695,0.985486238,0,1
1006.226146913,3,3,699,1,63,0,0,4181,48,8,3826.523688820,0.984188192,0,1
1006.241123005,0,0,701,3,63,0,0,4184,48,8,3834.984176991,0.986364243,0,1
1006.366040199,2,2,651,6,63,0,0,4184,48,8,3837.123630995,0.986914514,0,1
1006.460710825,4,4,677,3,63,0,0,4184,48,8,3834.689677938,0.986288497,0,1
1006.486059863,1,1,699,6,63,0,0,4183,48,8,3833.948121040,0.986097768,0,1
1006.600487660,6,4,677,3,62,1,0,4180,48,8,3823.312639014,0.983362304,1,1
1006.759718254,5,5,698,7,63,0,0,4181,48,8,3826.495101783,0.984180839,0,1
1006.760743660,6,6,704,4,63,0,0,4180,48,8,3823.251332707,0.983346536,0,1
1006.958782531,7,7,666,3,63,0,0,4183,48,8,3833.024768971,0.985860280,0,1
1007.098559121,6,7,666,3,62,1,0,4180,48,8,3823.183061366,0.983328977,1,1
1007.203851437,8,8,677,2,63,0,0,4183,48,8,3831.492466878,0.985466169,0,1
1007.226146913,3,3,700,1,63,0,0,4181,48,8,3826.451603296,0.984169651,0,1
1007.241123005,0,0,702,8,63,0,0,4184,48,8,3834.912091467,0.986345703,0,1
1007.366040199,2,2,652,4,63,0,0,4184,48,8,3837.057487763,0.986897502,0,1
1007.380900186,6,0,702,8,62,1,0,4180,48,8,3823.115109557,0.983311499,1,1
1007.460710825,4,4,678,7,63,0,0,4184,48,8,3834.611650121,0.986268429,0,1
1007.486059863,1,1,700,6,63,0,0,4183,48,8,3833.881977808,0.986080756,0,1
1007.655553857,6,6,705,1,63,0,0,4180,48,8,3823.053144319,0.983295562,0,1
1007.759718254,5,5,699,2,63,0,0,4181,48,8,3826.428958551,0.984163827,0,1
1007.795331038,0,6,705,1,62,1,0,4184,48,8,3834.842573704,0.986327822,1,1
1007.958782531,7,7,667,5,63,0,0,4183,48,8,3832.946741154,0.985840211,0,1
1008.203851437,8,8,678,5,63,0,0,4183,48,8,3831.420381353,0.985447629,0,1
1008.226146913,3,3,701,8,63,0,0,4181,48,8,3826.379517771,0.984151111,0,1
1008.241123005,0,0,703,7,63,0,0,4184,48,8,3834.779622710,0.986311631,0,1
1008.365923503,6,3,701,8,62,1,0,4180,48,8,3822.970842481,0.983274394,1,1
1008.366040199,2,2,653,6,63,0,0,4184,48,8,3836.985402239,0.986878961,0,1
1008.460710825,4,4,679,1,63,0,0,4184,48,8,3834.539564597,0.986249888,0,1
1008.486059863,1,1,701,5,63,0,0,4183,48,8,3833.809892284,0.986062215,0,1
1008.655553857,6,6,706,0,63,0,0,4180,48,8,3822.908790978,0.983258434,0,1
1008.759718254,5,5,700,6,63,0,0,4181,48,8,3826.350930734,0.984143758,0,1
1008.958782531,7,7,668,2,63,0,0,4183,48,8,3832.874655629,0.985821671,0,1
1009.098559366,5,7,668,2,62,1,0,4181,48,8,3826.282653484,0.984126197,1,1
1009.203851437,8,8,679,4,63,0,0,4183,48,8,3831.348295829,0.985429088,0,1
1009.226146913,3,3,702,5,63,0,0,4181,48,8,3826.307432247,0.984132570,0,1
1009.241123005,0,0,704,3,63,0,0,4184,48,8,3834.707537186,0.986293091,0,1
1009.366040199,2,2,654,1,63,0,0,4184,48,8,3836.907374422,0.986858893,0,1
1009.460710825,4,4,680,8,63,0,0,4183,48,8,3834.467479072,0.986231347,0,1
1009.486059863,1,1,702,2,63,0,0,4183,48,8,3833.737806759,0.986043675,0,1
1009.600487660,6,4,680,8,62,1,0,4180,48,8,3822.831080342,0.983238447,1,1
1009.759718254,5,5,701,2,63,0,0,4181,48,8,3826.212519685,0.984108158,0,1
1009.760743660,6,6,707,3,63,0,0,4180,48,8,3822.769774036,0.983222679,0,1
1009.958782531,7,7,669,6,63,0,0,4183,48,8,3832.802570105,0.985803130,0,1
1010.203851437,8,8,680,2,63,0,0,4183,48,8,3831.264325720,0.985407491,0,1
1010.226146913,3,3,703,2,63,0,0,4181,48,8,3826.229404430,0.984112501,0,1
1010.241123005,0,0,705,3,63,0,0,4184,48,8,3834.629509369,0.986273022,0,1
1010.366040199,2,2,655,1,63,0,0,4184,48,8,3836.835288897,0.986840352,0,1
1010.460710825,4,4,681,0,63,0,0,4183,48,8,3834.395393548,0.986212807,0,1
1010.486059863,1,1,703,7,63,0,0,4183,48,8,3833.665721235,0.986025134,0,1
1010.655553857,6,6,708,4,63,0,0,4180,48,8,3822.698294405,0.983204294,0,1
1010.759718254,5,5,702,3,63,0,0,4181,48,8,3826.146376453,0.984091146,0,1
1010.958782531,7,7,670,8,63,0,0,4183,48,8,3832.736426873,0.985786118,0,1
1011.098559121,6,7,670,8,62,1,0,4180,48,8,3822.629417170,0.983186578,1,1
1011.203851437,8,8,681,3,63,0,0,4182,48,8,3831.186297903,0.985387422,0,1
1011.226146913,3,3,704,6,63,0,0,4181,48,8,3826.145434320,0.984090904,0,1
1011.241123005,0,0,706,3,63,0,0,4184,48,8,3834.551481552,0.986252953,0,1
1011.366040199,2,2,656,3,63,0,0,4184,48,8,3836.769145665,0.986823340,0,1
1011.460710825,4,4,682,3,63,0,0,4183,48,8,3834.323308023,0.986194266,0,1
1011.486059863,1,1,704,7,63,0,0,4183,48,8,3833.599578003,0.986008122,0,1
1011.600487660,6,4,682,3,62,1,0,4180,48,8,3822.554258244,0.983167247,1,1
1011.759718254,5,5,703,7,63,0,0,4181,48,8,3826.074290928,0.984072606,0,1
1011.760743660,6,6,709,0,63,0,0,4180,48,8,3822.492951938,0.983151479,0,1
1011.958782531,7,7,671,8,63,0,0,4183,48,8,3832.670283641,0.985769106,0,1
1012.098559121,6,7,671,8,62,1,0,4180,48,8,3822.424680596,0.983133920,1,1
1012.203851437,8,8,682,6,63,0,0,4182,48,8,3831.114212378,0.985368882,0,1
1012.226146913,3,3,705,7,63,0,0,4181,48,8,3826.067406503,0.984070835,0,1
1012.241123005,0,0,707,3,63,0,0,4183,48,8,3834.473453735,0.986232884,0,1
1012.366040199,2,2,657,4,63,0,0,4184,48,8,3836.691117848,0.986803271,0,1
1012.460710825,4,4,683,8,63,0,0,4183,48,8,3834.251222499,0.986175726,0,1
1012.486059863,1,1,705,6,63,0,0,4183,48,8,3833.527492478,0.985989581,0,1
1012.655553857,6,6,710,4,63,0,0,4180,48,8,3822.361089075,0.983117564,0,1
1012.759718254,5,5,704,0,63,0,0,4181,48,8,3826.008147696,0.984055594,0,1
1012.958782531,7,7,672,2,63,0,0,4183,48,8,3832.604140409,0.985752094,0,1
1013.098559366,5,7,672,2,62,1,0,4181,48,8,3825.939870447,0.984038033,1,1
1013.203851437,8,8,683,4,63,0,0,4182,48,8,3831.042126854,0.985350341,0,1
1013.226146913,3,3,706,7,63,0,0,4181,48,8,3825.989378686,0.984050766,0,1
1013.241123005,0,0,708,5,63,0,0,4183,48,8,3834.407310503,0.986215872,0,1
1013.366040199,2,2,658,3,63,0,0,4184,48,8,3836.613090031,0.986783202,0,1
1013.460710825,4,4,684,7,63,0,0,4183,48,8,3834.179136974,0.986157185,0,1
1013.486059863,1,1,706,8,63,0,0,4183,48,8,3833.455406954,0.985971041,0,1
1013.655553857,6,6,711,4,63,0,0,4180,48,8,3822.289003550,0.983099024,0,1
1013.759718254,5,5,705,3,63,0,0,4181,48,8,3825.875678940,0.984021522,0,1
1013.958782531,7,7,673,1,63,0,0,4183,48,8,3832.532054885,0.985733553,0,1
1014.203851437,8,8,684,5,63,0,0,4182,48,8,3830.970041329,0.985331801,0,1
1014.226146913,3,3,707,1,63,0,0,4181,48,8,3825.917293162,0.984032226,0,1
1014.241123005,0,0,709,1,63,0,0,4183,48,8,3834.335224978,0.986197332,0,1
1014.366040199,2,2,659,6,63,0,0,4184,48,8,3836.541004507,0.986764662,0,1
1014.460710825,4,4,685,0,63,0,0,4183,48,8,3834.107051450,0.986138645,0,1
1014.486059863,1,1,707,7,63,0,0,4183,48,8,3833.377379137,0.985950972,0,1
1014.655553857,6,6,712,1,63,0,0,4180,48,8,3822.216918026,0.983080483,0,1
1014.759718254,5,5,706,6,63,0,0,4181,48,8,3825.809535708,0.984004510,0,1
1014.958782531,7,7,674,6,63,0,0,4183,48,8,3832.465911653,0.985716541,0,1
1015.203851437,8,8,685,5,63,0,0,4182,48,8,3830.903898097,0.985314789,0,1
1015.226146913,3,3,708,5,63,0,0,4181,48,8,3825.833323052,0.984010628,0,1
1015.241123005,0,0,710,2,63,0,0,4183,48,8,3834.269081746,0.986180319,0,1
1015.366040199,2,2,660,0,63,0,0,4184,48,8,3836.468918982,0.986746121,0,1
1015.460710825,4,4,686,6,63,0,0,4183,48,8,3834.034965925,0.986120104,0,1
1015.486059863,1,1,708,7,63,0,0,4183,48,8,3833.305293612,0.985932431,0,1
1015.655553857,6,6,713,8,63,0,0,4180,48,8,3822.138890209,0.983060414,0,1
1015.759718254,5,5,707,4,63,0,0,4181,48,8,3825.731507891,0.983984441,0,1
1015.958782531,7,7,675,1,63,0,0,4183,48,8,3832.393826128,0.985698001,0,1
1016.098559121,6,7,675,1,62,1,0,4180,48,8,3822.070012974,0.983042699,1,1
1016.203851437,8,8,686,6,63,0,0,4182,48,8,3830.825870280,0.985294720,0,1
1016.226146913,3,3,709,1,63,0,0,4181,48,8,3825.755295235,0.983990559,0,1
1016.241123005,0,0,711,4,63,0,0,4183,48,8,3834.196996222,0.986161779,0,1
1016.366040199,2,2,661,6,63,0,0,4184,48,8,3836.396833458,0.986727581,0,1
1016.460710825,4,4,687,1,63,0,0,4183,48,8,3833.950995816,0.986098507,0,1
1016.486059863,1,1,709,8,63,0,0,4183,48,8,3833.239150380,0.985915419,0,1
1016.655553857,6,6,714,5,63,0,0,4180,48,8,3822.006421452,0.983026343,0,1
1016.759718254,5,5,708,4,63,0,0,4181,48,8,3825.659422366,0.983965901,0,1
1016.795330447,7,6,714,5,62,1,0,4183,48,8,3832.316739795,0.985678174,1,1
1016.958782531,7,7,676,2,63,0,0,4183,48,8,3832.255415079,0.985662401,0,1
1017.098559366,5,7,676,2,62,1,0,4181,48,8,3825.591145117,0.983948340,1,1
1017.203851437,8,8,687,7,63,0,0,4182,48,8,3830.759727048,0.985277708,0,1
1017.226146913,3,3,710,4,63,0,0,4181,48,8,3825.689152003,0.983973547,0,1
1017.241123005,0,0,712,5,63,0,0,4183,48,8,3834.124910698,0.986143238,0,1
1017.366040199,2,2,662,5,63,0,0,4184,48,8,3836.324747933,0.986709040,0,1
1017.460710825,4,4,688,1,63,0,0,4183,48,8,3833.867025706,0.986076910,0,1
1017.486059863,1,1,710,2,63,0,0,4183,48,8,3833.167064856,0.985896879,0,1
1017.655553857,6,6,715,3,63,0,0,4180,48,8,3821.922451343,0.983004746,0,1
1017.759718254,5,5,709,2,63,0,0,4181,48,8,3825.526953610,0.983931830,0,1
1017.899495089,1,5,709,2,62,1,0,4183,48,8,3833.098357944,0.985879207,1,1
1017.958782531,7,7,677,5,63,0,0,4183,48,8,3832.189271847,0.985645389,0,1
1018.203851437,8,8,688,6,63,0,0,4182,48,8,3830.687641524,0.985259167,0,1
1018.226146913,3,3,711,7,63,0,0,4181,48,8,3825.611124186,0.983953478,0,1
1018.241123005,0,0,713,5,63,0,0,4183,48,8,3834.046882881,0.986123169,0,1
1018.366040199,2,2,663,6,63,0,0,4184,48,8,3836.252662409,0.986690500,0,1
1018.460710825,4,4,689,3,63,0,0,4183,48,8,3833.800882474,0.986059898,0,1
1018.486059863,1,1,711,6,63,0,0,4183,48,8,3833.034596099,0.985862808,0,1
1018.655553857,6,6,716,5,63,0,0,4180,48,8,3821.850365818,0.982986205,0,1
1018.759718254,5,5,710,0,63,0,0,4181,48,8,3825.454868085,0.983913289,0,1
1018.958782531,7,7,678,5,63,0,0,4183,48,8,3832.123128615,0.985628377,0,1
1019.203851437,8,8,689,2,63,0,0,4182,48,8,3830.609613707,0.985239098,0,1
1019.226146913,3,3,712,0,63,0,0,4181,48,8,3825.539038662,0.983934938,0,1
1019.241123005,0,0,714,4,63,0,0,4183,48,8,3833.974797356,0.986104629,0,1
1019.343628029,7,8,689,2,62,1,0,4183,48,8,3832.054586381,0.985610748,1,1
1019.366040199,2,2,664,7,63,0,0,4184,48,8,3836.180576885,0.986671959,0,1
1019.460710825,4,4,690,6,63,0,0,4183,48,8,3833.722854658,0.986039829,0,1
1019.486059863,1,1,712,8,63,0,0,4183,48,8,3832.968452867,0.985845795,0,1
1019.655553857,6,6,717,2,63,0,0,4180,48,8,3821.778280294,0.982967665,0,1
1019.759718254,5,5,711,4,63,0,0,4181,48,8,3825.382782561,0.983894749,0,1
1019.795330447,3,6,717,2,62,1,0,4181,48,8,3825.469434640,0.983917036,1,1
1019.935107037,6,6,717,2,61,2,0,4180,48,8,3821.710344543,0.982950191,0,1
1019.958782531,7,7,679,3,63,0,0,4183,48,8,3831.990659859,0.985594306,0,1
1020.203851437,8,8,690,5,63,0,0,4182,48,8,3830.543470475,0.985222086,0,1
1020.226146913,3,3,713,0,63,0,0,4181,48,8,3825.400627613,0.983899338,0,1
1020.241123005,0,0,715,2,63,0,0,4183,48,8,3833.908654124,0.986087617,0,1
1020.366040199,2,2,665,1,63,0,0,4184,48,8,3836.108491360,0.986653419,0,1
1020.460710825,4,4,691,1,63,0,0,4183,48,8,3833.650769133,0.986021288,0,1
1020.486059863,1,1,713,6,63,0,0,4183,48,8,3832.902309635,0.985828783,0,1
1020.655553857,6,6,718,7,63,0,0,4180,48,8,3821.633926952,0.982930537,0,1
1020.759718254,5,5,712,6,63,0,0,4181,48,8,3825.316639329,0.983877736,0,1
1020.958782531,7,7,680,2,63,0,0,4183,48,8,3831.924516627,0.985577293,0,1
1021.098559366,5,7,680,2,62,1,0,4181,48,8,3825.248362080,0.983860175,1,1
1021.203851437,8,8,691,3,63,0,0,4182,48,8,3830.465442658,0.985202017,0,1
1021.226146913,3,3,714,2,63,0,0,4181,48,8,3825.322599796,0.983879269,0,1
1021.241123005,0,0,716,3,63,0,0,4183,48,8,3833.836568600,0.986069076,0,1
1021.366040199,2,2,666,7,63,0,0,4184,48,8,3836.036405836,0.986634878,0,1
1021.460710825,4,4,692,8,63,0,0,4183,48,8,3833.572741316,0.986001219,0,1
1021.486059863,1,1,714,2,63,0,0,4183,48,8,3832.836166403,0.985811771,0,1
1021.600487660,6,4,692,8,62,1,0,4180,48,8,3821.556216317,0.982910549,1,1
1021.759718254,5,5,713,1,63,0,0,4181,48,8,3825.184170572,0.983843665,0,1
1021.760743660,6,6,719,5,63,0,0,4179,48,8,3821.494910010,0.982894781,0,1
1021.958782531,7,7,681,6,63,0,0,4183,48,8,3831.852431102,0.985558753,0,1
1022.203851437,8,8,692,4,63,0,0,4182,48,8,3830.393357133,0.985183477,0,1
1022.226146913,3,3,715,4,63,0,0,4181,48,8,3825.250514272,0.983860729,0,1
1022.241123005,0,0,717,7,63,0,0,4183,48,8,3833.764483075,0.986050536,0,1
1022.366040199,2,2,667,0,63,0,0,4184,48,8,3835.964320311,0.986616338,0,1
1022.460710825,4,4,693,0,63,0,0,4183,48,8,3833.494713499,0.985981151,0,1
1022.486059863,1,1,715,0,63,0,0,4183,48,8,3832.770023171,0.985794759,0,1
1022.600487660,6,4,693,0,62,1,0,4179,48,8,3821.417805268,0.982874950,1,1
1022.759718254,5,5,714,1,63,0,0,4181,48,8,3825.106142756,0.983823596,0,1
1022.760743660,6,6,720,8,63,0,0,4179,48,8,3821.356498961,0.982859182,0,1
1022.958782531,7,7,682,5,63,0,0,4183,48,8,3831.780345578,0.985540212,0,1
1023.203851437,8,8,693,7,63,0,0,4182,48,8,3830.321271609,0.985164936,0,1
1023.205627681,2,2,18,65535,63,0,0,4184,0,7,3835.912984406,0.986603134,0,1
1023.226146913,3,3,716,0,63,0,0,4181,48,8,3825.178428747,0.983842188,0,1
1023.241123005,0,0,718,5,63,0,0,4183,48,8,3833.692397551,0.986031995,0,1
1023.366040199,2,2,668,8,63,0,0,4184,48,8,3835.851677198,0.986587366,0,1
1023.460710825,4,4,694,3,63,0,0,4183,48,8,3833.416685682,0.985961082,0,1
1023.486059863,1,1,716,2,63,0,0,4183,48,8,3832.688454659,0.985773779,0,1
1023.655553857,6,6,721,8,63,0,0,4179,48,8,3821.279077037,0.982839269,0,1
1023.759718254,5,5,715,2,63,0,0,4181,48,8,3825.034057231,0.983805056,0,1
1023.958782531,7,7,683,3,63,0,0,4183,48,8,3831.714202346,0.985523200,0,1
1024.098559121,6,7,683,3,62,1,0,4179,48,8,3821.210199803,0.982821553,1,1
1024.203851437,8,8,694,6,63,0,0,4182,48,8,3830.249186084,0.985146396,0,1
1024.226146913,3,3,717,4,63,0,0,4181,48,8,3825.100400930,0.983822120,0,1
1024.241123005,0,0,719,2,63,0,0,4183,48,8,3833.620312026,0.986013455,0,1
1024.366040199,2,2,669,4,63,0,0,4184,48,8,3835.785533966,0.986570353,0,1
1024.460710825,4,4,695,3,63,0,0,4183,48,8,3833.344600158,0.985942541,0,1
1024.486059863,1,1,717,0,63,0,0,4183,48,8,3832.616369135,0.985755239,0,1
1024.655553857,6,6,722,4,63,0,0,4179,48,8,3821.146608281,0.982805198,0,1
1024.759718254,5,5,716,3,63,0,0,4181,48,8,3824.961971707,0.983786515,0,1
1024.958782531,7,7,684,5,63,0,0,4183,48,8,3831.642116821,0.985504660,0,1
1025.203851437,8,8,695,1,63,0,0,4182,48,8,3830.171158267,0.985126327,0,1
1025.226146913,3,3,718,5,63,0,0,4181,48,8,3825.028315406,0.983803579,0,1
1025.241123005,0,0,720,6,63,0,0,4183,48,8,3833.554168794,0.985996443,0,1
1025.366040199,2,2,670,1,63,0,0,4184,48,8,3835.707506149,0.986550285,0,1
1025.460710825,4,4,696,3,63,0,0,4183,48,8,3833.272514633,0.985924001,0,1
1025.486059863,1,1,718,7,63,0,0,4183,48,8,3832.550225903,0.985738227,0,1
1025.655553857,6,6,723,3,63,0,0,4179,48,8,3821.074522757,0.982786657,0,1
1025.759718254,5,5,717,6,63,0,0,4181,48,8,3824.883943890,0.983766446,0,1
1025.958782531,7,7,685,0,63,0,0,4183,48,8,3831.570031297,0.985486119,0,1
1026.060164480,4,4,18,65535,63,0,0,4183,0,7,3833.234446484,0.985914209,0,1
1026.098559121,6,7,685,0,62,1,0,4179,48,8,3821.005645522,0.982768942,1,1
1026.203851437,8,8,696,4,63,0,0,4182,48,8,3830.093130450,0.985106258,0,1
1026.226146913,3,3,719,1,63,0,0,4181,48,8,3824.956229881,0.983785039,0,1
1026.241123005,0,0,721,3,63,0,0,4183,48,8,3833.484484867,0.985978520,0,1
1026.366040199,2,2,671,8,63,0,0,4184,48,8,3835.629478332,0.986530216,0,1
1026.422851395,0,0,18,65535,63,0,0,4183,0,8,3833.423054880,0.985962720,0,1
1026.460710825,4,4,697,0,63,0,0,4183,48,8,3833.171756105,0.985898085,0,1
1026.486059863,1,1,719,3,63,0,0,4183,48,8,3832.480541976,0.985720304,0,1
1026.655553857,6,6,724,8,63,0,0,4179,48,8,3820.942054000,0.982752586,0,1
1026.759718254,5,5,718,4,63,0,0,4181,48,8,3824.811858365,0.983747906,0,1
1026.958782531,7,7,686,8,63,0,0,4183,48,8,3831.497945772,0.985467579,0,1
1027.098559121,6,7,686,8,62,1,0,4179,48,8,3820.873176765,0.982734871,1,1
1027.203851437,8,8,697,6,63,0,0,4182,48,8,3830.021044926,0.985087717,0,1
1027.226146913,3,3,720,0,63,0,0,4181,48,8,3824.884144357,0.983766498,0,1
1027.241123005,0,0,722,7,63,0,0,4183,48,8,3833.357958403,0.985945977,0,1
1027.366040199,2,2,672,4,63,0,0,4184,48,8,3835.557392808,0.986511675,0,1
1027.460710825,4,4,698,0,63,0,0,4183,48,8,3833.105612873,0.985881073,0,1
1027.486059863,1,1,720,4,63,0,0,4183,48,8,3832.408456451,0.985701763,0,1
1027.600487660,6,4,698,0,62,1,0,4179,48,8,3820.803960132,0.982717068,1,1
1027.759718254,5,5,719,1,63,0,0,4180,48,8,3824.733830548,0.983727837,0,1
1027.760743660,6,6,725,1,63,0,0,4179,48,8,3820.742653826,0.982701300,0,1
1027.920999660,6,6,18,65535,63,0,0,4179,0,7,3820.707115455,0.982692159,0,1
1027.931177313,1,1,18,65535,63,0,0,4183,0,7,3832.371277279,0.985692201,0,1
1027.958782531,7,7,687,3,63,0,0,4183,48,8,3831.425860248,0.985449038,0,1
1028.129722679,8,8,18,65535,63,0,0,4182,0,7,3829.969212027,0.985074386,0,1
1028.225210679,8,8,698,0,63,0,0,4182,48,8,3829.908278784,0.985058714,0,1
1028.226146913,3,3,721,1,63,0,0,4181,48,8,3824.818001125,0.983749486,0,1
1028.241123005,0,0,723,5,63,0,0,4183,48,8,3833.285872879,0.985927436,0,1
1028.366040199,2,2,673,1,63,0,0,4184,48,8,3835.481766588,0.986492224,0,1
1028.460710825,4,4,699,3,63,0,0,4183,48,8,3833.024044361,0.985860094,0,1
1028.486059863,1,1,721,2,63,0,0,4183,48,8,3832.307697923,0.985675848,0,1
1028.655553857,6,6,726,3,63,0,0,4179,48,8,3820.642501191,0.982675540,0,1
1028.759718254,5,5,720,7,63,0,0,4180,48,8,3824.660605926,0.983709004,0,1
1028.958782531,7,7,688,5,63,0,0,4183,48,8,3831.356176321,0.985431115,0,1
1029.203851437,8,8,699,0,63,0,0,4182,48,8,3829.830373996,0.985038676,0,1
1029.226146913,3,3,722,4,63,0,0,4180,48,8,3824.739973308,0.983729417,0,1
1029.241123005,0,0,724,7,63,0,0,4183,48,8,3833.219729647,0.985910424,0,1
1029.366040199,2,2,674,7,63,0,0,4184,48,8,3835.409681064,0.986473683,0,1
1029.460710825,4,4,700,5,63,0,0,4183,48,8,3832.946016544,0.985840025,0,1
1029.486059863,1,1,722,6,63,0,0,4183,48,8,3832.241554691,0.985658836,0,1
1029.655553857,6,6,727,4,63,0,0,4179,48,8,3820.576357959,0.982658528,0,1
1029.759718254,5,5,721,6,63,0,0,4180,48,8,3824.588520402,0.983690463,0,1
1029.958782531,7,7,689,3,63,0,0,4183,48,8,3831.290033089,0.985414103,0,1
1030.098559121,6,7,689,3,62,1,0,4179,48,8,3820.507480724,0.982640813,1,1
1030.179680522,5,5,18,65535,63,0,0,4180,0,7,3824.551486123,0.983680938,0,1
1030.203851437,8,8,700,7,63,0,0,4182,48,8,3829.746403887,0.985017079,0,1
1030.226146913,3,3,723,1,63,0,0,4180,48,8,3824.673830076,0.983712405,0,1
1030.241123005,0,0,725,3,63,0,0,4183,48,8,3833.153586415,0.985893412,0,1
1030.366040199,2,2,675,5,63,0,0,4184,48,8,3835.339997137,0.986455761,0,1
1030.460710825,4,4,701,0,63,0,0,4183,48,8,3832.867988727,0.985819956,0,1
1030.486059863,1,1,723,7,63,0,0,4183,48,8,3832.163526874,0.985638767,0,1
1030.655553857,6,6,728,0,63,0,0,4179,48,8,3820.443889203,0.982624457,0,1
1030.759718254,5,5,722,6,63,0,0,4180,48,8,3824.487761874,0.983664548,0,1
1030.958782531,7,7,690,3,63,0,0,4182,48,8,3831.223889857,0.985397091,0,1
1031.000395817,3,3,18,65535,63,0,0,4180,0,7,3824.622870521,0.983699298,0,1
1031.098559121,6,7,690,3,62,1,0,4179,48,8,3820.375011968,0.982606742,1,1
1031.203851437,8,8,701,5,63,0,0,4182,48,8,3829.668376070,0.984997010,0,1
1031.226146913,3,3,724,4,63,0,0,4180,48,8,3824.561186963,0.983683433,0,1
1031.241123005,0,0,726,3,63,0,0,4183,48,8,3833.083902488,0.985875489,0,1
1031.366040199,2,2,676,8,63,0,0,4184,48,8,3835.273853905,0.986438748,0,1
1031.460710825,4,4,702,7,63,0,0,4183,48,8,3832.795903203,0.985801415,0,1
1031.486059863,1,1,724,8,63,0,0,4183,48,8,3832.091441350,0.985620227,0,1
1031.655553857,6,6,729,2,63,0,0,4179,48,8,3820.305478154,0.982588858,0,1
1031.759718254,5,5,723,6,63,0,0,4180,48,8,3824.415676349,0.983646007,0,1
1031.958782531,7,7,691,5,63,0,0,4182,48,8,3831.145862040,0.985377022,0,1
1032.203851437,8,8,702,4,63,0,0,4182,48,8,3829.602232838,0.984979998,0,1
1032.226146913,3,3,725,2,63,0,0,4180,48,8,3824.489101438,0.983664892,0,1
1032.241123005,0,0,727,7,63,0,0,4183,48,8,3833.017759256,0.985858477,0,1
1032.366040199,2,2,677,4,63,0,0,4184,48,8,3835.201768380,0.986420208,0,1
1032.460710825,4,4,703,2,63,0,0,4183,48,8,3832.723817678,0.985782875,0,1
1032.486059863,1,1,725,3,63,0,0,4183,48,8,3832.019355825,0.985601686,0,1
1032.655553857,6,6,730,2,63,0,0,4179,48,8,3820.233392629,0.982570317,0,1
1032.759718254,5,5,724,7,63,0,0,4180,48,8,3824.331706240,0.983624410,0,1
1032.795330447,3,6,730,2,62,1,0,4180,48,8,3824.413555124,0.983645462,1,1
1032.847284098,7,7,18,65535,63,0,0,4182,0,7,3831.106128975,0.985366803,0,1
1032.935107037,6,6,730,2,61,2,0,4179,48,8,3820.165456878,0.982552844,0,1
1032.958782531,7,7,692,0,63,0,0,4182,48,8,3831.045103512,0.985351107,0,1
1033.203851437,8,8,703,2,63,0,0,4182,48,8,3829.536089606,0.984962986,0,1
1033.226146913,3,3,726,0,63,0,0,4180,48,8,3824.350690389,0.983629293,0,1
1033.241123005,0,0,728,2,63,0,0,4183,48,8,3832.939731439,0.985838408,0,1
1033.366040199,2,2,678,7,63,0,0,4184,48,8,3835.135625148,0.986403196,0,1
1033.460710825,4,4,704,2,63,0,0,4183,48,8,3832.657674446,0.985765863,0,1
1033.486059863,1,1,726,5,63,0,0,4183,48,8,3831.953212593,0.985584674,0,1
1033.655553857,6,6,731,0,63,0,0,4179,48,8,3820.094981580,0.982534717,0,1
1033.759718254,5,5,725,4,63,0,0,4180,48,8,3824.259620715,0.983605870,0,1
1033.958782531,7,7,693,2,63,0,0,4182,48,8,3830.978960280,0.985334095,0,1
1034.203851437,8,8,704,2,63,0,0,4182,48,8,3829.458061789,0.984942917,0,1
1034.226146913,3,3,727,2,63,0,0,4180,48,8,3824.278604865,0.983610752,0,1
1034.241123005,0,0,729,2,63,0,0,4183,48,8,3832.873588207,0.985821396,0,1
1034.366040199,2,2,679,6,63,0,0,4184,48,8,3835.063539624,0.986384655,0,1
1034.460710825,4,4,705,5,63,0,0,4183,48,8,3832.579646629,0.985745794,0,1
1034.486059863,1,1,727,8,63,0,0,4183,48,8,3831.881127069,0.985566134,0,1
1034.655553857,6,6,732,3,63,0,0,4179,48,8,3820.022896056,0.982516177,0,1
1034.759718254,5,5,726,0,63,0,0,4180,48,8,3824.187535191,0.983587329,0,1
1034.958782531,7,7,694,4,63,0,0,4182,48,8,3830.912817048,0.985317083,0,1
1035.098559123,8,7,694,4,62,1,0,4182,48,8,3829.380640455,0.984923004,1,1
1035.226146913,3,3,728,0,63,0,0,4180,48,8,3824.200577048,0.983590683,0,1
1035.241123005,0,0,730,4,63,0,0,4183,48,8,3832.801502682,0.985802856,0,1
1035.258815123,8,8,705,1,63,0,0,4182,48,8,3829.319334149,0.984907236,0,1
1035.366040199,2,2,680,1,63,0,0,4184,48,8,3834.979569514,0.986363058,0,1
1035.460710825,4,4,706,7,63,0,0,4183,48,8,3832.507561105,0.985727253,0,1
1035.486059863,1,1,728,0,63,0,0,4183,48,8,3831.814983837,0.985549121,0,1
1035.655553857,6,6,733,7,63,0,0,4179,48,8,3819.944868239,0.982496108,0,1
1035.759718254,5,5,727,8,63,0,0,4180,48,8,3824.115449666,0.983568788,0,1
1035.958782531,7,7,695,6,63,0,0,4182,48,8,3830.840731523,0.985298542,0,1
1036.203851437,8,8,706,3,63,0,0,4182,48,8,3829.241622923,0.984887249,0,1
1036.226146913,3,3,729,4,63,0,0,4180,48,8,3824.128491523,0.983572143,0,1
1036.241123005,0,0,731,4,63,0,0,4183,48,8,3832.723474865,0.985782787,0,1
1036.365923748,1,3,729,4,62,1,0,4183,48,8,3831.737648004,0.985529230,1,1
1036.366040199,2,2,681,3,63,0,0,4184,48,8,3834.901541697,0.986342989,0,1
1036.460710825,4,4,707,6,63,0,0,4183,48,8,3832.429533288,0.985707184,0,1
1036.526179748,1,1,729,8,63,0,0,4183,48,8,3831.676341697,0.985513462,0,1
1036.655553857,6,6,734,2,63,0,0,4179,48,8,3819.872782714,0.982477568,0,1
1036.665956338,2,1,729,8,62,1,0,4184,48,8,3834.833488656,0.986325486,1,1
1036.759718254,5,5,728,1,63,0,0,4180,48,8,3824.043364142,0.983550248,0,1
1036.958782531,7,7,696,1,63,0,0,4182,48,8,3830.768645999,0.985280002,0,1
1037.098559121,6,7,696,1,62,1,0,4179,48,8,3819.803905479,0.982459852,1,1
1037.203851437,8,8,707,2,63,0,0,4182,48,8,3829.169537398,0.984868708,0,1
1037.226146913,3,3,730,8,63,0,0,4180,48,8,3824.056405999,0.983553602,0,1
1037.241123005,0,0,732,4,63,0,0,4183,48,8,3832.657331633,0.985765775,0,1
1037.366040199,2,2,682,6,63,0,0,4184,48,8,3834.769072941,0.986308918,0,1
1037.460710825,4,4,708,1,63,0,0,4183,48,8,3832.357447763,0.985688644,0,1
1037.486059863,1,1,730,3,63,0,0,4183,48,8,3831.610429556,0.985496510,0,1
1037.655553857,6,6,735,8,63,0,0,4179,48,8,3819.740313958,0.982443496,0,1
1037.759718254,5,5,729,8,63,0,0,4180,48,8,3823.971278617,0.983531707,0,1
1037.958782531,7,7,697,4,63,0,0,4182,48,8,3830.696560474,0.985261461,0,1
1038.203851437,8,8,708,2,63,0,0,4182,48,8,3829.097451874,0.984850168,0,1
1038.226146913,3,3,731,5,63,0,0,4180,48,8,3823.984320474,0.983535062,0,1
1038.241123005,0,0,733,1,63,0,0,4183,48,8,3832.585246109,0.985747234,0,1
1038.366040199,2,2,683,7,63,0,0,4184,48,8,3834.696987416,0.986290377,0,1
1038.460710825,4,4,709,1,63,0,0,4183,48,8,3832.285362239,0.985670103,0,1
1038.486059863,1,1,731,0,63,0,0,4183,48,8,3831.544286324,0.985479498,0,1
1038.655553857,6,6,736,8,63,0,0,4179,48,8,3819.662286141,0.982423428,0,1
1038.759718254,5,5,730,7,63,0,0,4180,48,8,3823.899193093,0.983513167,0,1
1038.958782531,7,7,698,3,63,0,0,4182,48,8,3830.630417242,0.985244449,0,1
1039.098559121,6,7,698,3,62,1,0,4179,48,8,3819.593408906,0.982405712,1,1
1039.203851437,8,8,709,7,63,0,0,4182,48,8,3829.025366349,0.984831627,0,1
1039.226146913,3,3,732,4,63,0,0,4180,48,8,3823.912234950,0.983516521,0,1
1039.241123005,0,0,734,7,63,0,0,4183,48,8,3832.513160584,0.985728694,0,1
1039.366040199,2,2,684,0,63,0,0,4184,48,8,3834.618959599,0.986270309,0,1
1039.460710825,4,4,710,7,63,0,0,4183,48,8,3832.213276714,0.985651563,0,1
1039.486059863,1,1,732,4,63,0,0,4183,48,8,3831.478143092,0.985462485,0,1
1039.655553857,6,6,737,5,63,0,0,4179,48,8,3819.529817384,0.982389356,0,1
1039.759718254,5,5,731,4,63,0,0,4180,48,8,3823.821165276,0.983493098,0,1
1039.958782531,7,7,699,2,63,0,0,4182,48,8,3830.564274010,0.985227437,0,1
1040.203851437,8,8,710,6,63,0,0,4182,48,8,3828.953280825,0.984813087,0,1
1040.226146913,3,3,733,1,63,0,0,4180,48,8,3823.840149425,0.983497981,0,1
1040.241123005,0,0,735,6,63,0,0,4183,48,8,3832.441075060,0.985710153,0,1
1040.343628029,7,8,710,6,62,1,0,4182,48,8,3830.495731776,0.985209808,1,1
1040.366040199,2,2,685,5,63,0,0,4184,48,8,3834.546874075,0.986251768,0,1
1040.460710825,4,4,711,8,63,0,0,4183,48,8,3832.135248898,0.985631494,0,1
1040.486059863,1,1,733,6,63,0,0,4183,48,8,3831.411999860,0.985445473,0,1
1040.655553857,6,6,738,5,63,0,0,4179,48,8,3819.457731860,0.982370816,0,1
1040.759718254,5,5,732,2,63,0,0,4180,48,8,3823.749079751,0.983474558,0,1
1040.958782531,7,7,700,2,63,0,0,4182,48,8,3830.425862961,0.985191837,0,1
1041.098559366,5,7,700,2,62,1,0,4180,48,8,3823.680802502,0.983456997,1,1
1041.203851437,8,8,711,6,63,0,0,4182,48,8,3828.875253008,0.984793018,0,1
1041.226146913,3,3,734,1,63,0,0,4180,48,8,3823.756179316,0.983476384,0,1
1041.241123005,0,0,736,1,63,0,0,4183,48,8,3832.374931828,0.985693141,0,1
1041.366040199,2,2,686,3,63,0,0,4183,48,8,3834.468846258,0.986231699,0,1
1041.460710825,4,4,712,5,63,0,0,4183,48,8,3832.063163373,0.985612954,0,1
1041.486059863,1,1,734,2,63,0,0,4183,48,8,3831.339914335,0.985426933,0,1
1041.600487415,7,4,712,5,62,1,0,4182,48,8,3830.355841217,0.985173827,1,1
1041.655553857,6,6,739,8,63,0,0,4179,48,8,3819.385646335,0.982352275,0,1
1041.759718254,5,5,733,1,63,0,0,4180,48,8,3823.616610995,0.983440486,0,1
1041.958782531,7,7,701,1,63,0,0,4182,48,8,3830.287451912,0.985156238,0,1
1042.098559121,6,7,701,1,62,1,0,4179,48,8,3819.316769101,0.982334560,1,1
1042.203851437,8,8,712,6,63,0,0,4182,48,8,3828.791282898,0.984771420,0,1
1042.226146913,3,3,735,1,63,0,0,4180,48,8,3823.678151499,0.983456315,0,1
1042.241123005,0,0,737,8,63,0,0,4183,48,8,3832.302846303,0.985674600,0,1
1042.366040199,2,2,687,1,63,0,0,4183,48,8,3834.402703026,0.986214687,0,1
1042.460710825,4,4,713,6,63,0,0,4183,48,8,3831.991077849,0.985594413,0,1
1042.486059863,1,1,735,7,63,0,0,4183,48,8,3831.273771103,0.985409921,0,1
1042.655553857,6,6,740,4,63,0,0,4179,48,8,3819.253177579,0.982318204,0,1
1042.759718254,5,5,734,6,63,0,0,4180,48,8,3823.544525470,0.983421946,0,1
1042.795330447,7,6,740,4,62,1,0,4182,48,8,3830.216307872,0.985137939,1,1
1042.958782531,7,7,702,0,63,0,0,4182,48,8,3830.154983156,0.985122166,0,1
1043.098559121,6,7,702,0,62,1,0,4179,48,8,3819.184300344,0.982300489,1,1
1043.203851437,8,8,713,0,63,0,0,4182,48,8,3828.719197374,0.984752880,0,1
1043.226146913,3,3,736,7,63,0,0,4180,48,8,3823.606065975,0.983437774,0,1
1043.241123005,0,0,738,8,63,0,0,4183,48,8,3832.230760779,0.985656060,0,1
1043.366040199,2,2,688,3,63,0,0,4183,48,8,3834.336559794,0.986197675,0,1
1043.460710825,4,4,714,7,63,0,0,4183,48,8,3831.918992324,0.985575873,0,1
1043.486059863,1,1,736,3,63,0,0,4182,48,8,3831.201685579,0.985391380,0,1
1043.655553857,6,6,741,8,63,0,0,4179,48,8,3819.120708822,0.982284133,0,1
1043.759718254,5,5,735,0,63,0,0,4180,48,8,3823.472439946,0.983403405,0,1
1043.958782531,7,7,703,8,63,0,0,4182,48,8,3830.076955339,0.985102098,0,1
1044.203851437,8,8,714,6,63,0,0,4182,48,8,3828.647111849,0.984734339,0,1
1044.226146913,3,3,737,6,63,0,0,4180,48,8,3823.528038158,0.983417705,0,1
1044.241123005,0,0,739,2,63,0,0,4183,48,8,3832.158675254,0.985637519,0,1
1044.366040199,2,2,689,0,63,0,0,4183,48,8,3834.264474269,0.986179134,0,1
1044.460710825,4,4,715,7,63,0,0,4183,48,8,3831.846906800,0.985557332,0,1
1044.486059863,1,1,737,0,63,0,0,4182,48,8,3831.135542347,0.985374368,0,1
1044.655553857,6,6,742,2,63,0,0,4179,48,8,3819.042681005,0.982264064,0,1
1044.759718254,5,5,736,4,63,0,0,4180,48,8,3823.394412129,0.983383336,0,1
1044.795330447,3,6,742,2,62,1,0,4180,48,8,3823.452491843,0.983398275,1,1
1044.935107037,6,6,742,2,61,2,0,4179,48,8,3818.974745255,0.982246591,0,1
1044.958782531,7,7,704,5,63,0,0,4182,48,8,3830.010812107,0.985085085,0,1
1045.203851437,8,8,715,2,63,0,0,4182,48,8,3828.569084032,0.984714271,0,1
1045.226146913,3,3,738,4,63,0,0,4180,48,8,3823.389627109,0.983382106,0,1
1045.241123005,0,0,740,6,63,0,0,4183,48,8,3832.092532022,0.985620507,0,1
1045.366040199,2,2,690,1,63,0,0,4183,48,8,3834.186446453,0.986159065,0,1
1045.460710825,4,4,716,6,63,0,0,4183,48,8,3831.768878983,0.985537263,0,1
1045.486059863,1,1,738,0,63,0,0,4182,48,8,3831.069399115,0.985357356,0,1
1045.655553857,6,6,743,0,63,0,0,4179,48,8,3818.898327664,0.982226936,0,1
1045.759718254,5,5,737,4,63,0,0,4180,48,8,3823.322326604,0.983364796,0,1
1045.958782531,7,7,705,3,63,0,0,4182,48,8,3829.944668875,0.985068073,0,1
1046.098559121,6,7,705,3,62,1,0,4179,48,8,3818.829450429,0.982209221,1,1
1046.203851437,8,8,716,2,63,0,0,4182,48,8,3828.491056216,0.984694202,0,1
1046.226146913,3,3,739,8,63,0,0,4180,48,8,3823.317541584,0.983363565,0,1
1046.241123005,0,0,741,4,63,0,0,4183,48,8,3832.026388790,0.985603495,0,1
1046.366040199,2,2,691,7,63,0,0,4183,48,8,3834.102476343,0.986137468,0,1
1046.460710825,4,4,717,6,63,0,0,4183,48,8,3831.690851166,0.985517194,0,1
1046.486059863,1,1,739,3,63,0,0,4182,48,8,3831.003255883,0.985340344,0,1
1046.655553857,6,6,744,7,63,0,0,4179,48,8,3818.765858908,0.982192865,0,1
1046.759718254,5,5,738,4,63,0,0,4180,48,8,3823.250241080,0.983346255,0,1
1046.958782531,7,7,706,2,63,0,0,4182,48,8,3829.878525643,0.985051061,0,1
1047.203851437,8,8,717,0,63,0,0,4182,48,8,3828.418970691,0.984675661,0,1
1047.226146913,3,3,740,8,63,0,0,4180,48,8,3823.233571475,0.983341968,0,1
1047.241123005,0,0,742,5,63,0,0,4183,48,8,3831.960245558,0.985586483,0,1
1047.365923503,6,3,740,8,62,1,0,4179,48,8,3818.689499361,0.982173225,1,1
1047.366040199,2,2,692,7,63,0,0,4183,48,8,3834.024448526,0.986117399,0,1
1047.460710825,4,4,718,5,63,0,0,4183,48,8,3831.612823349,0.985497125,0,1
1047.486059863,1,1,740,7,63,0,0,4182,48,8,3830.925228066,0.985320275,0,1
1047.655553857,6,6,745,7,63,0,0,4179,48,8,3818.627447859,0.982157265,0,1
1047.759718254,5,5,739,4,63,0,0,4180,48,8,3823.178155556,0.983327715,0,1
1047.958782531,7,7,707,8,63,0,0,4182,48,8,3829.806440118,0.985032521,0,1
1048.203851437,8,8,718,5,63,0,0,4182,48,8,3828.346885167,0.984657121,0,1
1048.226146913,3,3,741,2,63,0,0,4180,48,8,3823.161485950,0.983323427,0,1
1048.241123005,0,0,743,2,63,0,0,4183,48,8,3831.888160034,0.985567942,0,1
1048.343628029,7,8,718,5,62,1,0,4182,48,8,3829.737897884,0.985014891,1,1
1048.366040199,2,2,693,1,63,0,0,4183,48,8,3833.952363002,0.986098859,0,1
1048.460710825,4,4,719,6,63,0,0,4183,48,8,3831.534795532,0.985477056,0,1
1048.486059863,1,1,741,2,63,0,0,4182,48,8,3830.859084834,0.985303263,0,1
1048.655553857,6,6,746,5,63,0,0,4179,48,8,3818.555362334,0.982138725,0,1
1048.759718254,5,5,740,1,63,0,0,4180,48,8,3823.112012324,0.983310703,0,1
1048.795330447,7,6,746,5,62,1,0,4182,48,8,3829.663028261,0.984995635,1,1
1048.958782531,7,7,708,3,63,0,0,4182,48,8,3829.601703545,0.984979862,0,1
1049.098559121,6,7,708,3,62,1,0,4179,48,8,3818.480542807,0.982119481,1,1
1049.203851437,8,8,719,3,63,0,0,4182,48,8,3828.274799642,0.984638580,0,1
1049.226146913,3,3,742,0,63,0,0,4180,48,8,3823.083458133,0.983303359,0,1
1049.241123005,0,0,744,6,63,0,0,4183,48,8,3831.822016802,0.985550930,0,1
1049.366040199,2,2,694,5,63,0,0,4183,48,8,3833.880277477,0.986080318,0,1
1049.460710825,4,4,720,6,63,0,0,4183,48,8,3831.462710007,0.985458516,0,1
1049.486059863,1,1,742,4,63,0,0,4182,48,8,3830.792941602,0.985286250,0,1
1049.655553857,6,6,747,7,63,0,0,4179,48,8,3818.416951285,0.982103125,0,1
1049.759718254,5,5,741,0,63,0,0,4180,48,8,3823.039926799,0.983292162,0,1
1049.958782531,7,7,709,0,63,0,0,4182,48,8,3829.523675728,0.984959793,0,1
1050.098559121,6,7,709,0,62,1,0,4179,48,8,3818.348074050,0.982085410,1,1
1050.203851437,8,8,720,7,63,0,0,4182,48,8,3828.202714118,0.984620040,0,1
1050.226146913,3,3,743,4,63,0,0,4180,48,8,3823.011372609,0.983284818,0,1
1050.241123005,0,0,745,1,63,0,0,4183,48,8,3831.755873570,0.985533918,0,1
1050.366040199,2,2,695,7,63,0,0,4183,48,8,3833.808191953,0.986061778,0,1
1050.460710825,4,4,721,5,63,0,0,4183,48,8,3831.390624483,0.985439975,0,1
1050.486059863,1,1,743,8,63,0,0,4182,48,8,3830.720856078,0.985267710,0,1
1050.655553857,6,6,748,7,63,0,0,4179,48,8,3818.284482529,0.982069054,0,1
1050.759718254,5,5,742,8,63,0,0,4180,48,8,3822.967841275,0.983273622,0,1
1050.958782531,7,7,710,1,63,0,0,4182,48,8,3829.451590204,0.984941253,0,1
1051.098559121,6,7,710,1,62,1,0,4178,48,8,3818.215605294,0.982051339,1,1
1051.203851437,8,8,721,4,63,0,0,4182,48,8,3828.130628593,0.984601499,0,1
1051.226146913,3,3,744,6,63,0,0,4180,48,8,3822.939287084,0.983266278,0,1
1051.241123005,0,0,746,4,63,0,0,4183,48,8,3831.671903460,0.985512321,0,1
1051.366040199,2,2,696,6,63,0,0,4183,48,8,3833.730164136,0.986041709,0,1
1051.460710825,4,4,722,7,63,0,0,4183,48,8,3831.318538958,0.985421435,0,1
1051.486059863,1,1,744,4,63,0,0,4182,48,8,3830.654712846,0.985250698,0,1
1051.655553857,6,6,749,3,63,0,0,4178,48,8,3818.146071480,0.982033455,0,1
1051.759718254,5,5,743,0,63,0,0,4180,48,8,3822.895755750,0.983255081,0,1
1051.958782531,7,7,711,4,63,0,0,4182,48,8,3829.379504679,0.984922712,0,1
1052.098559123,8,7,711,4,62,1,0,4182,48,8,3828.053207260,0.984581586,1,1
1052.226146913,3,3,745,5,63,0,0,4180,48,8,3822.873143852,0.983249265,0,1
1052.241123005,0,0,747,4,63,0,0,4183,48,8,3831.605760228,0.985495309,0,1
1052.258815123,8,8,722,5,63,0,0,4181,48,8,3827.991900953,0.984565818,0,1
1052.366040199,2,2,697,7,63,0,0,4183,48,8,3833.652136319,0.986021640,0,1
1052.460710825,4,4,723,1,63,0,0,4183,48,8,3831.246453434,0.985402894,0,1
1052.486059863,1,1,745,0,63,0,0,4182,48,8,3830.588569614,0.985233686,0,1
1052.655553857,6,6,750,4,63,0,0,4178,48,8,3818.073985955,0.982014914,0,1
1052.759718254,5,5,744,4,63,0,0,4180,48,8,3822.817727933,0.983235012,0,1
1052.958782531,7,7,712,1,63,0,0,4182,48,8,3829.313361447,0.984905700,0,1
1053.098559121,6,7,712,1,62,1,0,4178,48,8,3818.005108720,0.981997199,1,1
1053.203851437,8,8,723,5,63,0,0,4181,48,8,3827.920132020,0.984547359,0,1
1053.226146913,3,3,746,1,63,0,0,4180,48,8,3822.795116035,0.983229197,0,1
1053.241123005,0,0,748,3,63,0,0,4183,48,8,3831.533674704,0.985476768,0,1
1053.366040199,2,2,698,6,63,0,0,4183,48,8,3833.585993087,0.986004628,0,1
1053.460710825,4,4,724,6,63,0,0,4182,48,8,3831.174367909,0.985384354,0,1
1053.486059863,1,1,746,7,63,0,0,4182,48,8,3830.522426382,0.985216673,0,1
1053.655553857,6,6,751,1,63,0,0,4178,48,8,3817.941517199,0.981980843,0,1
1053.759718254,5,5,745,7,63,0,0,4180,48,8,3822.745642409,0.983216472,0,1
1053.899494846,8,5,745,7,62,1,0,4181,48,8,3827.849799589,0.984529269,1,1
1053.958782531,7,7,713,2,63,0,0,4182,48,8,3829.247218215,0.984888688,0,1
1054.203851437,8,8,724,2,63,0,0,4181,48,8,3827.787663263,0.984513288,0,1
1054.226146913,3,3,747,2,63,0,0,4180,48,8,3822.728972803,0.983212184,0,1
1054.241123005,0,0,749,3,63,0,0,4183,48,8,3831.467531472,0.985459756,0,1
1054.366040199,2,2,699,8,63,0,0,4183,48,8,3833.519849855,0.985987616,0,1
1054.460710825,4,4,725,2,63,0,0,4182,48,8,3831.102282385,0.985365813,0,1
1054.486059863,1,1,747,3,63,0,0,4182,48,8,3830.456283150,0.985199661,0,1
1054.655553857,6,6,752,5,63,0,0,4178,48,8,3817.875373967,0.981963831,0,1
1054.759718254,5,5,746,0,63,0,0,4180,48,8,3822.673556884,0.983197931,0,1
1054.795330447,7,6,752,5,62,1,0,4182,48,8,3829.176074175,0.984870389,1,1
1054.958782531,7,7,714,1,63,0,0,4182,48,8,3829.114749459,0.984854617,0,1
1055.098559121,6,7,714,1,62,1,0,4178,48,8,3817.800554439,0.981944587,1,1
1055.203851437,8,8,725,0,63,0,0,4181,48,8,3827.709635446,0.984493219,0,1
1055.226146913,3,3,748,7,63,0,0,4180,48,8,3822.662829571,0.983195172,0,1
1055.241123005,0,0,750,7,63,0,0,4183,48,8,3831.395445947,0.985441216,0,1
1055.366040199,2,2,700,5,63,0,0,4183,48,8,3833.441822038,0.985967547,0,1
1055.460710825,4,4,726,0,63,0,0,4182,48,8,3831.030196860,0.985347273,0,1
1055.486059863,1,1,748,7,63,0,0,4182,48,8,3830.378255333,0.985179592,0,1
1055.655553857,6,6,753,2,63,0,0,4178,48,8,3817.736962918,0.981928231,0,1
1055.759718254,5,5,747,0,63,0,0,4180,48,8,3822.601471360,0.983179391,0,1
1055.795330447,3,6,753,2,62,1,0,4180,48,8,3822.587283257,0.983175742,1,1
1055.935107037,6,6,753,2,61,2,0,4178,48,8,3817.669027167,0.981910758,0,1
1055.958782531,7,7,715,5,63,0,0,4182,48,8,3829.042663934,0.984836076,0,1
1056.203851437,8,8,726,6,63,0,0,4181,48,8,3827.643492214,0.984476207,0,1
1056.226146913,3,3,749,2,63,0,0,4180,48,8,3822.518476230,0.983158044,0,1
1056.241123005,0,0,751,6,63,0,0,4183,48,8,3831.329302715,0.985424203,0,1
1056.366040199,2,2,701,6,63,0,0,4183,48,8,3833.363794221,0.985947478,0,1
1056.460710825,4,4,727,6,63,0,0,4182,48,8,3830.958111336,0.985328732,0,1
1056.486059863,1,1,749,3,63,0,0,4182,48,8,3830.312112101,0.985162580,0,1
1056.655553857,6,6,754,0,63,0,0,4178,48,8,3817.598551869,0.981892632,0,1
1056.759718254,5,5,748,8,63,0,0,4180,48,8,3822.535328128,0.983162379,0,1
1056.958782531,7,7,716,4,63,0,0,4182,48,8,3828.970578410,0.984817536,0,1
1057.098559123,8,7,716,4,62,1,0,4181,48,8,3827.560128589,0.984454766,1,1
1057.226146913,3,3,750,4,63,0,0,4180,48,8,3822.440448413,0.983137975,0,1
1057.241123005,0,0,752,1,63,0,0,4183,48,8,3831.251274898,0.985404134,0,1
1057.258815123,8,8,727,5,63,0,0,4181,48,8,3827.498822282,0.984438998,0,1
1057.366040199,2,2,702,6,63,0,0,4183,48,8,3833.291708696,0.985928937,0,1
1057.460710825,4,4,728,6,63,0,0,4182,48,8,3830.880083519,0.985308663,0,1
1057.486059863,1,1,750,4,63,0,0,4182,48,8,3830.245968869,0.985145568,0,1
1057.655553857,6,6,755,1,63,0,0,4178,48,8,3817.514581759,0.981871034,0,1
1057.759718254,5,5,749,7,63,0,0,4180,48,8,3822.457300311,0.983142310,0,1
1057.899494846,8,5,749,7,62,1,0,4181,48,8,3827.422864150,0.984419461,1,1
1057.958782531,7,7,717,2,63,0,0,4182,48,8,3828.904435178,0.984800523,0,1
1058.203851437,8,8,728,4,63,0,0,4181,48,8,3827.360727824,0.984403479,0,1
1058.226146913,3,3,751,1,63,0,0,4180,48,8,3822.368362888,0.983119435,0,1
1058.241123005,0,0,753,5,63,0,0,4182,48,8,3831.185131666,0.985387122,0,1
1058.366040199,2,2,703,7,63,0,0,4183,48,8,3833.213680879,0.985908869,0,1
1058.460710825,4,4,729,6,63,0,0,4182,48,8,3830.813940287,0.985291651,0,1
1058.486059863,1,1,751,6,63,0,0,4182,48,8,3830.179825637,0.985128556,0,1
1058.655553857,6,6,756,3,63,0,0,4178,48,8,3817.448438527,0.981854022,0,1
1058.759718254,5,5,750,3,63,0,0,4180,48,8,3822.391157079,0.983125298,0,1
1058.958782531,7,7,718,3,63,0,0,4182,48,8,3828.838291946,0.984783511,0,1
1059.098559121,6,7,718,3,62,1,0,4178,48,8,3817.379561293,0.981836307,1,1
1059.203851437,8,8,729,2,63,0,0,4181,48,8,3827.276757714,0.984381882,0,1
1059.226146913,3,3,752,4,63,0,0,4180,48,8,3822.290335072,0.983099366,0,1
1059.241123005,0,0,754,3,63,0,0,4182,48,8,3831.113046142,0.985368582,0,1
1059.366040199,2,2,704,6,63,0,0,4183,48,8,3833.147537647,0.985891856,0,1
1059.460710825,4,4,730,0,63,0,0,4182,48,8,3830.741854762,0.985273111,0,1
1059.486059863,1,1,752,2,63,0,0,4182,48,8,3830.107740112,0.985110015,0,1
1059.655553857,6,6,757,1,63,0,0,4178,48,8,3817.310027478,0.981818423,0,1
1059.759718254,5,5,751,2,63,0,0,4180,48,8,3822.319071554,0.983106757,0,1
1059.899495089,1,5,751,2,62,1,0,4182,48,8,3830.039033201,0.985092344,1,1
1059.958782531,7,7,719,1,63,0,0,4182,48,8,3828.772148714,0.984766499,0,1
1060.203851437,8,8,730,3,63,0,0,4181,48,8,3827.198729897,0.984361813,0,1
1060.226146913,3,3,753,6,63,0,0,4180,48,8,3822.224191840,0.983082354,0,1
1060.241123005,0,0,755,5,63,0,0,4182,48,8,3831.040960618,0.985350041,0,1
1060.366040199,2,2,705,1,63,0,0,4183,48,8,3833.063567538,0.985870259,0,1
1060.460710825,4,4,731,2,63,0,0,4182,48,8,3830.669769238,0.985254570,0,1
1060.486059863,1,1,753,6,63,0,0,4182,48,8,3829.975271356,0.985075944,0,1
1060.655553857,6,6,758,4,63,0,0,4178,48,8,3817.243884246,0.981801411,0,1
1060.759718254,5,5,752,3,63,0,0,4180,48,8,3822.246986030,0.983088217,0,1
1060.958782531,7,7,720,1,63,0,0,4182,48,8,3828.706005482,0.984749487,0,1
1061.098559121,6,7,720,1,62,1,0,4178,48,8,3817.175007012,0.981783695,1,1
1061.203851437,8,8,731,2,63,0,0,4181,48,8,3827.126644373,0.984343273,0,1
1061.226146913,3,3,754,4,63,0,0,4180,48,8,3822.140221730,0.983060757,0,1
1061.241123005,0,0,756,6,63,0,0,4182,48,8,3830.974817386,0.985333029,0,1
1061.366040199,2,2,706,7,63,0,0,4183,48,8,3832.991482013,0.985851719,0,1
1061.460710825,4,4,732,3,63,0,0,4182,48,8,3830.597683714,0.985236030,0,1
1061.486059863,1,1,754,7,63,0,0,4182,48,8,3829.909128124,0.985058932,0,1
1061.655553857,6,6,759,0,63,0,0,4178,48,8,3817.111415490,0.981767339,0,1
1061.759718254,5,5,753,4,63,0,0,4180,48,8,3822.174900505,0.983069676,0,1
1061.958782531,7,7,721,0,63,0,0,4182,48,8,3828.633919957,0.984730946,0,1
1062.098559121,6,7,721,0,62,1,0,4178,48,8,3817.042538255,0.981749624,1,1
1062.203851437,8,8,732,5,63,0,0,4181,48,8,3827.054558848,0.984324732,0,1
1062.226146913,3,3,755,0,63,0,0,4180,48,8,3822.062193913,0.983040688,0,1
1062.241123005,0,0,757,3,63,0,0,4182,48,8,3830.902731861,0.985314489,0,1
1062.366040199,2,2,707,5,63,0,0,4183,48,8,3832.913454197,0.985831650,0,1
1062.460710825,4,4,733,6,63,0,0,4182,48,8,3830.525598189,0.985217489,0,1
1062.486059863,1,1,755,6,63,0,0,4182,48,8,3829.842984892,0.985041920,0,1
1062.655553857,6,6,760,4,63,0,0,4178,48,8,3816.973004441,0.981731740,0,1
1062.759718254,5,5,754,4,63,0,0,4180,48,8,3822.096872688,0.983049607,0,1
1062.958782531,7,7,722,0,63,0,0,4182,48,8,3828.567776725,0.984713934,0,1
1063.098559121,6,7,722,0,62,1,0,4178,48,8,3816.904127206,0.981714024,1,1
1063.203851437,8,8,733,2,63,0,0,4181,48,8,3826.982473324,0.984306192,0,1
1063.226146913,3,3,756,1,63,0,0,4180,48,8,3821.990108389,0.983022147,0,1
1063.241123005,0,0,758,8,63,0,0,4182,48,8,3830.836588629,0.985297476,0,1
1063.366040199,2,2,708,7,63,0,0,4183,48,8,3832.841368672,0.985813109,0,1
1063.460710825,4,4,734,7,63,0,0,4182,48,8,3830.453512665,0.985198949,0,1
1063.486059863,1,1,756,0,63,0,0,4182,48,8,3829.770899367,0.985023379,0,1
1063.655553857,6,6,761,5,63,0,0,4178,48,8,3816.840535685,0.981697669,0,1
1063.759718254,5,5,755,3,63,0,0,4180,48,8,3822.018844871,0.983029538,0,1
1063.958782531,7,7,723,1,63,0,0,4182,48,8,3828.495691201,0.984695394,0,1
1064.098559121,6,7,723,1,62,1,0,4178,48,8,3816.771658450,0.981679953,1,1
1064.203851437,8,8,734,2,63,0,0,4181,48,8,3826.910387800,0.984287651,0,1
1064.226146913,3,3,757,4,63,0,0,4180,48,8,3821.918022864,0.983003607,0,1
1064.241123005,0,0,759,7,63,0,0,4182,48,8,3830.764503105,0.985278936,0,1
1064.366040199,2,2,709,3,63,0,0,4183,48,8,3832.769283148,0.985794569,0,1
1064.460710825,4,4,735,6,63,0,0,4182,48,8,3830.381427140,0.985180408,0,1
1064.486059863,1,1,757,6,63,0,0,4182,48,8,3829.698813843,0.985004839,0,1
1064.505816789,5,2,709,3,62,1,0,4180,48,8,3821.942279527,0.983009846,1,1
1064.655553857,6,6,762,2,63,0,0,4178,48,8,3816.708066928,0.981663597,0,1
1064.759718254,5,5,756,7,63,0,0,4180,48,8,3821.880433822,0.982993939,0,1
1064.899494846,8,5,756,7,62,1,0,4181,48,8,3826.834113077,0.984268033,1,1
1064.958782531,7,7,724,4,63,0,0,4182,48,8,3828.423605676,0.984676853,0,1
1065.203851437,8,8,735,1,63,0,0,4181,48,8,3826.771976751,0.984252052,0,1
1065.226146913,3,3,758,7,63,0,0,4180,48,8,3821.851879632,0.982986595,0,1
1065.241123005,0,0,760,6,63,0,0,4182,48,8,3830.692417580,0.985260395,0,1
1065.366040199,2,2,710,4,63,0,0,4183,48,8,3832.685313038,0.985772971,0,1
1065.460710825,4,4,736,0,63,0,0,4182,48,8,3830.315283908,0.985163396,0,1
1065.486059863,1,1,758,5,63,0,0,4182,48,8,3829.632670611,0.984987827,0,1
1065.600487660,6,4,736,0,62,1,0,4178,48,8,3816.636298585,0.981645139,1,1
1065.759718254,5,5,757,4,63,0,0,4180,48,8,3821.808348298,0.982975398,0,1
1065.760743660,6,6,763,8,63,0,0,4178,48,8,3816.574992278,0.981629370,0,1
1065.958782531,7,7,725,4,63,0,0,4182,48,8,3828.345577859,0.984656784,0,1
1066.098559123,8,7,725,4,62,1,0,4181,48,8,3826.694555417,0.984232139,1,1
1066.226146913,3,3,759,2,63,0,0,4180,48,8,3821.773851815,0.982966526,0,1
1066.241123005,0,0,761,5,63,0,0,4182,48,8,3830.626274348,0.985243383,0,1
1066.258815123,8,8,736,5,63,0,0,4181,48,8,3826.633249111,0.984216371,0,1
1066.366040199,2,2,711,7,63,0,0,4183,48,8,3832.613227514,0.985754431,0,1
1066.460710825,4,4,737,1,63,0,0,4182,48,8,3830.237256091,0.985143327,0,1
1066.486059863,1,1,759,5,63,0,0,4182,48,8,3829.566527379,0.984970815,0,1
1066.655553857,6,6,764,5,63,0,0,4178,48,8,3816.503512647,0.981610986,0,1
1066.759718254,5,5,758,6,63,0,0,4180,48,8,3821.730320481,0.982955329,0,1
1066.958782531,7,7,726,2,63,0,0,4182,48,8,3828.279434627,0.984639772,0,1
1067.098559366,5,7,726,2,62,1,0,4180,48,8,3821.662043232,0.982937768,1,1
1067.203851437,8,8,737,6,63,0,0,4181,48,8,3826.555537885,0.984196383,0,1
1067.226146913,3,3,760,5,63,0,0,4180,48,8,3821.689881706,0.982944928,0,1
1067.241123005,0,0,762,3,63,0,0,4182,48,8,3830.548246531,0.985223314,0,1
1067.343628029,7,8,737,6,62,1,0,4182,48,8,3828.210892393,0.984622143,1,1
1067.366040199,2,2,712,8,63,0,0,4183,48,8,3832.541141989,0.985735890,0,1
1067.460710825,4,4,738,1,63,0,0,4182,48,8,3830.165170567,0.985124787,0,1
1067.486059863,1,1,760,8,63,0,0,4182,48,8,3829.500384147,0.984953803,0,1
1067.655553857,6,6,765,4,63,0,0,4178,48,8,3816.431427123,0.981592445,0,1
1067.759718254,5,5,759,7,63,0,0,4180,48,8,3821.591909432,0.982919730,0,1
1067.795330447,7,6,765,4,62,1,0,4182,48,8,3828.141965062,0.984604415,1,1
1067.935107039,8,6,765,4,61,2,0,4181,48,8,3826.485000328,0.984178241,1,1
1067.958782531,7,7,727,2,63,0,0,4182,48,8,3828.080640346,0.984588642,0,1
1068.203851437,8,8,738,7,63,0,0,4181,48,8,3826.423069128,0.984162312,0,1
1068.226146913,3,3,761,4,63,0,0,4180,48,8,3821.617796181,0.982926388,0,1
1068.241123005,0,0,763,4,63,0,0,4182,48,8,3830.482103299,0.985206302,0,1
1068.366040199,2,2,713,0,63,0,0,4183,48,8,3832.469056465,0.985717350,0,1
1068.460710825,4,4,739,0,63,0,0,4182,48,8,3830.099027335,0.985107775,0,1
1068.486059863,1,1,761,7,63,0,0,4182,48,8,3829.428298622,0.984935262,0,1
1068.655553857,6,6,766,7,63,0,0,4178,48,8,3816.359341598,0.981573905,0,1
1068.759718254,5,5,760,7,63,0,0,4180,48,8,3821.525766200,0.982902718,0,1
1068.958782531,7,7,728,8,63,0,0,4182,48,8,3828.008554822,0.984570102,0,1
1069.203851437,8,8,739,7,63,0,0,4181,48,8,3826.350983604,0.984143772,0,1
1069.226146913,3,3,762,5,63,0,0,4180,48,8,3821.551652949,0.982909376,0,1
1069.241123005,0,0,764,6,63,0,0,4182,48,8,3830.415960067,0.985189290,0,1
1069.366040199,2,2,714,8,63,0,0,4183,48,8,3832.396970940,0.985698809,0,1
1069.460710825,4,4,740,6,63,0,0,4182,48,8,3830.026941810,0.985089234,0,1
1069.486059863,1,1,762,0,63,0,0,4182,48,8,3829.344328513,0.984913665,0,1
1069.655553857,6,6,767,4,63,0,0,4178,48,8,3816.281313781,0.981553836,0,1
1069.759718254,5,5,761,3,63,0,0,4179,48,8,3821.459622968,0.982885705,0,1
1069.958782531,7,7,729,6,63,0,0,4181,48,8,3827.942411590,0.984553089,0,1
1070.203851437,8,8,740,3,63,0,0,4181,48,8,3826.278898079,0.984125231,0,1
1070.226146913,3,3,763,7,63,0,0,4179,48,8,3821.479567425,0.982890835,0,1
1070.241123005,0,0,765,3,63,0,0,4182,48,8,3830.343874543,0.985170750,0,1
1070.366040199,2,2,715,6,63,0,0,4183,48,8,3832.324885416,0.985680269,0,1
1070.460710825,4,4,741,1,63,0,0,4182,48,8,3829.954856286,0.985070693,0,1
1070.486059863,1,1,763,0,63,0,0,4182,48,8,3829.272242988,0.984895124,0,1
1070.655553857,6,6,768,5,63,0,0,4178,48,8,3816.209228257,0.981535295,0,1
1070.759718254,5,5,762,8,63,0,0,4179,48,8,3821.387537444,0.982867165,0,1
1070.958782531,7,7,730,2,63,0,0,4181,48,8,3827.876268358,0.984536077,0,1
1071.098559366,5,7,730,2,62,1,0,4179,48,8,3821.319260194,0.982849604,1,1
1071.203851437,8,8,741,7,63,0,0,4181,48,8,3826.206812555,0.984106690,0,1
1071.226146913,3,3,764,0,63,0,0,4179,48,8,3821.401539608,0.982870766,0,1
1071.241123005,0,0,766,6,63,0,0,4182,48,8,3830.271789018,0.985152209,0,1
1071.366040199,2,2,716,7,63,0,0,4183,48,8,3832.246857599,0.985660200,0,1
1071.460710825,4,4,742,1,63,0,0,4182,48,8,3829.882770761,0.985052153,0,1
1071.486059863,1,1,764,5,63,0,0,4182,48,8,3829.206099756,0.984878112,0,1
1071.655553857,6,6,769,1,63,0,0,4178,48,8,3816.137142732,0.981516755,0,1
1071.759718254,5,5,763,3,63,0,0,4179,48,8,3821.255068687,0.982833094,0,1
1071.958782531,7,7,731,6,63,0,0,4181,48,8,3827.810125126,0.984519065,0,1
1072.203851437,8,8,742,4,63,0,0,4181,48,8,3826.140669323,0.984089678,0,1
1072.226146913,3,3,765,7,63,0,0,4179,48,8,3821.329454083,0.982852226,0,1
1072.241123005,0,0,767,7,63,0,0,4182,48,8,3830.205645786,0.985135197,0,1
1072.366040199,2,2,717,5,63,0,0,4183,48,8,3832.174772074,0.985641659,0,1
1072.460710825,4,4,743,1,63,0,0,4182,48,8,3829.810685237,0.985033612,0,1
1072.486059863,1,1,765,4,63,0,0,4182,48,8,3829.134014232,0.984859572,0,1
1072.655553857,6,6,770,1,63,0,0,4178,48,8,3816.065057208,0.981498214,0,1
1072.759718254,5,5,764,2,63,0,0,4179,48,8,3821.182983163,0.982814553,0,1
1072.958782531,7,7,732,0,63,0,0,4181,48,8,3827.738039601,0.984500525,0,1
1073.098559121,6,7,732,0,62,1,0,4178,48,8,3815.996179973,0.981480499,1,1
1073.203851437,8,8,743,2,63,0,0,4181,48,8,3826.068583798,0.984071138,0,1
1073.226146913,3,3,766,0,63,0,0,4179,48,8,3821.251426266,0.982832157,0,1
1073.241123005,0,0,768,1,63,0,0,4182,48,8,3830.133560262,0.985116656,0,1
1073.366040199,2,2,718,7,63,0,0,4183,48,8,3832.102686550,0.985623119,0,1
1073.460710825,4,4,744,8,63,0,0,4182,48,8,3829.738599712,0.985015072,0,1
1073.486059863,1,1,766,3,63,0,0,4182,48,8,3829.061928707,0.984841031,0,1
1073.655553857,6,6,771,7,63,0,0,4178,48,8,3815.932588451,0.981464143,0,1
1073.759718254,5,5,765,3,63,0,0,4179,48,8,3821.110897638,0.982796013,0,1
1073.958782531,7,7,733,2,63,0,0,4181,48,8,3827.665954077,0.984481984,0,1
1074.203851437,8,8,744,6,63,0,0,4181,48,8,3825.996498274,0.984052597,0,1
1074.226146913,3,3,767,0,63,0,0,4179,48,8,3821.179340742,0.982813616,0,1
1074.241123005,0,0,769,5,63,0,0,4182,48,8,3830.055532445,0.985096588,0,1
1074.343628029,7,8,744,6,62,1,0,4181,48,8,3827.597411842,0.984464355,1,1
1074.366040199,2,2,719,4,63,0,0,4183,48,8,3832.030601025,0.985604578,0,1
1074.460710825,4,4,745,1,63,0,0,4182,48,8,3829.660571895,0.984995003,0,1
1074.486059863,1,1,767,5,63,0,0,4182,48,8,3828.989843183,0.984822491,0,1
1074.655553857,6,6,772,8,63,0,0,4178,48,8,3815.860502927,0.981445603,0,1
1074.759718254,5,5,766,3,63,0,0,4179,48,8,3821.044754406,0.982779001,0,1
1074.958782531,7,7,734,5,63,0,0,4181,48,8,3827.527543028,0.984446385,0,1
1075.203851437,8,8,745,1,63,0,0,4181,48,8,3825.924412749,0.984034057,0,1
1075.226146913,3,3,768,1,63,0,0,4179,48,8,3821.107255217,0.982795076,0,1
1075.241123005,0,0,770,7,63,0,0,4182,48,8,3829.983446920,0.985078047,0,1
1075.366040199,2,2,720,1,63,0,0,4183,48,8,3831.958515501,0.985586038,0,1
1075.460710825,4,4,746,7,63,0,0,4182,48,8,3829.588486371,0.984976463,0,1
1075.486059863,1,1,768,0,63,0,0,4182,48,8,3828.923699951,0.984805478,0,1
1075.655553857,6,6,773,5,63,0,0,4178,48,8,3815.788417402,0.981427062,0,1
1075.759718254,5,5,767,4,63,0,0,4179,48,8,3820.966726589,0.982758932,0,1
1075.958782531,7,7,735,4,63,0,0,4181,48,8,3827.455457503,0.984427844,0,1
1076.098559123,8,7,735,4,62,1,0,4181,48,8,3825.846991416,0.984014144,1,1
1076.226146913,3,3,769,4,63,0,0,4179,48,8,3821.029227400,0.982775007,0,1
1076.241123005,0,0,771,7,63,0,0,4182,48,8,3829.911361396,0.985059507,0,1
1076.258815123,8,8,746,7,63,0,0,4181,48,8,3825.785685109,0.983998376,0,1
1076.366040199,2,2,721,4,63,0,0,4183,48,8,3831.880487684,0.985565969,0,1
1076.460710825,4,4,747,6,63,0,0,4182,48,8,3829.516400846,0.984957922,0,1
1076.486059863,1,1,769,7,63,0,0,4182,48,8,3828.857556719,0.984788466,0,1
1076.655553857,6,6,774,7,63,0,0,4178,48,8,3815.716331878,0.981408522,0,1
1076.759718254,5,5,768,6,63,0,0,4179,48,8,3820.894641065,0.982740391,0,1
1076.958782531,7,7,736,0,63,0,0,4181,48,8,3827.383371979,0.984409303,0,1
1077.098559121,6,7,736,0,62,1,0,4178,48,8,3815.647454643,0.981390806,1,1
1077.203851437,8,8,747,2,63,0,0,4181,48,8,3825.707973883,0.983978388,0,1
1077.226146913,3,3,770,0,63,0,0,4179,48,8,3820.951199584,0.982754938,0,1
1077.241123005,0,0,772,6,63,0,0,4182,48,8,3829.845218164,0.985042494,0,1
1077.366040199,2,2,722,3,63,0,0,4183,48,8,3831.802459867,0.985545900,0,1
1077.460710825,4,4,748,5,63,0,0,4182,48,8,3829.444315322,0.984939382,0,1
1077.486059863,1,1,770,5,63,0,0,4182,48,8,3828.785471194,0.984769926,0,1
1077.655553857,6,6,775,0,63,0,0,4178,48,8,3815.583863121,0.981374450,0,1
1077.759718254,5,5,769,4,63,0,0,4179,48,8,3820.822555540,0.982721851,0,1
1077.958782531,7,7,737,0,63,0,0,4181,48,8,3827.311286454,0.984390763,0,1
1078.098559121,6,7,737,0,62,1,0,4178,48,8,3815.514985887,0.981356735,1,1
1078.203851437,8,8,748,7,63,0,0,4181,48,8,3825.635888359,0.983959848,0,1
1078.226146913,3,3,771,4,63,0,0,4179,48,8,3820.879114059,0.982736398,0,1
1078.241123005,0,0,773,1,63,0,0,4182,48,8,3829.773132639,0.985023954,0,1
1078.366040199,2,2,723,0,63,0,0,4183,48,8,3831.730374342,0.985527360,0,1
1078.460710825,4,4,749,2,63,0,0,4182,48,8,3829.372229797,0.984920841,0,1
1078.486059863,1,1,771,4,63,0,0,4182,48,8,3828.719327962,0.984752914,0,1
1078.655553857,6,6,776,0,63,0,0,4178,48,8,3815.451394365,0.981340379,0,1
1078.759718254,5,5,770,8,63,0,0,4179,48,8,3820.750470016,0.982703310,0,1
1078.958782531,7,7,738,8,63,0,0,4181,48,8,3827.239200930,0.984372222,0,1
1079.203851437,8,8,749,1,63,0,0,4181,48,8,3825.563802834,0.983941307,0,1
1079.226146913,3,3,772,7,63,0,0,4179,48,8,3820.807028535,0.982717857,0,1
1079.241123005,0,0,774,4,63,0,0,4182,48,8,3829.706989407,0.985006942,0,1
1079.366040199,2,2,724,6,63,0,0,4183,48,8,3831.664231110,0.985510348,0,1
1079.460710825,4,4,750,2,63,0,0,4182,48,8,3829.300144273,0.984902300,0,1
1079.486059863,1,1,772,0,63,0,0,4182,48,8,3828.653184730,0.984735901,0,1
1079.655553857,6,6,777,8,63,0,0,4178,48,8,3815.379308840,0.981321839,0,1
1079.759718254,5,5,771,1,63,0,0,4179,48,8,3820.672442199,0.982683241,0,1
1079.958782531,7,7,739,3,63,0,0,4181,48,8,3827.173057698,0.984355210,0,1
1080.098559121,6,7,739,3,62,1,0,4178,48,8,3815.310431606,0.981304123,1,1
1080.203851437,8,8,750,6,63,0,0,4181,48,8,3825.491717310,0.983922767,0,1
1080.226146913,3,3,773,4,63,0,0,4179,48,8,3820.734943010,0.982699317,0,1
1080.241123005,0,0,775,2,63,0,0,4182,48,8,3829.628961590,0.984986873,0,1
1080.366040199,2,2,725,8,63,0,0,4183,48,8,3831.586203293,0.985490279,0,1
1080.460710825,4,4,751,6,63,0,0,4182,48,8,3829.234001041,0.984885288,0,1
1080.486059863,1,1,773,8,63,0,0,4182,48,8,3828.581099206,0.984717361,0,1
1080.655553857,6,6,778,0,63,0,0,4178,48,8,3815.246840084,0.981287768,0,1
1080.759718254,5,5,772,0,63,0,0,4179,48,8,3820.600356674,0.982664701,0,1
1080.958782531,7,7,740,6,63,0,0,4181,48,8,3827.100972173,0.984336670,0,1
1081.203851437,8,8,751,5,63,0,0,4181,48,8,3825.419631785,0.983904226,0,1
1081.226146913,3,3,774,8,63,0,0,4179,48,8,3820.656915193,0.982679248,0,1
1081.241123005,0,0,776,1,63,0,0,4182,48,8,3829.562818358,0.984969861,0,1
1081.366040199,2,2,726,8,63,0,0,4183,48,8,3831.508175477,0.985470210,0,1
1081.460710825,4,4,752,5,63,0,0,4182,48,8,3829.167857809,0.984868276,0,1
1081.486059863,1,1,774,4,63,0,0,4182,48,8,3828.514955974,0.984700349,0,1
1081.655553857,6,6,779,0,63,0,0,4178,48,8,3815.174754559,0.981269227,0,1
1081.759718254,5,5,773,8,63,0,0,4179,48,8,3820.528271150,0.982646160,0,1
1081.958782531,7,7,741,2,63,0,0,4181,48,8,3827.034828941,0.984319658,0,1
1082.098559366,5,7,741,2,62,1,0,4179,48,8,3820.459993900,0.982628599,1,1
1082.203851437,8,8,752,0,63,0,0,4181,48,8,3825.347546261,0.983885686,0,1
1082.226146913,3,3,775,7,63,0,0,4179,48,8,3820.578887376,0.982659179,0,1
1082.241123005,0,0,777,2,63,0,0,4182,48,8,3829.496675126,0.984952849,0,1
1082.366040199,2,2,727,8,63,0,0,4183,48,8,3831.436089952,0.985451669,0,1
1082.460710825,4,4,753,7,63,0,0,4182,48,8,3829.095772284,0.984849736,0,1
1082.486059863,1,1,775,5,63,0,0,4182,48,8,3828.430985864,0.984678752,0,1
1082.655553857,6,6,780,8,63,0,0,4178,48,8,3815.096726742,0.981249158,0,1
1082.759718254,5,5,774,4,63,0,0,4179,48,8,3820.395802393,0.982612089,0,1
1082.958782531,7,7,742,8,63,0,0,4181,48,8,3826.956801125,0.984299589,0,1
1083.203851437,8,8,753,5,63,0,0,4181,48,8,3825.275460736,0.983867145,0,1
1083.205627681,2,2,19,65535,63,0,0,4183,0,7,3831.390696340,0.985439994,0,1
1083.226146913,3,3,776,2,63,0,0,4179,48,8,3820.506801852,0.982640638,0,1
1083.241123005,0,0,778,5,63,0,0,4182,48,8,3829.424589602,0.984934308,0,1
1083.343628029,7,8,753,5,62,1,0,4181,48,8,3826.888258890,0.984281960,1,1
1083.366040199,2,2,728,5,63,0,0,4183,48,8,3831.329389132,0.985424226,0,1
1083.460710825,4,4,754,8,63,0,0,4182,48,8,3829.029629052,0.984832724,0,1
1083.486059863,1,1,776,3,63,0,0,4182,48,8,3828.361301937,0.984660829,0,1
1083.655553857,6,6,781,1,63,0,0,4177,48,8,3815.024641218,0.981230618,0,1
1083.759718254,5,5,775,4,63,0,0,4179,48,8,3820.329659161,0.982595077,0,1
1083.958782531,7,7,743,6,63,0,0,4181,48,8,3826.818390076,0.984263989,0,1
1084.203851437,8,8,754,6,63,0,0,4181,48,8,3825.197432920,0.983847076,0,1
1084.226146913,3,3,777,6,63,0,0,4179,48,8,3820.434716327,0.982622098,0,1
1084.241123005,0,0,779,8,63,0,0,4182,48,8,3829.358446370,0.984917296,0,1
1084.366040199,2,2,729,1,63,0,0,4183,48,8,3831.257303607,0.985405685,0,1
1084.460710825,4,4,755,2,63,0,0,4182,48,8,3828.957543528,0.984814183,0,1
1084.486059863,1,1,777,4,63,0,0,4182,48,8,3828.289216413,0.984642288,0,1
1084.655553857,6,6,782,0,63,0,0,4177,48,8,3814.952555693,0.981212077,0,1
1084.759718254,5,5,776,6,63,0,0,4179,48,8,3820.257573637,0.982576536,0,1
1084.958782531,7,7,744,4,63,0,0,4181,48,8,3826.746304551,0.984245449,0,1
1085.098559123,8,7,744,4,62,1,0,4181,48,8,3825.125953879,0.983828692,1,1
1085.226146913,3,3,778,6,63,0,0,4179,48,8,3820.350746218,0.982600501,0,1
1085.241123005,0,0,780,4,63,0,0,4182,48,8,3829.286360845,0.984898755,0,1
1085.258815123,8,8,755,1,63,0,0,4181,48,8,3825.064647572,0.983812924,0,1
1085.366040199,2,2,730,8,63,0,0,4182,48,8,3831.179275790,0.985385616,0,1
1085.460710825,4,4,756,0,63,0,0,4182,48,8,3828.885458003,0.984795642,0,1
1085.486059863,1,1,778,5,63,0,0,4182,48,8,3828.217130888,0.984623748,0,1
1085.655553857,6,6,783,3,63,0,0,4177,48,8,3814.880470169,0.981193537,0,1
1085.759718254,5,5,777,8,63,0,0,4179,48,8,3820.173603527,0.982554939,0,1
1085.958782531,7,7,745,0,63,0,0,4181,48,8,3826.680161319,0.984228437,0,1
1086.060164480,4,4,19,65535,63,0,0,4182,0,7,3828.847389854,0.984785851,0,1
1086.098559121,6,7,745,0,62,1,0,4177,48,8,3814.811592934,0.981175821,1,1
1086.203851437,8,8,756,3,63,0,0,4181,48,8,3824.980994054,0.983791408,0,1
1086.226146913,3,3,779,8,63,0,0,4179,48,8,3820.278660693,0.982581960,0,1
1086.241123005,0,0,781,5,63,0,0,4182,48,8,3829.214275321,0.984880215,0,1
1086.366040199,2,2,731,5,63,0,0,4182,48,8,3831.107190266,0.985367076,0,1
1086.422851395,0,0,19,65535,63,0,0,4182,0,7,3829.178613269,0.984871043,0,1
1086.460710825,4,4,757,3,63,0,0,4182,48,8,3828.784699475,0.984769727,0,1
1086.486059863,1,1,779,0,63,0,0,4182,48,8,3828.139103071,0.984603679,0,1
1086.655553857,6,6,784,1,63,0,0,4177,48,8,3814.748001413,0.981159465,0,1
1086.759718254,5,5,778,2,63,0,0,4179,48,8,3820.101518003,0.982536399,0,1
1086.958782531,7,7,746,6,63,0,0,4181,48,8,3826.614018087,0.984211424,0,1
1087.203851437,8,8,757,4,63,0,0,4181,48,8,3824.902966237,0.983771339,0,1
1087.226146913,3,3,780,8,63,0,0,4179,48,8,3820.200632876,0.982561891,0,1
1087.241123005,0,0,782,7,63,0,0,4182,48,8,3829.107574500,0.984852771,0,1
1087.343628029,7,8,757,4,62,1,0,4181,48,8,3826.545475853,0.984193795,1,1
1087.366040199,2,2,732,4,63,0,0,4182,48,8,3831.041047034,0.985350064,0,1
1087.460710825,4,4,758,1,63,0,0,4182,48,8,3828.712613951,0.984751187,0,1
1087.483404621,8,8,757,4,61,2,0,4181,48,8,3824.835030486,0.983753866,0,1
1087.486059863,1,1,780,0,63,0,0,4182,48,8,3828.072959839,0.984586667,0,1
1087.655553857,6,6,785,2,63,0,0,4177,48,8,3814.675915888,0.981140925,0,1
1087.759718254,5,5,779,1,63,0,0,4179,48,8,3820.029432478,0.982517858,0,1
1087.795330447,3,6,785,2,62,1,0,4179,48,8,3820.131028855,0.982543989,1,1
1087.815809857,6,6,19,65535,63,0,0,4177,0,8,3814.614609581,0.981125157,0,1
1087.931177313,1,1,19,65535,63,0,0,4182,0,8,3828.010012731,0.984570477,0,1
1087.958782531,7,7,747,6,63,0,0,4181,48,8,3826.481549331,0.984177353,0,1
1088.129722679,8,8,19,65535,63,0,0,4180,0,7,3824.784807813,0.983740949,0,1
1088.225210679,8,8,758,0,63,0,0,4180,48,8,3824.723874570,0.983725276,0,1
1088.226146913,3,3,781,2,63,0,0,4179,48,8,3820.068164120,0.982527820,0,1
1088.241123005,0,0,783,8,63,0,0,4182,48,8,3829.041431268,0.984835759,0,1
1088.364987271,7,8,758,0,62,1,0,4181,48,8,3826.409343372,0.984158782,1,1
1088.366040199,2,2,733,5,63,0,0,4182,48,8,3830.968961509,0.985331523,0,1
1088.460710825,4,4,759,2,63,0,0,4182,48,8,3828.642930024,0.984733264,0,1
1088.486059863,1,1,781,4,63,0,0,4181,48,8,3827.946433375,0.984554124,0,1
1088.655553857,6,6,786,8,63,0,0,4177,48,8,3814.543447132,0.981106854,0,1
1088.759718254,5,5,780,1,63,0,0,4179,48,8,3819.953806259,0.982498407,0,1
1088.958782531,7,7,748,8,63,0,0,4181,48,8,3826.345539879,0.984142371,0,1
1089.203851437,8,8,759,7,63,0,0,4180,48,8,3824.645969782,0.983705239,0,1
1089.226146913,3,3,782,6,63,0,0,4179,48,8,3819.990136303,0.982507751,0,1
1089.241123005,0,0,784,4,63,0,0,4182,48,8,3828.969345744,0.984817219,0,1
1089.366040199,2,2,734,1,63,0,0,4182,48,8,3830.896875985,0.985312983,0,1
1089.460710825,4,4,760,1,63,0,0,4182,48,8,3828.570844499,0.984714723,0,1
1089.486059863,1,1,782,2,63,0,0,4181,48,8,3827.874347851,0.984535583,0,1
1089.655553857,6,6,787,5,63,0,0,4177,48,8,3814.465419315,0.981086785,0,1
1089.759718254,5,5,781,3,63,0,0,4179,48,8,3819.881720734,0.982479866,0,1
1089.958782531,7,7,749,8,63,0,0,4181,48,8,3826.279396647,0.984125359,0,1
1090.179680522,5,5,19,65535,63,0,0,4179,0,7,3819.838744163,0.982468813,0,1
1090.203851437,8,8,760,2,63,0,0,4180,48,8,3824.567941965,0.983685170,0,1
1090.226146913,3,3,783,5,63,0,0,4179,48,8,3819.912108486,0.982487682,0,1
1090.241123005,0,0,785,7,63,0,0,4182,48,8,3828.903202512,0.984800206,0,1
1090.366040199,2,2,735,6,63,0,0,4182,48,8,3830.821249765,0.985293531,0,1
1090.460710825,4,4,761,1,63,0,0,4182,48,8,3828.495218280,0.984695272,0,1
1090.486059863,1,1,783,2,63,0,0,4181,48,8,3827.802262326,0.984517043,0,1
1090.655553857,6,6,788,3,63,0,0,4177,48,8,3814.387391498,0.981066716,0,1
1090.759718254,5,5,782,6,63,0,0,4179,48,8,3819.775019914,0.982452423,0,1
1090.958782531,7,7,750,8,63,0,0,4181,48,8,3826.213253415,0.984108347,0,1
1091.000395817,3,3,19,65535,63,0,0,4179,0,8,3819.835380995,0.982467948,0,1
1091.203851437,8,8,761,3,63,0,0,4180,48,8,3824.489914148,0.983665101,0,1
1091.226146913,3,3,784,6,63,0,0,4179,48,8,3819.773697437,0.982452083,0,1
1091.241123005,0,0,786,6,63,0,0,4182,48,8,3828.818852703,0.984778511,0,1
1091.366040199,2,2,736,0,63,0,0,4182,48,8,3830.749164241,0.985274991,0,1
1091.460710825,4,4,762,0,63,0,0,4182,48,8,3828.423132755,0.984676732,0,1
1091.486059863,1,1,784,7,63,0,0,4181,48,8,3827.736119094,0.984500031,0,1
1091.655553857,6,6,789,0,63,0,0,4177,48,8,3814.321248266,0.981049704,0,1
1091.759718254,5,5,783,1,63,0,0,4179,48,8,3819.708876682,0.982435411,0,1
1091.958782531,7,7,751,6,63,0,0,4181,48,8,3826.135225598,0.984088278,0,1
1092.203851437,8,8,762,6,63,0,0,4180,48,8,3824.417828624,0.983646561,0,1
1092.226146913,3,3,785,0,63,0,0,4179,48,8,3819.701611912,0.982433542,0,1
1092.241123005,0,0,787,8,63,0,0,4182,48,8,3828.746767179,0.984759971,0,1
1092.366040199,2,2,737,6,63,0,0,4182,48,8,3830.671136424,0.985254922,0,1
1092.460710825,4,4,763,1,63,0,0,4182,48,8,3828.351047231,0.984658191,0,1
1092.486059863,1,1,785,4,63,0,0,4181,48,8,3827.664033570,0.984481490,0,1
1092.655553857,6,6,790,5,63,0,0,4177,48,8,3814.249162741,0.981031163,0,1
1092.759718254,5,5,784,4,63,0,0,4179,48,8,3819.636791157,0.982416870,0,1
1092.795330447,7,6,790,5,62,1,0,4181,48,8,3826.064081558,0.984069980,1,1
1092.955586447,7,7,19,65535,63,0,0,4181,0,7,3826.030755027,0.984061408,0,1
1093.045954447,7,7,752,0,63,0,0,4181,48,8,3825.969851275,0.984045744,0,1
1093.185731037,6,7,752,0,62,1,0,4177,48,8,3814.170490258,0.981010929,1,1
1093.203851437,8,8,763,7,63,0,0,4180,48,8,3824.342392254,0.983627159,0,1
1093.226146913,3,3,786,8,63,0,0,4179,48,8,3819.626175543,0.982414140,0,1
1093.241123005,0,0,788,2,63,0,0,4182,48,8,3828.674681654,0.984741430,0,1
1093.366040199,2,2,738,1,63,0,0,4182,48,8,3830.599050899,0.985236381,0,1
1093.460710825,4,4,764,3,63,0,0,4182,48,8,3828.269668569,0.984637260,0,1
1093.486059863,1,1,786,3,63,0,0,4181,48,8,3827.597890338,0.984464478,0,1
1093.655553857,6,6,791,0,63,0,0,4177,48,8,3814.107400847,0.980994702,0,1
1093.759718254,5,5,785,1,63,0,0,4179,48,8,3819.561354788,0.982397468,0,1
1093.958782531,7,7,753,1,63,0,0,4181,48,8,3825.892325569,0.984025804,0,1
1094.098559121,6,7,753,1,62,1,0,4177,48,8,3814.038523612,0.980976987,1,1
1094.203851437,8,8,764,0,63,0,0,4180,48,8,3824.264364437,0.983607090,0,1
1094.226146913,3,3,787,0,63,0,0,4179,48,8,3819.560032311,0.982397128,0,1
1094.241123005,0,0,789,7,63,0,0,4182,48,8,3828.602596130,0.984722890,0,1
1094.366040199,2,2,739,7,63,0,0,4182,48,8,3830.526965375,0.985217841,0,1
1094.460710825,4,4,765,2,63,0,0,4182,48,8,3828.191640752,0.984617192,0,1
1094.486059863,1,1,787,3,63,0,0,4181,48,8,3827.531747106,0.984447466,0,1
1094.655553857,6,6,792,7,63,0,0,4177,48,8,3813.968989798,0.980959102,0,1
1094.759718254,5,5,786,1,63,0,0,4179,48,8,3819.495211556,0.982380456,0,1
1094.958782531,7,7,754,8,63,0,0,4181,48,8,3825.826182337,0.984008792,0,1
1095.203851437,8,8,765,4,63,0,0,4180,48,8,3824.192278912,0.983588549,0,1
1095.226146913,3,3,788,7,63,0,0,4179,48,8,3819.487946786,0.982378587,0,1
1095.241123005,0,0,790,6,63,0,0,4182,48,8,3828.530510605,0.984704349,0,1
1095.366040199,2,2,740,1,63,0,0,4182,48,8,3830.454879850,0.985199300,0,1
1095.460710825,4,4,766,5,63,0,0,4182,48,8,3828.119555227,0.984598651,0,1
1095.486059863,1,1,788,7,63,0,0,4181,48,8,3827.465603874,0.984430454,0,1
1095.655553857,6,6,793,8,63,0,0,4177,48,8,3813.890961981,0.980939033,0,1
1095.759718254,5,5,787,6,63,0,0,4179,48,8,3819.423126031,0.982361915,0,1
1095.958782531,7,7,755,5,63,0,0,4181,48,8,3825.760039105,0.983991780,0,1
1096.098559123,8,7,755,5,62,1,0,4180,48,8,3824.114857579,0.983568636,1,1
1096.226146913,3,3,789,7,63,0,0,4179,48,8,3819.421803554,0.982361575,0,1
1096.238335715,7,7,755,5,61,2,0,4181,48,8,3825.692103354,0.983974306,0,1
1096.241123005,0,0,791,6,63,0,0,4182,48,8,3828.458425081,0.984685809,0,1
1096.258815123,8,8,766,1,63,0,0,4180,48,8,3824.053551273,0.983552868,0,1
1096.366040199,2,2,741,1,63,0,0,4182,48,8,3830.376852033,0.985179231,0,1
1096.460710825,4,4,767,2,63,0,0,4182,48,8,3828.047469703,0.984580111,0,1
1096.486059863,1,1,789,8,63,0,0,4181,48,8,3827.393518350,0.984411913,0,1
1096.655553857,6,6,794,7,63,0,0,4177,48,8,3813.818876456,0.980920493,0,1
1096.759718254,5,5,788,0,63,0,0,4179,48,8,3819.351040507,0.982343375,0,1
1096.958782531,7,7,756,5,63,0,0,4181,48,8,3825.615685763,0.983954652,0,1
1097.098559123,8,7,756,5,62,1,0,4180,48,8,3823.982388823,0.983534565,1,1
1097.226146913,3,3,790,5,63,0,0,4179,48,8,3819.337833445,0.982339978,0,1
1097.241123005,0,0,792,6,63,0,0,4182,48,8,3828.392281849,0.984668797,0,1
1097.258815123,8,8,767,4,63,0,0,4180,48,8,3823.921082516,0.983518797,0,1
1097.366040199,2,2,742,5,63,0,0,4182,48,8,3830.298824216,0.985159163,0,1
1097.460710825,4,4,768,0,63,0,0,4181,48,8,3827.975384178,0.984561570,0,1
1097.486059863,1,1,790,4,63,0,0,4181,48,8,3827.315490533,0.984391844,0,1
1097.600487660,6,4,768,0,62,1,0,4177,48,8,3813.741165821,0.980900506,1,1
1097.759718254,5,5,789,6,63,0,0,4179,48,8,3819.284897275,0.982326362,0,1
1097.760743660,6,6,795,8,63,0,0,4177,48,8,3813.679859514,0.980884738,0,1
1097.958782531,7,7,757,3,63,0,0,4181,48,8,3825.543600239,0.983936111,0,1
1098.098559121,6,7,757,3,62,1,0,4177,48,8,3813.611588173,0.980867178,1,1
1098.203851437,8,8,768,6,63,0,0,4180,48,8,3823.849313583,0.983500338,0,1
1098.226146913,3,3,791,2,63,0,0,4179,48,8,3819.271690213,0.982322966,0,1
1098.241123005,0,0,793,1,63,0,0,4182,48,8,3828.326138617,0.984651785,0,1
1098.366040199,2,2,743,7,63,0,0,4182,48,8,3830.226738692,0.985140622,0,1
1098.460710825,4,4,769,5,63,0,0,4181,48,8,3827.897356361,0.984541501,0,1
1098.486059863,1,1,791,8,63,0,0,4181,48,8,3827.237462716,0.984371775,0,1
1098.655553857,6,6,796,5,63,0,0,4177,48,8,3813.547996651,0.980850822,0,1
1098.759718254,5,5,790,2,63,0,0,4179,48,8,3819.212811750,0.982307822,0,1
1098.958782531,7,7,758,4,63,0,0,4181,48,8,3825.477457007,0.983919099,0,1
1099.203851437,8,8,769,5,63,0,0,4180,48,8,3823.777228058,0.983481797,0,1
1099.226146913,3,3,792,8,63,0,0,4179,48,8,3819.193662396,0.982302897,0,1
1099.241123005,0,0,794,4,63,0,0,4182,48,8,3828.254053092,0.984633244,0,1
1099.366040199,2,2,744,1,63,0,0,4182,48,8,3830.154653167,0.985122082,0,1
1099.460710825,4,4,770,8,63,0,0,4181,48,8,3827.819328544,0.984521432,0,1
1099.486059863,1,1,792,8,63,0,0,4181,48,8,3827.165377191,0.984353235,0,1
1099.655553857,6,6,797,3,63,0,0,4177,48,8,3813.475911126,0.980832282,0,1
1099.759718254,5,5,791,1,63,0,0,4179,48,8,3819.134783933,0.982287753,0,1
1099.958782531,7,7,759,2,63,0,0,4181,48,8,3825.405371482,0.983900559,0,1
1100.098559121,6,7,759,2,62,1,0,4177,48,8,3813.407033892,0.980814566,1,1
1100.203851437,8,8,770,1,63,0,0,4180,48,8,3823.699200241,0.983461728,0,1
1100.226146913,3,3,793,5,63,0,0,4179,48,8,3819.115634579,0.982282828,0,1
1100.241123005,0,0,795,7,63,0,0,4182,48,8,3828.187909860,0.984616232,0,1
1100.366040199,2,2,745,4,63,0,0,4182,48,8,3830.082567643,0.985103541,0,1
1100.460710825,4,4,771,6,63,0,0,4181,48,8,3827.741300727,0.984501363,0,1
1100.486059863,1,1,793,2,63,0,0,4181,48,8,3827.087349374,0.984333166,0,1
1100.655553857,6,6,798,4,63,0,0,4177,48,8,3813.337500077,0.980796682,0,1
1100.759718254,5,5,792,0,63,0,0,4179,48,8,3819.062698409,0.982269213,0,1
1100.958782531,7,7,760,2,63,0,0,4181,48,8,3825.339228250,0.983883546,0,1
1101.098559121,6,7,760,2,62,1,0,4177,48,8,3813.268622843,0.980778967,1,1
1101.203851437,8,8,771,2,63,0,0,4180,48,8,3823.627114717,0.983443188,0,1
1101.226146913,3,3,794,5,63,0,0,4179,48,8,3819.043549054,0.982264287,0,1
1101.241123005,0,0,796,3,63,0,0,4182,48,8,3828.121766628,0.984599220,0,1
1101.366040199,2,2,746,8,63,0,0,4182,48,8,3830.004539826,0.985083472,0,1
1101.460710825,4,4,772,7,63,0,0,4181,48,8,3827.669215203,0.984482823,0,1
1101.486059863,1,1,794,8,63,0,0,4181,48,8,3827.015263850,0.984314625,0,1
1101.655553857,6,6,799,3,63,0,0,4177,48,8,3813.199089029,0.980761083,0,1
1101.759718254,5,5,793,8,63,0,0,4179,48,8,3818.990612884,0.982250672,0,1
1101.958782531,7,7,761,8,63,0,0,4181,48,8,3825.267142726,0.983865006,0,1
1102.203851437,8,8,772,3,63,0,0,4180,48,8,3823.555029192,0.983424647,0,1
1102.226146913,3,3,795,7,63,0,0,4179,48,8,3818.965521237,0.982244218,0,1
1102.241123005,0,0,797,2,63,0,0,4182,48,8,3828.055623396,0.984582208,0,1
1102.366040199,2,2,747,5,63,0,0,4182,48,8,3829.932454301,0.985064932,0,1
1102.460710825,4,4,773,0,63,0,0,4181,48,8,3827.597129678,0.984464282,0,1
1102.486059863,1,1,795,2,63,0,0,4181,48,8,3826.943178325,0.984296085,0,1
1102.655553857,6,6,800,3,63,0,0,4177,48,8,3813.127003504,0.980742542,0,1
1102.759718254,5,5,794,6,63,0,0,4179,48,8,3818.924469652,0.982233660,0,1
1102.958782531,7,7,762,4,63,0,0,4181,48,8,3825.200999494,0.983847994,0,1
1103.098559123,8,7,762,4,62,1,0,4180,48,8,3823.483550151,0.983406263,1,1
1103.226146913,3,3,796,8,63,0,0,4179,48,8,3818.881551128,0.982222621,0,1
1103.241123005,0,0,798,7,63,0,0,4181,48,8,3827.989480164,0.984565196,0,1
1103.258815123,8,8,773,0,63,0,0,4180,48,8,3823.422243845,0.983390495,0,1
1103.366040199,2,2,748,5,63,0,0,4182,48,8,3829.866311069,0.985047920,0,1
1103.398591715,7,8,773,0,62,1,0,4181,48,8,3825.132140668,0.983830283,1,1
1103.460710825,4,4,774,3,63,0,0,4181,48,8,3827.525044154,0.984445742,0,1
1103.486059863,1,1,796,5,63,0,0,4181,48,8,3826.871092801,0.984277544,0,1
1103.759718254,5,5,795,4,63,0,0,4179,48,8,3818.852384128,0.982215119,0,1
1103.958782531,7,7,763,2,63,0,0,4181,48,8,3825.062588445,0.983812394,0,1
1104.098559121,6,7,763,2,62,1,0,4177,48,8,3813.040481684,0.980720288,1,1
1104.203851437,8,8,774,6,63,0,0,4180,48,8,3823.350474911,0.983372036,0,1
1104.226146913,3,3,797,4,63,0,0,4179,48,8,3818.803523311,0.982202552,0,1
1104.241123005,0,0,799,2,63,0,0,4181,48,8,3827.917394640,0.984546655,0,1
1104.366040199,2,2,749,0,63,0,0,4182,48,8,3829.794225545,0.985029379,0,1
1104.460710825,4,4,775,1,63,0,0,4181,48,8,3827.447016337,0.984425673,0,1
1104.486059863,1,1,797,2,63,0,0,4181,48,8,3826.799007276,0.984259004,0,1
1104.759718254,5,5,796,7,63,0,0,4179,48,8,3818.780298603,0.982196579,0,1
1104.958782531,7,7,764,2,63,0,0,4181,48,8,3824.984560628,0.983792325,0,1
1105.098559121,6,7,764,2,62,1,0,4177,48,8,3812.950569282,0.980697163,1,1
1105.203851437,8,8,775,7,63,0,0,4180,48,8,3823.272447094,0.983351967,0,1
1105.226146913,3,3,798,6,63,0,0,4179,48,8,3818.731437786,0.982184012,0,1
1105.241123005,0,0,800,5,63,0,0,4181,48,8,3827.851251408,0.984529643,0,1
1105.366040199,2,2,750,1,63,0,0,4182,48,8,3829.716197728,0.985009310,0,1
1105.460710825,4,4,776,3,63,0,0,4181,48,8,3827.368988520,0.984405604,0,1
1105.486059863,1,1,798,5,63,0,0,4181,48,8,3826.726921752,0.984240463,0,1
1105.600487660,6,4,776,3,62,1,0,4177,48,8,3812.881352649,0.980679360,1,1
1105.759718254,5,5,797,8,63,0,0,4179,48,8,3818.708213079,0.982178038,0,1
1105.958782531,7,7,765,8,63,0,0,4181,48,8,3824.906532811,0.983772256,0,1
1106.203851437,8,8,776,1,63,0,0,4180,48,8,3823.194419277,0.983331898,0,1
1106.226146913,3,3,799,8,63,0,0,4179,48,8,3818.653409969,0.982163943,0,1
1106.366040199,2,2,751,7,63,0,0,4182,48,8,3829.632227619,0.984987713,0,1
1106.460710825,4,4,777,6,63,0,0,4181,48,8,3827.285018410,0.984384007,0,1
1106.486059863,1,1,799,0,63,0,0,4181,48,8,3826.654836227,0.984221923,0,1
1106.759718254,5,5,798,0,63,0,0,4179,48,8,3818.636127554,0.982159498,0,1
1106.899495435,3,5,798,0,62,1,0,4179,48,8,3818.583205957,0.982145886,1,1
1106.958782531,7,7,766,2,63,0,0,4181,48,8,3824.834447286,0.983753716,0,1
1107.203851437,8,8,777,5,63,0,0,4180,48,8,3823.116391460,0.983311829,0,1
1107.226146913,3,3,800,1,63,0,0,4179,48,8,3818.520941213,0.982129872,0,1
1107.366040199,2,2,752,1,63,0,0,4182,48,8,3829.560142094,0.984969172,0,1
1107.460710825,4,4,778,0,63,0,0,4181,48,8,3827.206990594,0.984363938,0,1
1107.486059863,1,1,800,5,63,0,0,4181,48,8,3826.576808410,0.984201854,0,1
1107.759718254,5,5,799,2,63,0,0,4179,48,8,3818.564042030,0.982140957,0,1
1107.958782531,7,7,767,4,63,0,0,4181,48,8,3824.762361762,0.983735175,0,1
1108.098559123,8,7,767,4,62,1,0,4180,48,8,3823.038970127,0.983291916,1,1
1108.258815123,8,8,778,0,63,0,0,4180,48,8,3822.977663821,0.983276148,0,1
1108.366040199,2,2,753,0,63,0,0,4182,48,8,3829.476171985,0.984947575,0,1
1108.398591715,7,8,778,0,62,1,0,4180,48,8,3824.693502937,0.983717465,1,1
1108.460710825,4,4,779,0,63,0,0,4181,48,8,3827.123020484,0.984342341,0,1
1108.759718254,5,5,800,3,63,0,0,4179,48,8,3818.491956505,0.982122417,0,1
1108.958782531,7,7,768,6,63,0,0,4180,48,8,3824.623950713,0.983699576,0,1
1109.203851437,8,8,779,4,63,0,0,4180,48,8,3822.905894887,0.983257689,0,1
1109.343628029,7,8,779,4,62,1,0,4180,48,8,3824.555408478,0.983681947,1,1
1109.366040199,2,2,754,6,63,0,0,4182,48,8,3829.404086460,0.984929035,0,1
1109.460710825,4,4,780,7,63,0,0,4181,48,8,3827.039050375,0.984320743,0,1
1109.958782531,7,7,769,8,63,0,0,4180,48,8,3824.491481957,0.983665505,0,1
1110.203851437,8,8,780,1,63,0,0,4180,48,8,3822.833809362,0.983239148,0,1
1110.343628029,7,8,780,1,62,1,0,4180,48,8,3824.422939722,0.983647875,1,1
1110.366040199,2,2,755,6,63,0,0,4182,48,8,3829.337943228,0.984912022,0,1
1110.460710825,4,4,781,3,63,0,0,4181,48,8,3826.966964850,0.984302203,0,1
1110.958782531,7,7,770,8,63,0,0,4180,48,8,3824.359013200,0.983631433,0,1
1111.203851437,8,8,781,3,63,0,0,4180,48,8,3822.761723838,0.983220608,0,1
1111.343628029,7,8,781,3,62,1,0,4180,48,8,3824.290470965,0.983613804,1,1
1111.366040199,2,2,756,5,63,0,0,4182,48,8,3829.265857704,0.984893482,0,1
1111.460710825,4,4,782,5,63,0,0,4181,48,8,3826.888937033,0.984282134,0,1
1111.958782531,7,7,771,5,63,0,0,4180,48,8,3824.226544444,0.983597362,0,1
1112.098559123,8,7,771,5,62,1,0,4180,48,8,3822.690244797,0.983202223,1,1
1112.238335715,7,7,771,5,61,2,0,4180,48,8,3824.158608693,0.983579889,0,1
1112.258815123,8,8,782,4,63,0,0,4180,48,8,3822.628938491,0.983186455,0,1
1112.366040199,2,2,757,8,63,0,0,4182,48,8,3829.199714472,0.984876470,0,1
1112.460710825,4,4,783,8,63,0,0,4181,48,8,3826.810909216,0.984262065,0,1
1112.958782531,7,7,772,6,63,0,0,4180,48,8,3824.088133395,0.983561763,0,1
1113.203851437,8,8,783,5,63,0,0,4180,48,8,3822.551227264,0.983166468,0,1
1113.343628029,7,8,783,5,62,1,0,4180,48,8,3824.019591160,0.983544134,1,1
1113.366040199,2,2,758,8,63,0,0,4182,48,8,3829.133571240,0.984859458,0,1
1113.460710825,4,4,784,2,63,0,0,4181,48,8,3826.738823692,0.984243525,0,1
1113.958782531,7,7,773,6,63,0,0,4180,48,8,3823.955664638,0.983527692,0,1
1114.203851437,8,8,784,0,63,0,0,4180,48,8,3822.479141740,0.983147927,0,1
1114.343628029,7,8,784,0,62,1,0,4180,48,8,3823.887122404,0.983510062,1,1
1114.366040199,2,2,759,7,63,0,0,4182,48,8,3829.061485715,0.984840917,0,1
1114.460710825,4,4,785,7,63,0,0,4181,48,8,3826.666738167,0.984224984,0,1
1114.958782531,7,7,774,3,63,0,0,4180,48,8,3823.823195882,0.983493620,0,1
1115.098559121,6,7,774,3,62,1,0,4177,48,8,3812.689010724,0.980629890,1,1
1115.203851437,8,8,785,0,63,0,0,4180,48,8,3822.407056216,0.983129387,0,1
1115.343628029,7,8,785,0,62,1,0,4180,48,8,3823.754653647,0.983475991,1,1
1115.366040199,2,2,760,4,63,0,0,4182,48,8,3828.989400191,0.984822377,0,1
1115.460710825,4,4,786,3,63,0,0,4181,48,8,3826.594652643,0.984206444,0,1
1115.483404619,6,8,785,0,61,2,0,4177,48,8,3812.620468489,0.980612260,1,1
1115.958782531,7,7,775,8,63,0,0,4180,48,8,3823.684784833,0.983458021,0,1
1116.203851437,8,8,786,7,63,0,0,4180,48,8,3822.334970691,0.983110846,0,1
1116.366040199,2,2,761,7,63,0,0,4182,48,8,3828.917314666,0.984803836,0,1
1116.460710825,4,4,787,0,63,0,0,4181,48,8,3826.516624826,0.984186375,0,1
1116.958782531,7,7,776,0,63,0,0,4180,48,8,3823.612699308,0.983439480,0,1
1117.098559121,6,7,776,0,62,1,0,4177,48,8,3812.532955090,0.980589752,1,1
1117.203851437,8,8,787,2,63,0,0,4180,48,8,3822.262885167,0.983092306,0,1
1117.366040199,2,2,762,3,63,0,0,4182,48,8,3828.851171434,0.984786824,0,1
1117.460710825,4,4,788,6,63,0,0,4181,48,8,3826.444539301,0.984167834,0,1
1117.505816789,5,2,762,3,62,1,0,4178,48,8,3818.274234481,0.982066418,1,1
1117.958782531,7,7,777,8,63,0,0,4180,48,8,3823.546556076,0.983422468,0,1
1118.203851437,8,8,788,2,63,0,0,4180,48,8,3822.184857350,0.983072237,0,1
1118.343628029,7,8,788,2,62,1,0,4180,48,8,3823.478013842,0.983404839,1,1
1118.366040199,2,2,763,1,63,0,0,4182,48,8,3828.773143617,0.984766755,0,1
1118.460710825,4,4,789,2,63,0,0,4181,48,8,3826.366511484,0.984147765,0,1
1118.483404619,6,8,788,2,61,2,0,4177,48,8,3812.452710563,0.980569113,1,1
1118.958782531,7,7,778,3,63,0,0,4180,48,8,3823.408145027,0.983386869,0,1
1119.098559121,6,7,778,3,62,1,0,4177,48,8,3812.382841748,0.980551142,1,1
1119.203851437,8,8,789,1,63,0,0,4180,48,8,3822.112771825,0.983053696,0,1
1119.366040199,2,2,764,0,63,0,0,4182,48,8,3828.707000385,0.984749743,0,1
1119.460710825,4,4,790,6,63,0,0,4181,48,8,3826.294425960,0.984129225,0,1
1119.958782531,7,7,779,1,63,0,0,4180,48,8,3823.336059503,0.983368328,0,1
1120.098559121,6,7,779,1,62,1,0,4177,48,8,3812.310756224,0.980532602,1,1
1120.203851437,8,8,790,0,63,0,0,4180,48,8,3822.046628593,0.983036684,0,1
1120.366040199,2,2,765,8,63,0,0,4182,48,8,3828.640857153,0.984732731,0,1
1120.460710825,4,4,791,8,63,0,0,4181,48,8,3826.216398143,0.984109156,0,1
1120.958782531,7,7,780,6,63,0,0,4180,48,8,3823.263973978,0.983349788,0,1
1121.203851437,8,8,791,3,63,0,0,4180,48,8,3821.974543069,0.983018144,0,1
1121.343628029,7,8,791,3,62,1,0,4180,48,8,3823.195431744,0.983332158,1,1
1121.366040199,2,2,766,4,63,0,0,4182,48,8,3828.574713921,0.984715719,0,1
1121.460710825,4,4,792,8,63,0,0,4181,48,8,3826.138370326,0.984089087,0,1
1121.483404619,6,8,791,3,61,2,0,4177,48,8,3812.224569404,0.980510435,1,1
1121.958782531,7,7,781,4,63,0,0,4180,48,8,3823.125562929,0.983314188,0,1
1122.098559123,8,7,781,4,62,1,0,4180,48,8,3821.897121735,0.982998231,1,1
1122.238335715,7,7,781,4,61,2,0,4180,48,8,3823.057627178,0.983296715,0,1
1122.258815123,8,8,792,1,63,0,0,4180,48,8,3821.835815429,0.982982463,0,1
1122.366040199,2,2,767,7,63,0,0,4182,48,8,3828.502628397,0.984697178,0,1
1122.460710825,4,4,793,0,63,0,0,4181,48,8,3826.060342509,0.984069018,0,1
1122.958782531,7,7,782,6,63,0,0,4180,48,8,3822.987151880,0.983278588,0,1
1123.203851437,8,8,793,2,63,0,0,4180,48,8,3821.758104203,0.982962475,0,1
1123.343628029,7,8,793,2,62,1,0,4180,48,8,3822.918609646,0.983260959,1,1
1123.366040199,2,2,768,4,63,0,0,4182,48,8,3828.430542872,0.984678638,0,1
1123.460710825,4,4,794,2,63,0,0,4181,48,8,3825.982314692,0.984048949,0,1
1123.483404619,6,8,793,2,61,2,0,4177,48,8,3812.128897002,0.980485827,1,1
1123.958782531,7,7,783,1,63,0,0,4180,48,8,3822.848740831,0.983242989,0,1
1124.098559121,6,7,783,1,62,1,0,4177,48,8,3812.059028188,0.980467857,1,1
1124.203851437,8,8,794,1,63,0,0,4180,48,8,3821.680076386,0.982942406,0,1
1124.238336302,0,7,783,1,61,2,0,4181,48,8,3827.562598378,0.984455401,1,1
1124.366040199,2,2,769,0,63,0,0,4182,48,8,3828.358457348,0.984660097,0,1
1124.460710825,4,4,795,7,63,0,0,4181,48,8,3825.910229168,0.984030409,0,1
1124.958782531,7,7,784,6,63,0,0,4180,48,8,3822.776655307,0.983224448,0,1
1125.203851437,8,8,795,1,63,0,0,4180,48,8,3821.607990861,0.982923866,0,1
1125.343628029,7,8,795,1,62,1,0,4180,48,8,3822.708113072,0.983206819,1,1
1125.366040199,2,2,770,3,63,0,0,4182,48,8,3828.280429531,0.984640028,0,1
1125.460710825,4,4,796,2,63,0,0,4181,48,8,3825.832201351,0.984010340,0,1
1125.958782531,7,7,785,2,63,0,0,4180,48,8,3822.644186550,0.983190377,0,1
1126.098559121,6,7,785,2,62,1,0,4177,48,8,3811.975240371,0.980446307,1,1
1126.203851437,8,8,796,1,63,0,0,4180,48,8,3821.535905337,0.982905325,0,1
1126.238335711,3,7,785,2,61,2,0,4178,48,8,3818.196548169,0.982046437,1,1
1126.366040199,2,2,771,7,63,0,0,4182,48,8,3828.214286299,0.984623016,0,1
1126.460710825,4,4,797,3,63,0,0,4181,48,8,3825.760115826,0.983991799,0,1
1126.958782531,7,7,786,0,63,0,0,4180,48,8,3822.572101026,0.983171837,0,1
1127.098559121,6,7,786,0,62,1,0,4177,48,8,3811.903154847,0.980427766,1,1
1127.203851437,8,8,797,3,63,0,0,4179,48,8,3821.463819812,0.982886785,0,1
1127.366040199,2,2,772,5,63,0,0,4182,48,8,3828.142200774,0.984604476,0,1
1127.460710825,4,4,798,6,63,0,0,4181,48,8,3825.688030302,0.983973259,0,1
1127.958782531,7,7,787,0,63,0,0,4180,48,8,3822.500015501,0.983153296,0,1
1128.203851437,8,8,798,5,63,0,0,4179,48,8,3821.391734288,0.982868244,0,1
1128.343628029,7,8,798,5,62,1,0,4180,48,8,3822.431473267,0.983135667,1,1
1128.366040199,2,2,773,7,63,0,0,4182,48,8,3828.070115250,0.984585935,0,1
1128.460710825,4,4,799,1,63,0,0,4181,48,8,3825.610002485,0.983953190,0,1
1128.483404621,8,8,798,5,61,2,0,4179,48,8,3821.323798537,0.982850771,0,1
1128.958782531,7,7,788,1,63,0,0,4180,48,8,3822.361604452,0.983117697,0,1
1129.098559121,6,7,788,1,62,1,0,4177,48,8,3811.813424737,0.980404687,1,1
1129.203851437,8,8,799,6,63,0,0,4179,48,8,3821.253323239,0.982832645,0,1
1129.238336302,0,7,788,1,61,2,0,4181,48,8,3827.437761391,0.984423293,1,1
1129.366040199,2,2,774,0,63,0,0,4181,48,8,3827.998029725,0.984567394,0,1
1129.460710825,4,4,800,0,63,0,0,4181,48,8,3825.537916960,0.983934649,0,1
1129.600487660,6,4,800,0,62,1,0,4176,48,8,3811.744208104,0.980386885,1,1
1129.958782531,7,7,789,5,63,0,0,4180,48,8,3822.283576636,0.983097628,0,1
1130.098559123,8,7,789,5,62,1,0,4179,48,8,3821.175901906,0.982812732,1,1
1130.238335715,7,7,789,5,61,2,0,4180,48,8,3822.215640885,0.983080155,0,1
1130.258815123,8,8,800,0,63,0,0,4179,48,8,3821.114595599,0.982796964,0,1
1130.366040199,2,2,775,8,63,0,0,4181,48,8,3827.925944201,0.984548854,0,1
1130.958782531,7,7,790,5,63,0,0,4180,48,8,3822.151107879,0.983063557,0,1
1131.098559123,8,7,790,5,62,1,0,4179,48,8,3821.043433149,0.982778661,1,1
1131.238335715,7,7,790,5,61,2,0,4180,48,8,3822.083172128,0.983046083,0,1
1131.366040199,2,2,776,3,63,0,0,4181,48,8,3827.853858677,0.984530313,0,1
1131.958782531,7,7,791,3,63,0,0,4180,48,8,3822.018639123,0.983029485,0,1
1132.098559121,6,7,791,3,62,1,0,4176,48,8,3811.645666811,0.980361540,1,1
1132.366040199,2,2,777,7,63,0,0,4181,48,8,3827.781773152,0.984511773,0,1
1132.505817034,4,2,777,7,62,1,0,4181,48,8,3825.424340162,0.983905437,1,1
1132.958782531,7,7,792,5,63,0,0,4180,48,8,3821.940611306,0.983009416,0,1
1133.098559123,8,7,792,5,62,1,0,4179,48,8,3820.941818455,0.982752525,1,1
1133.238335715,7,7,792,5,61,2,0,4180,48,8,3821.872675555,0.982991943,0,1
1133.366040199,2,2,778,8,63,0,0,4181,48,8,3827.697803043,0.984490176,0,1
1133.505816789,5,2,778,8,62,1,0,4178,48,8,3817.937480182,0.981979805,1,1
1133.958782531,7,7,793,3,63,0,0,4180,48,8,3821.802200257,0.982973817,0,1
1134.098559121,6,7,793,3,62,1,0,4176,48,8,3811.549994409,0.980336933,1,1
1134.366040199,2,2,779,7,63,0,0,4181,48,8,3827.619775226,0.984470107,0,1
1134.505817034,4,2,779,7,62,1,0,4181,48,8,3825.316783175,0.983877773,1,1
1134.958782531,7,7,794,5,63,0,0,4180,48,8,3821.730114732,0.982955276,0,1
1135.098559123,8,7,794,5,62,1,0,4179,48,8,3820.846146053,0.982727918,1,1
1135.238335715,7,7,794,5,61,2,0,4180,48,8,3821.662178981,0.982937803,0,1
1135.366040199,2,2,780,0,63,0,0,4181,48,8,3827.547689701,0.984451566,0,1
1135.958782531,7,7,795,0,63,0,0,4180,48,8,3821.597645976,0.982921205,0,1
1136.366040199,2,2,781,6,63,0,0,4181,48,8,3827.481546469,0.984434554,0,1
1136.505817034,4,2,781,6,62,1,0,4181,48,8,3825.227053065,0.983854695,1,1
1136.958782531,7,7,796,1,63,0,0,4180,48,8,3821.519618159,0.982901136,0,1
1137.098559121,6,7,796,1,62,1,0,4176,48,8,3811.448562007,0.980310844,1,1
1137.238336302,0,7,796,1,61,2,0,4181,48,8,3827.259990649,0.984377570,1,1
1137.366040199,2,2,782,7,63,0,0,4181,48,8,3827.409460945,0.984416014,0,1
1137.958782531,7,7,797,2,63,0,0,4179,48,8,3821.447532634,0.982882596,0,1
1138.098559121,6,7,797,2,62,1,0,4176,48,8,3811.376476482,0.980292304,1,1
1138.238335711,3,7,797,2,61,2,0,4178,48,8,3817.894718455,0.981968806,1,1
1138.366040199,2,2,783,6,63,0,0,4181,48,8,3827.343317713,0.984399001,0,1
1138.958782531,7,7,798,1,63,0,0,4179,48,8,3821.375447110,0.982864055,0,1
1139.366040199,2,2,784,8,63,0,0,4181,48,8,3827.277174481,0.984381989,0,1
1139.505816789,5,2,784,8,62,1,0,4178,48,8,3817.747460270,0.981930931,1,1
1139.958782531,7,7,799,2,63,0,0,4179,48,8,3821.303361585,0.982845515,0,1
1140.098559121,6,7,799,2,62,1,0,4176,48,8,3811.286746373,0.980269225,1,1
1140.238335711,3,7,799,2,61,2,0,4178,48,8,3817.804988346,0.981945727,1,1
1140.366040199,2,2,785,7,63,0,0,4181,48,8,3827.205088956,0.984363449,0,1
1140.958782531,7,7,800,8,63,0,0,4179,48,8,3821.225333768,0.982825446,0,1
1141.366040199,2,2,786,7,63,0,0,4181,48,8,3827.133003432,0.984344908,0,1
1141.505817034,4,2,786,7,62,1,0,4181,48,8,3825.066562323,0.983813416,1,1
1142.366040199,2,2,787,7,63,0,0,4181,48,8,3827.060917907,0.984326368,0,1
1142.505817034,4,2,787,7,62,1,0,4181,48,8,3824.994476799,0.983794876,1,1
1143.205627681,2,2,20,65535,63,0,0,4181,0,8,3826.989756359,0.984308065,0,1
1143.376123681,2,2,788,4,63,0,0,4181,48,8,3826.928391070,0.984292282,0,1
1144.366040199,2,2,789,8,63,0,0,4181,48,8,3826.862305919,0.984275284,0,1
1144.505816789,5,2,789,8,62,1,0,4178,48,8,3817.616301292,0.981897197,1,1
1145.366040199,2,2,790,7,63,0,0,4181,48,8,3826.790220394,0.984256744,0,1
1145.505817034,4,2,790,7,62,1,0,4181,48,8,3824.886722405,0.983767161,1,1
1146.060164480,4,4,20,65535,63,0,0,4181,0,7,3824.848914068,0.983757437,0,1
1146.366040199,2,2,791,3,63,0,0,4181,48,8,3826.714594175,0.984237293,0,1
1146.422851395,0,0,20,65535,63,0,0,4181,0,7,3827.101165036,0.984336719,0,1
1146.505816789,5,2,791,3,62,1,0,4178,48,8,3817.523030487,0.981873207,1,1
1147.366040199,2,2,792,5,63,0,0,4181,48,8,3826.642508650,0.984218752,0,1
1147.769219712,6,6,20,65535,63,0,0,4176,0,7,3811.156869037,0.980235820,0,1
1147.931177313,1,1,20,65535,63,0,0,4181,0,7,3825.996309635,0.984052549,0,1
1148.129722679,8,8,20,65535,63,0,0,4179,0,7,3820.635072583,0.982673630,0,1
1148.366040199,2,2,793,7,63,0,0,4181,48,8,3826.572824723,0.984200829,0,1
1149.366040199,2,2,794,0,63,0,0,4181,48,8,3826.506681491,0.984183817,0,1
1149.505816789,1,2,794,0,62,1,0,4181,48,8,3825.914971894,0.984031629,1,1
1150.179680522,5,5,20,65535,63,0,0,4178,0,8,3817.410635240,0.981844299,0,1
1150.366040199,2,2,795,4,63,0,0,4181,48,8,3826.428273975,0.984163651,0,1
1151.000395817,3,3,20,65535,63,0,0,4178,0,7,3817.632016582,0.981901239,0,1
1151.366040199,2,2,796,3,63,0,0,4181,48,8,3826.362130743,0.984146639,0,1
1151.505816789,5,2,796,3,62,1,0,4178,48,8,3817.327188183,0.981822836,1,1
1152.366040199,2,2,797,8,63,0,0,4181,48,8,3826.290045219,0.984128098,0,1
1152.505817034,4,2,797,8,62,1,0,4180,48,8,3824.684519863,0.983715154,1,1
1152.847284098,7,7,20,65535,63,0,0,4179,0,8,3821.032370050,0.982775815,0,1
1153.366040199,2,2,798,4,63,0,0,4181,48,8,3826.217959694,0.984109558,0,1
1154.366040199,2,2,799,5,63,0,0,4181,48,8,3826.151816462,0.984092545,0,1
1155.366040199,2,2,800,3,63,0,0,4181,48,8,3826.085673230,0.984075533,0,1
1155.505816789,5,2,800,3,62,1,0,4178,48,8,3817.207731497,0.981792112,1,1
1203.205627681,2,2,21,65535,63,0,0,4181,0,7,3825.769559618,0.983994228,0,1
1206.060164480,4,4,21,65535,63,0,0,4180,0,7,3824.307799669,0.983618261,0,1
1206.422851395,0,0,21,65535,63,0,0,4181,0,8,3826.667492240,0.984225178,0,1
1207.769219712,6,6,21,65535,63,0,0,4176,0,8,3810.723196241,0.980124279,0,1
1207.931177313,1,1,21,65535,63,0,0,4181,0,8,3825.428667901,0.983906550,0,1
1208.129722679,8,8,21,65535,63,0,0,4179,0,8,3820.170549227,0.982554154,0,1
1210.179680522,5,5,21,65535,63,0,0,4178,0,7,3816.832147381,0.981695511,0,1
1211.000395817,3,3,21,65535,63,0,0,4178,0,7,3817.193261162,0.981788390,0,1
1212.847284098,7,7,21,65535,63,0,0,4179,0,7,3820.620544795,0.982669893,0,1
1263.205627681,2,2,22,65535,63,0,0,4181,0,7,3825.366837652,0.983890648,0,1
1266.060164480,4,4,22,65535,63,0,0,4180,0,7,3823.897996313,0.983512859,0,1
1266.422851395,0,0,22,65535,63,0,0,4181,0,7,3826.271092266,0.984123223,0,1
1267.769219712,6,6,22,65535,63,0,0,4176,0,7,3810.319714876,0.980020503,0,1
1267.931177313,1,1,22,65535,63,0,0,4181,0,8,3825.012062584,0.983799399,0,1
1268.129722679,8,8,22,65535,63,0,0,4179,0,7,3819.783252541,0.982454540,0,1
1270.179680522,5,5,22,65535,63,0,0,4178,0,7,3816.441310000,0.981594987,0,1
1271.000395817,3,3,22,65535,63,0,0,4178,0,7,3816.796101789,0.981686240,0,1
1272.847284098,7,7,22,65535,63,0,0,4179,0,8,3820.203939478,0.982562742,0,1
1323.205627681,2,2,23,65535,63,0,0,4181,0,7,3824.970437677,0.983788693,0,1
1326.060164480,4,4,23,65535,63,0,0,4180,0,7,3823.500077542,0.983410514,0,1
1326.422851395,0,0,23,65535,63,0,0,4181,0,8,3825.848924355,0.984014641,0,1
1327.769219712,6,6,23,65535,63,0,0,4176,0,7,3809.929636894,0.979920174,0,1
1327.931177313,1,1,23,65535,63,0,0,4180,0,7,3824.614903212,0.983697249,0,1
1328.129722679,8,8,23,65535,63,0,0,4179,0,7,3819.386093168,0.982352390,0,1
1330.179680522,5,5,23,65535,63,0,0,4178,0,7,3816.044150627,0.981492837,0,1
1331.000395817,3,3,23,65535,63,0,0,4178,0,7,3816.396161119,0.981583375,0,1
1332.847284098,7,7,23,65535,63,0,0,4179,0,7,3819.813102097,0.982462218,0,1
1383.205627681,2,2,24,65535,63,0,0,4180,0,8,3824.557373055,0.983682452,0,1
1386.060164480,4,4,24,65535,63,0,0,4180,0,7,3823.093055483,0.983305827,0,1
1386.422851395,0,0,24,65535,63,0,0,4181,0,7,3825.458086974,0.983914117,0,1
1387.769219712,6,6,24,65535,63,0,0,4176,0,7,3809.542340208,0.979820561,0,1
1387.931177313,1,1,24,65535,63,0,0,4180,0,7,3824.214203144,0.983594188,0,1
1388.129722679,8,8,24,65535,63,0,0,4179,0,7,3818.992474491,0.982251151,0,1
1390.179680522,5,5,24,65535,63,0,0,4178,0,7,3815.646991254,0.981390687,0,1
1391.000395817,3,3,24,65535,63,0,0,4178,0,7,3815.995461052,0.981480314,0,1
1392.847284098,7,7,24,65535,63,0,0,4179,0,8,3819.396496780,0.982355066,0,1
1443.205627681,2,2,25,65535,63,0,0,4180,0,7,3824.156672987,0.983579391,0,1
1446.060164480,4,4,25,65535,63,0,0,4180,0,7,3822.692355415,0.983202766,0,1
1446.422851395,0,0,25,65535,63,0,0,4181,0,8,3825.038700361,0.983806250,0,1
1447.769219712,6,6,25,65535,63,0,0,4176,0,7,3809.138858843,0.979716785,0,1
1447.931177313,1,1,25,65535,63,0,0,4180,0,8,3823.791275835,0.983485410,0,1
1448.129722679,8,8,25,65535,63,0,0,4179,0,7,3818.602396508,0.982150822,0,1
1450.179680522,5,5,25,65535,63,0,0,4178,0,8,3815.211419962,0.981278657,0,1
1451.000395817,3,3,25,65535,63,0,0,4178,0,8,3815.563430454,0.981369195,0,1
1452.847284098,7,7,25,65535,63,0,0,4179,0,8,3818.974328870,0.982246484,0,1
1503.205627681,2,2,26,65535,63,0,0,4180,0,7,3823.753951021,0.983475810,0,1
1506.060164480,4,4,26,65535,63,0,0,4180,0,8,3822.261084216,0.983091843,0,1
1506.422851395,0,0,26,65535,63,0,0,4180,0,7,3824.645841081,0.983705206,0,1
1507.769219712,6,6,26,65535,63,0,0,4176,0,7,3808.736136877,0.979613204,0,1
1507.931177313,1,1,26,65535,63,0,0,4180,0,7,3823.385013174,0.983380919,0,1
1508.129722679,8,8,26,65535,63,0,0,4178,0,7,3818.205996533,0.982048867,0,1
1510.179680522,5,5,26,65535,63,0,0,4177,0,8,3814.775848670,0.981166628,0,1
1511.000395817,3,3,26,65535,63,0,0,4178,0,7,3815.163489785,0.981266330,0,1
1512.847284098,7,7,26,65535,63,0,0,4179,0,7,3818.574388200,0.982143618,0,1
1563.205627681,2,2,27,65535,63,0,0,4180,0,7,3823.354010352,0.983372945,0,1
1566.060164480,4,4,27,65535,63,0,0,4180,0,7,3821.856843453,0.982987871,0,1
1566.422851395,0,0,27,65535,63,0,0,4180,0,7,3824.255003700,0.983604682,0,1
1567.769219712,6,6,27,65535,63,0,0,4175,0,7,3808.342518199,0.979511965,0,1
1567.931177313,1,1,27,65535,63,0,0,4180,0,7,3822.997716488,0.983281306,0,1
1568.129722679,8,8,27,65535,63,0,0,4178,0,7,3817.819459246,0.981949449,0,1
1570.179680522,5,5,27,65535,63,0,0,4177,0,7,3814.381470594,0.981065193,0,1
1571.000395817,3,3,27,65535,63,0,0,4177,0,8,3814.739803078,0.981157357,0,1
1572.847284098,7,7,27,65535,63,0,0,4178,0,7,3818.180010124,0.982042184,0,1
1623.205627681,2,2,28,65535,63,0,0,4180,0,7,3822.956850979,0.983270795,0,1
1626.060164480,4,4,28,65535,63,0,0,4179,0,7,3821.459684080,0.982885721,0,1
1626.422851395,0,0,28,65535,63,0,0,4180,0,7,3823.861385022,0.983503443,0,1
1627.769219712,6,6,28,65535,63,0,0,4175,0,7,3807.948899521,0.979410725,0,1
1627.931177313,1,1,28,65535,63,0,0,4180,0,7,3822.607638505,0.983180977,0,1
1628.129722679,8,8,28,65535,63,0,0,4178,0,8,3817.406394624,0.981843208,0,1
1630.179680522,5,5,28,65535,63,0,0,4177,0,7,3813.987851916,0.980963954,0,1
1631.000395817,3,3,28,65535,63,0,0,4177,0,7,3814.348965697,0.981056833,0,1
1632.847284098,7,7,28,65535,63,0,0,4178,0,7,3817.782850751,0.981940034,0,1
1683.205627681,2,2,29,65535,63,0,0,4180,0,7,3822.563232301,0.983169556,0,1
1686.060164480,4,4,29,65535,63,0,0,4179,0,7,3821.055443317,0.982781750,0,1
1686.422851395,0,0,29,65535,63,0,0,4180,0,7,3823.470547641,0.983402919,0,1
1687.769219712,6,6,29,65535,63,0,0,4175,0,7,3807.551740149,0.979308575,0,1
1687.931177313,1,1,29,65535,63,0,0,4180,0,7,3822.203397742,0.983077006,0,1
1688.129722679,8,8,29,65535,63,0,0,4178,0,7,3817.015557243,0.981742684,0,1
1690.179680522,5,5,29,65535,63,0,0,4177,0,8,3813.574787294,0.980857713,0,1
1691.000395817,3,3,29,65535,63,0,0,4177,0,8,3813.932360380,0.980949681,0,1
1692.847284098,7,7,29,65535,63,0,0,4178,0,8,3817.353601451,0.981829630,0,1
1743.205627681,2,2,30,65535,63,0,0,4180,0,8,3822.140304992,0.983060778,0,1
1746.060164480,4,4,30,65535,63,0,0,4179,0,7,3820.645639961,0.982676348,0,1
1746.422851395,0,0,30,65535,63,0,0,4180,0,7,3823.080469658,0.983302590,0,1
1747.769219712,6,6,30,65535,63,0,0,4175,0,7,3807.145477488,0.979204084,0,1
1747.931177313,1,1,30,65535,63,0,0,4180,0,8,3821.781229832,0.982968423,0,1
1748.129722679,8,8,30,65535,63,0,0,4178,0,7,3816.616375972,0.981640014,0,1
1750.179680522,5,5,30,65535,63,0,0,4177,0,7,3813.172065328,0.980754132,0,1
1751.000395817,3,3,30,65535,63,0,0,4177,0,7,3813.528879015,0.980845905,0,1
1752.847284098,7,7,30,65535,63,0,0,4178,0,7,3816.962764070,0.981729106,0,1
