timestamp(s),nodeId,src,dst,seq,ttl,hops,rssi(dBm),battery(mV),score,sf,energyJ,energyFrac,forwarded
303.795330447,7,6,7,1,63,0,0,0,0,12,3885.957257734,0.999474603,0
304.795330447,3,6,0,2,63,0,0,0,0,12,3885.945437385,0.999471563,1
305.795330447,3,6,3,3,63,0,0,0,0,12,3885.873351860,0.999453023,0
306.380899595,1,0,1,1,63,0,0,0,0,12,3885.874054390,0.999453203,0
306.795330692,4,6,2,4,63,0,0,0,0,12,3885.827495439,0.999441228,1
306.795331527,2,6,2,4,63,0,0,0,0,12,3885.874271703,0.999453259,0
307.380900325,7,0,7,2,63,0,0,0,0,12,3885.895008805,0.999458593,0
307.795331038,0,6,0,5,63,0,0,0,0,12,3885.750903565,0.999421529,0
308.365923503,6,3,6,1,63,0,0,0,0,12,3885.551186023,0.999370161,0
308.625836453,4,1,6,1,63,0,0,0,0,12,3885.725338235,0.999414953,1
309.380899595,1,0,1,4,63,0,0,0,0,12,3885.700354171,0.999408527,0
309.625836453,4,1,6,2,63,0,0,0,0,12,3885.653252710,0.999396413,1
309.625837183,6,1,6,2,63,0,0,0,0,12,3885.471661103,0.999349707,0
310.625836698,5,1,8,3,63,0,0,0,0,12,3885.759759440,0.999423806,1
310.765613290,8,1,8,3,62,1,0,0,0,12,3885.827430129,0.999441211,0
311.625836453,4,1,4,4,63,0,0,0,0,12,3885.556441211,0.999371513,0
312.625836453,2,1,2,5,63,0,0,0,0,12,3885.759517798,0.999423744,0
312.625836453,4,1,2,5,63,0,0,0,0,12,3885.544738918,0.999368503,1
313.365923503,6,3,5,6,63,0,0,0,0,12,3885.174194023,0.999273198,1
314.625836453,0,1,0,7,63,0,0,0,0,12,3885.231476203,0.999287931,0
314.625836698,3,1,0,7,63,0,0,0,0,12,3885.276938638,0.999299624,1
315.365923503,6,3,8,8,63,0,0,0,0,12,3884.969639742,0.999220586,1
315.365924234,8,3,8,8,63,0,0,0,0,12,3885.765278583,0.999425226,0
315.899494846,8,5,7,7,63,0,0,0,0,12,3885.756262924,0.999422907,1
316.039271438,7,5,7,7,62,1,0,0,0,12,3885.729351094,0.999415985,0
316.625836698,3,1,3,9,63,0,0,0,0,12,3885.078326649,0.999248541,0
317.365923503,6,3,5,10,63,0,0,0,0,12,3884.771027753,0.999169503,1
317.625836453,0,1,0,10,63,0,0,0,0,12,3885.009277338,0.999230781,0
318.380899595,1,0,1,13,63,0,0,0,0,12,3885.056387645,0.999242898,0
318.625836453,4,1,6,11,63,0,0,0,0,12,3885.392774359,0.999329417,1
319.365923503,4,3,4,12,63,0,0,0,0,12,3885.322185933,0.999311262,0
319.625836698,5,1,5,12,63,0,0,0,0,12,3885.050606488,0.999241411,0
319.899494846,8,5,8,11,63,0,0,0,0,12,3885.637185937,0.999392280,0
320.380899595,1,0,8,15,63,0,0,0,0,12,3884.906274304,0.999204289,1
320.520676430,5,0,8,15,62,1,0,0,0,12,3884.973184394,0.999221498,1
320.520676916,8,0,8,15,62,1,0,0,0,12,3885.627665636,0.999389832,0
320.899494846,8,5,8,12,63,0,0,0,0,12,3885.613599059,0.999386214,0
321.625837183,6,1,6,14,63,0,0,0,0,12,3884.426747613,0.999080954,0
321.795330447,3,6,3,19,63,0,0,0,0,12,3884.710980451,0.999154059,0
322.625836453,4,1,4,15,63,0,0,0,0,12,3885.279639665,0.999300319,0
322.899494844,2,5,2,14,63,0,0,0,0,12,3885.593380261,0.999381013,0
323.365923503,6,3,5,16,63,0,0,0,0,12,3884.290015959,0.999045786,1
323.625836698,5,1,5,16,63,0,0,0,0,12,3884.695938866,0.999150190,0
323.795330447,7,6,7,21,63,0,0,0,0,12,3885.625253270,0.999389211,0
324.365923503,6,3,6,17,63,0,0,0,0,12,3884.157547203,0.999011715,0
324.625836453,4,1,4,17,63,0,0,0,0,12,3885.262177372,0.999295828,0
325.365923503,6,3,5,18,63,0,0,0,0,12,3884.079519386,0.998991646,1
325.625836453,4,1,4,18,63,0,0,0,0,12,3885.250475080,0.999292818,0
325.899494844,2,5,2,17,63,0,0,0,0,12,3885.552331091,0.999370456,0
326.625836453,4,1,6,19,63,0,0,0,0,12,3885.238772787,0.999289808,1
327.625836698,5,1,5,20,63,0,0,0,0,12,3884.395712183,0.999072971,0
327.795330447,3,6,2,25,63,0,0,0,0,12,3884.260640426,0.999038231,1
328.625836453,2,1,2,21,63,0,0,0,0,12,3885.506915901,0.999358775,0
328.625836453,4,1,2,21,63,0,0,0,0,12,3885.154984970,0.999268257,1
329.365923503,4,3,4,22,63,0,0,0,0,12,3885.084396544,0.999250102,0
329.625836453,2,1,2,22,63,0,0,0,0,12,3885.495213609,0.999355765,0
329.625836453,4,1,2,22,63,0,0,0,0,12,3885.076957153,0.999248189,1
330.795330447,3,6,2,28,63,0,0,0,0,12,3883.978058328,0.998965550,1
331.899494846,8,5,7,23,63,0,0,0,0,12,3885.418548318,0.999336046,1
332.039271438,7,5,7,23,62,1,0,0,0,12,3885.548056707,0.999369356,0
332.795331038,8,6,8,30,63,0,0,0,0,12,3885.286679545,0.999302130,0
333.899494846,8,5,7,25,63,0,0,0,0,12,3885.213994037,0.999283435,1
334.039271438,7,5,7,25,62,1,0,0,0,12,3885.518709830,0.999361808,0
334.899494846,8,5,7,26,63,0,0,0,0,12,3885.081525280,0.999249363,1
335.039271438,7,5,7,26,62,1,0,0,0,12,3885.507007537,0.999358798,0
335.899495089,1,5,1,27,63,0,0,0,0,12,3883.725007032,0.998900465,0
336.600487415,3,4,3,7,63,0,0,0,0,12,3883.474399660,0.998836008,0
337.795330447,3,6,2,35,63,0,0,0,0,12,3883.395249548,0.998815651,1
337.899495089,1,5,1,29,63,0,0,0,0,12,3883.580835983,0.998863384,0
338.343628029,5,8,2,8,63,0,0,0,0,12,3883.622223813,0.998874029,1
339.343628029,5,8,0,9,63,0,0,0,0,12,3883.483812764,0.998838429,1
340.795330447,7,6,7,38,63,0,0,0,0,12,3885.456025760,0.999345686,0
341.899494844,2,5,2,33,63,0,0,0,0,12,3885.359152119,0.999320770,0
342.098559366,3,7,0,1,63,0,0,0,0,12,3883.038835327,0.998723980,1
342.098559851,0,7,0,1,63,0,0,0,0,12,3883.324040203,0.998797335,0
342.398591956,6,3,8,35,63,0,0,0,0,12,3882.781609482,0.998657821,1
343.098559121,6,7,6,2,63,0,0,0,0,12,3882.650868915,0.998624195,0
343.343628029,5,8,2,13,63,0,0,0,0,12,3883.129145142,0.998747208,1
344.098559121,4,7,4,3,63,0,0,0,0,12,3884.040307451,0.998981561,0
344.600487660,6,4,6,15,63,0,0,0,0,12,3882.558065405,0.998600325,0
345.098559366,5,7,5,4,63,0,0,0,0,12,3882.920060164,0.998693431,0
345.365923503,6,3,6,38,63,0,0,0,0,12,3882.481388677,0.998580604,0
345.899495089,1,5,1,37,63,0,0,0,0,12,3883.027920958,0.998721173,0
346.098559121,4,7,4,5,63,0,0,0,0,12,3883.896136402,0.998944480,0
346.600487415,3,4,3,17,63,0,0,0,0,12,3882.632777952,0.998619542,0
347.098559121,6,7,6,6,63,0,0,0,0,12,3882.326873062,0.998540862,0
348.098559366,5,7,2,7,63,0,0,0,0,12,3882.691919005,0.998634753,1
348.238335956,2,7,2,7,62,1,0,0,0,12,3885.257275177,0.999294567,0
349.098559366,5,7,5,8,63,0,0,0,0,12,3882.559450249,0.998600682,0
350.098559123,8,7,8,9,63,0,0,0,0,12,3883.926827986,0.998952373,0
352.098559121,4,7,4,11,63,0,0,0,0,12,3883.451738670,0.998830180,0
352.899494844,2,5,2,44,63,0,0,0,0,12,3885.194773147,0.999278491,0
353.098559366,5,7,5,12,63,0,0,0,0,12,3882.277050443,0.998528048,0
354.098559121,6,7,6,13,63,0,0,0,0,12,3881.810389806,0.998408022,0
354.600487661,8,4,8,25,63,0,0,0,0,12,3883.569269255,0.998860409,0
355.098559366,3,7,1,14,63,0,0,0,0,12,3882.005686521,0.998458253,1
355.398591956,6,3,7,48,63,0,0,0,0,12,3881.724691507,0.998385980,1
355.600487415,5,4,5,26,63,0,0,0,0,12,3882.118103704,0.998487167,0
356.343628029,5,8,0,26,63,0,0,0,0,12,3882.047497689,0.998469007,1
357.795330447,7,6,7,55,63,0,0,0,0,12,3884.273128198,0.999041442,0
357.899494846,8,5,7,49,63,0,0,0,0,12,3883.339405815,0.998801288,1
358.098559121,6,7,6,17,63,0,0,0,0,12,3881.449779891,0.998315273,0
358.365923503,6,3,5,51,63,0,0,0,0,12,3881.442297580,0.998313348,1
359.098559366,5,7,5,18,63,0,0,0,0,12,3881.766327187,0.998396689,0
360.098559121,4,7,4,19,63,0,0,0,0,12,3882.886939059,0.998684912,0
360.343628029,7,8,6,30,63,0,0,0,0,12,3884.065415723,0.998988018,1
360.899495089,1,5,1,52,63,0,0,0,0,12,3881.952580383,0.998444594,0
361.098559366,3,7,3,20,63,0,0,0,0,12,3881.500905558,0.998328422,0
361.343628029,5,8,1,31,63,0,0,0,0,12,3881.602917665,0.998354660,1
361.625836453,0,1,0,54,63,0,0,0,0,12,3881.890994893,0.998428754,0
361.899494846,8,5,7,53,63,0,0,0,0,12,3882.978795900,0.998708538,1
362.600487661,8,4,8,33,63,0,0,0,0,12,3882.848049425,0.998674910,0
363.098559366,5,7,5,22,63,0,0,0,0,12,3881.393832687,0.998300883,0
363.365923748,7,3,7,56,63,0,0,0,0,12,3883.776762910,0.998913776,0
363.899494846,8,5,7,55,63,0,0,0,0,12,3882.768299327,0.998654398,1
365.098559121,4,7,4,24,63,0,0,0,0,12,3882.544338314,0.998596795,0
366.098559366,3,7,0,25,63,0,0,0,0,12,3881.122651058,0.998231135,1
366.238335956,0,7,0,25,62,1,0,0,0,12,3881.611009383,0.998356741,0
366.505816789,5,2,8,11,63,0,0,0,0,12,3881.151461141,0.998238545,1
367.098559121,4,7,4,26,63,0,0,0,0,12,3882.365551969,0.998550811,0
367.795330447,7,6,7,65,63,0,0,0,0,12,3883.485947429,0.998838978,0
367.899494844,4,5,6,59,63,0,0,0,0,12,3882.294613055,0.998532565,1
369.098559366,5,7,5,28,63,0,0,0,0,12,3880.867684151,0.998165557,0
369.343628029,5,8,1,39,63,0,0,0,0,12,3880.860330263,0.998163665,1
369.625836698,5,1,5,62,63,0,0,0,0,12,3880.792379216,0.998146188,0
370.098559366,3,7,3,29,63,0,0,0,0,12,3880.757361350,0.998137181,0
370.795330447,3,6,3,68,63,0,0,0,0,12,3880.681080132,0.998117562,0
372.098559366,3,7,1,31,63,0,0,0,0,12,3880.540922484,0.998081513,1
373.098559366,5,7,0,32,63,0,0,0,0,12,3880.478401232,0.998065432,1
373.795330447,7,6,7,71,63,0,0,0,0,12,3882.984427731,0.998709987,0
374.098559366,5,7,0,33,63,0,0,0,0,12,3880.345932476,0.998031361,1
374.098559851,0,7,0,33,63,0,0,0,0,12,3880.996594607,0.998198713,0
374.600487661,8,4,8,45,63,0,0,0,0,12,3881.842887861,0.998416381,0
375.899495089,1,5,1,67,63,0,0,0,0,12,3880.823658537,0.998154233,0
376.098559712,1,7,1,35,63,0,0,0,0,12,3880.816569632,0.998152410,0
376.343628029,7,8,7,46,63,0,0,0,0,12,3882.764830671,0.998653506,0
376.600487660,6,4,6,47,63,0,0,0,0,12,3880.027040949,0.997949342,0
376.899494846,8,5,8,68,63,0,0,0,0,12,3881.685109946,0.998375800,0
377.098559366,5,7,5,36,63,0,0,0,0,12,3880.069292671,0.997960209,0
377.343628029,5,8,1,47,63,0,0,0,0,12,3880.061938783,0.997958318,1
377.899495089,1,5,1,69,63,0,0,0,0,12,3880.679487488,0.998117152,0
378.098559366,5,7,2,37,63,0,0,0,0,12,3879.924939329,0.997923081,1
378.238335956,2,7,2,37,62,1,0,0,0,12,3883.549102295,0.998855222,0
379.098559121,4,7,4,38,63,0,0,0,0,12,3881.414854477,0.998306290,0
380.098559121,4,7,4,39,63,0,0,0,0,12,3881.342768952,0.998287749,0
380.795330447,3,6,2,78,63,0,0,0,0,12,3879.821631546,0.997896510,1
381.098559366,5,7,2,40,63,0,0,0,0,12,3879.648299524,0.997851929,1
381.098559851,2,7,2,40,63,0,0,0,0,12,3883.327708540,0.998798279,0
381.899494846,8,5,7,73,63,0,0,0,0,12,3881.306855446,0.998278512,1
384.098559366,5,7,2,43,63,0,0,0,0,12,3879.365717426,0.997779248,1
384.795330447,3,6,3,82,63,0,0,0,0,12,3879.472906216,0.997806817,0
385.098559366,5,7,2,44,63,0,0,0,0,12,3879.233248669,0.997745177,1
385.098559851,2,7,2,44,63,0,0,0,0,12,3883.033424149,0.998722589,0
385.600487415,7,4,7,56,63,0,0,0,0,12,3882.126466026,0.998489317,0
385.625836453,0,1,0,78,63,0,0,0,0,12,3880.134291200,0.997976927,0
386.098559366,3,7,3,45,63,0,0,0,0,12,3879.387189508,0.997784771,0
386.899494846,8,5,7,78,63,0,0,0,0,12,3880.868217714,0.998165694,1
388.098559121,6,7,6,47,63,0,0,0,0,12,3879.105482839,0.997712316,0
388.343628029,5,8,2,58,63,0,0,0,0,12,3878.949254976,0.997672133,1
388.795330447,3,6,3,86,63,0,0,0,0,12,3879.172679533,0.997729599,0
388.899495089,1,5,1,80,63,0,0,0,0,12,3879.904373596,0.997917792,0
389.098559366,3,7,1,48,63,0,0,0,0,12,3879.164990642,0.997727621,1
389.098559712,1,7,1,48,63,0,0,0,0,12,3879.897284692,0.997915968,0
390.098559366,3,7,1,49,63,0,0,0,0,12,3879.026579593,0.997692022,1
390.098559712,1,7,1,49,63,0,0,0,0,12,3879.813314582,0.997894371,0
391.098559123,8,7,8,50,63,0,0,0,0,12,3880.500518897,0.998071121,0
391.795330447,3,6,2,89,63,0,0,0,0,12,3878.823771910,0.997639859,1
391.899494844,4,5,3,83,63,0,0,0,0,12,3880.484831561,0.998067086,1
392.098559121,6,7,6,51,63,0,0,0,0,12,3878.793371571,0.997632040,0
392.600487415,7,4,7,63,63,0,0,0,0,12,3881.604040477,0.998354949,0
392.899494846,8,5,7,84,63,0,0,0,0,12,3880.357494458,0.998034335,1
394.098559366,3,7,3,53,63,0,0,0,0,12,3878.605586446,0.997583741,0
394.343628029,7,8,7,64,63,0,0,0,0,12,3881.461348938,0.998318248,0
394.795330692,4,6,4,92,63,0,0,0,0,12,3880.214734034,0.997997617,0
395.098559366,3,7,3,54,63,0,0,0,0,12,3878.527558629,0.997563672,0
395.365924233,2,3,2,88,63,0,0,0,0,12,3882.281317423,0.998529145,0
395.795330447,7,6,5,93,63,0,0,0,0,12,3881.380719315,0.998297510,1
396.098559366,3,7,3,55,63,0,0,0,0,12,3878.449530812,0.997543604,0
396.343628029,7,8,7,66,63,0,0,0,0,12,3881.250852365,0.998264108,0
396.795330447,3,6,2,94,63,0,0,0,0,12,3878.373249594,0.997523984,1
398.098559366,3,7,3,57,63,0,0,0,0,12,3878.233091946,0.997487935,0
398.899494846,8,5,8,90,63,0,0,0,0,12,3879.858655786,0.997906033,0
399.098559366,3,7,1,58,63,0,0,0,0,12,3878.155064129,0.997467866,1
399.098559712,1,7,1,58,63,0,0,0,0,12,3879.188314032,0.997733620,0
399.899495089,1,5,1,91,63,0,0,0,0,12,3879.117375119,0.997715374,0
400.098559366,5,7,0,59,63,0,0,0,0,12,3878.007430168,0.997429895,1
400.098559851,0,7,0,59,63,0,0,0,0,12,3879.122370970,0.997716659,0
401.098559366,3,7,3,60,63,0,0,0,0,12,3877.944567556,0.997413726,0
401.343628029,5,8,1,71,63,0,0,0,0,12,3877.867607524,0.997393932,1
402.098559123,8,7,8,61,63,0,0,0,0,12,3879.629368018,0.997847060,0
403.098559366,3,7,1,62,63,0,0,0,0,12,3877.800396507,0.997376645,1
403.098559712,1,7,1,62,63,0,0,0,0,12,3878.888087349,0.997656401,0
403.343628029,5,8,0,73,63,0,0,0,0,12,3877.651168658,0.997338264,1
404.098559121,4,7,4,63,63,0,0,0,0,12,3879.546390840,0.997825718,0
404.600487415,7,4,7,75,63,0,0,0,0,12,3880.678630951,0.998116932,0
404.795330447,7,6,5,102,63,0,0,0,0,12,3880.671566363,0.998115115,1
405.098559366,5,7,2,64,63,0,0,0,0,12,3877.442083680,0.997284487,1
405.795330447,7,6,5,103,63,0,0,0,0,12,3880.533155314,0.998079515,1
406.098559366,3,7,3,65,63,0,0,0,0,12,3877.499987531,0.997299380,0
406.343628029,5,8,1,76,63,0,0,0,0,12,3877.308203328,0.997250052,1
406.795331038,0,6,1,104,63,0,0,0,0,12,3878.631403482,0.997590382,1
406.899494846,8,5,8,98,63,0,0,0,0,12,3879.246317836,0.997748539,0
407.098559121,4,7,4,66,63,0,0,0,0,12,3879.330134267,0.997770096,0
407.343628029,5,8,2,77,63,0,0,0,0,12,3877.169792279,0.997214453,1
407.625836698,5,1,8,100,63,0,0,0,0,12,3877.101841232,0.997196976,1
407.765613290,8,1,8,100,62,1,0,0,0,12,3879.163118884,0.997727140,0
407.925869288,4,5,4,99,63,0,0,0,0,12,3879.259043436,0.997751812,0
408.098559121,6,7,6,67,63,0,0,0,0,12,3877.550868792,0.997312466,0
408.365923503,6,3,6,101,63,0,0,0,0,12,3877.543386481,0.997310542,0
408.899494844,2,5,2,100,63,0,0,0,0,12,3881.233210666,0.998259571,0
410.098559366,3,7,1,69,63,0,0,0,0,12,3877.199760848,0.997222161,1
410.098559712,1,7,1,69,63,0,0,0,0,12,3878.377546385,0.997525089,0
410.899495089,1,5,1,102,63,0,0,0,0,12,3878.300665180,0.997505315,0
411.098559121,4,7,4,70,63,0,0,0,0,12,3879.035849876,0.997694406,0
412.098559123,8,7,8,71,63,0,0,0,0,12,3878.860974433,0.997649428,0
413.098559366,5,7,5,72,63,0,0,0,0,12,3876.623866556,0.997074040,0
414.098559121,4,7,4,73,63,0,0,0,0,12,3878.819593303,0.997638784,0
415.098559366,5,7,0,74,63,0,0,0,0,12,3876.479695507,0.997036959,1
415.098559851,0,7,0,74,63,0,0,0,0,12,3877.998531749,0.997427606,0
416.098559366,5,7,2,75,63,0,0,0,0,12,3876.347226751,0.997002888,1
416.098559851,2,7,2,75,63,0,0,0,0,12,3880.721523088,0.998127964,0
417.098559366,3,7,3,76,63,0,0,0,0,12,3876.611009775,0.997070733,0
417.899494844,2,5,2,109,63,0,0,0,0,12,3880.578498654,0.998091178,0
418.098559121,4,7,4,77,63,0,0,0,0,12,3878.537193498,0.997566151,0
419.098559851,0,7,0,78,63,0,0,0,0,12,3877.722074236,0.997356501,0
419.343628029,5,8,0,89,63,0,0,0,0,12,3876.069175350,0.996931372,1
419.795330447,3,6,2,117,63,0,0,0,0,12,3876.390557508,0.997014032,1
420.098559123,8,7,8,79,63,0,0,0,0,12,3878.248636482,0.997491933,0
421.098559123,8,7,8,80,63,0,0,0,0,12,3878.170608665,0.997471864,0
421.343628029,5,8,2,91,63,0,0,0,0,12,3875.858678776,0.996877232,1
422.098559121,6,7,6,81,63,0,0,0,0,12,3876.476306232,0.997036087,0
423.600487415,7,4,7,94,63,0,0,0,0,12,3879.223893277,0.997742771,0
424.098559366,3,7,1,83,63,0,0,0,0,12,3876.028200994,0.996920834,1
424.238336201,1,7,1,83,62,1,0,0,0,12,3877.379428515,0.997268372,0
425.098559121,6,7,6,84,63,0,0,0,0,12,3876.254107366,0.996978937,0
426.795330447,3,6,2,124,63,0,0,0,0,12,3875.759250080,0.996851659,1
426.899494844,2,5,2,118,63,0,0,0,0,12,3879.906998222,0.997918467,0
427.098559366,3,7,1,86,63,0,0,0,0,12,3875.691177957,0.996834151,1
427.238336201,1,7,1,86,62,1,0,0,0,12,3877.162792242,0.997212652,0
427.625837183,6,1,6,120,63,0,0,0,0,12,3876.095014611,0.996938018,0
427.899495089,1,5,1,119,63,0,0,0,0,12,3877.092658442,0.997194614,0
428.365923748,7,3,7,121,63,0,0,0,0,12,3878.875562229,0.997653180,0
429.098559121,4,7,4,88,63,0,0,0,0,12,3877.689432090,0.997348105,0
429.343628029,5,8,0,99,63,0,0,0,0,12,3875.224012946,0.996713995,1
429.795331038,0,6,0,127,63,0,0,0,0,12,3876.889942777,0.997142475,0
430.098559366,3,7,3,89,63,0,0,0,0,12,3875.393170579,0.996757503,0
430.365923503,6,3,6,123,63,0,0,0,0,12,3875.833755259,0.996870822,0
431.098559123,8,7,8,90,63,0,0,0,0,12,3877.409195832,0.997276028,0
431.343628029,5,8,5,101,63,0,0,0,0,12,3874.947190848,0.996642796,0
431.365923503,6,3,5,124,63,0,0,0,0,12,3875.755727442,0.996850753,1
431.795330447,3,6,3,129,63,0,0,0,0,12,3875.222073125,0.996713496,0
432.098559366,3,7,1,91,63,0,0,0,0,12,3875.214384234,0.996711519,1
432.098559712,1,7,1,91,63,0,0,0,0,12,3876.748728793,0.997106155,0
433.098559121,6,7,6,92,63,0,0,0,0,12,3875.540828595,0.996795481,0
433.899495089,1,5,1,125,63,0,0,0,0,12,3876.611646648,0.997070897,0
434.098559712,1,7,1,93,63,0,0,0,0,12,3876.604557744,0.997069073,0
434.899495089,1,5,1,126,63,0,0,0,0,12,3876.533618831,0.997050828,0
435.098559123,8,7,8,94,63,0,0,0,0,12,3877.111370747,0.997199427,0
435.343628029,5,8,2,105,63,0,0,0,0,12,3874.646964165,0.996565577,1
435.365923503,6,3,8,128,63,0,0,0,0,12,3875.383232942,0.996754947,1
435.795330447,7,6,7,133,63,0,0,0,0,12,3878.363586341,0.997521499,0
436.098559366,3,7,1,95,63,0,0,0,0,12,3874.856175917,0.996619387,1
437.098559121,6,7,0,96,63,0,0,0,0,12,3875.162391803,0.996698146,1
438.098559121,4,7,4,97,63,0,0,0,0,12,3877.025237089,0.997177273,0
438.343628029,5,8,5,108,63,0,0,0,0,12,3874.364382067,0.996492897,0
439.600487660,6,4,6,110,63,0,0,0,0,12,3874.937119536,0.996640206,0
440.098559121,6,7,6,99,63,0,0,0,0,12,3874.867925120,0.996622409,0
440.343628029,5,8,2,110,63,0,0,0,0,12,3874.220211018,0.996455816,1
440.365923503,6,3,6,133,63,0,0,0,0,12,3874.860442809,0.996620484,0
440.899495574,0,5,0,132,63,0,0,0,0,12,3876.092861325,0.996937464,0
441.098559121,6,7,6,100,63,0,0,0,0,12,3874.789897303,0.996602340,0
441.343628029,5,8,1,111,63,0,0,0,0,12,3874.075857677,0.996418688,1
442.795331038,0,6,1,140,63,0,0,0,0,12,3875.955232556,0.996902066,1
443.098559366,5,7,5,102,63,0,0,0,0,12,3873.866772699,0.996364911,0
443.343628029,5,8,1,113,63,0,0,0,0,12,3873.859418811,0.996363019,1
443.795330447,3,6,2,141,63,0,0,0,0,12,3874.203028210,0.996451396,1
444.098559366,5,7,5,103,63,0,0,0,0,12,3873.728361650,0.996329311,0
445.098559123,8,7,8,104,63,0,0,0,0,12,3876.354861747,0.997004851,0
445.343628029,5,8,1,115,63,0,0,0,0,12,3873.648922237,0.996308879,1
446.098559121,6,7,6,105,63,0,0,0,0,12,3874.411642803,0.996505052,0
446.343628029,5,8,5,116,63,0,0,0,0,12,3873.504568896,0.996271751,0
446.365923503,6,3,5,139,63,0,0,0,0,12,3874.404160492,0.996503128,1
446.795330447,7,6,5,144,63,0,0,0,0,12,3877.606299327,0.997326723,1
447.899494846,8,5,3,139,63,0,0,0,0,12,3876.133809491,0.996947996,1
448.899494844,2,5,2,140,63,0,0,0,0,12,3878.309232099,0.997507519,0
449.098559121,6,7,6,108,63,0,0,0,0,12,3874.123118413,0.996430843,0
450.098559366,3,7,1,109,63,0,0,0,0,12,3873.678673770,0.996316531,1
450.238336201,1,7,1,109,62,1,0,0,0,12,3875.450384239,0.996772218,0
450.795331177,1,6,1,148,63,0,0,0,0,12,3875.380850424,0.996754334,0
451.098559366,3,7,3,110,63,0,0,0,0,12,3873.534320429,0.996279403,0
451.343628029,5,8,1,121,63,0,0,0,0,12,3873.138198981,0.996177520,1
451.899494846,8,5,3,143,63,0,0,0,0,12,3875.785084161,0.996858304,1
452.343628029,5,8,0,122,63,0,0,0,0,12,3872.999787932,0.996141921,1
452.625836698,5,1,5,145,63,0,0,0,0,12,3872.931836886,0.996124444,0
452.795330447,7,6,7,150,63,0,0,0,0,12,3877.119345240,0.997201478,0
453.098559366,3,7,3,112,63,0,0,0,0,12,3873.384207087,0.996240794,0
453.795330447,3,6,3,151,63,0,0,0,0,12,3873.313868161,0.996222703,0
454.098559366,5,7,5,113,63,0,0,0,0,12,3872.790702954,0.996088144,0
454.600487415,7,4,7,125,63,0,0,0,0,12,3876.982238780,0.997166214,0
455.098559366,5,7,5,114,63,0,0,0,0,12,3872.718617430,0.996069603,0
455.795330447,7,6,7,153,63,0,0,0,0,12,3876.909030959,0.997147385,0
456.098559121,4,7,4,115,63,0,0,0,0,12,3875.727697649,0.996843544,0
457.098559121,4,7,4,116,63,0,0,0,0,12,3875.655612124,0.996825003,0
457.899494844,2,5,2,149,63,0,0,0,0,12,3877.666404671,0.997342182,0
458.098559366,5,7,2,117,63,0,0,0,0,12,3872.490476271,0.996010925,1
458.098559851,2,7,2,117,63,0,0,0,0,12,3877.659315764,0.997340359,0
458.365923503,6,3,6,151,63,0,0,0,0,12,3873.449039504,0.996257469,0
458.795330447,7,6,7,156,63,0,0,0,0,12,3876.692774386,0.997091763,0
458.899494846,8,5,8,150,63,0,0,0,0,12,3875.220102258,0.996712989,0
459.343628029,5,8,5,129,63,0,0,0,0,12,3872.356595919,0.995976491,0
459.795331038,0,6,1,157,63,0,0,0,0,12,3874.681279993,0.996574403,1
460.343628029,5,8,0,130,63,0,0,0,0,12,3872.284510395,0.995957950,1
460.365923503,6,3,7,153,63,0,0,0,0,12,3873.292983870,0.996217331,1
460.899494846,8,5,8,152,63,0,0,0,0,12,3875.069988917,0.996674380,0
461.098559366,3,7,1,120,63,0,0,0,0,12,3872.795638306,0.996089413,1
461.098559712,1,7,1,120,63,0,0,0,0,12,3874.682017753,0.996574593,0
461.795330447,3,6,3,159,63,0,0,0,0,12,3872.658973856,0.996054263,0
462.098559366,5,7,2,121,63,0,0,0,0,12,3872.075425417,0.995904173,1
462.098559851,2,7,2,121,63,0,0,0,0,12,3877.370973666,0.997266197,0
462.899495089,1,5,1,154,63,0,0,0,0,12,3874.538993316,0.996537807,0
463.098559121,6,7,0,122,63,0,0,0,0,12,3873.017884083,0.996146575,1
463.343628029,5,8,1,133,63,0,0,0,0,12,3871.935602772,0.995868211,1
463.625836698,5,1,5,156,63,0,0,0,0,12,3871.867651726,0.995850733,0
463.795331038,0,6,0,161,63,0,0,0,0,12,3874.320670078,0.996481654,0
464.098559121,6,7,6,123,63,0,0,0,0,12,3872.885415327,0.996112504,0
465.098559366,5,7,2,124,63,0,0,0,0,12,3871.726517794,0.995814434,1
465.238335956,2,7,2,124,62,1,0,0,0,12,3877.147969690,0.997208840,0
466.098559366,5,7,5,125,63,0,0,0,0,12,3871.594049038,0.995780362,0
466.795331038,0,6,0,164,63,0,0,0,0,12,3874.104413504,0.996426032,0
467.098559121,6,7,6,126,63,0,0,0,0,12,3872.663216461,0.996055354,0
467.795330447,7,6,5,165,63,0,0,0,0,12,3876.061831543,0.996929483,1
468.098559121,6,7,0,127,63,0,0,0,0,12,3872.573304059,0.996032228,1
469.098559851,2,7,2,128,63,0,0,0,0,12,3876.848548117,0.997131828,0
469.343628029,5,8,1,139,63,0,0,0,0,12,3871.370438576,0.995722849,1
470.098559366,5,7,2,129,63,0,0,0,0,12,3871.233439123,0.995687613,1
470.899494846,8,5,8,162,63,0,0,0,0,12,3874.313479917,0.996479805,0
471.098559366,5,7,2,130,63,0,0,0,0,12,3871.100970367,0.995653542,1
471.098559851,2,7,2,130,63,0,0,0,0,12,3876.698434776,0.997093219,0
472.098559121,6,7,0,131,63,0,0,0,0,12,3872.212694144,0.995939479,1
472.899494846,8,5,7,164,63,0,0,0,0,12,3874.163366576,0.996441195,1
473.899495089,1,5,1,165,63,0,0,0,0,12,3873.746052547,0.996333861,0
474.098559366,3,7,1,133,63,0,0,0,0,12,3871.750604916,0.995820629,1
474.098559712,1,7,1,133,63,0,0,0,0,12,3873.738963642,0.996332038,0
474.795330447,3,6,3,172,63,0,0,0,0,12,3871.619882758,0.995787007,0
475.098559712,1,7,1,134,63,0,0,0,0,12,3873.654993533,0.996310441,0
475.795331177,1,6,1,173,63,0,0,0,0,12,3873.584654604,0.996292349,0
476.098559121,4,7,4,135,63,0,0,0,0,12,3874.268160282,0.996468148,0
477.098559366,5,7,2,136,63,0,0,0,0,12,3870.614016280,0.995528296,1
477.098559851,2,7,2,136,63,0,0,0,0,12,3876.254037044,0.996978919,0
477.343628029,7,8,7,147,63,0,0,0,0,12,3875.306964042,0.996735330,0
478.098559121,6,7,0,137,63,0,0,0,0,12,3871.701970888,0.995808120,1
478.098559851,0,7,0,137,63,0,0,0,0,12,3873.327553015,0.996226222,0
478.795330447,3,6,2,176,63,0,0,0,0,12,3871.325598368,0.995711316,1
478.899494846,8,5,3,170,63,0,0,0,0,12,3873.664527904,0.996312893,1
478.935107767,2,6,2,176,62,1,0,0,0,12,3876.110807479,0.996942080,0
479.600487415,7,4,7,150,63,0,0,0,0,12,3875.161313483,0.996697869,0
480.098559366,5,7,5,139,63,0,0,0,0,12,3870.337376475,0.995457144,0
480.343628029,5,8,0,150,63,0,0,0,0,12,3870.330022587,0.995455253,1
480.795330447,3,6,3,178,63,0,0,0,0,12,3871.115101794,0.995657176,0
480.899494844,2,5,2,172,63,0,0,0,0,12,3875.966841561,0.996905052,0
481.098559366,3,7,3,140,63,0,0,0,0,12,3871.107412903,0.995655199,0
481.343628029,5,8,0,151,63,0,0,0,0,12,3870.191611538,0.995419653,1
482.098559121,6,7,0,141,63,0,0,0,0,12,3871.347303265,0.995716899,1
482.098559851,0,7,0,141,63,0,0,0,0,12,3873.045153209,0.996153589,0
483.098559121,6,7,0,142,63,0,0,0,0,12,3871.208892216,0.995681299,1
483.600487415,7,4,7,154,63,0,0,0,0,12,3874.872971385,0.996623707,0
483.795330447,3,6,3,181,63,0,0,0,0,12,3870.898845221,0.995601555,0
483.899494846,8,5,3,175,63,0,0,0,0,12,3873.243717050,0.996204660,1
484.098559121,4,7,4,143,63,0,0,0,0,12,3873.691476086,0.996319824,0
484.365923503,6,3,8,177,63,0,0,0,0,12,3871.068941148,0.995645304,1
484.795330447,7,6,7,182,63,0,0,0,0,12,3874.799763565,0.996604877,0
485.098559121,6,7,6,144,63,0,0,0,0,12,3870.938012411,0.995611629,0
485.899494846,8,5,8,177,63,0,0,0,0,12,3873.027278184,0.996148991,0
486.098559366,3,7,3,145,63,0,0,0,0,12,3870.746985281,0.995562496,0
487.098559121,6,7,6,146,63,0,0,0,0,12,3870.790300667,0.995573637,0
488.098559121,4,7,4,147,63,0,0,0,0,12,3873.374460984,0.996238287,0
488.795330447,7,6,5,186,63,0,0,0,0,12,3874.499157183,0.996527561,1
489.098559123,8,7,8,148,63,0,0,0,0,12,3872.749491768,0.996077544,0
490.098559121,4,7,4,149,63,0,0,0,0,12,3873.230289935,0.996201206,0
491.600487660,6,4,6,162,63,0,0,0,0,12,3870.420857351,0.995478616,0
491.795330447,3,6,3,189,63,0,0,0,0,12,3870.237628924,0.995431489,0
492.098559851,2,7,2,151,63,0,0,0,0,12,3875.093025271,0.996680305,0
493.098559366,5,7,2,152,63,0,0,0,0,12,3869.238940604,0.995174625,1
493.098559851,2,7,2,152,63,0,0,0,0,12,3875.020939746,0.996661764,0
493.899494846,8,5,7,185,63,0,0,0,0,12,3872.368843184,0.995979641,1
494.343628029,7,8,6,164,63,0,0,0,0,12,3873.976648911,0.996393171,1
494.795330447,3,6,2,192,63,0,0,0,0,12,3870.015430058,0.995374339,1
495.098559366,5,7,2,154,63,0,0,0,0,12,3869.040328615,0.995123541,1
495.098559851,2,7,2,154,63,0,0,0,0,12,3874.876768697,0.996624683,0
495.899495089,1,5,1,187,63,0,0,0,0,12,3872.145784187,0.995922270,0
496.098559366,5,7,2,155,63,0,0,0,0,12,3868.907859859,0.995089470,1
496.098559851,2,7,2,155,63,0,0,0,0,12,3874.798740880,0.996604614,0
496.795330447,3,6,3,194,63,0,0,0,0,12,3869.804933485,0.995320199,0
497.098559121,4,7,4,156,63,0,0,0,0,12,3872.728092861,0.996072040,0
498.098559121,6,7,6,157,63,0,0,0,0,12,3869.909666801,0.995347137,0
498.343628029,7,8,7,168,63,0,0,0,0,12,3873.639808166,0.996306535,0
498.795330447,3,6,2,196,63,0,0,0,0,12,3869.642935558,0.995278533,1
499.098559121,4,7,4,158,63,0,0,0,0,12,3872.583921812,0.996034959,0
500.098559121,6,7,6,159,63,0,0,0,0,12,3869.759553459,0.995308527,0
500.343628029,5,8,5,170,63,0,0,0,0,12,3868.551780641,0.994997886,0
500.365923503,6,3,5,193,63,0,0,0,0,12,3869.752071148,0.995306603,1
500.505700093,7,3,5,193,62,1,0,0,0,12,3873.494703582,0.996269214,1
500.899494846,8,5,3,192,63,0,0,0,0,12,3871.786034403,0.995829741,1
501.795330447,3,6,3,199,63,0,0,0,0,12,3869.354411168,0.995204324,0
502.098559121,4,7,4,161,63,0,0,0,0,12,3872.373607531,0.995980866,0
502.600487415,3,4,3,173,63,0,0,0,0,12,3869.277505647,0.995184544,0
502.899494846,8,5,7,194,63,0,0,0,0,12,3871.575537829,0.995775601,1
503.343628029,5,8,1,173,63,0,0,0,0,12,3868.341466360,0.994943793,1
503.795330447,3,6,2,201,63,0,0,0,0,12,3869.198355534,0.995164186,1
504.098559366,3,7,1,163,63,0,0,0,0,12,3869.130283411,0.995146678,1
504.238336201,1,7,1,163,62,1,0,0,0,12,3871.590917436,0.995779557,0
504.899495089,1,5,1,196,63,0,0,0,0,12,3871.520783637,0.995761518,0
505.365923748,1,3,1,198,63,0,0,0,0,12,3871.506212423,0.995757771,0
505.600487415,3,4,3,176,63,0,0,0,0,12,3868.922655732,0.995093276,0
505.899495089,1,5,1,197,63,0,0,0,0,12,3871.436813527,0.995739921,0
506.098559366,3,7,1,165,63,0,0,0,0,12,3868.907902253,0.995089481,1
506.098559712,1,7,1,165,63,0,0,0,0,12,3871.429724622,0.995738098,0
506.795330447,3,6,2,204,63,0,0,0,0,12,3868.777180095,0.995055859,1
507.098559712,1,7,1,166,63,0,0,0,0,12,3871.357639098,0.995719557,0
507.899494846,8,5,8,199,63,0,0,0,0,12,3871.130957805,0.995661255,0
508.098559366,3,7,1,167,63,0,0,0,0,12,3868.637022447,0.995019810,1
508.899494846,8,5,3,200,63,0,0,0,0,12,3871.052929988,0.995641186,1
509.343628029,5,8,5,179,63,0,0,0,0,12,3867.854512274,0.994818547,0
509.795330447,3,6,3,207,63,0,0,0,0,12,3868.440157057,0.994969176,0
510.098559121,4,7,4,169,63,0,0,0,0,12,3871.785038751,0.995829485,0
510.795331038,8,6,8,208,63,0,0,0,0,12,3870.837091106,0.995585672,0
511.098559121,4,7,4,170,63,0,0,0,0,12,3871.707010934,0.995809416,0
512.098559121,6,7,0,171,63,0,0,0,0,12,3868.804432471,0.995062868,1
513.098559121,6,7,6,172,63,0,0,0,0,12,3868.666021422,0.995027269,0
513.899494844,2,5,2,205,63,0,0,0,0,12,3873.514232639,0.996274237,0
514.098559121,4,7,4,173,63,0,0,0,0,12,3871.484812068,0.995752266,0
514.795330447,3,6,2,212,63,0,0,0,0,12,3868.067844850,0.994873417,1
515.098559366,5,7,2,174,63,0,0,0,0,12,3867.423410722,0.994707667,1
516.098559366,5,7,5,175,63,0,0,0,0,12,3867.290941966,0.994673596,0
517.098559366,5,7,5,176,63,0,0,0,0,12,3867.218856441,0.994655056,0
517.365923503,4,3,4,210,63,0,0,0,0,12,3871.267015475,0.995696249,0
517.899494844,4,5,4,209,63,0,0,0,0,12,3871.197616580,0.995678399,0
518.098559366,5,7,5,177,63,0,0,0,0,12,3867.146770917,0.994636515,0
518.899494846,8,5,3,210,63,0,0,0,0,12,3870.241980049,0.995432608,1
519.098559851,2,7,2,178,63,0,0,0,0,12,3873.152658402,0.996181239,0
519.600487415,7,4,7,190,63,0,0,0,0,12,3872.117630042,0.995915028,0
520.098559121,6,7,6,179,63,0,0,0,0,12,3868.155480458,0.994895957,0
520.343628029,5,8,2,190,63,0,0,0,0,12,3866.995245980,0.994597543,1
520.343628618,2,8,2,190,63,0,0,0,0,12,3873.079161282,0.996162336,0
521.343628029,5,8,1,191,63,0,0,0,0,12,3866.856834931,0.994561943,1
522.098559366,5,7,2,181,63,0,0,0,0,12,3866.719835478,0.994526707,1
522.600487415,3,4,3,193,63,0,0,0,0,12,3867.420015133,0.994706794,0
523.098559121,4,7,4,182,63,0,0,0,0,12,3870.830100055,0.995583873,0
523.795331038,0,6,1,221,63,0,0,0,0,12,3870.043735709,0.995381619,1
523.899495089,1,5,1,215,63,0,0,0,0,12,3870.174927841,0.995415362,0
524.098559121,4,7,4,183,63,0,0,0,0,12,3870.758014530,0.995565333,0
524.600487661,8,4,8,195,63,0,0,0,0,12,3869.738921366,0.995303221,0
524.795330447,3,6,3,222,63,0,0,0,0,12,3867.262837203,0.994666368,0
525.899494846,8,5,8,217,63,0,0,0,0,12,3869.659171268,0.995282709,0
526.098559366,3,7,1,185,63,0,0,0,0,12,3867.183062788,0.994645849,1
526.398591956,6,3,8,219,63,0,0,0,0,12,3867.673700782,0.994772042,1
527.098559366,3,7,1,186,63,0,0,0,0,12,3867.044651739,0.994610250,1
527.098559712,1,7,1,186,63,0,0,0,0,12,3869.963466948,0.995360974,0
528.098559121,6,7,0,187,63,0,0,0,0,12,3867.464932398,0.994718347,1
529.098559121,6,7,0,188,63,0,0,0,0,12,3867.326521349,0.994682747,1
530.098559366,3,7,1,189,63,0,0,0,0,12,3866.773954226,0.994540626,1
530.899494846,8,5,7,222,63,0,0,0,0,12,3869.280916768,0.995185421,1
532.098559366,3,7,3,191,63,0,0,0,0,12,3866.563457652,0.994486486,0
532.343628029,7,8,7,202,63,0,0,0,0,12,3871.217651489,0.995683552,0
532.600487661,8,4,8,203,63,0,0,0,0,12,3869.078084769,0.995133252,0
533.098559121,4,7,4,192,63,0,0,0,0,12,3870.109244810,0.995398468,0
533.343628029,5,8,5,203,63,0,0,0,0,12,3865.865099881,0.994306867,0
533.365923503,6,3,5,226,63,0,0,0,0,12,3866.970313708,0.994591130,1
533.505700093,7,3,5,226,62,1,0,0,0,12,3871.138690137,0.995663243,1
534.098559366,5,7,2,193,63,0,0,0,0,12,3865.794425952,0.994288690,1
534.098559851,2,7,2,193,63,0,0,0,0,12,3872.083260120,0.995906188,0
534.795330447,7,6,7,232,63,0,0,0,0,12,3871.004553110,0.995628743,0
534.899494846,8,5,8,226,63,0,0,0,0,12,3868.926249146,0.995094200,0
535.098559121,4,7,4,194,63,0,0,0,0,12,3869.965073761,0.995361387,0
535.625836453,0,1,0,228,63,0,0,0,0,12,3869.119302472,0.995143854,0
536.098559123,8,7,8,195,63,0,0,0,0,12,3868.847074719,0.995073836,0
536.899495574,0,5,0,228,63,0,0,0,0,12,3869.039698378,0.995123379,0
537.098559121,4,7,4,196,63,0,0,0,0,12,3869.814960420,0.995322778,0
537.505816789,5,2,8,182,63,0,0,0,0,12,3865.509498051,0.994215406,1
537.899494844,2,5,2,229,63,0,0,0,0,12,3871.790122344,0.995830793,0
538.098559121,6,7,0,197,63,0,0,0,0,12,3866.545100580,0.994481765,1
538.899494846,8,5,3,230,63,0,0,0,0,12,3868.620080170,0.995015453,1
539.039272167,3,5,3,230,62,1,0,0,0,12,3866.041373598,0.994352205,0
539.899494844,2,5,2,231,63,0,0,0,0,12,3871.645951295,0.995793712,0
540.098559366,3,7,3,199,63,0,0,0,0,12,3865.968946579,0.994333577,0
540.899494844,2,5,2,232,63,0,0,0,0,12,3871.573865770,0.995775171,0
541.098559121,6,7,6,200,63,0,0,0,0,12,3866.256576189,0.994407556,0
541.899494846,8,5,8,233,63,0,0,0,0,12,3868.337498072,0.994942772,0
542.098559366,5,7,5,201,63,0,0,0,0,12,3865.091032999,0.994107776,0
542.365923503,4,3,4,235,63,0,0,0,0,12,3869.452992779,0.995229679,0
543.098559121,6,7,0,202,63,0,0,0,0,12,3866.112405140,0.994370475,1
543.343628029,5,8,2,213,63,0,0,0,0,12,3865.011593587,0.994087344,1
543.795330447,7,6,5,241,63,0,0,0,0,12,3870.373610267,0.995466464,1
544.098559121,4,7,4,203,63,0,0,0,0,12,3869.310361748,0.995192994,0
545.098559121,6,7,0,204,63,0,0,0,0,12,3865.895966274,0.994314806,1
545.098559851,0,7,0,204,63,0,0,0,0,12,3868.473752157,0.994977817,0
545.600487415,7,4,7,216,63,0,0,0,0,12,3870.176120574,0.995415669,0
545.899494846,8,5,7,237,63,0,0,0,0,12,3868.037271390,0.994865553,1
546.899494844,2,5,2,238,63,0,0,0,0,12,3871.082968158,0.995648912,0
547.098559366,3,7,1,206,63,0,0,0,0,12,3865.434636445,0.994196151,1
547.899494846,8,5,8,239,63,0,0,0,0,12,3867.820452824,0.994809787,0
548.899494846,8,5,3,240,63,0,0,0,0,12,3867.707809712,0.994780815,1
549.600487415,7,4,7,220,63,0,0,0,0,12,3869.868812501,0.995336629,0
550.098559123,8,7,8,209,63,0,0,0,0,12,3867.574194345,0.994746449,0
550.343628029,7,8,7,220,63,0,0,0,0,12,3869.798206487,0.995318469,0
550.625836453,0,1,0,243,63,0,0,0,0,12,3868.011748198,0.994858989,0
551.795331038,0,6,1,249,63,0,0,0,0,12,3867.929203398,0.994837758,1
552.098559123,8,7,8,211,63,0,0,0,0,12,3867.430023296,0.994709368,0
553.098559123,8,7,8,212,63,0,0,0,0,12,3867.354397076,0.994689917,0
553.899494844,2,5,2,245,63,0,0,0,0,12,3870.559403511,0.995514250,0
554.098559121,4,7,4,213,63,0,0,0,0,12,3868.500674309,0.994984741,0
554.343628029,7,8,6,224,63,0,0,0,0,12,3869.487133678,0.995238460,1
554.795330447,7,6,5,252,63,0,0,0,0,12,3869.412264055,0.995219204,1
555.098559121,6,7,0,214,63,0,0,0,0,12,3865.067088819,0.994101617,1
555.625837183,6,1,6,248,63,0,0,0,0,12,3864.997726173,0.994083777,0
555.795331038,0,6,0,253,63,0,0,0,0,12,3867.574535775,0.994746537,0
555.899494846,8,5,3,247,63,0,0,0,0,12,3867.127402528,0.994631534,1
557.098559121,6,7,6,216,63,0,0,0,0,12,3864.862534538,0.994049006,0
558.098559121,4,7,4,217,63,0,0,0,0,12,3868.218274504,0.994912108,0
559.098559366,3,7,1,218,63,0,0,0,0,12,3864.477013221,0.993949849,1
559.795331038,0,6,0,257,63,0,0,0,0,12,3867.274309092,0.994669318,0
560.899494844,2,5,2,252,63,0,0,0,0,12,3870.048862547,0.995382938,0
561.098559121,4,7,4,220,63,0,0,0,0,12,3867.996075638,0.994854958,0
562.098559123,8,7,8,221,63,0,0,0,0,12,3866.633359539,0.994504465,0
562.795330447,3,6,3,260,63,0,0,0,0,12,3864.124092197,0.993859077,0
562.899494844,2,5,2,254,63,0,0,0,0,12,3869.898749206,0.995344328,0
563.098559121,6,7,0,222,63,0,0,0,0,12,3864.424079099,0.993936234,1
563.098559851,0,7,0,222,63,0,0,0,0,12,3867.050363628,0.994611719,0
563.343628029,5,8,0,233,63,0,0,0,0,12,3863.459459289,0.993688133,1
563.795330447,3,6,3,261,63,0,0,0,0,12,3864.052006673,0.993840537,0
564.098559123,8,7,8,223,63,0,0,0,0,12,3866.477303905,0.994464327,0
564.625837044,7,1,7,257,63,0,0,0,0,12,3868.655771030,0.995024632,0
564.795330447,3,6,3,262,63,0,0,0,0,12,3863.973978856,0.993820468,0
565.098559123,8,7,8,224,63,0,0,0,0,12,3866.405218381,0.994445787,0
565.365923748,7,3,5,258,63,0,0,0,0,12,3868.585182606,0.995006477,1
566.098559366,5,7,5,225,63,0,0,0,0,12,3863.184231079,0.993617343,0
567.098559121,4,7,4,226,63,0,0,0,0,12,3867.563562491,0.994743715,0
567.899495089,1,5,1,259,63,0,0,0,0,12,3867.018489406,0.994603521,0
568.098559121,6,7,6,227,63,0,0,0,0,12,3863.991383659,0.993824944,0
568.505816789,5,2,5,213,63,0,0,0,0,12,3863.025829643,0.993576602,0
568.899494846,8,5,7,260,63,0,0,0,0,12,3866.118022893,0.994371919,1
569.343628029,5,8,5,239,63,0,0,0,0,12,3862.954678326,0.993558302,0
569.600487661,8,4,8,240,63,0,0,0,0,12,3865.987276418,0.994338291,0
569.899494846,8,5,3,261,63,0,0,0,0,12,3865.979611844,0.994336320,1
570.098559366,3,7,1,229,63,0,0,0,0,12,3863.599920050,0.993724259,1
570.600487661,8,4,8,241,63,0,0,0,0,12,3865.848865369,0.994302692,0
570.899494846,8,5,7,262,63,0,0,0,0,12,3865.841200795,0.994300720,1
571.600487415,7,4,7,242,63,0,0,0,0,12,3868.090935141,0.994879356,0
571.795330447,3,6,2,269,63,0,0,0,0,12,3863.391170075,0.993670568,1
572.098559366,3,7,3,231,63,0,0,0,0,12,3863.323097952,0.993653060,0
572.343628029,7,8,7,242,63,0,0,0,0,12,3868.020329126,0.994861196,0
572.365923503,6,3,6,265,63,0,0,0,0,12,3863.689616958,0.993747329,0
573.098559366,5,7,5,232,63,0,0,0,0,12,3862.679632408,0.993487560,0
574.098559123,8,7,8,233,63,0,0,0,0,12,3865.563414379,0.994229273,0
575.098559121,4,7,4,234,63,0,0,0,0,12,3866.998762880,0.994598447,0
575.343628029,7,8,1,245,63,0,0,0,0,12,3867.810014845,0.994807103,1
576.098559366,3,7,1,235,63,0,0,0,0,12,3863.016928976,0.993574313,1
576.238336201,1,7,1,235,62,1,0,0,0,12,3866.439853485,0.994454695,0
576.795331038,0,6,1,274,63,0,0,0,0,12,3866.090451223,0.994364828,1
577.098559366,5,7,2,236,63,0,0,0,0,12,3862.385348018,0.993411869,1
577.098559851,2,7,2,236,63,0,0,0,0,12,3868.888405249,0.995084466,0
577.505816789,5,2,5,222,63,0,0,0,0,12,3862.316676690,0.993394207,0
578.098559366,5,7,5,237,63,0,0,0,0,12,3862.246936969,0.993376270,0
579.098559121,4,7,4,238,63,0,0,0,0,12,3866.692593905,0.994519700,0
579.795330447,3,6,2,277,63,0,0,0,0,12,3862.658065660,0.993482013,1
580.098559121,6,7,6,239,63,0,0,0,0,12,3863.072876733,0.993588703,0
580.343628029,5,8,2,250,63,0,0,0,0,12,3862.107296617,0.993340354,1
581.098559366,5,7,5,240,63,0,0,0,0,12,3861.970297163,0.993305118,0
581.600487415,7,4,7,252,63,0,0,0,0,12,3867.327523541,0.994683005,0
582.098559851,2,7,2,241,63,0,0,0,0,12,3868.522035334,0.994990235,0
582.343628029,7,8,6,252,63,0,0,0,0,12,3867.256917527,0.994664845,1
582.483404619,6,8,6,252,62,1,0,0,0,12,3862.914604389,0.993547995,0
583.098559366,3,7,1,242,63,0,0,0,0,12,3862.373736964,0.993408883,1
583.098559712,1,7,1,242,63,0,0,0,0,12,3865.942002219,0.994326647,0
583.600487660,6,4,6,254,63,0,0,0,0,12,3862.829959882,0.993526224,0
584.098559121,4,7,4,243,63,0,0,0,0,12,3866.332166282,0.994426998,0
585.098559366,3,7,3,244,63,0,0,0,0,12,3862.169182683,0.993356271,0
585.795330447,3,6,2,283,63,0,0,0,0,12,3862.098843757,0.993338180,1
586.600487415,7,4,7,257,63,0,0,0,0,12,3866.918597272,0.994577829,0
587.098559121,6,7,0,246,63,0,0,0,0,12,3862.520739722,0.993446692,1
587.098559851,0,7,0,246,63,0,0,0,0,12,3865.337177611,0.994171085,0
588.098559366,3,7,3,247,63,0,0,0,0,12,3861.874716000,0.993280534,0
588.343628029,5,8,5,258,63,0,0,0,0,12,3861.464286896,0.993174971,0
588.625836453,0,1,0,281,63,0,0,0,0,12,3865.195729449,0.994134704,0
589.098559366,3,7,3,248,63,0,0,0,0,12,3861.796688183,0.993260465,0
589.795330692,4,6,4,287,63,0,0,0,0,12,3865.901399731,0.994316204,0
590.098559123,8,7,8,249,63,0,0,0,0,12,3864.386276818,0.993926512,0
590.343628029,5,8,5,260,63,0,0,0,0,12,3861.314173555,0.993136362,0
590.795330447,3,6,3,288,63,0,0,0,0,12,3861.654263732,0.993223833,0
590.899494846,8,5,3,282,63,0,0,0,0,12,3864.315337904,0.993908266,1
591.343628029,7,8,1,261,63,0,0,0,0,12,3866.565591452,0.994487035,1
592.343628029,5,8,2,262,63,0,0,0,0,12,3861.175944799,0.993100809,1
593.098559121,4,7,4,252,63,0,0,0,0,12,3865.683396562,0.994260133,0
593.899494844,4,5,6,285,63,0,0,0,0,12,3865.612457648,0.994241887,1
594.343628029,7,8,4,264,63,0,0,0,0,12,3866.283009354,0.994414354,1
594.625837044,7,1,7,287,63,0,0,0,0,12,3866.215058306,0.994396877,0
595.098559366,3,7,1,254,63,0,0,0,0,12,3861.352290451,0.993146165,1
596.795330447,3,6,2,294,63,0,0,0,0,12,3861.137598184,0.993090946,1
597.098559121,6,7,6,256,63,0,0,0,0,12,3861.709789783,0.993238115,0
597.899494844,2,5,2,289,63,0,0,0,0,12,3867.369813557,0.994693882,0
598.098559121,4,7,4,257,63,0,0,0,0,12,3865.256643415,0.994150371,0
599.098559712,1,7,1,258,63,0,0,0,0,12,3864.818345289,0.994037640,0
599.600487660,6,4,6,270,63,0,0,0,0,12,3861.556785333,0.993198762,0
599.899494844,2,5,2,291,63,0,0,0,0,12,3867.207815630,0.994652216,0
600.098559366,3,7,3,259,63,0,0,0,0,12,3860.859211780,0.993019345,0
600.795330447,3,6,2,298,63,0,0,0,0,12,3860.788872854,0.993001253,1
600.899494844,2,5,2,292,63,0,0,0,0,12,3867.135730106,0.994633675,0
601.098559366,5,7,2,260,63,0,0,0,0,12,3860.462261149,0.992917248,1
602.098559366,5,7,5,261,63,0,0,0,0,12,3860.329792393,0.992883177,0
602.343628029,5,8,0,272,63,0,0,0,0,12,3860.322438505,0.992881286,1
602.899494846,8,5,3,294,63,0,0,0,0,12,3863.389928378,0.993670249,1
604.098559121,6,7,6,263,63,0,0,0,0,12,3861.181421942,0.993102218,0
604.343628029,5,8,0,274,63,0,0,0,0,12,3860.111941931,0.992827146,1
605.098559121,6,7,6,264,63,0,0,0,0,12,3861.109336417,0.993083677,0
605.899494846,8,5,8,297,63,0,0,0,0,12,3863.107346280,0.993597568,0
607.098559366,5,7,5,266,63,0,0,0,0,12,3859.836713721,0.992756356,0
608.098559366,3,7,3,267,63,0,0,0,0,12,3860.209880068,0.992852335,0
608.795331038,0,6,0,306,63,0,0,0,0,12,3863.748138837,0.993762381,0
609.098559366,5,7,2,268,63,0,0,0,0,12,3859.682679986,0.992716739,1
609.098559851,2,7,2,268,63,0,0,0,0,12,3866.519743304,0.994475243,0
610.098559366,3,7,3,269,63,0,0,0,0,12,3860.053824434,0.992812198,0
610.343628029,7,8,6,280,63,0,0,0,0,12,3865.098969193,0.994109817,1
610.483404619,6,8,6,280,62,1,0,0,0,12,3860.662539683,0.992968760,0
610.625836453,0,1,0,303,63,0,0,0,0,12,3863.610886369,0.993727080,0
611.899494846,8,5,3,303,63,0,0,0,0,12,3862.596623024,0.993466210,1
612.343628029,5,8,5,282,63,0,0,0,0,12,3859.375955581,0.992637849,0
613.098559366,3,7,1,272,63,0,0,0,0,12,3859.799411869,0.992746762,1
613.098559712,1,7,1,272,63,0,0,0,0,12,3863.805506613,0.993777136,0
614.098559366,5,7,2,273,63,0,0,0,0,12,3859.233196128,0.992601131,1
614.238335956,2,7,2,273,62,1,0,0,0,12,3866.134741402,0.994376219,0
614.899494844,2,5,2,306,63,0,0,0,0,12,3866.064607602,0.994358181,0
615.098559121,6,7,0,274,63,0,0,0,0,12,3860.277018905,0.992869604,1
616.098559121,4,7,4,275,63,0,0,0,0,12,3863.926890276,0.993808357,0
616.795330447,7,6,7,314,63,0,0,0,0,12,3864.556971127,0.993970414,0
616.899494846,8,5,7,308,63,0,0,0,0,12,3862.166329182,0.993355537,1
617.365924233,2,3,2,310,63,0,0,0,0,12,3865.911807627,0.994318881,0
618.098559121,4,7,4,277,63,0,0,0,0,12,3863.788661519,0.993772804,0
618.343628029,5,8,5,288,63,0,0,0,0,12,3858.877116910,0.992509547,0
618.600487660,6,4,6,289,63,0,0,0,0,12,3859.979661114,0.992793123,0
618.795330447,3,6,3,316,63,0,0,0,0,12,3859.302319796,0.992618909,0
619.098559366,5,7,2,278,63,0,0,0,0,12,3858.806442981,0.992491369,1
620.098559366,3,7,3,279,63,0,0,0,0,12,3859.216603088,0.992596863,0
620.899494846,8,5,3,312,63,0,0,0,0,12,3861.817603852,0.993265845,1
621.098559712,1,7,1,280,63,0,0,0,0,12,3863.222880125,0.993627284,0
622.098559121,6,7,6,281,63,0,0,0,0,12,3859.700152417,0.992721233,0
622.343628029,7,8,6,292,63,0,0,0,0,12,3864.127059786,0.993859840,1
622.600487660,0,4,0,293,63,0,0,0,0,12,3862.760292267,0.993508306,0
622.625837044,7,1,7,315,63,0,0,0,0,12,3864.059108738,0.993842363,0
623.098559851,2,7,2,282,63,0,0,0,0,12,3865.480834499,0.994208034,0
623.795330447,7,6,7,321,63,0,0,0,0,12,3863.986046931,0.993823572,0
624.098559366,3,7,3,283,63,0,0,0,0,12,3858.928260990,0.992522701,0
625.098559123,8,7,8,284,63,0,0,0,0,12,3861.461789619,0.993174329,0
625.600487415,7,4,7,296,63,0,0,0,0,12,3863.848940471,0.993788308,0
625.899494844,2,5,2,317,63,0,0,0,0,12,3865.259782248,0.994151179,0
626.098559121,6,7,0,285,63,0,0,0,0,12,3859.405868027,0.992645542,1
626.098559851,0,7,0,285,63,0,0,0,0,12,3862.535224505,0.993450418,0
626.795330447,3,6,2,324,63,0,0,0,0,12,3858.713751016,0.992467529,1
626.899494846,8,5,7,318,63,0,0,0,0,12,3861.318765180,0.993137542,1
628.098559123,8,7,8,287,63,0,0,0,0,12,3861.179207521,0.993101648,0
629.899494846,8,5,3,321,63,0,0,0,0,12,3861.036183082,0.993064862,1
630.795330447,3,6,2,328,63,0,0,0,0,12,3858.359083393,0.992376307,1
631.098559366,5,7,2,290,63,0,0,0,0,12,3857.881033455,0.992253352,1
631.795330447,7,6,7,329,63,0,0,0,0,12,3863.439074198,0.993682889,0
632.098559121,6,7,6,291,63,0,0,0,0,12,3858.907029355,0.992517240,0
633.098559851,2,7,2,292,63,0,0,0,0,12,3864.748094670,0.994019572,0
633.343628029,5,8,2,303,63,0,0,0,0,12,3857.675067579,0.992200377,1
633.625836698,5,1,0,326,63,0,0,0,0,12,3857.607116532,0.992182900,1
633.925869288,4,5,6,325,63,0,0,0,0,12,3862.654114698,0.993480997,1
634.795330447,3,6,3,332,63,0,0,0,0,12,3858.004415771,0.992285086,0
635.899494846,8,5,8,327,63,0,0,0,0,12,3860.531402119,0.992935031,0
636.098559366,5,7,5,295,63,0,0,0,0,12,3857.345398429,0.992115586,0
636.899494844,2,5,2,328,63,0,0,0,0,12,3864.454956894,0.993944176,0
637.098559366,5,7,2,296,63,0,0,0,0,12,3857.273312905,0.992097046,1
637.795330447,3,6,2,335,63,0,0,0,0,12,3857.770332320,0.992224880,1
638.098559121,4,7,4,297,63,0,0,0,0,12,3862.298452383,0.993389520,0
638.343628029,5,8,2,308,63,0,0,0,0,12,3857.133490260,0.992061083,1
638.600487660,6,4,6,309,63,0,0,0,0,12,3858.459740515,0.992402197,0
639.098559366,3,7,3,298,63,0,0,0,0,12,3857.636116965,0.992190359,0
639.600487661,8,4,8,310,63,0,0,0,0,12,3860.226955425,0.992856727,0
640.098559366,5,7,5,299,63,0,0,0,0,12,3856.930347575,0.992008834,0
640.505816789,5,2,8,285,63,0,0,0,0,12,3856.916117187,0.992005174,1
640.795330447,3,6,3,338,63,0,0,0,0,12,3857.493692514,0.992153727,0
641.098559121,6,7,6,300,63,0,0,0,0,12,3858.246375050,0.992347319,0
641.899494844,2,5,2,333,63,0,0,0,0,12,3864.106413856,0.993854530,0
642.098559121,6,7,0,301,63,0,0,0,0,12,3858.174289526,0.992328778,1
642.600487660,6,4,6,313,63,0,0,0,0,12,3858.099130600,0.992309447,0
643.098559366,3,7,1,302,63,0,0,0,0,12,3857.329947989,0.992111612,1
643.238336201,1,7,1,302,62,1,0,0,0,12,3861.677789521,0.993229884,0
643.600487660,6,4,6,314,63,0,0,0,0,12,3858.009218198,0.992286322,0
643.899495089,1,5,1,335,63,0,0,0,0,12,3861.607655721,0.993211846,0
644.098559121,6,7,6,303,63,0,0,0,0,12,3857.940023782,0.992268525,0
644.600487661,8,4,8,315,63,0,0,0,0,12,3859.854643217,0.992760968,0
644.899494844,2,5,2,336,63,0,0,0,0,12,3863.884214990,0.993797380,0
645.098559121,6,7,0,304,63,0,0,0,0,12,3857.861995965,0.992248456,1
645.600487661,8,4,8,316,63,0,0,0,0,12,3859.782557693,0.992742427,0
645.795330447,3,6,3,343,63,0,0,0,0,12,3857.043170198,0.992037852,0
646.098559121,4,7,4,305,63,0,0,0,0,12,3861.692056724,0.993233554,0
646.343628029,7,8,7,316,63,0,0,0,0,12,3862.390104599,0.993413093,0
646.365923503,6,3,8,339,63,0,0,0,0,12,3857.722044898,0.992212460,1
646.795330447,3,6,2,344,63,0,0,0,0,12,3856.965142381,0.992017784,1
648.098559121,6,7,0,307,63,0,0,0,0,12,3857.519030635,0.992160245,1
648.795330447,3,6,3,346,63,0,0,0,0,12,3856.754645807,0.991963643,0
648.899495089,1,5,1,340,63,0,0,0,0,12,3861.247228099,0.993119143,0
649.098559366,3,7,3,308,63,0,0,0,0,12,3856.746956916,0.991961666,0
649.343628029,5,8,0,319,63,0,0,0,0,12,3856.190071565,0.991818434,1
650.098559366,3,7,3,309,63,0,0,0,0,12,3856.674871392,0.991943125,0
650.343628029,7,8,6,320,63,0,0,0,0,12,3862.119589378,0.993343516,1
650.899494844,2,5,2,342,63,0,0,0,0,12,3863.463586428,0.993689194,0
651.098559366,3,7,1,310,63,0,0,0,0,12,3856.602785867,0.991924585,1
651.238336201,1,7,1,310,62,1,0,0,0,12,3861.089220740,0.993078503,0
652.098559366,5,7,5,311,63,0,0,0,0,12,3855.908901062,0.991746117,0
652.795330692,4,6,4,350,63,0,0,0,0,12,3861.177320064,0.993101163,0
653.098559121,4,7,4,312,63,0,0,0,0,12,3861.169631176,0.993099185,0
653.343628029,5,8,0,323,63,0,0,0,0,12,3855.829461650,0.991725685,1
653.365923503,6,3,8,346,63,0,0,0,0,12,3857.084795177,0.992048558,1
653.625836698,5,1,8,346,63,0,0,0,0,12,3855.761510603,0.991708207,1
653.795330447,3,6,2,351,63,0,0,0,0,12,3856.321950368,0.991852353,1
655.098559366,3,7,1,314,63,0,0,0,0,12,3856.181792720,0.991816305,1
655.899494846,8,5,7,347,63,0,0,0,0,12,3859.042153289,0.992551994,1
656.343628029,5,8,0,326,63,0,0,0,0,12,3855.480554027,0.991635945,1
656.795330447,3,6,2,354,63,0,0,0,0,12,3855.978985038,0.991764142,1
657.098559366,5,7,2,316,63,0,0,0,0,12,3855.343554574,0.991600708,1
658.098559366,5,7,5,317,63,0,0,0,0,12,3855.211085817,0.991566637,0
658.343628029,5,8,0,328,63,0,0,0,0,12,3855.203731929,0.991564746,1
658.795330447,3,6,3,356,63,0,0,0,0,12,3855.768488464,0.991710002,0
658.899494844,4,5,4,350,63,0,0,0,0,12,3860.738264639,0.992988237,0
660.098559121,6,7,0,319,63,0,0,0,0,12,3856.515411000,0.991902112,1
661.098559366,5,7,5,320,63,0,0,0,0,12,3854.928503719,0.991493957,0
662.098559123,8,7,8,321,63,0,0,0,0,12,3858.512456545,0.992415755,0
662.343628029,7,8,1,332,63,0,0,0,0,12,3861.223891315,0.993113141,1
662.899494846,8,5,3,354,63,0,0,0,0,12,3858.441517631,0.992397510,1
663.098559121,6,7,0,322,63,0,0,0,0,12,3856.232828902,0.991829431,1
663.600487415,7,4,7,334,63,0,0,0,0,12,3861.089943048,0.993078689,0
664.098559123,8,7,8,323,63,0,0,0,0,12,3858.307902264,0.992363144,0
664.365923503,6,3,6,357,63,0,0,0,0,12,3856.086935542,0.991791907,0
664.899494846,8,5,7,356,63,0,0,0,0,12,3858.236963350,0.992344898,1
665.343628029,5,8,5,335,63,0,0,0,0,12,3854.632807734,0.991417903,0
665.505816789,5,2,0,310,63,0,0,0,0,12,3854.625931234,0.991416135,1
665.899494844,4,5,4,357,63,0,0,0,0,12,3860.233665968,0.992858453,0
666.098559121,6,7,6,325,63,0,0,0,0,12,3855.950246804,0.991756751,0
668.364987271,5,8,0,338,63,0,0,0,0,12,3854.343021216,0.991343370,1
668.600487660,0,4,0,339,63,0,0,0,0,12,3859.525047999,0.992676195,0
668.899494846,8,5,8,360,63,0,0,0,0,12,3857.853622724,0.992246302,0
669.098559121,6,7,6,328,63,0,0,0,0,12,3855.679549291,0.991687127,0
670.098559121,4,7,4,329,63,0,0,0,0,12,3859.906021268,0.992774182,0
671.098559121,4,7,4,330,63,0,0,0,0,12,3859.833935744,0.992755642,0
671.795330447,7,6,7,369,63,0,0,0,0,12,3860.520480447,0.992932222,0
672.098559121,4,7,4,331,63,0,0,0,0,12,3859.761850219,0.992737101,0
672.600487661,8,4,8,343,63,0,0,0,0,12,3857.543233738,0.992166470,0
672.899494844,2,5,2,364,63,0,0,0,0,12,3861.838030102,0.993271098,0
673.098559121,6,7,6,332,63,0,0,0,0,12,3855.375781913,0.991608997,0
673.343628029,7,8,3,343,63,0,0,0,0,12,3860.350238200,0.992888436,1
673.795330447,3,6,3,371,63,0,0,0,0,12,3854.619338144,0.991414439,0
674.098559366,3,7,1,333,63,0,0,0,0,12,3854.611649253,0.991412461,1
674.899494846,8,5,7,366,63,0,0,0,0,12,3857.379513530,0.992124360,1
676.098559121,6,7,6,335,63,0,0,0,0,12,3855.159525340,0.991553376,0
676.899494844,4,5,6,368,63,0,0,0,0,12,3859.408511500,0.992646222,1
678.098559123,8,7,8,337,63,0,0,0,0,12,3857.095784822,0.992051385,0
678.795330447,3,6,2,376,63,0,0,0,0,12,3854.174758119,0.991300092,1
678.899494846,8,5,8,370,63,0,0,0,0,12,3857.018903615,0.992031611,0
679.098559123,8,7,8,338,63,0,0,0,0,12,3857.011814712,0.992029788,0
679.899494844,2,5,2,371,63,0,0,0,0,12,3861.333431431,0.993141315,0
680.600487660,6,4,6,351,63,0,0,0,0,12,3854.844522964,0.991472357,0
680.899494846,8,5,7,372,63,0,0,0,0,12,3856.868790273,0.991993002,1
682.098559121,6,7,6,341,63,0,0,0,0,12,3854.703243023,0.991436019,0
682.365923503,6,3,8,375,63,0,0,0,0,12,3854.695760712,0.991434095,1
682.899494844,2,5,2,374,63,0,0,0,0,12,3861.117174857,0.993085693,0
683.098559121,6,7,6,342,63,0,0,0,0,12,3854.564831974,0.991400420,0
683.795330447,7,6,7,381,63,0,0,0,0,12,3859.590167087,0.992692944,0
683.899494846,8,5,7,375,63,0,0,0,0,12,3856.586208176,0.991920321,1
684.098559851,2,7,2,343,63,0,0,0,0,12,3861.026115841,0.993062273,0
685.098559121,6,7,6,344,63,0,0,0,0,12,3854.426603218,0.991364867,0
685.600487660,0,4,0,356,63,0,0,0,0,12,3858.293651791,0.992359478,0
686.098559712,1,7,1,345,63,0,0,0,0,12,3858.572874149,0.992431295,0
686.365923503,6,3,8,379,63,0,0,0,0,12,3854.347035382,0.991344402,1
687.098559121,6,7,0,346,63,0,0,0,0,12,3854.216106644,0.991310727,1
687.380900186,6,0,8,382,63,0,0,0,0,12,3854.148154835,0.991293250,1
688.098559366,3,7,1,347,63,0,0,0,0,12,3853.440089399,0.991111134,1
688.098559712,1,7,1,347,63,0,0,0,0,12,3858.422760808,0.992392685,0
689.795330447,3,6,2,387,63,0,0,0,0,12,3853.237281716,0.991058972,1
690.098559366,5,7,2,349,63,0,0,0,0,12,3852.673561593,0.990913982,1
690.098559851,2,7,2,349,63,0,0,0,0,12,3860.587660401,0.992949501,0
690.600487661,8,4,8,361,63,0,0,0,0,12,3856.011063969,0.991772393,0
691.098559366,3,7,3,350,63,0,0,0,0,12,3853.091181776,0.991021394,0
691.343628029,7,8,3,361,63,0,0,0,0,12,3859.027969282,0.992548346,1
691.795330447,7,6,7,389,63,0,0,0,0,12,3858.953099659,0.992529089,0
692.098559123,8,7,8,351,63,0,0,0,0,12,3855.930167260,0.991751586,0
692.899494846,8,5,7,384,63,0,0,0,0,12,3855.859228346,0.991733341,1
693.098559366,3,7,3,352,63,0,0,0,0,12,3852.935126142,0.990981257,0
693.795330447,7,6,7,391,63,0,0,0,0,12,3858.808928610,0.992492008,0
694.098559123,8,7,8,353,63,0,0,0,0,12,3855.725612979,0.991698975,0
694.343628029,7,8,4,364,63,0,0,0,0,12,3858.739444892,0.992474137,1
695.098559366,3,7,1,354,63,0,0,0,0,12,3852.785012801,0.990942647,1
695.600487415,7,4,7,366,63,0,0,0,0,12,3858.605496625,0.992439685,0
696.343628029,5,8,0,366,63,0,0,0,0,12,3852.179253619,0.990786845,1
697.098559366,5,7,5,356,63,0,0,0,0,12,3852.042254166,0.990751609,0
698.098559121,4,7,4,357,63,0,0,0,0,12,3857.815358766,0.992236461,0
698.795330447,3,6,2,396,63,0,0,0,0,12,3852.443976362,0.990854932,1
699.098559366,5,7,2,358,63,0,0,0,0,12,3851.898083117,0.990714528,1
699.238335956,2,7,2,358,62,1,0,0,0,12,3859.944027863,0.992783958,0
699.365923503,6,3,6,392,63,0,0,0,0,12,3853.175293235,0.991043028,0
699.899494846,8,5,8,391,63,0,0,0,0,12,3855.294246442,0.991588026,0
700.505816789,5,2,0,345,63,0,0,0,0,12,3851.757326265,0.990678325,1
701.098559366,5,7,5,360,63,0,0,0,0,12,3851.627203311,0.990644857,0
701.899494844,2,5,2,393,63,0,0,0,0,12,3859.717838430,0.992725781,0
702.098559366,5,7,2,361,63,0,0,0,0,12,3851.555117787,0.990626316,1
702.098559851,2,7,2,361,63,0,0,0,0,12,3859.710749523,0.992723958,0
703.343628029,5,8,0,373,63,0,0,0,0,12,3851.421237435,0.990591882,1
703.795330447,3,6,3,401,63,0,0,0,0,12,3852.011280923,0.990743642,0
704.098559366,5,7,5,363,63,0,0,0,0,12,3851.284237981,0.990556646,0
704.343628029,7,8,3,374,63,0,0,0,0,12,3857.958206415,0.992273201,1
704.899494846,8,5,7,396,63,0,0,0,0,12,3854.915991943,0.991490739,1
705.343628029,7,8,3,375,63,0,0,0,0,12,3857.825737659,0.992239130,1
706.098559366,3,7,1,365,63,0,0,0,0,12,3851.865363275,0.990706112,1
707.098559121,6,7,6,366,63,0,0,0,0,12,3852.582322181,0.990890515,0
708.098559121,6,7,6,367,63,0,0,0,0,12,3852.510236656,0.990871974,0
708.795330447,3,6,3,406,63,0,0,0,0,12,3851.584527776,0.990633881,0
709.098559123,8,7,8,368,63,0,0,0,0,12,3854.554235417,0.991397694,0
709.899494844,2,5,2,401,63,0,0,0,0,12,3859.135211941,0.992575929,0
710.098559123,8,7,8,369,63,0,0,0,0,12,3854.476207600,0.991377625,0
710.795330447,3,6,3,408,63,0,0,0,0,12,3851.440356727,0.990596800,0
710.899494846,8,5,7,402,63,0,0,0,0,12,3854.405268686,0.991359380,1
711.343628273,4,8,4,381,63,0,0,0,0,12,3856.853066179,0.991988957,0
712.098559123,8,7,8,371,63,0,0,0,0,12,3854.259768735,0.991321957,0
712.343628029,7,8,6,382,63,0,0,0,0,12,3857.278582633,0.992098401,1
712.625836453,0,1,0,405,63,0,0,0,0,12,3856.359081206,0.991861904,0
712.795331038,0,6,0,410,63,0,0,0,0,12,3856.352162624,0.991860124,0
713.098559366,5,7,2,372,63,0,0,0,0,12,3850.617641383,0.990385196,1
713.238335956,2,7,2,372,62,1,0,0,0,12,3858.911061351,0.992518277,0
713.365923503,6,3,6,406,63,0,0,0,0,12,3852.142326723,0.990777347,0
713.795330447,3,6,2,411,63,0,0,0,0,12,3851.218157861,0.990539650,1
714.098559123,8,7,8,373,63,0,0,0,0,12,3854.103713101,0.991281819,0
714.343628029,7,8,1,384,63,0,0,0,0,12,3857.074028352,0.992045789,1
715.098559121,4,7,4,374,63,0,0,0,0,12,3856.554251095,0.991912102,0
715.899495089,1,5,1,407,63,0,0,0,0,12,3856.423339612,0.991878431,0
716.098559366,3,7,3,375,63,0,0,0,0,12,3850.999972396,0.990483532,0
717.098559121,4,7,4,376,63,0,0,0,0,12,3856.410080046,0.991875021,0
717.795330447,7,6,5,415,63,0,0,0,0,12,3856.788844448,0.991972439,1
717.899494844,2,5,2,409,63,0,0,0,0,12,3858.546643161,0.992424548,0
718.098559121,6,7,6,377,63,0,0,0,0,12,3851.765612242,0.990680456,0
718.343628029,7,8,1,388,63,0,0,0,0,12,3856.658977497,0.991939037,1
719.098559366,3,7,3,378,63,0,0,0,0,12,3850.777773530,0.990426382,0
719.343628029,7,8,7,389,63,0,0,0,0,12,3856.514624156,0.991901910,0
720.098559366,3,7,3,379,63,0,0,0,0,12,3850.699745714,0.990406313,0
720.795330447,7,6,5,418,63,0,0,0,0,12,3856.433994533,0.991881171,1
721.098559123,8,7,8,380,63,0,0,0,0,12,3853.581287552,0.991147451,0
722.795331038,0,6,0,420,63,0,0,0,0,12,3855.643191965,0.991677776,0
723.098559366,3,7,3,382,63,0,0,0,0,12,3850.453777678,0.990343050,0
723.899494846,8,5,3,415,63,0,0,0,0,12,3853.360235296,0.991090595,1
724.899494844,4,5,6,416,63,0,0,0,0,12,3855.819117180,0.991723024,1
726.098559366,5,7,2,385,63,0,0,0,0,12,3849.614204041,0.990127110,1
726.365923503,6,3,6,419,63,0,0,0,0,12,3851.169561150,0.990527151,0
727.098559851,2,7,2,386,63,0,0,0,0,12,3857.846686250,0.992244518,0
727.625836453,0,1,0,420,63,0,0,0,0,12,3855.261009920,0.991579478,0
727.795330447,7,6,5,425,63,0,0,0,0,12,3855.880897215,0.991738914,1
728.795330447,3,6,3,426,63,0,0,0,0,12,3849.999241959,0.990226142,0
729.098559366,5,7,2,388,63,0,0,0,0,12,3849.336425138,0.990055665,1
729.098559851,2,7,2,388,63,0,0,0,0,12,3857.689491518,0.992204087,0
729.795330447,3,6,2,427,63,0,0,0,0,12,3849.921214143,0.990206074,1
729.899494846,8,5,8,421,63,0,0,0,0,12,3852.820839036,0.990951862,0
730.098559121,6,7,0,389,63,0,0,0,0,12,3850.820833910,0.990437457,1
730.795330447,3,6,3,428,63,0,0,0,0,12,3849.776860801,0.990168946,0
731.098559121,4,7,4,390,63,0,0,0,0,12,3855.275033615,0.991583085,0
731.343628029,7,8,1,401,63,0,0,0,0,12,3855.549059873,0.991653565,1
731.899495089,1,5,7,423,63,0,0,0,0,12,3855.259125094,0.991578993,1
732.098559123,8,7,8,391,63,0,0,0,0,12,3852.663636792,0.990911429,0
732.343628029,5,8,2,402,63,0,0,0,0,12,3848.997990505,0.989968619,1
732.795330447,7,6,7,430,63,0,0,0,0,12,3855.413989311,0.991618824,0
733.157556933,3,7,1,392,63,0,0,0,0,12,3849.584103447,0.990119368,1
733.157557279,1,7,1,392,63,0,0,0,0,12,3855.125169900,0.991544540,0
734.098559123,8,7,8,393,63,0,0,0,0,12,3852.507581158,0.990871291,0
734.343628029,5,8,2,404,63,0,0,0,0,12,3848.787493931,0.989914479,1
735.098559366,5,7,2,394,63,0,0,0,0,12,3848.650494478,0.989879242,1
735.098559851,2,7,2,394,63,0,0,0,0,12,3857.239151494,0.992088259,0
736.098559366,3,7,1,395,63,0,0,0,0,12,3849.307803467,0.990048303,1
736.795331038,0,6,0,434,63,0,0,0,0,12,3854.587494741,0.991406249,0
737.098559121,6,7,6,396,63,0,0,0,0,12,3850.222220150,0.990283493,0
737.343628029,7,8,1,407,63,0,0,0,0,12,3855.001722555,0.991512789,1
737.795331038,0,6,0,435,63,0,0,0,0,12,3854.509466924,0.991386180,0
738.098559121,6,7,0,397,63,0,0,0,0,12,3850.150134625,0.990264952,1
738.795330447,7,6,7,436,63,0,0,0,0,12,3854.860709700,0.991476520,0
739.098559121,4,7,4,398,63,0,0,0,0,12,3854.686085135,0.991431606,0
739.795330447,3,6,3,437,63,0,0,0,0,12,3848.942997858,0.989954475,0
739.899494846,8,5,8,431,63,0,0,0,0,12,3852.052445452,0.990754230,0
740.098559121,6,7,6,399,63,0,0,0,0,12,3849.933695759,0.990209284,0
741.098559121,6,7,6,400,63,0,0,0,0,12,3849.861610235,0.990190743,0
741.343628029,7,8,6,411,63,0,0,0,0,12,3854.658939517,0.991424624,1
741.899494844,4,5,6,433,63,0,0,0,0,12,3854.470975172,0.991376280,1
743.098559366,5,7,5,402,63,0,0,0,0,12,3848.001542465,0.989712331,0
743.795331177,1,6,1,441,63,0,0,0,0,12,3854.340257845,0.991342659,0
744.098559123,8,7,8,403,63,0,0,0,0,12,3851.751072159,0.990676716,0
745.098559366,5,7,5,404,63,0,0,0,0,12,3847.845486831,0.989672193,0
745.343628029,7,8,4,415,63,0,0,0,0,12,3854.322098772,0.991337988,1
745.795330447,7,6,7,443,63,0,0,0,0,12,3854.253171442,0.991320260,0
746.098559123,8,7,8,405,63,0,0,0,0,12,3851.600958817,0.990638107,0
746.343628029,5,8,0,416,63,0,0,0,0,12,3847.760105126,0.989650233,1
747.098559366,5,7,5,406,63,0,0,0,0,12,3847.629047965,0.989616525,0
747.343628029,5,8,2,417,63,0,0,0,0,12,3847.621694077,0.989614633,1
747.899495089,1,5,3,439,63,0,0,0,0,12,3854.057258056,0.991269871,1
749.098559366,3,7,1,408,63,0,0,0,0,12,3848.286539247,0.989785633,1
749.238336201,1,7,1,408,62,1,0,0,0,12,3853.916895282,0.991233769,0
750.098559121,6,7,0,409,63,0,0,0,0,12,3849.183129052,0.990016237,1
750.098559851,0,7,0,409,63,0,0,0,0,12,3853.654578617,0.991166301,0
751.098559121,4,7,4,410,63,0,0,0,0,12,3853.754733317,0.991192061,0
751.343628029,5,8,0,421,63,0,0,0,0,12,3847.272968747,0.989524941,1
751.625836698,5,1,5,444,63,0,0,0,0,12,3847.205017701,0.989507463,0
751.795330447,3,6,2,449,63,0,0,0,0,12,3848.005703748,0.989713401,1
752.098559123,8,7,8,411,63,0,0,0,0,12,3851.162503378,0.990525335,0
752.365923503,6,3,8,445,63,0,0,0,0,12,3848.947323290,0.989955587,1
752.899494844,2,5,2,444,63,0,0,0,0,12,3855.918989498,0.991748711,0
753.098559366,3,7,1,412,63,0,0,0,0,12,3847.865546100,0.989677352,1
753.343628029,7,8,3,423,63,0,0,0,0,12,3853.702858222,0.991178719,1
753.795330447,7,6,5,451,63,0,0,0,0,12,3853.627988599,0.991159462,1
754.098559366,5,7,2,413,63,0,0,0,0,12,3846.991798245,0.989452623,1
754.098559851,2,7,2,413,63,0,0,0,0,12,3855.845757359,0.991729876,0
754.365923503,6,3,8,447,63,0,0,0,0,12,3848.730884424,0.989899919,1
754.899494846,8,5,8,446,63,0,0,0,0,12,3850.947393415,0.990470009,0
755.098559121,6,7,0,414,63,0,0,0,0,12,3848.599955686,0.989866244,1
755.098559851,0,7,0,414,63,0,0,0,0,12,3853.294150995,0.991073599,0
756.098559123,8,7,8,415,63,0,0,0,0,12,3850.868218987,0.990449645,0
756.343628029,7,8,4,426,63,0,0,0,0,12,3853.365835184,0.991092036,1
757.098559123,8,7,8,416,63,0,0,0,0,12,3850.796133463,0.990431104,0
757.899495089,1,5,3,449,63,0,0,0,0,12,3853.270077286,0.991067407,1
758.098559121,6,7,6,417,63,0,0,0,0,12,3848.305489003,0.989790506,0
758.343628029,7,8,4,428,63,0,0,0,0,12,3853.161280903,0.991039424,1
758.899494844,4,5,4,450,63,0,0,0,0,12,3853.173253439,0.991042503,0
759.098559366,3,7,3,418,63,0,0,0,0,12,3847.348880551,0.989544465,0
759.600487415,7,4,5,430,63,0,0,0,0,12,3853.027332637,0.991004972,1
760.098559366,3,7,1,419,63,0,0,0,0,12,3847.276795027,0.989525925,1
760.098559712,1,7,1,419,63,0,0,0,0,12,3853.070318686,0.991016028,0
760.899494844,2,5,2,452,63,0,0,0,0,12,3855.354189887,0.991603444,0
761.098559121,6,7,6,420,63,0,0,0,0,12,3848.083290137,0.989733357,0
761.795330447,3,6,2,459,63,0,0,0,0,12,3847.068045052,0.989472234,1
762.098559121,6,7,0,421,63,0,0,0,0,12,3848.005262320,0.989713288,1
762.343628029,5,8,2,432,63,0,0,0,0,12,3846.353319222,0.989288405,1
763.098559121,4,7,4,422,63,0,0,0,0,12,3852.871880146,0.990964990,0
763.343628029,5,8,5,433,63,0,0,0,0,12,3846.208965880,0.989251277,0
763.795330447,7,6,7,461,63,0,0,0,0,12,3852.671542719,0.990913463,0
764.098559366,3,7,1,423,63,0,0,0,0,12,3846.855801880,0.989417645,1
764.098559712,1,7,1,423,63,0,0,0,0,12,3852.781976588,0.990941866,0
764.343628029,5,8,5,434,63,0,0,0,0,12,3846.130938063,0.989231208,0
764.398591956,6,3,8,457,63,0,0,0,0,12,3847.787095265,0.989657175,1
764.795330447,3,6,2,462,63,0,0,0,0,12,3846.725079722,0.989384023,1
765.098559121,6,7,0,424,63,0,0,0,0,12,3847.650412406,0.989622020,1
765.795330447,3,6,3,463,63,0,0,0,0,12,3846.586668673,0.989348423,0
765.899494844,2,5,2,457,63,0,0,0,0,12,3854.999704557,0.991512270,0
766.343628029,7,8,7,436,63,0,0,0,0,12,3852.457887951,0.990858510,0
767.098559366,3,7,3,426,63,0,0,0,0,12,3846.512836550,0.989329433,0
768.098559366,3,7,3,427,63,0,0,0,0,12,3846.428866441,0.989307836,0
768.600487415,7,4,7,439,63,0,0,0,0,12,3852.306295100,0.990819520,0
768.899495089,1,5,3,460,63,0,0,0,0,12,3852.428637870,0.990850987,1
770.098559366,5,7,2,429,63,0,0,0,0,12,3845.723605682,0.989126442,1
770.795330447,7,6,7,468,63,0,0,0,0,12,3852.166944047,0.990783679,0
771.098559121,6,7,0,430,63,0,0,0,0,12,3847.163458319,0.989496774,1
771.795330447,3,6,3,469,63,0,0,0,0,12,3846.136328649,0.989232595,0
772.098559366,3,7,1,431,63,0,0,0,0,12,3846.128639758,0.989230617,1
772.098559712,1,7,1,431,63,0,0,0,0,12,3852.150851453,0.990779540,0
773.098559366,5,7,5,432,63,0,0,0,0,12,3845.435081291,0.989052233,0
773.795330447,3,6,3,471,63,0,0,0,0,12,3845.919889783,0.989176926,0
774.098559121,6,7,0,433,63,0,0,0,0,12,3846.863049344,0.989419509,1
774.098559851,0,7,0,433,63,0,0,0,0,12,3851.954237492,0.990728971,0
775.098559366,3,7,1,434,63,0,0,0,0,12,3845.840115367,0.989156408,1
775.098559712,1,7,1,434,63,0,0,0,0,12,3851.928652587,0.990722390,0
775.795330447,3,6,3,473,63,0,0,0,0,12,3845.709393209,0.989122786,0
775.899494846,8,5,8,467,63,0,0,0,0,12,3849.350405306,0.990059261,0
776.795330447,3,6,2,474,63,0,0,0,0,12,3845.637307685,0.989104246,1
777.098559366,3,7,3,436,63,0,0,0,0,12,3845.569235562,0.989086738,0
778.098559366,3,7,3,437,63,0,0,0,0,12,3845.485265452,0.989065140,0
778.343628029,5,8,0,448,63,0,0,0,0,12,3845.079184366,0.988960696,1
778.600487415,7,4,7,449,63,0,0,0,0,12,3851.609209025,0.990640229,0
779.098559366,3,7,1,438,63,0,0,0,0,12,3845.413179928,0.989046600,1
779.098559712,1,7,1,438,63,0,0,0,0,12,3851.634368196,0.990646700,0
779.398591956,6,3,8,472,63,0,0,0,0,12,3846.387029668,0.989297076,1
780.098559851,0,7,0,439,63,0,0,0,0,12,3851.533608930,0.990620784,0
780.343628029,7,8,1,450,63,0,0,0,0,12,3851.472459778,0.990605057,1
781.098559121,6,7,6,440,63,0,0,0,0,12,3846.184203576,0.989244908,0
782.098559121,6,7,6,441,63,0,0,0,0,12,3846.100233467,0.989223311,0
782.343628029,7,8,7,452,63,0,0,0,0,12,3851.267905497,0.990552445,0
782.899494844,2,5,2,474,63,0,0,0,0,12,3853.786135226,0.991200138,0
783.098559121,6,7,0,442,63,0,0,0,0,12,3846.028147942,0.989204771,1
783.600487660,6,4,6,454,63,0,0,0,0,12,3845.958931309,0.989186968,0
784.098559366,5,7,5,443,63,0,0,0,0,12,3844.575814997,0.988831228,0
784.795330447,3,6,3,482,63,0,0,0,0,12,3844.910145563,0.988917219,0
785.098559366,3,7,1,444,63,0,0,0,0,12,3844.902456672,0.988915241,1
785.398591956,6,3,6,478,63,0,0,0,0,12,3845.804038595,0.989147129,0
786.098559366,3,7,1,445,63,0,0,0,0,12,3844.769987915,0.988881170,1
786.398591956,6,3,8,479,63,0,0,0,0,12,3845.731953070,0.989128589,1
787.098559121,4,7,4,446,63,0,0,0,0,12,3851.039848279,0.990493788,0
787.343628029,7,8,1,457,63,0,0,0,0,12,3850.913420167,0.990461271,1
788.365923748,1,3,1,481,63,0,0,0,0,12,3850.947444397,0.990470022,0
789.098559366,5,7,5,448,63,0,0,0,0,12,3844.217788973,0.988739143,0
789.505816789,5,2,5,434,63,0,0,0,0,12,3844.209500877,0.988737012,0
790.098559121,6,7,0,449,63,0,0,0,0,12,3845.318630405,0.989022281,1
791.098559123,8,7,8,450,63,0,0,0,0,12,3848.197706777,0.989762785,0
792.098559123,8,7,8,451,63,0,0,0,0,12,3848.119678960,0.989742716,0
794.098559121,4,7,4,453,63,0,0,0,0,12,3850.529307315,0.990362476,0
795.343628029,5,8,2,465,63,0,0,0,0,12,3843.743306642,0.988617106,1
796.098559121,6,7,0,455,63,0,0,0,0,12,3844.810308746,0.988891540,1
796.343628029,5,8,2,466,63,0,0,0,0,12,3843.598953300,0.988579978,1
796.600487660,6,4,6,467,63,0,0,0,0,12,3844.741092113,0.988873738,0
797.098559121,4,7,4,456,63,0,0,0,0,12,3850.313050742,0.990306855,0
797.343628029,7,8,6,467,63,0,0,0,0,12,3850.105910285,0.990253578,1
798.098559366,3,7,1,457,63,0,0,0,0,12,3843.830191568,0.988639453,1
798.098559712,1,7,1,457,63,0,0,0,0,12,3850.230530766,0.990285630,0
798.795330447,3,6,2,496,63,0,0,0,0,12,3843.693527118,0.988604302,1
799.098559123,8,7,8,458,63,0,0,0,0,12,3847.587770424,0.989605908,0
799.343628029,5,8,0,469,63,0,0,0,0,12,3843.316371202,0.988507297,1
800.098559123,8,7,8,459,63,0,0,0,0,12,3847.509742607,0.989585839,0
800.899494846,8,5,8,492,63,0,0,0,0,12,3847.438803693,0.989567594,0
801.600487415,3,4,3,472,63,0,0,0,0,12,3843.406125023,0.988530382,0
803.098559123,8,7,8,462,63,0,0,0,0,12,3847.287543741,0.989528689,0
804.098559123,8,7,8,463,63,0,0,0,0,12,3847.215458217,0.989510149,0
804.899495089,1,5,3,496,63,0,0,0,0,12,3849.721136415,0.990154613,1
805.795330447,3,6,3,503,63,0,0,0,0,12,3843.110718337,0.988454403,0
806.098559366,3,7,1,465,63,0,0,0,0,12,3843.103029446,0.988452425,1
807.098559366,5,7,5,466,63,0,0,0,0,12,3842.674773077,0.988342277,0
807.343628029,5,8,2,477,63,0,0,0,0,12,3842.667419190,0.988340386,1
808.098559121,6,7,6,467,63,0,0,0,0,12,3843.849245465,0.988644353,0
808.505817380,8,2,8,453,63,0,0,0,0,12,3846.858444787,0.989418324,0
809.098559121,4,7,4,468,63,0,0,0,0,12,3849.430197570,0.990079783,0
809.343628029,7,8,3,479,63,0,0,0,0,12,3849.222096806,0.990026259,1
810.098559121,6,7,6,469,63,0,0,0,0,12,3843.699132124,0.988605744,0
810.343628029,5,8,2,480,63,0,0,0,0,12,3842.378894799,0.988266177,1
810.795330447,7,6,5,508,63,0,0,0,0,12,3849.075141659,0.989988462,1
811.098559121,6,7,6,470,63,0,0,0,0,12,3843.621104307,0.988585675,0
811.899494844,2,5,2,503,63,0,0,0,0,12,3851.643615674,0.990649078,0
812.098559121,4,7,4,471,63,0,0,0,0,12,3849.202056412,0.990021105,0
813.098559366,3,7,1,472,63,0,0,0,0,12,3842.514278373,0.988300998,1
813.343628618,2,8,2,483,63,0,0,0,0,12,3851.557087354,0.990626823,0
813.795330447,3,6,3,511,63,0,0,0,0,12,3842.383556215,0.988267376,0
814.098559366,5,7,2,473,63,0,0,0,0,12,3842.025638772,0.988175319,1
815.098559121,6,7,0,474,63,0,0,0,0,12,3843.320877624,0.988508456,1
815.098559851,0,7,0,474,63,0,0,0,0,12,3849.035423202,0.989978247,0
816.098559121,6,7,0,475,63,0,0,0,0,12,3843.188408868,0.988474385,1
817.098559123,8,7,8,476,63,0,0,0,0,12,3846.254577229,0.989263009,0
817.899494844,2,5,2,509,63,0,0,0,0,12,3851.193275649,0.990533250,0
818.098559366,5,7,5,477,63,0,0,0,0,12,3841.670971150,0.988084098,0
819.098559123,8,7,8,478,63,0,0,0,0,12,3846.110406180,0.989225928,0
819.343628029,7,8,1,489,63,0,0,0,0,12,3848.380475097,0.989809793,1
819.625836453,0,1,0,512,63,0,0,0,0,12,3848.677718466,0.989886244,0
820.098559121,6,7,6,479,63,0,0,0,0,12,3842.845625830,0.988386221,0
820.343628029,7,8,7,490,63,0,0,0,0,12,3848.242064048,0.989774193,0
821.098559366,3,7,1,480,63,0,0,0,0,12,3841.847499482,0.988129501,1
821.600487415,7,4,7,492,63,0,0,0,0,12,3848.162556721,0.989753744,0
821.795330447,3,6,2,519,63,0,0,0,0,12,3841.716777325,0.988095879,1
821.899494844,2,5,2,513,63,0,0,0,0,12,3850.904933552,0.990459088,0
822.098559121,6,7,6,481,63,0,0,0,0,12,3842.683627904,0.988344555,0
822.343628029,7,8,1,492,63,0,0,0,0,12,3848.086008414,0.989734056,1
823.098559121,6,7,6,482,63,0,0,0,0,12,3842.605600087,0.988324486,0
823.795330447,7,6,7,521,63,0,0,0,0,12,3847.939053267,0.989696259,0
823.899494844,2,5,2,515,63,0,0,0,0,12,3850.760762503,0.990422007,0
824.098559123,8,7,8,483,63,0,0,0,0,12,3845.738093972,0.989130168,0
824.343628029,7,8,6,494,63,0,0,0,0,12,3847.869569549,0.989678387,1
825.098559121,6,7,0,484,63,0,0,0,0,12,3842.461429038,0.988287405,1
825.899494846,8,5,8,517,63,0,0,0,0,12,3845.589127241,0.989091854,0
826.098559121,6,7,0,485,63,0,0,0,0,12,3842.328960281,0.988253333,1
826.343628029,5,8,0,496,63,0,0,0,0,12,3841.069106189,0.987929297,1
826.795330447,3,6,3,524,63,0,0,0,0,12,3841.278139593,0.987983061,0
826.899494846,8,5,8,518,63,0,0,0,0,12,3845.511099424,0.989071785,0
827.098559366,5,7,5,486,63,0,0,0,0,12,3840.932106735,0.987894060,0
828.098559366,3,7,3,487,63,0,0,0,0,12,3841.192422885,0.987961014,0
828.899494844,2,5,2,520,63,0,0,0,0,12,3850.394392588,0.990327776,0
829.098559366,5,7,5,488,63,0,0,0,0,12,3840.781993394,0.987855451,0
830.098559121,6,7,0,489,63,0,0,0,0,12,3841.968350367,0.988160584,1
830.098559851,0,7,0,489,63,0,0,0,0,12,3847.977909505,0.989706252,0
830.343628029,5,8,5,500,63,0,0,0,0,12,3840.702553981,0.987835019,0
831.098559366,5,7,5,490,63,0,0,0,0,12,3840.631880052,0.987816842,0
832.098559121,6,7,0,491,63,0,0,0,0,12,3841.751911501,0.988104916,1
833.098559366,5,7,2,492,63,0,0,0,0,12,3840.481766711,0.987778232,1
833.098559851,2,7,2,492,63,0,0,0,0,12,3850.087076998,0.990248734,0
833.600487415,3,4,3,504,63,0,0,0,0,12,3840.750894047,0.987847452,0
834.098559366,5,7,2,493,63,0,0,0,0,12,3840.349297954,0.987744161,1
834.098559851,2,7,2,493,63,0,0,0,0,12,3850.003106888,0.990227137,0
835.098559121,4,7,4,494,63,0,0,0,0,12,3847.520320179,0.989588560,0
835.795330447,3,6,3,533,63,0,0,0,0,12,3840.605600702,0.987810082,0
836.098559366,5,7,2,495,63,0,0,0,0,12,3840.144743673,0.987691549,1
836.365923503,6,3,8,529,63,0,0,0,0,12,3841.383819274,0.988010242,1
836.899494844,4,5,4,528,63,0,0,0,0,12,3847.371353448,0.989550245,0
837.098559366,3,7,1,496,63,0,0,0,0,12,3840.519883994,0.987788036,1
837.600487415,7,4,5,508,63,0,0,0,0,12,3846.888421866,0.989426034,1
838.899495089,1,5,1,530,63,0,0,0,0,12,3847.281152860,0.989527045,0
839.098559121,6,7,6,498,63,0,0,0,0,12,3841.108719488,0.987939485,0
839.899495089,1,5,3,531,63,0,0,0,0,12,3847.203125043,0.989506977,1
841.098559366,5,7,2,500,63,0,0,0,0,12,3839.729875111,0.987584844,1
841.098559851,2,7,2,500,63,0,0,0,0,12,3849.474739047,0.990091239,0
841.899495089,1,5,3,533,63,0,0,0,0,12,3847.004513055,0.989455893,1
844.098559121,6,7,6,503,63,0,0,0,0,12,3840.742349573,0.987845255,0
844.343628029,5,8,0,514,63,0,0,0,0,12,3839.445881418,0.987511801,1
845.098559366,5,7,2,504,63,0,0,0,0,12,3839.308881965,0.987476564,1
845.098559851,2,7,2,504,63,0,0,0,0,12,3849.139897068,0.990005118,0
845.795330447,3,6,2,543,63,0,0,0,0,12,3839.824362226,0.987609147,1
846.343628029,7,8,1,516,63,0,0,0,0,12,3846.192633008,0.989247076,1
846.899494846,8,5,7,538,63,0,0,0,0,12,3844.063446642,0.988699446,1
847.343628029,7,8,3,517,63,0,0,0,0,12,3846.048279667,0.989209948,1
849.098559121,6,7,6,508,63,0,0,0,0,12,3840.347306655,0.987743649,0
850.098559366,5,7,5,509,63,0,0,0,0,12,3838.886932013,0.987368038,0
851.098559366,5,7,2,510,63,0,0,0,0,12,3838.782443032,0.987341163,1
851.098559851,2,7,2,510,63,0,0,0,0,12,3848.684687402,0.989888037,0
851.899495089,1,5,3,543,63,0,0,0,0,12,3846.196813322,0.989248152,1
852.039271679,4,5,3,543,62,1,0,0,0,12,3846.233685429,0.989257635,1
852.039271924,3,5,3,543,62,1,0,0,0,12,3839.284823363,0.987470376,0
852.899494846,8,5,7,544,63,0,0,0,0,12,3843.529992675,0.988562241,1
853.098559121,6,7,8,512,63,0,0,0,0,12,3840.055613711,0.987668625,1
853.899494844,4,5,4,545,63,0,0,0,0,12,3846.035878555,0.989206759,0
854.098559121,6,7,8,513,63,0,0,0,0,12,3839.917202662,0.987633025,1
854.098559123,8,7,8,513,63,0,0,0,0,12,3843.390435015,0.988526346,0
855.098559121,6,7,8,514,63,0,0,0,0,12,3839.772849321,0.987595897,1
855.098559123,8,7,8,514,63,0,0,0,0,12,3843.318349491,0.988507806,0
856.098559366,3,7,1,515,63,0,0,0,0,12,3838.984255184,0.987393070,1
856.098559712,1,7,1,515,63,0,0,0,0,12,3845.846941380,0.989158164,0
856.505816789,5,2,5,501,63,0,0,0,0,12,3838.353344082,0.987230798,0
856.899494844,2,5,2,548,63,0,0,0,0,12,3848.217667114,0.989767918,0
857.098559366,5,7,5,516,63,0,0,0,0,12,3838.283604361,0.987212861,0
858.098559366,3,7,3,517,63,0,0,0,0,12,3838.767816318,0.987337401,0
858.600487415,7,4,7,529,63,0,0,0,0,12,3845.193185759,0.988990017,0
858.795331177,1,6,1,556,63,0,0,0,0,12,3845.632431403,0.989102992,0
859.098559366,5,7,5,518,63,0,0,0,0,12,3838.133491019,0.987174252,0
859.600487415,7,4,5,530,63,0,0,0,0,12,3845.121100235,0.988971476,1
860.098559121,6,7,0,519,63,0,0,0,0,12,3839.328269296,0.987481551,1
861.098559366,3,7,1,520,63,0,0,0,0,12,3838.545617452,0.987280251,1
861.238336201,1,7,1,520,62,1,0,0,0,12,3845.485708645,0.989065254,0
862.098559366,3,7,3,521,63,0,0,0,0,12,3838.413148696,0.987246180,0
862.600487415,3,4,0,533,63,0,0,0,0,12,3838.343932066,0.987228378,1
863.098559121,6,7,8,522,63,0,0,0,0,12,3839.039744906,0.987407342,1
863.098559123,8,7,8,522,63,0,0,0,0,12,3842.723838418,0.988354897,0
864.098559121,6,7,0,523,63,0,0,0,0,12,3838.901333857,0.987371742,1
864.098559851,0,7,0,523,63,0,0,0,0,12,3845.494408275,0.989067492,0
864.795330447,3,6,2,562,63,0,0,0,0,12,3838.114486319,0.987169364,1
865.098559366,3,7,3,524,63,0,0,0,0,12,3838.046414196,0.987151856,0
865.899495089,1,5,3,557,63,0,0,0,0,12,3845.121290455,0.988971525,1
867.098559123,8,7,8,526,63,0,0,0,0,12,3842.423611735,0.988277678,0
867.795331038,0,6,1,565,63,0,0,0,0,12,3845.207812775,0.988993779,1
868.098559366,5,7,5,527,63,0,0,0,0,12,3837.490663591,0.987008916,0
868.343628029,5,8,0,538,63,0,0,0,0,12,3837.483309703,0.987007024,1
868.795330447,3,6,2,566,63,0,0,0,0,12,3837.759818697,0.987078143,1
869.098559121,6,7,0,528,63,0,0,0,0,12,3838.462696125,0.987258924,1
870.098559121,6,7,6,529,63,0,0,0,0,12,3838.330227369,0.987224853,0
870.795330447,7,6,5,568,63,0,0,0,0,12,3844.272596230,0.988753240,1
871.098559121,6,7,8,530,63,0,0,0,0,12,3838.246257259,0.987203255,1
871.098559123,8,7,8,530,63,0,0,0,0,12,3842.117442759,0.988198931,0
872.098559121,6,7,0,531,63,0,0,0,0,12,3838.107846210,0.987167656,1
872.899494844,4,5,0,564,63,0,0,0,0,12,3844.642484420,0.988848376,1
873.899494844,2,5,2,565,63,0,0,0,0,12,3846.974386321,0.989448145,0
875.098559366,5,7,2,534,63,0,0,0,0,12,3836.913797103,0.986860545,1
875.238335956,2,7,2,534,62,1,0,0,0,12,3846.894406779,0.989427574,0
875.899495089,1,5,1,567,63,0,0,0,0,12,3844.345994271,0.988772118,0
876.098559121,6,7,0,535,63,0,0,0,0,12,3837.753178588,0.987076435,1
876.098559851,0,7,0,535,63,0,0,0,0,12,3844.568998749,0.988829475,0
876.343628029,5,8,2,546,63,0,0,0,0,12,3836.773974459,0.986824582,1
876.343628618,2,8,2,546,63,0,0,0,0,12,3846.809830184,0.989405821,0
876.600487660,6,4,6,547,63,0,0,0,0,12,3837.683961955,0.987058632,0
876.899494844,2,5,2,568,63,0,0,0,0,12,3846.740302870,0.989387938,0
877.098559851,2,7,2,536,63,0,0,0,0,12,3846.733213963,0.989386115,0
878.098559366,5,7,5,537,63,0,0,0,0,12,3836.570831773,0.986772333,0
878.343628029,7,8,6,548,63,0,0,0,0,12,3843.667842071,0.988597696,1
878.899495089,1,5,3,570,63,0,0,0,0,12,3844.141622282,0.988719553,1
879.600487415,7,4,5,550,63,0,0,0,0,12,3843.527951512,0.988561716,1
880.098559121,6,7,8,539,63,0,0,0,0,12,3837.398510966,0.986985214,1
880.098559123,8,7,8,539,63,0,0,0,0,12,3841.444903869,0.988025953,0
880.343628029,5,8,2,550,63,0,0,0,0,12,3836.413364544,0.986731832,1
880.380900186,6,0,6,575,63,0,0,0,0,12,3837.330559157,0.986967736,0
880.625836698,5,1,8,573,63,0,0,0,0,12,3836.345413497,0.986714355,1
880.925869533,1,5,3,572,63,0,0,0,0,12,3843.942858377,0.988668431,1
881.343628029,7,8,4,551,63,0,0,0,0,12,3843.324876741,0.988509485,1
881.483404619,6,8,4,551,62,1,0,0,0,12,3837.251940914,0.986947516,1
882.098559121,6,7,8,541,63,0,0,0,0,12,3837.121688868,0.986914015,1
882.098559123,8,7,8,541,63,0,0,0,0,12,3841.300732820,0.987988872,0
882.795331177,1,6,1,580,63,0,0,0,0,12,3843.739055997,0.988616012,0
883.098559121,4,7,4,542,63,0,0,0,0,12,3843.860099333,0.988647145,0
883.098559121,6,7,4,542,63,0,0,0,0,12,3836.983277819,0.986878415,1
883.795330447,3,6,2,581,63,0,0,0,0,12,3836.624094890,0.986786033,1
884.899494844,2,5,2,576,63,0,0,0,0,12,3846.145791797,0.989235029,0
885.098559366,3,7,3,544,63,0,0,0,0,12,3836.483937242,0.986749984,0
885.899494846,8,5,7,577,63,0,0,0,0,12,3840.995710455,0.987910419,1
886.899494844,2,5,2,578,63,0,0,0,0,12,3845.989736163,0.989194891,0
887.098559366,5,7,5,546,63,0,0,0,0,12,3835.783468711,0.986569822,0
887.343628029,7,8,1,557,63,0,0,0,0,12,3842.831980362,0.988382711,1
888.098559121,6,7,0,547,63,0,0,0,0,12,3836.550582379,0.986767125,1
888.098559851,0,7,0,547,63,0,0,0,0,12,3843.709914748,0.988608517,0
888.899494844,2,5,2,580,63,0,0,0,0,12,3845.839622821,0.989156282,0
889.098559366,3,7,1,548,63,0,0,0,0,12,3836.165883682,0.986668180,1
890.098559121,6,7,8,549,63,0,0,0,0,12,3836.328201221,0.986709928,1
890.600487415,7,4,7,561,63,0,0,0,0,12,3842.553861046,0.988311178,0
891.098559366,5,7,5,550,63,0,0,0,0,12,3835.489184321,0.986494132,0
891.365923503,6,3,6,584,63,0,0,0,0,12,3836.182307861,0.986672404,0
891.899494846,8,5,7,583,63,0,0,0,0,12,3840.496871784,0.987782117,1
892.098559121,6,7,6,551,63,0,0,0,0,12,3836.111762355,0.986654260,0
892.343628029,7,8,7,562,63,0,0,0,0,12,3842.405227215,0.988272949,0
892.899494846,8,5,7,584,63,0,0,0,0,12,3840.364403027,0.987748046,1
894.098559851,0,7,0,553,63,0,0,0,0,12,3843.265517016,0.988494217,0
895.098559121,6,7,8,554,63,0,0,0,0,12,3835.901448074,0.986600167,1
895.098559123,8,7,8,554,63,0,0,0,0,12,3840.152759844,0.987693611,0
895.505816789,5,2,5,540,63,0,0,0,0,12,3835.198496420,0.986419366,0
895.795330447,3,6,2,593,63,0,0,0,0,12,3835.590763792,0.986520258,1
896.098559121,6,7,8,555,63,0,0,0,0,12,3835.751152440,0.986561510,1
896.098559123,8,7,8,555,63,0,0,0,0,12,3840.080674319,0.987675071,0
897.098559121,4,7,4,556,63,0,0,0,0,12,3842.850901990,0.988387578,0
897.098559121,6,7,4,556,63,0,0,0,0,12,3835.618683684,0.986527439,1
897.380899595,1,0,5,592,63,0,0,0,0,12,3842.762139535,0.988364748,1
897.680932185,2,1,7,590,63,0,0,0,0,12,3845.174285144,0.988985156,1
898.098559366,3,7,1,557,63,0,0,0,0,12,3835.378520620,0.986465669,1
898.795330447,3,6,2,596,63,0,0,0,0,12,3835.247798462,0.986432047,1
899.098559121,6,7,0,558,63,0,0,0,0,12,3835.402244818,0.986471771,1
899.380900186,6,0,8,594,63,0,0,0,0,12,3835.334293009,0.986454293,1
900.098559366,5,7,5,559,63,0,0,0,0,12,3834.840414601,0.986327267,0
900.795330447,3,6,2,598,63,0,0,0,0,12,3835.031359597,0.986376378,1
901.600487415,3,4,3,572,63,0,0,0,0,12,3834.900013136,0.986342596,0
902.098559712,1,7,1,561,63,0,0,0,0,12,3842.337012666,0.988255404,0
902.343628029,5,8,0,572,63,0,0,0,0,12,3834.700774249,0.986291351,1
903.098559366,3,7,1,562,63,0,0,0,0,12,3834.813174132,0.986320261,1
903.238336201,1,7,1,562,62,1,0,0,0,12,3842.264122029,0.988236657,0
903.899494846,8,5,8,595,63,0,0,0,0,12,3839.487309856,0.987522456,0
904.098559121,6,7,0,563,63,0,0,0,0,12,3834.897281561,0.986341893,1
904.098559851,0,7,0,563,63,0,0,0,0,12,3842.526834894,0.988304227,0
904.795330447,3,6,2,602,63,0,0,0,0,12,3834.616308742,0.986269627,1
904.935107037,6,6,2,602,62,1,0,0,0,12,3834.759811996,0.986306536,1
905.098559366,5,7,5,564,63,0,0,0,0,12,3834.425546039,0.986220562,0
906.098559366,5,7,2,565,63,0,0,0,0,12,3834.347518222,0.986200493,1
907.098559366,3,7,1,566,63,0,0,0,0,12,3834.400524875,0.986214127,1
907.098559712,1,7,1,566,63,0,0,0,0,12,3841.973044348,0.988161791,0
907.238335956,0,7,1,566,62,1,0,0,0,12,3842.275157914,0.988239495,1
907.343628029,5,8,2,577,63,0,0,0,0,12,3834.207695577,0.986164531,1
908.098559121,6,7,0,567,63,0,0,0,0,12,3834.412364487,0.986217172,1
908.098559851,0,7,0,567,63,0,0,0,0,12,3842.137551975,0.988204103,0
909.098559121,6,7,0,568,63,0,0,0,0,12,3834.279895731,0.986183101,1
909.600487415,3,4,0,580,63,0,0,0,0,12,3834.120811672,0.986142184,1
909.740264005,0,4,0,580,62,1,0,0,0,12,3842.001387003,0.988169081,0
910.098559121,6,7,0,569,63,0,0,0,0,12,3834.141484682,0.986147501,1
910.098559851,0,7,0,569,63,0,0,0,0,12,3841.987438634,0.988165493,0
911.098559121,6,7,8,570,63,0,0,0,0,12,3834.003073633,0.986111902,1
911.098559123,8,7,8,570,63,0,0,0,0,12,3838.903354465,0.987372262,0
911.899495089,1,5,6,603,63,0,0,0,0,12,3841.591032627,0.988063537,1
912.039271679,4,5,6,603,62,1,0,0,0,12,3841.735345323,0.988100655,1
912.600487415,3,4,3,583,63,0,0,0,0,12,3833.817710703,0.986064226,0
913.098559121,6,7,3,572,63,0,0,0,0,12,3833.795358356,0.986058477,1
913.795330447,3,6,3,611,63,0,0,0,0,12,3833.735399594,0.986043055,0
913.899494844,2,5,2,605,63,0,0,0,0,12,3843.930032048,0.988665132,0
913.899495089,1,5,2,605,63,0,0,0,0,12,3841.386478346,0.988010926,1
914.098559121,6,7,3,573,63,0,0,0,0,12,3833.662889600,0.986024406,1
914.899494844,2,5,2,606,63,0,0,0,0,12,3843.852004231,0.988645063,0
914.899495089,1,5,2,606,63,0,0,0,0,12,3841.254009590,0.987976854,1
915.899495089,1,5,6,607,63,0,0,0,0,12,3841.121540833,0.987942783,1
916.098559121,6,7,4,575,63,0,0,0,0,12,3833.452393026,0.985970266,1
916.343628029,5,8,5,586,63,0,0,0,0,12,3833.467022154,0.985974028,0
916.380900186,6,0,6,611,63,0,0,0,0,12,3833.384441217,0.985952788,0
916.795330447,3,6,3,614,63,0,0,0,0,12,3833.513200728,0.985985906,0
916.899494844,2,5,2,608,63,0,0,0,0,12,3843.707833182,0.988607982,0
916.899495089,1,5,2,608,63,0,0,0,0,12,3840.989072077,0.987908712,1
917.600487415,7,4,5,588,63,0,0,0,0,12,3840.685281841,0.987830577,1
918.098559121,4,7,4,577,63,0,0,0,0,12,3841.244888745,0.987974508,0
918.098559121,6,7,4,577,63,0,0,0,0,12,3833.241896453,0.985916126,1
918.899495089,1,5,6,610,63,0,0,0,0,12,3840.784517796,0.987856100,1
919.365923503,6,3,6,612,63,0,0,0,0,12,3833.101945385,0.985880130,0
920.098559366,5,7,2,579,63,0,0,0,0,12,3833.174149359,0.985898701,1
921.098559366,5,7,2,580,63,0,0,0,0,12,3833.041680603,0.985864630,1
921.238335956,2,7,2,580,62,1,0,0,0,12,3843.411597066,0.988531789,0
921.600487660,0,4,0,592,63,0,0,0,0,12,3841.149050406,0.987949859,0
921.795330447,7,6,4,619,63,0,0,0,0,12,3840.329491923,0.987739067,1
921.899494844,2,5,2,613,63,0,0,0,0,12,3843.341463267,0.988513751,0
921.935107037,6,6,4,619,62,1,0,0,0,12,3832.888170315,0.985825147,1
922.343628029,7,8,2,592,63,0,0,0,0,12,3840.199624973,0.987705665,1
923.098559121,6,7,0,582,63,0,0,0,0,12,3832.754760074,0.985790833,1
923.380900186,6,0,8,618,63,0,0,0,0,12,3832.686808265,0.985773356,1
923.795330447,7,6,7,621,63,0,0,0,0,12,3840.058612118,0.987669396,0
924.098559121,6,7,0,583,63,0,0,0,0,12,3832.555965793,0.985739703,1
924.600487415,3,4,0,595,63,0,0,0,0,12,3832.913869658,0.985831757,1
924.899495435,3,5,3,616,63,0,0,0,0,12,3832.845821847,0.985814255,0
925.365923503,6,3,6,618,63,0,0,0,0,12,3832.421957018,0.985705236,0
926.098559366,5,7,5,585,63,0,0,0,0,12,3832.644638918,0.985762510,0
926.600487415,7,4,5,597,63,0,0,0,0,12,3839.915745657,0.987632651,1
927.098559121,6,7,6,586,63,0,0,0,0,12,3832.273383695,0.985667023,0
928.098559121,4,7,4,587,63,0,0,0,0,12,3840.535918085,0.987792160,0
928.098559121,6,7,4,587,63,0,0,0,0,12,3832.201298171,0.985648482,1
928.343628029,7,8,2,598,63,0,0,0,0,12,3839.706728594,0.987578891,1
928.600487415,3,4,0,599,63,0,0,0,0,12,3832.553259743,0.985739007,1
928.899494844,2,5,2,620,63,0,0,0,0,12,3842.848749180,0.988387024,0
929.098559121,6,7,0,588,63,0,0,0,0,12,3832.062887122,0.985612882,1
929.098559851,0,7,0,588,63,0,0,0,0,12,3840.671294301,0.987826979,0
929.795331038,0,6,1,627,63,0,0,0,0,12,3840.595013082,0.987807359,1
929.795331177,1,6,1,627,63,0,0,0,0,12,3839.955562949,0.987642892,0
929.899494844,2,5,2,621,63,0,0,0,0,12,3842.770721363,0.988366955,0
930.098559121,4,7,4,589,63,0,0,0,0,12,3840.391747036,0.987755079,0
930.098559121,6,7,4,589,63,0,0,0,0,12,3831.924476073,0.985577283,1
931.098559121,4,7,4,590,63,0,0,0,0,12,3840.319661512,0.987736538,0
931.098559121,6,7,4,590,63,0,0,0,0,12,3831.786065024,0.985541683,1
932.098559121,6,7,8,591,63,0,0,0,0,12,3831.653596267,0.985507612,1
932.098559123,8,7,8,591,63,0,0,0,0,12,3837.383616158,0.986981383,0
933.600487415,7,4,5,604,63,0,0,0,0,12,3839.350763754,0.987487336,1
933.899494844,4,5,4,625,63,0,0,0,0,12,3840.104551548,0.987681212,0
934.098559366,5,7,5,593,63,0,0,0,0,12,3832.056070137,0.985611129,0
934.600487415,7,4,5,605,63,0,0,0,0,12,3839.212352705,0.987451737,1
934.899495089,7,5,7,626,63,0,0,0,0,12,3839.144304896,0.987434235,0
935.343628029,5,8,5,605,63,0,0,0,0,12,3831.982573017,0.985592226,0
935.600487415,7,4,7,606,63,0,0,0,0,12,3839.134324888,0.987431668,0
935.899494846,8,5,8,627,63,0,0,0,0,12,3837.090478378,0.986905987,0
936.098559121,6,7,6,595,63,0,0,0,0,12,3831.316755522,0.985420976,0
936.343628029,7,8,0,606,63,0,0,0,0,12,3839.057776581,0.987411980,1
936.899495089,1,5,1,628,63,0,0,0,0,12,3839.456306586,0.987514482,0
937.098559121,4,7,4,596,63,0,0,0,0,12,3839.881206072,0.987623767,0
937.098559121,6,7,4,596,63,0,0,0,0,12,3831.244669998,0.985402436,1
937.600487415,7,4,7,608,63,0,0,0,0,12,3838.911943729,0.987374471,0
937.795330447,7,6,7,635,63,0,0,0,0,12,3838.904879141,0.987372654,0
938.098559121,4,7,4,597,63,0,0,0,0,12,3839.809120548,0.987605226,0
938.098559121,6,7,4,597,63,0,0,0,0,12,3831.106258949,0.985366836,1
938.238335711,7,7,4,597,62,1,0,0,0,12,3838.836001906,0.987354939,1
938.899495089,1,5,1,630,63,0,0,0,0,12,3839.318077829,0.987478929,0
939.098559121,6,7,6,598,63,0,0,0,0,12,3830.967847900,0.985331237,0
940.098559121,6,7,0,599,63,0,0,0,0,12,3830.895762375,0.985312696,1
940.795330692,4,6,4,638,63,0,0,0,0,12,3839.594610570,0.987550054,0
940.899494846,8,5,8,632,63,0,0,0,0,12,3836.718166171,0.986810228,0
941.343628029,7,8,1,611,63,0,0,0,0,12,3838.564697909,0.987285159,1
941.899495089,1,5,4,633,63,0,0,0,0,12,3839.095878963,0.987421780,1
942.343628029,7,8,0,612,63,0,0,0,0,12,3838.492612385,0.987266618,1
943.098559121,6,7,0,602,63,0,0,0,0,12,3830.625064863,0.985243072,1
943.795330447,3,6,2,641,63,0,0,0,0,12,3831.356990716,0.985431325,1
943.935107037,6,6,2,641,62,1,0,0,0,12,3830.487595298,0.985207715,1
944.343628029,7,8,2,614,63,0,0,0,0,12,3838.288058104,0.987214007,1
944.899494844,2,5,2,636,63,0,0,0,0,12,3841.677553911,0.988085791,0
945.098559121,6,7,8,604,63,0,0,0,0,12,3830.354185057,0.985173402,1
945.899494844,2,5,2,637,63,0,0,0,0,12,3841.605468387,0.988067250,0
946.098559121,4,7,4,605,63,0,0,0,0,12,3839.232436352,0.987456902,0
946.098559121,6,7,4,605,63,0,0,0,0,12,3830.215774008,0.985137802,1
946.380900186,6,0,8,641,63,0,0,0,0,12,3830.147822199,0.985120325,1
946.795330447,7,6,7,644,63,0,0,0,0,12,3838.080902017,0.987160726,0
947.098559121,6,7,6,606,63,0,0,0,0,12,3830.016979727,0.985086672,0
948.098559121,6,7,6,607,63,0,0,0,0,12,3829.944894203,0.985068131,0
948.343628029,7,8,6,618,63,0,0,0,0,12,3837.945275067,0.987125842,1
948.899495089,1,5,3,640,63,0,0,0,0,12,3838.548723937,0.987281050,1
949.098559121,6,7,0,608,63,0,0,0,0,12,3829.872808678,0.985049591,1
950.098559366,5,7,5,609,63,0,0,0,0,12,3830.926470916,0.985320594,0
950.343628029,7,8,6,620,63,0,0,0,0,12,3837.740720786,0.987073231,1
951.098559121,6,7,6,610,63,0,0,0,0,12,3829.668254397,0.984996979,0
951.343628029,7,8,0,621,63,0,0,0,0,12,3837.602309737,0.987037631,1
951.899495089,1,5,0,643,63,0,0,0,0,12,3838.278026424,0.987211427,1
952.039271679,0,5,0,643,62,1,0,0,0,12,3839.006766138,0.987398860,0
952.039271679,4,5,0,643,62,1,0,0,0,12,3838.800264701,0.987345747,1
952.795330447,3,6,3,650,63,0,0,0,0,12,3830.624068594,0.985242816,0
953.098559121,6,7,8,612,63,0,0,0,0,12,3829.518141056,0.984958370,1
953.098559123,8,7,8,612,63,0,0,0,0,12,3835.804454927,0.986575220,0
953.343628029,7,8,5,623,63,0,0,0,0,12,3837.397755456,0.986985019,1
953.899494846,8,5,7,645,63,0,0,0,0,12,3835.733516013,0.986556974,1
954.600487660,6,4,6,625,63,0,0,0,0,12,3829.382781191,0.984923555,0
955.098559121,6,7,3,614,63,0,0,0,0,12,3829.313586775,0.984905758,1
955.600487415,7,4,7,626,63,0,0,0,0,12,3837.197663957,0.986933556,0
956.098559121,6,7,8,615,63,0,0,0,0,12,3829.175175726,0.984870158,1
956.098559123,8,7,8,615,63,0,0,0,0,12,3835.515930537,0.986501011,0
956.899494846,8,5,7,648,63,0,0,0,0,12,3835.444991622,0.986482765,1
957.899494844,2,5,2,649,63,0,0,0,0,12,3840.746384385,0.987846292,0
958.098559121,6,7,3,617,63,0,0,0,0,12,3828.964679152,0.984816018,1
958.098559366,3,7,3,617,63,0,0,0,0,12,3830.255952080,0.985148136,0
959.098559121,6,7,0,618,63,0,0,0,0,12,3828.832210396,0.984781947,1
959.098559851,0,7,0,618,63,0,0,0,0,12,3838.507768259,0.987270517,0
960.098559366,5,7,5,619,63,0,0,0,0,12,3830.199673378,0.985133661,0
960.600487415,3,4,3,631,63,0,0,0,0,12,3830.036622109,0.985091724,0
961.098559121,6,7,0,620,63,0,0,0,0,12,3828.615771530,0.984726279,1
961.899494844,2,5,2,653,63,0,0,0,0,12,3840.469926872,0.987775187,0
962.899494844,2,5,2,654,63,0,0,0,0,12,3840.397841348,0.987756646,0
963.098559366,5,7,2,622,63,0,0,0,0,12,3829.971532220,0.985074983,1
963.600487415,7,4,7,634,63,0,0,0,0,12,3836.656633516,0.986794402,0
963.795330447,7,6,4,661,63,0,0,0,0,12,3836.649568928,0.986792585,1
963.935107037,6,6,4,661,62,1,0,0,0,12,3828.340073209,0.984655369,1
964.343628029,5,8,5,634,63,0,0,0,0,12,3829.837651868,0.985040548,0
964.899494846,8,5,7,656,63,0,0,0,0,12,3834.778212732,0.986311269,1
965.098559121,6,7,8,624,63,0,0,0,0,12,3828.206662968,0.984621055,1
965.600487415,7,4,7,636,63,0,0,0,0,12,3836.452079235,0.986741790,0
965.899495089,1,5,0,657,63,0,0,0,0,12,3837.232215020,0.986942442,1
966.600487660,6,4,6,637,63,0,0,0,0,12,3828.071303103,0.984586241,0
966.795330447,7,6,5,664,63,0,0,0,0,12,3836.372929122,0.986721432,1
967.098559121,6,7,3,626,63,0,0,0,0,12,3827.996166395,0.984566915,1
967.098559366,3,7,3,626,63,0,0,0,0,12,3829.583413190,0.984975158,0
968.098559121,6,7,8,627,63,0,0,0,0,12,3827.829082342,0.984523941,1
968.098559123,8,7,8,627,63,0,0,0,0,12,3834.506368609,0.986241350,0
969.098559121,6,7,8,628,63,0,0,0,0,12,3827.696613586,0.984489870,1
969.098559123,8,7,8,628,63,0,0,0,0,12,3834.399667789,0.986213906,0
969.899494844,2,5,2,661,63,0,0,0,0,12,3839.823376457,0.987608893,0
970.098559121,6,7,3,629,63,0,0,0,0,12,3827.564144829,0.984455799,1
970.098559366,3,7,3,629,63,0,0,0,0,12,3829.354132934,0.984916186,0
970.795330447,3,6,2,668,63,0,0,0,0,12,3829.283794008,0.984898095,1
970.899494844,2,5,2,662,63,0,0,0,0,12,3839.751290933,0.987590353,0
970.935107037,6,6,2,668,62,1,0,0,0,12,3827.426675264,0.984420441,1
971.098559123,8,7,8,630,63,0,0,0,0,12,3834.255496740,0.986176825,0
971.365923748,1,3,4,664,63,0,0,0,0,12,3836.773722541,0.986824517,1
971.899494844,2,5,2,663,63,0,0,0,0,12,3839.673263116,0.987570284,0
971.899495089,1,5,2,663,63,0,0,0,0,12,3836.643940414,0.986791137,1
972.098559121,6,7,4,631,63,0,0,0,0,12,3827.287322731,0.984384599,1
973.157556688,4,7,4,632,63,0,0,0,0,12,3837.190052571,0.986931598,0
973.157556688,6,7,4,632,63,0,0,0,0,12,3827.148192157,0.984348815,1
973.600487660,6,4,3,644,63,0,0,0,0,12,3827.079315350,0.984331100,1
973.740264250,3,4,3,644,62,1,0,0,0,12,3828.953030444,0.984813022,0
973.900520250,7,6,7,671,63,0,0,0,0,12,3835.755301984,0.986562578,0
974.098559366,5,7,5,633,63,0,0,0,0,12,3829.076891232,0.984844879,0
974.795330447,3,6,3,672,63,0,0,0,0,12,3828.868743154,0.984791343,0
974.899494844,2,5,2,666,63,0,0,0,0,12,3839.445121957,0.987511605,0
975.098559121,6,7,1,634,63,0,0,0,0,12,3826.877652178,0.984279232,1
975.098559712,1,7,1,634,63,0,0,0,0,12,3836.372096288,0.986721218,0
976.098559121,6,7,3,635,63,0,0,0,0,12,3826.745183421,0.984245160,1
976.098559366,3,7,3,635,63,0,0,0,0,12,3828.783026446,0.984769297,0
976.380900186,6,0,8,671,63,0,0,0,0,12,3826.677231612,0.984227683,1
977.600487660,6,4,6,648,63,0,0,0,0,12,3826.537555739,0.984191758,0
978.098559121,6,7,3,637,63,0,0,0,0,12,3826.468361323,0.984173961,1
978.098559366,3,7,3,637,63,0,0,0,0,12,3828.638855397,0.984732216,0
978.795330692,4,6,4,676,63,0,0,0,0,12,3836.741798968,0.986816306,0
978.899494844,2,5,2,670,63,0,0,0,0,12,3839.162722152,0.987438972,0
979.098559121,6,7,1,638,63,0,0,0,0,12,3826.335892567,0.984139890,1
979.795331038,0,6,1,677,63,0,0,0,0,12,3836.969850269,0.986874961,1
980.098559121,6,7,0,639,63,0,0,0,0,12,3826.203423810,0.984105819,1
981.098559121,6,7,3,640,63,0,0,0,0,12,3826.070955054,0.984071748,1
981.795330447,7,6,7,679,63,0,0,0,0,12,3835.208935144,0.986422051,0
982.098559121,6,7,8,641,63,0,0,0,0,12,3825.932544005,0.984036148,1
982.098559123,8,7,8,641,63,0,0,0,0,12,3833.444729093,0.985968295,0
982.899495089,1,5,1,674,63,0,0,0,0,12,3835.808443290,0.986576246,0
983.098559121,6,7,8,642,63,0,0,0,0,12,3825.800075248,0.984002077,1
983.098559123,8,7,8,642,63,0,0,0,0,12,3833.366701276,0.985948226,0
983.343628029,5,8,5,653,63,0,0,0,0,12,3828.408883038,0.984673067,0
984.098559121,4,7,4,643,63,0,0,0,0,12,3836.367740165,0.986720098,0
984.899494844,2,5,2,676,63,0,0,0,0,12,3838.730209005,0.987327729,0
984.899495089,1,5,2,676,63,0,0,0,0,12,3835.658329948,0.986537636,1
985.343628029,7,8,4,655,63,0,0,0,0,12,3834.935079437,0.986351615,1
986.098559121,6,7,3,645,63,0,0,0,0,12,3825.529377735,0.983932453,1
987.098559366,5,7,5,646,63,0,0,0,0,12,3828.133837121,0.984602324,0
987.365923503,6,3,8,680,63,0,0,0,0,12,3825.389426668,0.983896457,1
988.098559366,5,7,2,647,63,0,0,0,0,12,3828.061751596,0.984583784,1
988.899495089,7,5,7,680,63,0,0,0,0,12,3834.667122422,0.986282696,0
989.098559121,6,7,6,648,63,0,0,0,0,12,3825.186412406,0.983844242,0
990.098559121,6,7,3,649,63,0,0,0,0,12,3825.114326881,0.983825701,1
990.505816789,5,2,8,635,63,0,0,0,0,12,3827.842966928,0.984527512,1
990.795330447,7,6,5,688,63,0,0,0,0,12,3834.517609069,0.986244241,1
990.899495089,1,5,2,682,63,0,0,0,0,12,3835.153548984,0.986407806,1
991.098559121,6,7,6,650,63,0,0,0,0,12,3824.975915832,0.983790102,0
991.899495089,1,5,1,683,63,0,0,0,0,12,3835.021080228,0.986373735,0
992.098559851,2,7,2,651,63,0,0,0,0,12,3838.218521427,0.987196122,0
992.343628618,2,8,2,662,63,0,0,0,0,12,3838.211167538,0.987194230,0
992.899494846,8,5,8,684,63,0,0,0,0,12,3832.617281179,0.985755474,0
993.098559851,0,7,0,652,63,0,0,0,0,12,3835.952781743,0.986613370,0
994.098559121,6,7,6,653,63,0,0,0,0,12,3824.759659259,0.983734480,0
994.343628029,7,8,0,664,63,0,0,0,0,12,3834.177427837,0.986156746,1
994.483404619,6,8,0,664,62,1,0,0,0,12,3824.751500256,0.983732382,1
995.098559121,6,7,8,654,63,0,0,0,0,12,3824.621248210,0.983698881,1
995.098559123,8,7,8,654,63,0,0,0,0,12,3832.466021227,0.985716569,0
995.380900186,6,0,6,690,63,0,0,0,0,12,3824.553296401,0.983681403,0
995.600487660,6,4,0,666,63,0,0,0,0,12,3824.546089284,0.983679550,1
996.098559366,3,7,3,655,63,0,0,0,0,12,3827.317546786,0.984392373,0
996.795330447,7,6,5,694,63,0,0,0,0,12,3833.958387165,0.986100408,1
997.795330692,4,6,4,695,63,0,0,0,0,12,3835.354347125,0.986459451,0
998.098559121,4,7,4,657,63,0,0,0,0,12,3835.346658237,0.986457474,0
998.098559121,6,7,4,657,63,0,0,0,0,12,3824.278282880,0.983610669,1
999.098559121,6,7,3,658,63,0,0,0,0,12,3824.145814123,0.983576598,1
999.625836453,0,1,0,692,63,0,0,0,0,12,3835.468732836,0.986488872,0
1000.098559121,6,7,6,659,63,0,0,0,0,12,3824.007403074,0.983540999,0
1000.795330447,7,6,4,698,63,0,0,0,0,12,3833.627488713,0.986015301,1
1000.935107037,6,6,4,698,62,1,0,0,0,12,3823.936259034,0.983522700,1
1001.343628029,7,8,0,671,63,0,0,0,0,12,3833.497621762,0.985981899,1
1001.795330447,7,6,7,699,63,0,0,0,0,12,3833.422752139,0.985962642,0
1002.098559366,5,7,2,661,63,0,0,0,0,12,3826.908018620,0.984287042,1
1002.238335956,2,7,2,661,62,1,0,0,0,12,3837.473091902,0.987004396,0
1002.365923503,6,3,6,695,63,0,0,0,0,12,3823.795366482,0.983486463,0
1002.600487660,6,4,3,673,63,0,0,0,0,12,3823.788073100,0.983484587,1
1002.899495089,1,5,1,694,63,0,0,0,0,12,3834.240024044,0.986172846,0
1003.098559121,6,7,1,662,63,0,0,0,0,12,3823.658495452,0.983451259,1
1003.380899595,1,0,1,698,63,0,0,0,0,12,3834.231308861,0.986170604,0
1003.899494846,8,5,8,695,63,0,0,0,0,12,3831.788686655,0.985542358,0
1005.098559121,6,7,6,664,63,0,0,0,0,12,3823.447998879,0.983397119,0
1006.098559366,3,7,3,665,63,0,0,0,0,12,3826.584806956,0.984203911,0
1006.600487660,6,4,3,677,63,0,0,0,0,12,3823.373022246,0.983377835,1
1007.098559121,6,7,3,666,63,0,0,0,0,12,3823.243444598,0.983344507,1
1007.098559366,3,7,3,666,63,0,0,0,0,12,3826.512721432,0.984185371,0
1007.380900186,6,0,8,702,63,0,0,0,0,12,3823.175492789,0.983327030,1
1007.600487415,7,4,7,678,63,0,0,0,0,12,3833.015130458,0.985857801,0
1007.795331038,0,6,1,705,63,0,0,0,0,12,3834.902956936,0.986343353,1
1007.935107628,1,6,1,705,62,1,0,0,0,12,3833.873449000,0.986078562,0
1008.098559366,5,7,5,667,63,0,0,0,0,12,3826.421064533,0.984161796,0
1008.343628029,5,8,5,678,63,0,0,0,0,12,3826.413710645,0.984159905,0
1008.365923503,6,3,8,701,63,0,0,0,0,12,3823.031225713,0.983289924,1
1009.098559366,5,7,2,668,63,0,0,0,0,12,3826.343036716,0.984141728,1
1009.238335956,2,7,2,668,62,1,0,0,0,12,3836.968493230,0.986874612,0
1009.600487660,6,4,8,680,63,0,0,0,0,12,3822.891463574,0.983253977,1
1009.740264841,8,4,8,680,62,1,0,0,0,12,3831.339263795,0.985426765,0
1009.899494844,2,5,2,701,63,0,0,0,0,12,3836.898359431,0.986856574,0
1010.098559121,6,7,6,669,63,0,0,0,0,12,3822.761885926,0.983220650,0
1011.098559121,6,7,8,670,63,0,0,0,0,12,3822.689800402,0.983202109,1
1011.098559123,8,7,8,670,63,0,0,0,0,12,3831.247287618,0.985403109,0
1011.600487660,6,4,3,682,63,0,0,0,0,12,3822.614641476,0.983182778,1
1012.098559121,6,7,8,671,63,0,0,0,0,12,3822.485063828,0.983149451,1
1012.098559123,8,7,8,671,63,0,0,0,0,12,3831.175202094,0.985384568,0
1013.098559366,5,7,2,672,63,0,0,0,0,12,3826.000253679,0.984053563,1
1013.238335956,2,7,2,672,62,1,0,0,0,12,3836.674208840,0.986798922,0
1014.098559712,1,7,1,673,63,0,0,0,0,12,3833.439994370,0.985967077,0
1015.098559121,6,7,6,674,63,0,0,0,0,12,3822.208424023,0.983078298,0
1015.343628029,5,8,5,685,63,0,0,0,0,12,3825.794287803,0.984000588,0
1015.899494844,4,5,4,707,63,0,0,0,0,12,3834.026496237,0.986117926,0
1016.098559121,6,7,1,675,63,0,0,0,0,12,3822.130396206,0.983058229,1
1016.795330447,7,6,5,714,63,0,0,0,0,12,3832.377123027,0.985693704,1
1017.098559366,5,7,2,676,63,0,0,0,0,12,3825.651528349,0.983963870,1
1017.098559851,2,7,2,676,63,0,0,0,0,12,3836.386671852,0.986724967,0
1017.795330447,3,6,3,715,63,0,0,0,0,12,3825.673988921,0.983969647,0
1017.899494844,2,5,2,709,63,0,0,0,0,12,3836.315732942,0.986706721,0
1017.899495089,1,5,2,709,63,0,0,0,0,12,3833.158741176,0.985894738,1
1018.343628618,6,8,6,688,63,0,0,0,0,12,3821.912545740,0.983002198,0
1019.098559366,5,7,5,678,63,0,0,0,0,12,3825.446974068,0.983911259,0
1019.343628029,7,8,2,689,63,0,0,0,0,12,3832.114969613,0.985626278,1
1019.795330447,3,6,2,717,63,0,0,0,0,12,3825.529817872,0.983932566,1
1019.935107037,6,6,2,717,62,1,0,0,0,12,3821.770727775,0.982965722,1
1021.098559366,5,7,2,680,63,0,0,0,0,12,3825.308745312,0.983875706,1
1021.600487660,6,4,8,692,63,0,0,0,0,12,3821.616599549,0.982926080,1
1022.098559121,6,7,6,681,63,0,0,0,0,12,3821.487021901,0.982892753,0
1022.600487660,6,4,0,693,63,0,0,0,0,12,3821.478188500,0.982890481,1
1022.899495089,1,5,1,714,63,0,0,0,0,12,3832.761699492,0.985792618,0
1023.098559366,5,7,5,682,63,0,0,0,0,12,3825.098248738,0.983821566,0
1024.098559121,6,7,3,683,63,0,0,0,0,12,3821.270583035,0.982837084,1
1024.098559366,3,7,3,683,63,0,0,0,0,12,3825.161519066,0.983837839,0
1025.098559366,5,7,5,684,63,0,0,0,0,12,3824.954077689,0.983784485,0
1026.098559121,6,7,0,685,63,0,0,0,0,12,3821.066028754,0.982784472,1
1027.098559121,6,7,8,686,63,0,0,0,0,12,3820.933559997,0.982750401,1
1027.098559123,8,7,8,686,63,0,0,0,0,12,3830.082034642,0.985103404,0
1027.600487660,6,4,0,698,63,0,0,0,0,12,3820.864343364,0.982732599,1
1028.600487415,3,4,3,699,63,0,0,0,0,12,3824.809902631,0.983747403,0
1029.098559366,5,7,5,688,63,0,0,0,0,12,3824.652711909,0.983706973,0
1030.098559121,6,7,3,689,63,0,0,0,0,12,3820.567863956,0.982656344,1
1031.098559121,6,7,3,690,63,0,0,0,0,12,3820.435395200,0.982622272,1
1031.600487415,7,4,7,702,63,0,0,0,0,12,3831.214251344,0.985394612,0
1032.098559366,5,7,5,691,63,0,0,0,0,12,3824.407782332,0.983643977,0
1032.795330447,3,6,2,730,63,0,0,0,0,12,3824.473938356,0.983660992,1
1032.935107037,6,6,2,730,62,1,0,0,0,12,3820.225840110,0.982568375,1
1034.795330447,3,6,3,732,63,0,0,0,0,12,3824.269384075,0.983608381,0
1035.098559121,4,7,4,694,63,0,0,0,0,12,3832.570030331,0.985743321,0
1035.098559123,8,7,4,694,63,0,0,0,0,12,3829.441023687,0.984938535,1
1035.600487415,7,4,7,706,63,0,0,0,0,12,3830.903178535,0.985314604,0
1035.625836453,0,1,0,728,63,0,0,0,0,12,3832.793344440,0.985800757,0
1036.365923748,1,3,4,729,63,0,0,0,0,12,3831.798031236,0.985544761,1
1036.665956338,2,1,8,729,63,0,0,0,0,12,3834.893871888,0.986341016,1
1037.098559121,6,7,1,696,63,0,0,0,0,12,3819.864288711,0.982475383,1
1037.899494846,8,5,8,729,63,0,0,0,0,12,3829.159588200,0.984866149,0
1038.098559121,4,7,4,697,63,0,0,0,0,12,3832.347831465,0.985686171,0
1039.098559121,6,7,3,698,63,0,0,0,0,12,3819.653792138,0.982421243,1
1039.899494844,4,5,4,731,63,0,0,0,0,12,3832.204807026,0.985649385,0
1040.343628029,7,8,6,710,63,0,0,0,0,12,3830.556115008,0.985225338,1
1041.098559366,5,7,2,700,63,0,0,0,0,12,3823.741185734,0.983472527,1
1041.098559851,2,7,2,700,63,0,0,0,0,12,3834.536712469,0.986249154,0
1041.600487415,7,4,5,712,63,0,0,0,0,12,3830.416224449,0.985189358,1
1042.098559121,6,7,1,701,63,0,0,0,0,12,3819.377152333,0.982350091,1
1042.795330447,7,6,4,740,63,0,0,0,0,12,3830.276691104,0.985153470,1
1043.098559121,6,7,0,702,63,0,0,0,0,12,3819.244683576,0.982316019,1
1043.098559851,0,7,0,702,63,0,0,0,0,12,3832.291965175,0.985671802,0
1043.600487415,7,4,7,714,63,0,0,0,0,12,3830.139402351,0.985118159,0
1044.098559123,8,7,8,703,63,0,0,0,0,12,3828.708101565,0.984750026,0
1044.365923503,6,3,6,737,63,0,0,0,0,12,3819.104732508,0.982280024,0
1044.795330447,3,6,2,742,63,0,0,0,0,12,3823.512875075,0.983413805,1
1044.935107037,6,6,2,742,62,1,0,0,0,12,3819.035128487,0.982262122,1
1045.600487660,6,4,6,716,63,0,0,0,0,12,3818.959028077,0.982242548,0
1045.899494844,4,5,4,737,63,0,0,0,0,12,3831.760409294,0.985535085,0
1046.098559121,6,7,3,705,63,0,0,0,0,12,3818.889833661,0.982224751,1
1046.098559366,3,7,3,705,63,0,0,0,0,12,3823.378659720,0.983379285,0
1046.343628618,2,8,2,716,63,0,0,0,0,12,3834.162988666,0.986153032,0
1047.365923503,6,3,8,740,63,0,0,0,0,12,3818.749882593,0.982188756,1
1047.795330447,7,6,7,745,63,0,0,0,0,12,3829.867764834,0.985048293,0
1047.899494844,4,5,4,739,63,0,0,0,0,12,3831.604353660,0.985494947,0
1048.098559123,8,7,8,707,63,0,0,0,0,12,3828.407874882,0.984672807,0
1048.343628029,7,8,5,718,63,0,0,0,0,12,3829.798281116,0.985030422,1
1048.795330447,7,6,5,746,63,0,0,0,0,12,3829.723411493,0.985011166,1
1049.098559121,6,7,3,708,63,0,0,0,0,12,3818.540926039,0.982135012,1
1049.098559366,3,7,3,708,63,0,0,0,0,12,3823.144576270,0.983319078,0
1049.795330447,7,6,7,747,63,0,0,0,0,12,3829.585000444,0.984975566,0
1050.098559121,6,7,0,709,63,0,0,0,0,12,3818.408457282,0.982100941,1
1050.795330447,7,6,7,748,63,0,0,0,0,12,3829.512914920,0.984957025,0
1051.098559121,6,7,1,710,63,0,0,0,0,12,3818.275988526,0.982066869,1
1052.098559121,4,7,4,711,63,0,0,0,0,12,3831.308922660,0.985418962,0
1052.098559123,8,7,4,711,63,0,0,0,0,12,3828.113590492,0.984597117,1
1053.098559121,6,7,1,712,63,0,0,0,0,12,3818.065491952,0.982012729,1
1053.899494846,8,5,7,745,63,0,0,0,0,12,3827.910182821,0.984544800,1
1054.795330447,7,6,5,752,63,0,0,0,0,12,3829.236457407,0.984885920,1
1055.098559121,6,7,1,714,63,0,0,0,0,12,3817.860937671,0.981960118,1
1055.098559712,1,7,1,714,63,0,0,0,0,12,3830.440870565,0.985195697,0
1055.795330447,3,6,2,753,63,0,0,0,0,12,3822.647666489,0.983191272,1
1055.935107037,6,6,2,753,62,1,0,0,0,12,3817.729410399,0.981926289,1
1056.600487660,6,4,6,727,63,0,0,0,0,12,3817.659252282,0.981908244,0
1056.899494846,8,5,8,748,63,0,0,0,0,12,3827.627600723,0.984472120,0
1057.098559121,4,7,4,716,63,0,0,0,0,12,3830.942552745,0.985324731,0
1057.098559123,8,7,4,716,63,0,0,0,0,12,3827.620511821,0.984470296,1
1057.600487660,6,4,6,728,63,0,0,0,0,12,3817.575282173,0.981886647,0
1057.899494846,8,5,7,749,63,0,0,0,0,12,3827.483247382,0.984434992,1
1058.795330447,3,6,3,756,63,0,0,0,0,12,3822.359142099,0.983117063,0
1059.098559121,6,7,3,718,63,0,0,0,0,12,3817.439944525,0.981851838,1
1059.098559366,3,7,3,718,63,0,0,0,0,12,3822.351453208,0.983115086,0
1059.899494844,2,5,2,751,63,0,0,0,0,12,3833.138522656,0.985889538,0
1059.899495089,1,5,2,751,63,0,0,0,0,12,3830.099416433,0.985107875,1
1061.098559121,6,7,1,720,63,0,0,0,0,12,3817.235390244,0.981799226,1
1062.098559121,6,7,0,721,63,0,0,0,0,12,3817.102921487,0.981765155,1
1062.098559851,0,7,0,721,63,0,0,0,0,12,3830.963936257,0.985330231,0
1062.343628029,5,8,5,732,63,0,0,0,0,12,3822.159652600,0.983065754,0
1063.098559121,6,7,0,722,63,0,0,0,0,12,3816.964510438,0.981729555,1
1063.600487415,7,4,7,734,63,0,0,0,0,12,3828.558138213,0.984711455,0
1064.098559121,6,7,1,723,63,0,0,0,0,12,3816.832041682,0.981695484,1
1064.098559712,1,7,1,723,63,0,0,0,0,12,3829.761429076,0.985020944,0
1064.505816789,5,2,3,709,63,0,0,0,0,12,3822.002662759,0.983025376,1
1064.899494846,8,5,7,756,63,0,0,0,0,12,3826.894496309,0.984283564,1
1065.600487660,6,4,0,736,63,0,0,0,0,12,3816.696681817,0.981660669,1
1066.098559121,4,7,4,725,63,0,0,0,0,12,3830.299725317,0.985159394,0
1066.098559123,8,7,4,725,63,0,0,0,0,12,3826.754938649,0.984247669,1
1067.098559366,5,7,2,726,63,0,0,0,0,12,3821.722426464,0.982953299,1
1067.238335956,2,7,2,726,62,1,0,0,0,12,3832.602260798,0.985751610,0
1067.343628029,7,8,6,737,63,0,0,0,0,12,3828.271275625,0.984637674,1
1067.795330447,7,6,4,765,63,0,0,0,0,12,3828.202348294,0.984619946,1
1067.935107039,8,6,4,765,62,1,0,0,0,12,3826.545383560,0.984193771,1
1069.098559123,8,7,8,728,63,0,0,0,0,12,3826.411973319,0.984159458,0
1069.600487660,6,4,6,740,63,0,0,0,0,12,3816.342014194,0.981569448,0
1070.098559121,6,7,6,729,63,0,0,0,0,12,3816.272819778,0.981551651,0
1070.625836453,0,1,0,763,63,0,0,0,0,12,3830.335716301,0.985168651,0
1071.098559366,5,7,2,730,63,0,0,0,0,12,3821.379643426,0.982865135,1
1071.098559851,2,7,2,730,63,0,0,0,0,12,3832.308781518,0.985676127,0
1072.098559121,6,7,6,731,63,0,0,0,0,12,3816.128648729,0.981514570,0
1072.795331177,1,6,1,770,63,0,0,0,0,12,3829.126290537,0.984857585,0
1072.899494844,2,5,2,764,63,0,0,0,0,12,3832.165757083,0.985639341,0
1073.098559121,6,7,0,732,63,0,0,0,0,12,3816.056563205,0.981496030,1
1073.795330447,7,6,7,771,63,0,0,0,0,12,3827.727278793,0.984497757,0
1074.343628029,7,8,6,744,63,0,0,0,0,12,3827.657795074,0.984479886,1
1075.098559366,5,7,5,734,63,0,0,0,0,12,3821.036860389,0.982776970,0
1076.098559121,4,7,4,735,63,0,0,0,0,12,3829.578870072,0.984973989,0
1076.098559123,8,7,4,735,63,0,0,0,0,12,3825.907374648,0.984029675,1
1077.098559121,6,7,0,736,63,0,0,0,0,12,3815.707837875,0.981406337,1
1078.098559121,6,7,0,737,63,0,0,0,0,12,3815.575369119,0.981372266,1
1078.098559851,0,7,0,737,63,0,0,0,0,12,3829.834337035,0.985039696,0
1079.098559123,8,7,8,738,63,0,0,0,0,12,3825.624792550,0.983956994,0
1079.899495089,1,5,1,771,63,0,0,0,0,12,3828.644861051,0.984733761,0
1080.098559121,6,7,3,739,63,0,0,0,0,12,3815.370814838,0.981319654,1
1081.343628029,5,8,5,751,63,0,0,0,0,12,3820.591051061,0.982662307,0
1082.098559366,5,7,2,741,63,0,0,0,0,12,3820.520377132,0.982644130,1
1082.600487415,7,4,7,753,63,0,0,0,0,12,3827.025190429,0.984317179,0
1083.098559123,8,7,8,742,63,0,0,0,0,12,3825.336450452,0.983882832,0
1083.343628029,7,8,5,753,63,0,0,0,0,12,3826.948642122,0.984297490,1
1084.365923503,6,3,6,777,63,0,0,0,0,12,3815.014607196,0.981228037,0
1084.795331038,0,6,0,782,63,0,0,0,0,12,3829.349311839,0.984914946,0
1085.098559121,4,7,4,744,63,0,0,0,0,12,3828.947927229,0.984811710,0
1085.098559123,8,7,4,744,63,0,0,0,0,12,3825.186337111,0.983844223,1
1085.899494846,8,5,8,777,63,0,0,0,0,12,3825.049072672,0.983808918,0
1086.098559121,6,7,0,745,63,0,0,0,0,12,3814.871976166,0.981191352,1
1086.098559851,0,7,0,745,63,0,0,0,0,12,3829.275479717,0.984895957,0
1087.098559121,6,7,6,746,63,0,0,0,0,12,3814.739507410,0.981157281,0
1087.343628029,7,8,4,757,63,0,0,0,0,12,3826.605859085,0.984209326,1
1087.483404621,8,8,4,757,62,1,0,0,0,12,3824.895413718,0.983769397,1
1087.795330447,3,6,2,785,63,0,0,0,0,12,3820.191412087,0.982559520,1
1088.098559121,6,7,6,747,63,0,0,0,0,12,3814.607038653,0.981123210,0
1088.364987271,7,8,0,758,63,0,0,0,0,12,3826.469726604,0.984174312,1
1089.098559123,8,7,8,748,63,0,0,0,0,12,3824.706959498,0.983720926,0
1090.098559123,8,7,8,749,63,0,0,0,0,12,3824.628931681,0.983700857,0
1090.795330447,3,6,3,788,63,0,0,0,0,12,3819.896945404,0.982483782,0
1091.098559123,8,7,8,750,63,0,0,0,0,12,3824.550903864,0.983680788,0
1092.795330447,7,6,5,790,63,0,0,0,0,12,3826.124464790,0.984085510,1
1093.185731037,6,7,0,752,63,0,0,0,0,12,3814.230873490,0.981026459,1
1094.098559121,6,7,1,753,63,0,0,0,0,12,3814.098906844,0.980992517,1
1095.098559123,8,7,8,754,63,0,0,0,0,12,3824.253268628,0.983604236,0
1096.098559123,8,7,5,755,63,0,0,0,0,12,3824.175240811,0.983584167,1
1096.098559366,5,7,5,755,63,0,0,0,0,12,3819.415232014,0.982359885,0
1096.238335715,7,7,5,755,62,1,0,0,0,12,3825.752486586,0.983989837,1
1096.795330447,7,6,7,794,63,0,0,0,0,12,3825.677010479,0.983970425,0
1097.098559123,8,7,5,756,63,0,0,0,0,12,3824.042772055,0.983550096,1
1097.600487660,6,4,0,768,63,0,0,0,0,12,3813.801549053,0.980916036,1
1098.098559121,6,7,3,757,63,0,0,0,0,12,3813.671971405,0.980882709,1
1098.899494844,2,5,2,790,63,0,0,0,0,12,3830.217723701,0.985138303,0
1099.098559121,4,7,4,758,63,0,0,0,0,12,3827.887740063,0.984539028,0
1099.343628029,5,8,5,769,63,0,0,0,0,12,3819.197563845,0.982303900,0
1099.795330447,3,6,3,797,63,0,0,0,0,12,3819.184441606,0.982300525,0
1100.098559121,6,7,2,759,63,0,0,0,0,12,3813.467417124,0.980830097,1
1100.098559851,2,7,2,759,63,0,0,0,0,12,3830.144491562,0.985119468,0
1100.600487660,6,4,6,771,63,0,0,0,0,12,3813.398200491,0.980812294,0
1101.098559121,6,7,2,760,63,0,0,0,0,12,3813.329006075,0.980794497,1
1101.098559851,2,7,2,760,63,0,0,0,0,12,3830.066463745,0.985099399,0
1102.098559123,8,7,8,761,63,0,0,0,0,12,3823.616018908,0.983440334,0
1102.795330447,3,6,3,800,63,0,0,0,0,12,3818.950358155,0.982240318,0
1103.098559121,4,7,4,762,63,0,0,0,0,12,3827.587513380,0.984461809,0
1103.098559123,8,7,4,762,63,0,0,0,0,12,3823.543933383,0.983421794,1
1103.398591715,7,8,0,773,63,0,0,0,0,12,3825.192523900,0.983845814,1
1103.899494844,4,5,4,795,63,0,0,0,0,12,3827.516574465,0.984443563,0
1104.098559121,6,7,2,763,63,0,0,0,0,12,3813.100864916,0.980735819,1
1104.899495089,7,5,7,796,63,0,0,0,0,12,3825.045285356,0.983807944,0
1105.098559121,6,7,2,764,63,0,0,0,0,12,3813.010952514,0.980712694,1
1105.098559851,2,7,2,764,63,0,0,0,0,12,3829.778121647,0.985025237,0
1105.600487660,6,4,3,776,63,0,0,0,0,12,3812.941735881,0.980694891,1
1105.899494846,8,5,8,797,63,0,0,0,0,12,3823.256555603,0.983347880,0
1106.899495435,3,5,0,798,63,0,0,0,0,12,3818.643589189,0.982161417,1
1106.899495574,0,5,0,798,63,0,0,0,0,12,3827.829814597,0.984524129,0
1107.365923748,1,3,1,800,63,0,0,0,0,12,3826.637883626,0.984217563,0
1107.899494844,2,5,2,799,63,0,0,0,0,12,3829.551127103,0.984966854,0
1108.098559121,4,7,4,767,63,0,0,0,0,12,3827.191432002,0.984359936,0
1108.098559123,8,7,4,767,63,0,0,0,0,12,3823.099353359,0.983307447,1
1108.398591715,7,8,0,778,63,0,0,0,0,12,3824.753886169,0.983732995,1
1108.899495435,3,5,3,800,63,0,0,0,0,12,3818.493475848,0.982122808,0
1109.098559121,6,7,6,768,63,0,0,0,0,12,3812.837434588,0.980668064,0
1109.343628029,7,8,4,779,63,0,0,0,0,12,3824.615791710,0.983697477,1
1109.343628273,4,8,4,779,63,0,0,0,0,12,3827.100108002,0.984336448,0
1110.098559123,8,7,8,769,63,0,0,0,0,12,3822.894799078,0.983254835,0
1110.343628029,7,8,1,780,63,0,0,0,0,12,3824.483322954,0.983663406,1
1110.343628758,1,8,1,780,63,0,0,0,0,12,3826.536579644,0.984191507,0
1111.098559123,8,7,8,770,63,0,0,0,0,12,3822.822713554,0.983236295,0
1111.343628029,7,8,3,781,63,0,0,0,0,12,3824.350854197,0.983629335,1
1112.098559123,8,7,5,771,63,0,0,0,0,12,3822.750628029,0.983217754,1
1112.098559366,5,7,5,771,63,0,0,0,0,12,3818.431128733,0.982106772,0
1112.238335715,7,7,5,771,62,1,0,0,0,12,3824.218991925,0.983595420,1
1112.600487661,8,4,8,783,63,0,0,0,0,12,3822.621028164,0.983184421,0
1113.098559121,6,7,6,772,63,0,0,0,0,12,3812.778740833,0.980652968,0
1113.343628029,5,8,5,783,63,0,0,0,0,12,3818.406130260,0.982100342,0
1113.343628029,7,8,5,783,63,0,0,0,0,12,3824.079974392,0.983559664,1
1114.098559121,6,7,6,773,63,0,0,0,0,12,3812.767038541,0.980649958,0
1114.343628029,7,8,0,784,63,0,0,0,0,12,3823.947505636,0.983525593,1
1115.098559121,6,7,3,774,63,0,0,0,0,12,3812.749393956,0.980645420,1
1115.098559366,3,7,3,774,63,0,0,0,0,12,3818.422115485,0.982104454,0
1115.343628029,7,8,0,785,63,0,0,0,0,12,3823.815036879,0.983491522,1
1115.483404619,6,8,0,785,62,1,0,0,0,12,3812.680851721,0.980627791,1
1116.098559123,8,7,8,775,63,0,0,0,0,12,3822.395960407,0.983126533,0
1116.343628029,7,8,7,786,63,0,0,0,0,12,3823.676625830,0.983455922,0
1117.098559121,6,7,0,776,63,0,0,0,0,12,3812.593338322,0.980605282,1
1117.238336302,0,7,0,776,62,1,0,0,0,12,3827.722724535,0.984496586,0
1117.505816789,5,2,3,762,63,0,0,0,0,12,3818.334617713,0.982081949,1
1118.098559123,8,7,8,777,63,0,0,0,0,12,3822.245847065,0.983087924,0
1118.343628029,7,8,2,788,63,0,0,0,0,12,3823.538397074,0.983420370,1
1118.483404619,6,8,2,788,62,1,0,0,0,12,3812.513093795,0.980584643,1
1119.098559121,6,7,3,778,63,0,0,0,0,12,3812.443224980,0.980566673,1
1119.098559366,3,7,3,778,63,0,0,0,0,12,3818.363421730,0.982089357,0
1119.505817380,0,2,0,764,63,0,0,0,0,12,3827.697779259,0.984490170,0
1120.098559121,6,7,1,779,63,0,0,0,0,12,3812.371139456,0.980548133,1
1120.098559712,1,7,1,779,63,0,0,0,0,12,3826.432852901,0.984164828,0
1121.098559121,6,7,6,780,63,0,0,0,0,12,3812.293111639,0.980528064,0
1121.343628029,7,8,3,791,63,0,0,0,0,12,3823.255814976,0.983347689,1
1121.483404619,6,8,3,791,62,1,0,0,0,12,3812.284952636,0.980525965,1
1122.098559121,4,7,4,781,63,0,0,0,0,12,3826.128754027,0.984086614,0
1122.098559123,8,7,4,781,63,0,0,0,0,12,3821.957504967,0.983013762,1
1122.238335715,7,7,4,781,62,1,0,0,0,12,3823.118010410,0.983312245,1
1122.600487660,0,4,0,793,63,0,0,0,0,12,3827.656184788,0.984479471,0
1123.098559121,6,7,6,782,63,0,0,0,0,12,3812.197439237,0.980503457,0
1123.343628029,7,8,2,793,63,0,0,0,0,12,3822.978992878,0.983276490,1
1123.483404619,6,8,2,793,62,1,0,0,0,12,3812.189280234,0.980501358,1
1124.098559121,6,7,1,783,63,0,0,0,0,12,3812.119411420,0.980483388,1
1124.238336302,0,7,1,783,62,1,0,0,0,12,3827.622981610,0.984470931,1
1124.600487415,7,4,7,795,63,0,0,0,0,12,3822.839102319,0.983240510,0
1125.098559121,6,7,6,784,63,0,0,0,0,12,3812.047325895,0.980464847,0
1125.343628029,7,8,1,795,63,0,0,0,0,12,3822.768496304,0.983222350,1
1125.343628758,1,8,1,795,63,0,0,0,0,12,3826.384814426,0.984152473,0
1126.098559121,6,7,2,785,63,0,0,0,0,12,3812.035623603,0.980461837,1
1126.238335711,3,7,2,785,62,1,0,0,0,12,3818.256931401,0.982061968,1
1126.600487415,3,4,3,797,63,0,0,0,0,12,3818.188519883,0.982044372,0
1127.098559121,6,7,0,786,63,0,0,0,0,12,3811.963538079,0.980443297,1
1127.238336302,0,7,0,786,62,1,0,0,0,12,3827.521549208,0.984444843,0
1127.600487660,6,4,6,798,63,0,0,0,0,12,3811.894321446,0.980425494,0
1128.098559851,0,7,0,787,63,0,0,0,0,12,3827.510652028,0.984442040,0
1128.343628029,5,8,5,798,63,0,0,0,0,12,3818.098905131,0.982021323,0
1128.343628029,7,8,5,798,63,0,0,0,0,12,3822.491856499,0.983151198,1
1128.483404621,8,8,5,798,62,1,0,0,0,12,3821.384181769,0.982866302,1
1129.098559121,6,7,1,788,63,0,0,0,0,12,3811.873807969,0.980420218,1
1129.238336302,0,7,1,788,62,1,0,0,0,12,3827.498144623,0.984438823,1
1129.238336441,1,7,1,788,62,1,0,0,0,12,3826.344554033,0.984142118,0
1129.600487660,6,4,0,800,63,0,0,0,0,12,3811.804591336,0.980402415,1
1130.098559123,8,7,5,789,63,0,0,0,0,12,3821.236285138,0.982828263,1
1130.098559366,5,7,5,789,63,0,0,0,0,12,3818.070969849,0.982014138,0
1130.238335715,7,7,5,789,62,1,0,0,0,12,3822.276024117,0.983095685,1
1131.098559123,8,7,5,790,63,0,0,0,0,12,3821.103816381,0.982794191,1
1131.098559366,5,7,5,790,63,0,0,0,0,12,3818.053325264,0.982009600,0
1131.238335715,7,7,5,790,62,1,0,0,0,12,3822.143555360,0.983061614,1
1132.098559121,6,7,3,791,63,0,0,0,0,12,3811.706050043,0.980377070,1
1132.098559366,3,7,3,791,63,0,0,0,0,12,3818.079601186,0.982016358,0
1132.505817034,4,2,7,777,63,0,0,0,0,12,3825.484723394,0.983920968,1
1132.645593624,7,2,7,777,62,1,0,0,0,12,3822.002798506,0.983025411,0
1133.098559123,8,7,5,792,63,0,0,0,0,12,3821.002201687,0.982768056,1
1133.098559366,5,7,5,792,63,0,0,0,0,12,3818.012093802,0.981998995,0
1133.238335715,7,7,5,792,62,1,0,0,0,12,3821.933058787,0.983007474,1
1133.505816789,5,2,8,778,63,0,0,0,0,12,3817.997863414,0.981995335,1
1133.645593381,8,2,8,778,62,1,0,0,0,12,3820.932725245,0.982750187,0
1134.098559121,6,7,3,793,63,0,0,0,0,12,3811.610377641,0.980352463,1
1134.098559366,3,7,3,793,63,0,0,0,0,12,3818.038369724,0.982005754,0
1134.505817034,4,2,7,779,63,0,0,0,0,12,3825.377166407,0.983893304,1
1135.098559123,8,7,5,794,63,0,0,0,0,12,3820.906529285,0.982743449,1
1135.098559366,5,7,5,794,63,0,0,0,0,12,3817.898594523,0.981969803,0
1135.238335715,7,7,5,794,62,1,0,0,0,12,3821.722562213,0.982953334,1
1135.505817380,0,2,0,780,63,0,0,0,0,12,3827.342237775,0.984398724,0
1136.505817034,4,2,6,781,63,0,0,0,0,12,3825.287436297,0.983870225,1
1136.645593869,6,2,6,781,62,1,0,0,0,12,3811.517496611,0.980328574,0
1137.098559121,6,7,1,796,63,0,0,0,0,12,3811.508945239,0.980326375,1
1137.098559712,1,7,1,796,63,0,0,0,0,12,3826.192317882,0.984102962,0
1137.238336302,0,7,1,796,62,1,0,0,0,12,3827.320373881,0.984393100,1
1138.098559121,6,7,2,797,63,0,0,0,0,12,3811.436859714,0.980307834,1
1138.238335711,3,7,2,797,62,1,0,0,0,12,3817.955101687,0.981984337,1
1139.505816789,5,2,8,784,63,0,0,0,0,12,3817.807843502,0.981946462,1
1139.645593381,8,2,8,784,62,1,0,0,0,12,3820.778359088,0.982710483,0
1140.098559121,6,7,2,799,63,0,0,0,0,12,3811.347129605,0.980284756,1
1140.238335711,3,7,2,799,62,1,0,0,0,12,3817.865371578,0.981961258,1
1141.098559123,8,7,8,800,63,0,0,0,0,12,3820.752163128,0.982703746,0
1141.505817034,4,2,7,786,63,0,0,0,0,12,3825.126945555,0.983828947,1
1141.645593624,7,2,7,786,62,1,0,0,0,12,3821.215435444,0.982822900,0
1142.505817034,4,2,7,787,63,0,0,0,0,12,3825.054860031,0.983810406,1
1143.515900516,4,2,4,788,63,0,0,0,0,12,3824.976394434,0.983790225,0
1144.505816789,5,2,8,789,63,0,0,0,0,12,3817.676684524,0.981912728,1
1144.505817380,8,2,8,789,63,0,0,0,0,12,3820.708388451,0.982692487,0
1145.505817034,4,2,7,790,63,0,0,0,0,12,3824.947105637,0.983782692,1
1145.505817519,7,2,7,790,63,0,0,0,0,12,3821.175373677,0.982812596,0
1146.505816789,5,2,3,791,63,0,0,0,0,12,3817.583413719,0.981888738,1
1146.505817519,3,2,3,791,63,0,0,0,0,12,3817.717428916,0.981923207,0
1147.505816789,5,2,5,792,63,0,0,0,0,12,3817.511328195,0.981870198,0
1149.505816789,1,2,0,794,63,0,0,0,0,12,3825.975355126,0.984047159,1
1150.505817034,4,2,4,795,63,0,0,0,0,12,3824.777790668,0.983739144,0
1151.505816789,5,2,3,796,63,0,0,0,0,12,3817.387571415,0.981838367,1
1152.505817034,4,2,8,797,63,0,0,0,0,12,3824.744903095,0.983730685,1
1152.645593870,8,2,8,797,62,1,0,0,0,12,3820.584912296,0.982660728,0
1153.505817034,4,2,4,798,63,0,0,0,0,12,3824.666495579,0.983710518,0
1154.505816789,5,2,5,799,63,0,0,0,0,12,3817.279817022,0.981810653,0
1155.505816789,5,2,3,800,63,0,0,0,0,12,3817.268114729,0.981807643,1
1155.645593970,3,2,3,800,62,1,0,0,0,12,3817.569226786,0.981885089,0
