timestamp(s),nodeId,destination,nextHop,hops,score,seq,action
303.655553857,6,7,7,1,1,4,USED
304.655553857,6,0,3,2,2,4,USED
305.655553857,6,3,3,1,1,4,USED
306.241123005,0,1,1,1,1,4,USED
306.655553857,6,2,4,2,2,5,USED
307.241123005,0,7,7,1,1,4,USED
307.655553857,6,0,0,1,1,5,USED
308.226146913,3,6,6,1,1,5,USED
308.241123005,0,5,7,2,2,4,USED
308.486059863,1,6,4,2,2,5,USED
308.655553857,6,5,5,1,1,3,USED
309.226146913,3,0,0,1,1,5,USED
309.241123005,0,1,1,1,1,5,USED
309.486059863,1,6,4,2,2,5,USED
309.655553857,6,3,3,1,1,4,USED
309.759718254,5,1,1,1,2,5,USED
310.226146913,3,2,2,1,1,5,USED
310.241123005,0,7,7,1,1,4,USED
310.486059863,1,8,5,2,2,5,USED
310.655553857,6,5,5,1,2,5,USED
310.759718254,5,0,0,1,1,4,USED
311.226146913,3,1,1,1,1,5,USED
311.241123005,0,7,7,1,1,4,USED
311.486059863,1,4,4,1,1,5,USED
311.655553857,6,8,8,1,1,4,USED
311.759718254,5,6,4,2,2,5,USED
312.226146913,3,2,2,1,1,5,USED
312.241123005,0,6,3,2,2,5,USED
312.486059863,1,2,4,2,2,5,USED
312.655553857,6,3,3,1,1,5,USED
312.759718254,5,4,4,1,1,5,USED
313.226146913,3,5,6,2,2,5,USED
313.241123005,0,2,3,2,2,5,USED
313.486059863,1,5,5,1,1,5,USED
313.655553857,6,8,8,1,1,4,USED
313.759718254,5,2,2,1,1,5,USED
314.226146913,3,2,2,1,1,5,USED
314.241123005,0,4,4,1,1,5,USED
314.486059863,1,0,3,2,2,5,USED
314.655553857,6,5,5,1,2,5,USED
314.759718254,5,1,1,1,2,5,USED
315.226146913,3,8,6,2,2,5,USED
315.241123005,0,7,7,1,1,4,USED
315.486059863,1,7,7,1,1,2,USED
315.655553857,6,3,3,1,1,5,USED
315.759718254,5,7,8,2,2,4,USED
316.226146913,3,0,0,1,1,5,USED
316.241123005,0,7,7,1,1,4,USED
316.486059863,1,3,3,1,1,5,USED
316.655553857,6,0,0,1,1,5,USED
316.759718254,5,8,8,1,1,4,USED
317.226146913,3,5,6,2,2,5,USED
317.241123005,0,5,7,2,2,4,USED
317.486059863,1,0,3,2,2,5,USED
317.655553857,6,0,0,1,1,5,USED
317.759718254,5,3,4,2,2,5,USED
318.226146913,3,0,0,1,1,5,USED
318.241123005,0,1,1,1,1,5,USED
318.486059863,1,6,4,2,2,5,USED
318.655553857,6,0,0,1,1,5,USED
318.759718254,5,7,8,2,2,4,USED
319.226146913,3,4,4,1,1,5,USED
319.241123005,0,6,3,2,2,5,USED
319.486059863,1,5,5,1,1,5,USED
319.655553857,6,4,4,1,1,5,USED
319.759718254,5,8,8,1,1,4,USED
320.226146913,3,7,6,2,2,5,USED
320.241123005,0,8,1,2,3,5,USED
320.486059863,1,0,3,2,2,5,USED
320.655553857,6,1,0,2,2,5,USED
320.759718254,5,8,8,1,1,4,USED
321.226146913,3,8,6,2,2,5,USED
321.241123005,0,6,3,2,2,5,USED
321.486059863,1,6,4,2,2,5,USED
321.655553857,6,3,3,1,1,5,USED
321.759718254,5,1,1,1,2,5,USED
322.226146913,3,0,0,1,1,5,USED
322.241123005,0,7,7,1,1,4,USED
322.486059863,1,4,4,1,1,5,USED
322.655553857,6,1,0,2,2,5,USED
322.759718254,5,2,2,1,1,5,USED
323.226146913,3,5,6,2,2,5,USED
323.241123005,0,6,3,2,2,5,USED
323.486059863,1,5,5,1,1,5,USED
323.655553857,6,7,7,1,2,5,USED
323.759718254,5,6,4,2,2,5,USED
324.226146913,3,6,6,1,1,5,USED
324.241123005,0,3,3,1,1,5,USED
324.486059863,1,4,4,1,1,5,USED
324.655553857,6,0,0,1,1,5,USED
324.759718254,5,3,4,2,2,5,USED
325.226146913,3,5,6,2,2,5,USED
325.241123005,0,3,3,1,1,5,USED
325.486059863,1,4,4,1,1,5,USED
325.655553857,6,4,4,1,1,5,USED
325.759718254,5,2,2,1,1,5,USED
326.226146913,3,4,4,1,1,5,USED
326.241123005,0,7,7,1,1,4,USED
326.486059863,1,6,4,2,2,5,USED
326.655553857,6,8,8,1,1,4,USED
326.759718254,5,7,8,2,2,4,USED
327.226146913,3,6,6,1,1,5,USED
327.241123005,0,7,7,1,1,4,USED
327.486059863,1,5,5,1,1,5,USED
327.655553857,6,2,3,2,2,5,USED
327.759718254,5,4,4,1,1,5,USED
328.226146913,3,2,2,1,1,5,USED
328.241123005,0,3,3,1,1,5,USED
328.486059863,1,2,4,2,2,5,USED
328.655553857,6,2,3,2,2,5,USED
328.759718254,5,1,1,1,2,5,USED
329.226146913,3,4,4,1,1,5,USED
329.241123005,0,2,3,2,2,5,USED
329.486059863,1,2,4,2,2,5,USED
329.655553857,6,1,0,2,2,5,USED
329.759718254,5,2,2,1,1,5,USED
330.226146913,3,1,1,1,1,5,USED
330.241123005,0,2,3,2,2,5,USED
330.460710825,4,2,2,1,1,5,USED
330.486059863,1,0,3,2,2,5,USED
330.655553857,6,2,3,2,2,5,USED
330.759718254,5,4,4,1,1,5,USED
331.203851437,8,0,5,2,2,5,USED
331.226146913,3,4,4,1,1,5,USED
331.241123005,0,2,3,2,2,5,USED
331.460710825,4,1,1,1,1,5,USED
331.486059863,1,3,3,1,1,5,USED
331.655553857,6,1,0,2,2,5,USED
331.759718254,5,7,8,2,2,4,USED
332.203851437,8,2,5,2,2,5,USED
332.226146913,3,2,2,1,1,5,USED
332.241123005,0,4,4,1,1,5,USED
332.460710825,4,8,8,1,1,5,USED
332.486059863,1,2,4,2,2,5,USED
332.655553857,6,8,8,1,1,4,USED
332.759718254,5,6,4,2,2,5,USED
333.203851437,8,4,4,1,1,1,USED
333.226146913,3,5,6,2,2,5,USED
333.241123005,0,7,7,1,1,4,USED
333.460710825,4,2,2,1,1,5,USED
333.486059863,1,3,3,1,1,5,USED
333.655553857,6,1,0,2,2,5,USED
333.759718254,5,7,8,2,2,4,USED
334.203851437,8,5,5,1,1,5,USED
334.226146913,3,7,6,2,2,5,USED
334.241123005,0,5,7,2,2,4,USED
334.460710825,4,2,2,1,1,5,USED
334.486059863,1,6,4,2,2,5,USED
334.655553857,6,5,5,1,2,5,USED
334.759718254,5,7,8,2,2,4,USED
335.203851437,8,3,3,1,1,1,USED
335.226146913,3,7,6,2,2,5,USED
335.241123005,0,6,3,2,2,5,USED
335.460710825,4,8,8,1,1,5,USED
335.486059863,1,7,7,1,1,2,USED
335.655553857,6,4,4,1,1,5,USED
335.759718254,5,1,1,1,2,5,USED
336.203851437,8,2,5,2,2,5,USED
336.226146913,3,5,6,2,2,5,USED
336.241123005,0,4,4,1,1,5,USED
336.460710825,4,3,3,1,1,5,USED
336.486059863,1,5,5,1,1,5,USED
336.655553857,6,4,4,1,1,5,USED
336.759718254,5,0,0,1,1,4,USED
337.203851437,8,2,5,2,2,5,USED
337.226146913,3,7,6,2,2,5,USED
337.241123005,0,4,4,1,1,5,USED
337.460710825,4,3,3,1,1,5,USED
337.486059863,1,5,5,1,1,5,USED
337.655553857,6,2,3,2,2,5,USED
337.759718254,5,1,1,1,2,5,USED
338.203851437,8,2,5,2,2,5,USED
338.226146913,3,0,0,1,1,5,USED
338.241123005,0,3,3,1,1,5,USED
338.460710825,4,6,6,1,1,5,USED
338.486059863,1,0,3,2,2,5,USED
338.655553857,6,5,5,1,2,5,USED
338.759718254,5,4,4,1,1,5,USED
339.203851437,8,0,5,2,2,5,USED
339.226146913,3,6,6,1,1,5,USED
339.241123005,0,4,4,1,1,5,USED
339.460710825,4,0,0,1,1,4,USED
339.486059863,1,2,4,2,2,5,USED
339.655553857,6,7,7,1,2,5,USED
339.759718254,5,0,0,1,1,4,USED
340.203851437,8,3,3,1,1,1,USED
340.226146913,3,2,2,1,1,5,USED
340.241123005,0,8,1,2,3,5,USED
340.460710825,4,0,0,1,1,4,USED
340.486059863,1,2,4,2,2,5,USED
340.655553857,6,7,7,1,2,5,USED
340.759718254,5,0,0,1,1,4,USED
341.203851437,8,2,5,2,2,5,USED
341.226146913,3,5,6,2,2,5,USED
341.241123005,0,8,1,2,3,5,USED
341.460710825,4,6,6,1,1,5,USED
341.486059863,1,2,4,2,2,5,USED
341.655553857,6,1,0,2,2,5,USED
341.759718254,5,2,2,1,1,5,USED
341.958782531,7,0,3,2,2,5,USED
342.203851437,8,6,7,2,2,3,USED
342.226146913,3,8,6,2,2,5,USED
342.241123005,0,8,1,2,3,5,USED
342.460710825,4,6,6,1,1,5,USED
342.486059863,1,3,3,1,1,5,USED
342.655553857,6,2,3,2,2,5,USED
342.759718254,5,7,8,2,2,4,USED
342.958782531,7,6,6,1,1,4,USED
343.203851437,8,2,5,2,2,5,USED
343.226146913,3,0,0,1,1,5,USED
343.241123005,0,6,3,2,2,5,USED
343.460710825,4,2,2,1,1,5,USED
343.486059863,1,0,3,2,2,5,USED
343.655553857,6,2,3,2,2,5,USED
343.759718254,5,3,4,2,2,5,USED
343.958782531,7,4,4,1,1,4,USED
344.203851437,8,6,7,2,2,3,USED
344.226146913,3,2,2,1,1,5,USED
344.241123005,0,1,1,1,1,5,USED
344.460710825,4,6,6,1,1,5,USED
344.486059863,1,8,5,2,2,5,USED
344.655553857,6,3,3,1,1,5,USED
344.759718254,5,6,4,2,2,5,USED
344.958782531,7,5,5,1,1,4,USED
345.203851437,8,7,7,1,1,3,USED
345.226146913,3,6,6,1,1,5,USED
345.241123005,0,4,4,1,1,5,USED
345.460710825,4,0,0,1,1,4,USED
345.486059863,1,6,4,2,2,5,USED
345.655553857,6,3,3,1,1,5,USED
345.759718254,5,1,1,1,2,5,USED
345.958782531,7,4,4,1,1,4,USED
346.203851437,8,5,5,1,1,5,USED
346.226146913,3,4,4,1,1,5,USED
346.241123005,0,4,4,1,1,5,USED
346.460710825,4,3,3,1,1,5,USED
346.486059863,1,4,4,1,1,5,USED
346.655553857,6,5,5,1,2,5,USED
346.759718254,5,4,4,1,1,5,USED
346.958782531,7,6,6,1,1,4,USED
347.203851437,8,3,3,1,1,1,USED
347.226146913,3,8,6,2,2,5,USED
347.241123005,0,7,7,1,1,4,USED
347.460710825,4,6,6,1,1,5,USED
347.486059863,1,8,5,2,2,5,USED
347.655553857,6,4,4,1,1,5,USED
347.759718254,5,7,8,2,2,4,USED
347.958782531,7,2,5,2,2,4,USED
348.203851437,8,3,3,1,1,1,USED
348.226146913,3,7,6,2,2,5,USED
348.241123005,0,7,7,1,1,4,USED
348.460710825,4,1,1,1,1,5,USED
348.486059863,1,5,5,1,1,5,USED
348.655553857,6,1,0,2,2,5,USED
348.759718254,5,0,0,1,1,4,USED
348.958782531,7,5,5,1,1,4,USED
349.203851437,8,3,3,1,1,1,USED
349.226146913,3,2,2,1,1,5,USED
349.241123005,0,6,3,2,2,5,USED
349.460710825,4,2,2,1,1,5,USED
349.486059863,1,7,7,1,1,2,USED
349.655553857,6,4,4,1,1,5,USED
349.759718254,5,6,4,2,2,5,USED
349.958782531,7,8,8,1,1,4,USED
350.203851437,8,1,5,2,3,5,USED
350.226146913,3,7,6,2,2,5,USED
350.241123005,0,7,7,1,1,4,USED
350.460710825,4,1,1,1,1,5,USED
350.486059863,1,4,4,1,1,5,USED
350.655553857,6,4,4,1,1,5,USED
350.759718254,5,3,4,2,2,5,USED
350.958782531,7,5,5,1,1,4,USED
351.203851437,8,4,4,1,1,1,USED
351.226146913,3,7,6,2,2,5,USED
351.241123005,0,5,7,2,2,4,USED
351.460710825,4,5,5,1,1,5,USED
351.486059863,1,7,7,1,1,2,USED
351.655553857,6,8,8,1,1,4,USED
351.759718254,5,8,8,1,1,4,USED
351.958782531,7,4,4,1,1,4,USED
352.203851437,8,4,4,1,1,1,USED
352.226146913,3,4,4,1,1,5,USED
352.241123005,0,6,3,2,2,5,USED
352.460710825,4,7,7,1,1,5,USED
352.486059863,1,6,4,2,2,5,USED
352.655553857,6,1,0,2,2,5,USED
352.759718254,5,2,2,1,1,5,USED
352.958782531,7,5,5,1,1,4,USED
353.203851437,8,5,5,1,1,5,USED
353.226146913,3,8,6,2,2,5,USED
353.241123005,0,3,3,1,1,5,USED
353.460710825,4,3,3,1,1,5,USED
353.486059863,1,4,4,1,1,5,USED
353.655553857,6,7,7,1,2,5,USED
353.759718254,5,7,8,2,2,4,USED
353.958782531,7,6,6,1,1,4,USED
354.203851437,8,7,7,1,1,3,USED
354.226146913,3,4,4,1,1,5,USED
354.241123005,0,2,3,2,2,5,USED
354.460710825,4,8,8,1,1,5,USED
354.486059863,1,0,3,2,2,5,USED
354.655553857,6,4,4,1,1,5,USED
354.759718254,5,3,4,2,2,5,USED
354.958782531,7,1,3,2,2,5,USED
355.203851437,8,0,5,2,2,5,USED
355.226146913,3,7,6,2,2,5,USED
355.241123005,0,2,3,2,2,5,USED
355.460710825,4,5,5,1,1,5,USED
355.486059863,1,5,5,1,1,5,USED
355.655553857,6,3,3,1,1,5,USED
355.759718254,5,0,0,1,1,4,USED
355.958782531,7,5,5,1,1,4,USED
356.203851437,8,0,5,2,2,5,USED
356.226146913,3,0,0,1,1,5,USED
356.241123005,0,3,3,1,1,5,USED
356.366040199,2,8,5,2,3,5,USED
356.460710825,4,3,3,1,1,5,USED
356.486059863,1,7,7,1,1,2,USED
356.655553857,6,5,5,1,2,5,USED
356.759718254,5,8,8,1,1,4,USED
356.958782531,7,8,8,1,1,4,USED
357.203851437,8,3,3,1,1,1,USED
357.226146913,3,4,4,1,1,5,USED
357.241123005,0,3,3,1,1,5,USED
357.366040199,2,7,7,1,1,1,USED
357.460710825,4,0,0,1,1,4,USED
357.486059863,1,6,4,2,2,5,USED
357.655553857,6,7,7,1,2,5,USED
357.759718254,5,7,8,2,2,4,USED
357.958782531,7,6,6,1,1,4,USED
358.203851437,8,4,4,1,1,1,USED
358.226146913,3,5,6,2,2,5,USED
358.241123005,0,2,3,2,2,5,USED
358.366040199,2,0,4,2,2,5,USED
358.460710825,4,3,3,1,1,5,USED
358.486059863,1,3,3,1,1,5,USED
358.655553857,6,1,0,2,2,5,USED
358.759718254,5,8,8,1,1,4,USED
358.958782531,7,5,5,1,1,4,USED
359.203851437,8,7,7,1,1,3,USED
359.226146913,3,6,6,1,1,5,USED
359.241123005,0,4,4,1,1,5,USED
359.366040199,2,5,5,1,2,5,USED
359.460710825,4,0,0,1,1,4,USED
359.486059863,1,8,5,2,2,5,USED
359.655553857,6,3,3,1,1,5,USED
359.759718254,5,1,1,1,2,5,USED
359.958782531,7,4,4,1,1,4,USED
360.203851437,8,6,7,2,2,3,USED
360.226146913,3,7,6,2,2,5,USED
360.241123005,0,3,3,1,1,5,USED
360.366040199,2,1,1,1,1,5,USED
360.460710825,4,7,7,1,1,5,USED
360.486059863,1,2,4,2,2,5,USED
360.655553857,6,0,0,1,1,5,USED
360.759718254,5,1,1,1,2,5,USED
360.958782531,7,3,3,1,1,5,USED
361.203851437,8,1,5,2,3,5,USED
361.226146913,3,7,6,2,2,5,USED
361.241123005,0,2,3,2,2,5,USED
361.366040199,2,4,4,1,1,5,USED
361.460710825,4,3,3,1,1,5,USED
361.486059863,1,0,3,2,2,5,USED
361.655553857,6,8,8,1,1,4,USED
361.759718254,5,7,8,2,2,4,USED
361.958782531,7,0,3,2,2,5,USED
362.203851437,8,5,5,1,1,5,USED
362.226146913,3,5,6,2,2,5,USED
362.241123005,0,7,7,1,1,4,USED
362.366040199,2,3,4,2,2,5,USED
362.460710825,4,8,8,1,1,5,USED
362.486059863,1,2,4,2,2,5,USED
362.655553857,6,1,0,2,2,5,USED
362.759718254,5,3,4,2,2,5,USED
362.958782531,7,5,5,1,1,4,USED
363.203851437,8,4,4,1,1,1,USED
363.226146913,3,7,6,2,2,5,USED
363.241123005,0,2,3,2,2,5,USED
363.366040199,2,1,1,1,1,5,USED
363.460710825,4,5,5,1,1,5,USED
363.486059863,1,4,4,1,1,5,USED
363.655553857,6,2,3,2,2,5,USED
363.759718254,5,7,8,2,2,4,USED
363.958782531,7,8,8,1,1,4,USED
364.203851437,8,4,4,1,1,1,USED
364.226146913,3,1,1,1,1,5,USED
364.241123005,0,8,1,2,3,5,USED
364.366040199,2,0,4,2,2,5,USED
364.460710825,4,0,0,1,1,4,USED
364.486059863,1,8,5,2,2,5,USED
364.655553857,6,3,3,1,1,5,USED
364.759718254,5,8,8,1,1,4,USED
364.958782531,7,4,4,1,1,4,USED
365.203851437,8,3,3,1,1,1,USED
365.226146913,3,6,6,1,1,5,USED
365.241123005,0,8,1,2,3,5,USED
365.366040199,2,7,7,1,1,1,USED
365.460710825,4,2,2,1,1,5,USED
365.486059863,1,2,4,2,2,5,USED
365.655553857,6,1,0,2,2,5,USED
365.759718254,5,7,8,2,2,4,USED
365.958782531,7,0,3,2,2,5,USED
366.203851437,8,4,4,1,1,1,USED
366.226146913,3,2,2,1,1,5,USED
366.241123005,0,1,1,1,1,5,USED
366.366040199,2,8,5,2,3,5,USED
366.460710825,4,2,2,1,1,5,USED
366.486059863,1,3,3,1,1,5,USED
366.655553857,6,1,0,2,2,5,USED
366.759718254,5,0,0,1,1,4,USED
366.958782531,7,4,4,1,1,4,USED
367.203851437,8,3,3,1,1,1,USED
367.226146913,3,1,1,1,1,5,USED
367.241123005,0,8,1,2,3,5,USED
367.366040199,2,4,4,1,1,5,USED
367.460710825,4,6,6,1,1,5,USED
367.486059863,1,6,4,2,2,6,USED
367.655553857,6,7,7,1,2,5,USED
367.759718254,5,6,4,2,2,5,USED
367.958782531,7,3,3,1,1,5,USED
368.203851437,8,1,5,2,3,5,USED
368.226146913,3,8,8,1,2,6,USED
368.241123005,0,7,7,1,1,4,USED
368.366040199,2,5,5,1,2,5,USED
368.460710825,4,5,5,1,1,5,USED
368.486059863,1,2,4,2,2,6,USED
368.655553857,6,4,4,1,1,5,USED
368.759718254,5,0,0,1,1,4,USED
368.958782531,7,5,5,1,1,4,USED
369.203851437,8,1,5,2,3,5,USED
369.226146913,3,6,6,1,2,6,USED
369.241123005,0,3,3,1,1,5,USED
369.366040199,2,1,1,1,1,5,USED
369.460710825,4,1,1,1,1,5,USED
369.486059863,1,5,5,1,1,5,USED
369.655553857,6,5,5,1,2,5,USED
369.759718254,5,4,4,1,1,5,USED
369.958782531,7,3,3,1,1,5,USED
370.203851437,8,5,5,1,1,5,USED
370.226146913,3,2,2,1,1,5,USED
370.241123005,0,5,7,2,2,4,USED
370.366040199,2,3,4,2,2,5,USED
370.460710825,4,1,1,1,1,5,USED
370.486059863,1,4,4,1,1,6,USED
370.655553857,6,3,3,1,1,5,USED
370.759718254,5,2,2,1,1,5,USED
370.958782531,7,2,5,2,2,6,USED
371.203851437,8,4,4,1,1,1,USED
371.226146913,3,8,8,1,2,6,USED
371.241123005,0,8,6,2,2,6,USED
371.366040199,2,4,4,1,1,5,USED
371.460710825,4,3,3,1,1,6,USED
371.486059863,1,5,5,1,2,6,USED
371.655553857,6,5,5,1,2,5,USED
371.759718254,5,6,4,2,2,5,USED
371.958782531,7,1,3,2,2,5,USED
372.203851437,8,1,5,2,3,5,USED
372.226146913,3,6,6,1,2,6,USED
372.241123005,0,2,3,2,2,6,USED
372.366040199,2,5,5,1,2,5,USED
372.460710825,4,2,2,1,1,5,USED
372.486059863,1,8,5,2,4,6,USED
372.655553857,6,1,0,2,2,5,USED
372.759718254,5,2,2,1,1,5,USED
372.958782531,7,0,5,2,2,6,USED
373.203851437,8,4,4,1,1,1,USED
373.226146913,3,6,6,1,2,6,USED
373.241123005,0,6,6,1,1,6,USED
373.366040199,2,6,4,2,2,5,USED
373.460710825,4,2,2,1,1,5,USED
373.486059863,1,5,5,1,2,6,USED
373.655553857,6,7,7,1,1,6,USED
373.759718254,5,0,0,1,1,4,USED
373.958782531,7,0,5,2,2,6,USED
374.203851437,8,7,7,1,1,6,USED
374.226146913,3,8,8,1,2,6,USED
374.241123005,0,1,1,1,1,5,USED
374.366040199,2,0,4,2,2,5,USED
374.460710825,4,8,8,1,1,6,USED
374.486059863,1,4,4,1,1,6,USED
374.655553857,6,2,3,2,2,5,USED
374.759718254,5,6,4,2,2,5,USED
374.958782531,7,1,3,2,2,5,USED
375.203851437,8,3,3,1,1,1,USED
375.226146913,3,0,0,1,1,6,USED
375.241123005,0,7,7,1,1,4,USED
375.366040199,2,6,4,2,2,5,USED
375.460710825,4,0,0,1,1,4,USED
375.486059863,1,3,3,1,1,5,USED
375.655553857,6,2,3,2,2,5,USED
375.759718254,5,1,1,1,2,5,USED
375.958782531,7,1,3,2,2,5,USED
376.203851437,8,7,7,1,1,6,USED
376.226146913,3,8,8,1,2,6,USED
376.241123005,0,6,6,1,1,6,USED
376.366040199,2,7,7,1,1,1,USED
376.460710825,4,6,6,1,1,5,USED
376.486059863,1,6,4,2,2,6,USED
376.655553857,6,3,3,1,1,5,USED
376.759718254,5,8,8,1,2,6,USED
376.958782531,7,5,5,1,1,6,USED
377.203851437,8,1,5,2,3,5,USED
377.226146913,3,8,8,1,2,6,USED
377.241123005,0,6,6,1,1,6,USED
377.366040199,2,4,4,1,1,5,USED
377.460710825,4,7,7,1,1,6,USED
377.486059863,1,6,4,2,2,6,USED
377.655553857,6,5,7,2,2,6,USED
377.759718254,5,1,1,1,2,5,USED
377.958782531,7,2,5,2,2,6,USED
378.203851437,8,7,7,1,1,6,USED
378.226146913,3,7,8,2,3,6,USED
378.241123005,0,5,7,2,2,4,USED
378.366040199,2,4,4,1,1,5,USED
378.460710825,4,8,8,1,1,6,USED
378.486059863,1,8,5,2,4,6,USED
378.655553857,6,7,7,1,1,6,USED
378.759718254,5,0,0,1,1,4,USED
378.958782531,7,4,4,1,1,4,USED
379.203851437,8,7,7,1,1,6,USED
379.226146913,3,2,2,1,1,5,USED
379.241123005,0,6,6,1,1,6,USED
379.366040199,2,5,5,1,2,5,USED
379.460710825,4,3,3,1,1,6,USED
379.486059863,1,2,4,2,2,6,USED
379.655553857,6,4,4,1,1,5,USED
379.759718254,5,6,4,2,2,5,USED
379.958782531,7,4,4,1,1,4,USED
380.203851437,8,4,4,1,1,1,USED
380.226146913,3,0,0,1,1,6,USED
380.241123005,0,2,3,2,2,6,USED
380.366040199,2,1,1,1,1,5,USED
380.460710825,4,8,8,1,1,6,USED
380.486059863,1,4,4,1,1,6,USED
380.655553857,6,2,3,2,2,5,USED
380.759718254,5,7,8,2,3,6,USED
380.958782531,7,2,5,2,2,6,USED
381.203851437,8,7,7,1,1,6,USED
381.226146913,3,2,2,1,1,5,USED
381.241123005,0,3,3,1,1,6,USED
381.366040199,2,4,4,1,1,5,USED
381.460710825,4,5,5,1,1,5,USED
381.486059863,1,5,5,1,2,6,USED
381.655553857,6,4,4,1,1,5,USED
381.759718254,5,7,8,2,3,6,USED
381.958782531,7,3,3,1,1,5,USED
382.203851437,8,6,7,2,3,6,USED
382.226146913,3,8,8,1,2,6,USED
382.241123005,0,1,1,1,1,5,USED
382.366040199,2,1,1,1,1,5,USED
382.460710825,4,2,2,1,1,5,USED
382.486059863,1,7,7,1,1,2,USED
382.655553857,6,8,8,1,1,4,USED
382.759718254,5,0,0,1,1,4,USED
382.958782531,7,4,4,1,1,4,USED
383.203851437,8,5,5,1,1,5,USED
383.226146913,3,0,0,1,1,6,USED
383.241123005,0,3,3,1,1,6,USED
383.366040199,2,1,1,1,1,5,USED
383.460710825,4,1,1,1,1,5,USED
383.486059863,1,6,4,2,2,6,USED
383.655553857,6,2,3,2,2,5,USED
383.759718254,5,1,1,1,2,5,USED
383.958782531,7,2,5,2,2,6,USED
384.203851437,8,7,7,1,1,6,USED
384.226146913,3,2,2,1,1,5,USED
384.241123005,0,3,3,1,1,6,USED
384.366040199,2,7,7,1,1,1,USED
384.460710825,4,6,6,1,1,5,USED
384.486059863,1,8,5,2,4,6,USED
384.655553857,6,3,3,1,1,5,USED
384.759718254,5,1,1,1,2,5,USED
384.958782531,7,2,5,2,2,6,USED
385.203851437,8,0,5,2,2,5,USED
385.226146913,3,1,1,1,1,5,USED
385.241123005,0,1,1,1,1,5,USED
385.366040199,2,8,5,2,3,5,USED
385.460710825,4,7,7,1,1,6,USED
385.486059863,1,0,3,2,2,5,USED
385.655553857,6,8,8,1,1,4,USED
385.759718254,5,7,8,2,3,6,USED
385.958782531,7,3,3,1,1,5,USED
386.203851437,8,5,5,1,1,5,USED
386.226146913,3,0,0,1,1,6,USED
386.241123005,0,6,6,1,1,6,USED
386.366040199,2,6,4,2,2,5,USED
386.460710825,4,2,2,1,1,5,USED
386.486059863,1,3,3,1,1,5,USED
386.655553857,6,8,8,1,1,4,USED
386.759718254,5,7,8,2,3,6,USED
386.958782531,7,0,5,2,2,6,USED
387.203851437,8,5,5,1,1,5,USED
387.226146913,3,1,1,1,1,5,USED
387.241123005,0,7,7,1,1,4,USED
387.366040199,2,4,4,1,1,5,USED
387.460710825,4,5,5,1,1,5,USED
387.486059863,1,2,4,2,2,6,USED
387.655553857,6,4,4,1,1,5,USED
387.759718254,5,4,4,1,1,5,USED
387.958782531,7,6,6,1,2,6,USED
388.203851437,8,2,5,2,2,5,USED
388.226146913,3,4,4,1,1,5,USED
388.241123005,0,8,6,2,2,6,USED
388.366040199,2,4,4,1,1,5,USED
388.460710825,4,8,8,1,1,6,USED
388.486059863,1,7,7,1,1,2,USED
388.655553857,6,3,3,1,1,5,USED
388.759718254,5,1,1,1,2,5,USED
388.958782531,7,1,3,2,2,5,USED
389.203851437,8,1,5,2,3,5,USED
389.226146913,3,0,0,1,1,6,USED
389.241123005,0,7,7,1,1,4,USED
389.366040199,2,4,4,1,1,5,USED
389.460710825,4,1,1,1,1,5,USED
389.486059863,1,4,4,1,1,6,USED
389.655553857,6,4,4,1,1,5,USED
389.759718254,5,6,4,2,2,5,USED
389.958782531,7,1,3,2,2,5,USED
390.203851437,8,3,3,1,1,1,USED
390.226146913,3,0,0,1,1,6,USED
390.241123005,0,1,1,1,1,5,USED
390.366040199,2,5,5,1,2,5,USED
390.460710825,4,0,0,1,1,4,USED
390.486059863,1,4,4,1,1,6,USED
390.655553857,6,0,0,1,1,5,USED
390.759718254,5,8,8,1,2,6,USED
390.958782531,7,8,8,1,2,6,USED
391.203851437,8,4,4,1,1,1,USED
391.226146913,3,4,4,1,1,5,USED
391.241123005,0,3,3,1,1,6,USED
391.366040199,2,4,4,1,1,5,USED
391.460710825,4,6,6,1,1,5,USED
391.486059863,1,3,3,1,1,5,USED
391.655553857,6,2,3,2,2,5,USED
391.759718254,5,3,4,2,2,5,USED
391.958782531,7,6,6,1,2,6,USED
392.203851437,8,4,4,1,1,1,USED
392.226146913,3,4,4,1,1,5,USED
392.241123005,0,6,6,1,1,6,USED
392.366040199,2,4,4,1,1,5,USED
392.460710825,4,7,7,1,1,6,USED
392.486059863,1,7,7,1,1,2,USED
392.655553857,6,0,0,1,1,5,USED
392.759718254,5,7,8,2,3,6,USED
392.958782531,7,0,5,2,2,6,USED
393.203851437,8,7,7,1,1,6,USED
393.226146913,3,5,8,2,3,6,USED
393.241123005,0,5,7,2,2,4,USED
393.366040199,2,6,4,2,2,5,USED
393.460710825,4,8,8,1,1,6,USED
393.486059863,1,0,3,2,2,5,USED
393.655553857,6,5,7,2,2,6,USED
393.759718254,5,8,8,1,2,6,USED
393.958782531,7,3,3,1,1,5,USED
394.203851437,8,7,7,1,1,6,USED
394.226146913,3,8,8,1,2,6,USED
394.241123005,0,4,4,1,1,5,USED
394.366040199,2,8,5,2,3,5,USED
394.460710825,4,5,5,1,1,5,USED
394.486059863,1,7,7,1,1,2,USED
394.655553857,6,4,4,1,1,5,USED
394.759718254,5,3,4,2,2,5,USED
394.958782531,7,3,3,1,1,5,USED
395.203851437,8,6,7,2,3,6,USED
395.226146913,3,2,2,1,1,5,USED
395.241123005,0,1,1,1,1,5,USED
395.366040199,2,6,4,2,2,5,USED
395.460710825,4,6,6,1,1,5,USED
395.486059863,1,6,4,2,2,6,USED
395.655553857,6,5,7,2,2,6,USED
395.759718254,5,6,4,2,2,5,USED
395.958782531,7,3,3,1,1,5,USED
396.203851437,8,7,7,1,1,6,USED
396.226146913,3,4,4,1,1,5,USED
396.241123005,0,1,1,1,1,5,USED
396.366040199,2,5,5,1,2,5,USED
396.460710825,4,1,1,1,1,5,USED
396.486059863,1,0,3,2,2,5,USED
396.655553857,6,2,3,2,2,5,USED
396.759718254,5,4,4,1,1,5,USED
396.958782531,7,3,3,1,1,5,USED
397.203851437,8,3,3,1,1,1,USED
397.226146913,3,2,2,1,1,5,USED
397.241123005,0,3,3,1,1,6,USED
397.366040199,2,4,4,1,1,5,USED
397.460710825,4,8,8,1,1,6,USED
397.486059863,1,4,4,1,1,6,USED
397.655553857,6,8,8,1,1,4,USED
397.759718254,5,0,0,1,1,4,USED
397.958782531,7,3,3,1,1,5,USED
398.203851437,8,3,3,1,1,1,USED
398.226146913,3,6,6,1,2,6,USED
398.241123005,0,1,1,1,1,5,USED
398.366040199,2,0,4,2,2,5,USED
398.460710825,4,8,8,1,1,6,USED
398.486059863,1,6,4,2,2,6,USED
398.655553857,6,7,7,1,1,6,USED
398.759718254,5,8,8,1,2,6,USED
398.958782531,7,1,3,2,2,5,USED
399.203851437,8,3,3,1,1,1,USED
399.226146913,3,2,2,1,1,5,USED
399.241123005,0,6,6,1,1,6,USED
399.366040199,2,1,1,1,1,5,USED
399.460710825,4,5,5,1,1,5,USED
399.486059863,1,4,4,1,1,6,USED
399.655553857,6,4,4,1,1,5,USED
399.759718254,5,1,1,1,2,5,USED
399.958782531,7,0,5,2,2,6,USED
400.203851437,8,6,7,2,3,6,USED
400.226146913,3,5,8,2,3,6,USED
400.241123005,0,3,3,1,1,6,USED
400.366040199,2,0,4,2,2,5,USED
400.460710825,4,5,5,1,1,5,USED
400.486059863,1,0,3,2,2,5,USED
400.655553857,6,1,0,2,2,5,USED
400.759718254,5,2,2,1,1,5,USED
400.958782531,7,3,3,1,1,5,USED
401.203851437,8,1,5,2,3,5,USED
401.226146913,3,0,0,1,1,6,USED
401.241123005,0,3,3,1,1,6,USED
401.366040199,2,1,1,1,1,5,USED
401.460710825,4,5,5,1,1,5,USED
401.486059863,1,4,4,1,1,6,USED
401.655553857,6,1,0,2,2,5,USED
401.759718254,5,6,4,2,2,5,USED
401.958782531,7,8,8,1,2,6,USED
402.203851437,8,4,4,1,1,1,USED
402.226146913,3,8,8,1,2,6,USED
402.241123005,0,7,7,1,1,4,USED
402.366040199,2,0,4,2,2,5,USED
402.460710825,4,1,1,1,1,5,USED
402.486059863,1,2,4,2,2,6,USED
402.655553857,6,3,3,1,1,5,USED
402.759718254,5,0,0,1,1,4,USED
402.958782531,7,1,3,2,2,5,USED
403.203851437,8,0,5,2,2,5,USED
403.226146913,3,5,8,2,3,6,USED
403.241123005,0,8,6,2,2,6,USED
403.366040199,2,3,4,2,2,5,USED
403.460710825,4,7,7,1,1,6,USED
403.486059863,1,2,4,2,2,6,USED
403.655553857,6,0,0,1,1,5,USED
403.759718254,5,1,1,1,2,5,USED
403.958782531,7,4,4,1,1,4,USED
404.203851437,8,2,5,2,2,5,USED
404.226146913,3,0,0,1,1,6,USED
404.241123005,0,5,7,2,2,4,USED
404.366040199,2,5,5,1,2,5,USED
404.460710825,4,7,7,1,1,6,USED
404.486059863,1,8,5,2,4,6,USED
404.655553857,6,5,7,2,2,6,USED
404.759718254,5,7,8,2,3,6,USED
404.958782531,7,2,5,2,2,6,USED
405.203851437,8,3,3,1,1,1,USED
405.226146913,3,0,0,1,1,6,USED
405.241123005,0,5,7,2,2,4,USED
405.366040199,2,7,7,1,1,1,USED
405.460710825,4,1,1,1,1,5,USED
405.486059863,1,5,5,1,2,6,USED
405.655553857,6,5,7,2,2,6,USED
405.759718254,5,0,0,1,1,4,USED
405.958782531,7,3,3,1,1,5,USED
406.203851437,8,1,5,2,3,5,USED
406.226146913,3,7,8,2,3,6,USED
406.241123005,0,3,3,1,1,6,USED
406.366040199,2,5,5,1,2,5,USED
406.460710825,4,5,5,1,1,5,USED
406.486059863,1,7,7,1,1,2,USED
406.655553857,6,1,0,2,2,5,USED
406.759718254,5,8,8,1,2,6,USED
406.958782531,7,4,4,1,1,4,USED
407.203851437,8,2,5,2,2,5,USED
407.226146913,3,6,6,1,2,6,USED
407.241123005,0,3,3,1,1,6,USED
407.366040199,2,7,7,1,1,1,USED
407.460710825,4,7,7,1,1,6,USED
407.486059863,1,8,5,2,4,6,USED
407.655553857,6,4,4,1,1,5,USED
407.759718254,5,4,4,1,1,5,USED
407.958782531,7,6,6,1,2,6,USED
408.203851437,8,6,7,2,3,6,USED
408.226146913,3,6,6,1,2,6,USED
408.241123005,0,1,1,1,1,5,USED
408.366040199,2,5,5,1,2,5,USED
408.460710825,4,2,2,1,1,5,USED
408.486059863,1,0,3,2,2,5,USED
408.655553857,6,4,4,1,1,5,USED
408.759718254,5,2,2,1,1,5,USED
408.958782531,7,5,5,1,1,6,USED
409.203851437,8,1,5,2,3,5,USED
409.226146913,3,2,2,1,1,5,USED
409.241123005,0,1,1,1,1,5,USED
409.366040199,2,1,1,1,1,5,USED
409.460710825,4,5,5,1,1,5,USED
409.486059863,1,2,4,2,2,6,USED
409.655553857,6,3,3,1,1,5,USED
409.759718254,5,3,4,2,2,5,USED
409.958782531,7,1,3,2,2,5,USED
410.203851437,8,4,4,1,1,1,USED
410.226146913,3,7,8,2,3,6,USED
410.241123005,0,6,6,1,1,6,USED
410.366040199,2,1,1,1,1,5,USED
410.460710825,4,1,1,1,1,5,USED
410.486059863,1,6,4,2,2,6,USED
410.655553857,6,7,7,1,1,6,USED
410.759718254,5,1,1,1,2,5,USED
410.958782531,7,4,4,1,1,4,USED
411.203851437,8,3,3,1,1,1,USED
411.226146913,3,1,1,1,1,5,USED
411.241123005,0,1,1,1,1,5,USED
411.366040199,2,8,5,2,3,5,USED
411.460710825,4,3,3,1,1,6,USED
411.486059863,1,8,5,2,4,6,USED
411.655553857,6,7,7,1,1,6,USED
411.759718254,5,0,0,1,1,4,USED
411.958782531,7,8,8,1,2,6,USED
412.203851437,8,3,3,1,1,1,USED
412.226146913,3,5,8,2,3,6,USED
412.241123005,0,8,6,2,2,6,USED
412.366040199,2,1,1,1,1,5,USED
412.460710825,4,1,1,1,1,5,USED
412.486059863,1,7,7,1,1,2,USED
412.655553857,6,5,7,2,2,6,USED
412.759718254,5,3,4,2,2,5,USED
412.958782531,7,5,5,1,1,6,USED
413.203851437,8,3,3,1,1,1,USED
413.226146913,3,8,8,1,2,6,USED
413.241123005,0,5,7,2,2,4,USED
413.366040199,2,8,5,2,3,5,USED
413.460710825,4,5,5,1,1,5,USED
413.486059863,1,5,5,1,2,6,USED
413.655553857,6,5,7,2,2,6,USED
413.759718254,5,6,4,2,2,5,USED
413.958782531,7,4,4,1,1,4,USED
414.203851437,8,0,5,2,2,5,USED
414.226146913,3,7,8,2,3,6,USED
414.241123005,0,6,6,1,1,6,USED
414.366040199,2,5,5,1,2,5,USED
414.460710825,4,2,2,1,1,5,USED
414.486059863,1,3,3,1,1,5,USED
414.655553857,6,4,4,1,1,5,USED
414.759718254,5,3,4,2,2,5,USED
414.958782531,7,0,5,2,2,6,USED
415.203851437,8,1,5,2,3,5,USED
415.226146913,3,0,0,1,1,6,USED
415.241123005,0,5,7,2,2,4,USED
415.366040199,2,1,1,1,1,5,USED
415.460710825,4,5,5,1,1,5,USED
415.486059863,1,5,5,1,2,6,USED
415.655553857,6,1,0,2,2,5,USED
415.759718254,5,6,4,2,2,5,USED
415.958782531,7,2,5,2,2,6,USED
416.203851437,8,3,3,1,1,1,USED
416.226146913,3,8,8,1,2,6,USED
416.241123005,0,2,3,2,2,6,USED
416.366040199,2,7,7,1,1,1,USED
416.460710825,4,5,5,1,1,5,USED
416.486059863,1,8,5,2,4,6,USED
416.655553857,6,5,7,2,2,6,USED
416.759718254,5,6,4,2,2,5,USED
416.958782531,7,3,3,1,1,5,USED
417.203851437,8,0,5,2,2,5,USED
417.226146913,3,1,1,1,1,5,USED
417.241123005,0,3,3,1,1,6,USED
417.366040199,2,1,1,1,1,5,USED
417.460710825,4,5,5,1,1,5,USED
417.486059863,1,0,3,2,2,5,USED
417.655553857,6,8,8,1,1,4,USED
417.759718254,5,2,2,1,1,5,USED
417.958782531,7,4,4,1,1,4,USED
418.203851437,8,2,5,2,2,5,USED
418.226146913,3,5,8,2,3,6,USED
418.241123005,0,1,1,1,1,5,USED
418.366040199,2,3,4,2,2,5,USED
418.460710825,4,3,3,1,1,6,USED
418.486059863,1,5,5,1,2,6,USED
418.655553857,6,0,0,1,1,5,USED
418.759718254,5,8,8,1,2,6,USED
418.958782531,7,0,5,2,2,6,USED
419.203851437,8,0,5,2,2,5,USED
419.226146913,3,4,4,1,1,5,USED
419.241123005,0,2,3,2,2,6,USED
419.366040199,2,3,4,2,2,5,USED
419.460710825,4,6,6,1,1,5,USED
419.486059863,1,6,4,2,2,6,USED
419.655553857,6,2,3,2,2,5,USED
419.759718254,5,8,8,1,2,6,USED
419.958782531,7,8,8,1,2,6,USED
420.203851437,8,4,4,1,1,1,USED
420.226146913,3,6,6,1,2,6,USED
420.241123005,0,2,3,2,2,6,USED
420.366040199,2,0,4,2,2,5,USED
420.460710825,4,0,0,1,1,4,USED
420.486059863,1,7,7,1,1,2,USED
420.655553857,6,2,3,2,2,5,USED
420.759718254,5,3,4,2,2,5,USED
420.958782531,7,8,8,1,2,6,USED
421.203851437,8,2,5,2,2,5,USED
421.226146913,3,5,8,2,3,6,USED
421.241123005,0,8,6,2,2,6,USED
421.366040199,2,8,5,2,3,5,USED
421.460710825,4,0,0,1,1,4,USED
421.486059863,1,4,4,1,1,6,USED
421.655553857,6,1,0,2,2,5,USED
421.759718254,5,4,4,1,1,5,USED
421.958782531,7,6,6,1,2,6,USED
422.203851437,8,0,5,2,2,5,USED
422.226146913,3,7,8,2,3,6,USED
422.241123005,0,8,6,2,2,6,USED
422.366040199,2,1,1,1,1,5,USED
422.460710825,4,3,3,1,1,6,USED
422.486059863,1,5,5,1,2,6,USED
422.655553857,6,1,0,2,2,5,USED
422.759718254,5,1,1,1,2,5,USED
422.958782531,7,4,4,1,1,4,USED
423.203851437,8,0,5,2,2,5,USED
423.226146913,3,7,8,2,3,6,USED
423.241123005,0,1,1,1,1,5,USED
423.366040199,2,5,5,1,2,5,USED
423.460710825,4,7,7,1,1,6,USED
423.486059863,1,2,4,2,2,6,USED
423.655553857,6,0,0,1,1,5,USED
423.759718254,5,2,2,1,1,5,USED
423.958782531,7,1,3,2,2,5,USED
424.203851437,8,7,7,1,1,6,USED
424.226146913,3,2,2,1,1,5,USED
424.241123005,0,3,3,1,1,6,USED
424.366040199,2,5,5,1,2,5,USED
424.460710825,4,0,0,1,1,4,USED
424.486059863,1,7,7,1,1,2,USED
424.655553857,6,8,8,1,1,4,USED
424.759718254,5,0,0,1,1,4,USED
424.958782531,7,6,6,1,2,6,USED
425.203851437,8,0,5,2,2,5,USED
425.226146913,3,6,6,1,2,6,USED
425.241123005,0,2,3,2,2,6,USED
425.366040199,2,3,4,2,2,5,USED
425.460710825,4,6,6,1,1,5,USED
425.486059863,1,5,5,1,2,6,USED
425.655553857,6,7,7,1,1,6,USED
425.759718254,5,3,4,2,2,5,USED
425.958782531,7,6,6,1,2,6,USED
426.203851437,8,0,5,2,2,5,USED
426.226146913,3,2,2,1,1,5,USED
426.241123005,0,7,7,1,1,4,USED
426.366040199,2,6,4,2,2,5,USED
426.460710825,4,0,0,1,1,4,USED
426.486059863,1,7,7,1,1,2,USED
426.655553857,6,2,3,2,2,5,USED
426.759718254,5,2,2,1,1,5,USED
426.958782531,7,1,3,2,2,5,USED
427.203851437,8,6,7,2,3,6,USED
427.226146913,3,5,8,2,3,6,USED
427.241123005,0,2,3,2,2,6,USED
427.366040199,2,1,1,1,1,5,USED
427.460710825,4,5,5,1,1,5,USED
427.486059863,1,6,4,2,2,7,USED
427.655553857,6,1,0,2,2,5,USED
427.759718254,5,1,1,1,2,5,USED
427.958782531,7,0,6,2,2,7,USED
428.203851437,8,3,3,1,1,1,USED
428.226146913,3,7,6,2,2,7,USED
428.241123005,0,4,4,1,1,5,USED
428.366040199,2,7,7,1,1,1,USED
428.460710825,4,0,0,1,1,4,USED
428.486059863,1,4,4,1,1,7,USED
428.655553857,6,0,0,1,1,5,USED
428.759718254,5,6,4,2,2,5,USED
428.958782531,7,4,4,1,1,4,USED
429.203851437,8,0,5,2,2,5,USED
429.226146913,3,1,1,1,1,5,USED
429.241123005,0,2,3,2,2,6,USED
429.366040199,2,1,1,1,1,5,USED
429.460710825,4,5,5,1,1,5,USED
429.486059863,1,3,3,1,1,5,USED
429.655553857,6,0,0,1,1,5,USED
429.759718254,5,4,4,1,1,5,USED
429.958782531,7,3,3,1,1,5,USED
430.203851437,8,7,7,1,1,6,USED
430.226146913,3,6,6,1,1,7,USED
430.241123005,0,5,7,2,2,4,USED
430.366040199,2,8,5,2,3,5,USED
430.460710825,4,6,6,1,1,5,USED
430.486059863,1,7,7,1,1,2,USED
430.655553857,6,2,3,2,2,5,USED
430.759718254,5,8,8,1,1,7,USED
430.958782531,7,8,8,1,1,7,USED
431.203851437,8,5,5,1,1,5,USED
431.226146913,3,5,6,2,3,7,USED
431.241123005,0,4,4,1,1,5,USED
431.366040199,2,6,4,2,2,5,USED
431.460710825,4,6,6,1,1,5,USED
431.486059863,1,3,3,1,1,5,USED
431.655553857,6,3,3,1,1,5,USED
431.759718254,5,8,8,1,1,7,USED
431.958782531,7,1,3,2,2,5,USED
432.203851437,8,2,5,2,2,5,USED
432.226146913,3,2,2,1,1,5,USED
432.241123005,0,5,7,2,2,4,USED
432.366040199,2,4,4,1,1,5,USED
432.460710825,4,5,5,1,1,5,USED
432.486059863,1,8,4,2,2,7,USED
432.655553857,6,8,8,1,1,4,USED
432.759718254,5,6,4,2,2,5,USED
432.958782531,7,6,6,1,1,7,USED
433.203851437,8,6,7,2,3,7,USED
433.226146913,3,1,1,1,1,5,USED
433.241123005,0,8,6,2,2,6,USED
433.366040199,2,4,4,1,1,5,USED
433.460710825,4,5,5,1,1,5,USED
433.486059863,1,0,4,2,2,7,USED
433.655553857,6,5,7,2,2,6,USED
433.759718254,5,1,1,1,2,5,USED
433.958782531,7,1,3,2,2,5,USED
434.203851437,8,2,5,2,2,5,USED
434.226146913,3,0,0,1,1,6,USED
434.241123005,0,5,7,2,2,4,USED
434.366040199,2,0,4,2,2,5,USED
434.460710825,4,1,1,1,1,7,USED
434.486059863,1,0,4,2,2,7,USED
434.655553857,6,3,3,1,1,5,USED
434.759718254,5,1,1,1,2,5,USED
434.958782531,7,8,8,1,1,7,USED
435.203851437,8,2,5,2,2,5,USED
435.226146913,3,8,6,2,2,7,USED
435.241123005,0,7,7,1,1,4,USED
435.366040199,2,8,5,2,3,5,USED
435.460710825,4,1,1,1,1,7,USED
435.486059863,1,8,4,2,2,7,USED
435.655553857,6,7,7,1,1,6,USED
435.759718254,5,7,8,2,2,7,USED
435.958782531,7,1,3,2,2,5,USED
436.203851437,8,6,7,2,3,7,USED
436.226146913,3,2,2,1,1,5,USED
436.241123005,0,4,4,1,1,5,USED
436.366040199,2,0,4,2,2,5,USED
436.460710825,4,5,5,1,1,5,USED
436.486059863,1,2,4,2,2,7,USED
436.655553857,6,4,4,1,1,5,USED
436.759718254,5,0,0,1,1,4,USED
436.958782531,7,0,6,2,2,7,USED
437.203851437,8,6,7,2,3,7,USED
437.226146913,3,8,6,2,2,7,USED
437.241123005,0,7,7,1,1,4,USED
437.366040199,2,4,4,1,1,5,USED
437.460710825,4,3,3,1,1,6,USED
437.486059863,1,3,3,1,1,5,USED
437.655553857,6,5,7,2,2,6,USED
437.759718254,5,2,2,1,1,5,USED
437.958782531,7,4,4,1,1,4,USED
438.203851437,8,5,5,1,1,5,USED
438.226146913,3,0,0,1,1,6,USED
438.241123005,0,5,7,2,2,4,USED
438.366040199,2,3,4,2,2,5,USED
438.460710825,4,6,6,1,1,5,USED
438.486059863,1,2,4,2,2,7,USED
438.655553857,6,8,8,1,1,4,USED
438.759718254,5,6,4,2,2,5,USED
438.958782531,7,4,4,1,1,4,USED
439.203851437,8,7,7,1,2,7,USED
439.226146913,3,5,6,2,3,7,USED
439.241123005,0,3,3,1,2,7,USED
439.366040199,2,4,4,1,1,5,USED
439.460710825,4,6,6,1,1,5,USED
439.486059863,1,4,4,1,1,7,USED
439.655553857,6,8,8,1,1,4,USED
439.759718254,5,7,8,2,2,7,USED
439.958782531,7,6,6,1,1,7,USED
440.203851437,8,2,5,2,2,5,USED
440.226146913,3,6,6,1,1,7,USED
440.241123005,0,7,7,1,1,4,USED
440.366040199,2,8,5,2,3,5,USED
440.460710825,4,2,2,1,1,5,USED
440.486059863,1,2,4,2,2,7,USED
440.655553857,6,1,0,2,2,5,USED
440.759718254,5,0,0,1,1,4,USED
440.958782531,7,6,6,1,1,7,USED
441.203851437,8,1,5,2,3,5,USED
441.226146913,3,5,6,2,3,7,USED
441.241123005,0,2,3,2,3,7,USED
441.366040199,2,3,4,2,2,5,USED
441.460710825,4,5,5,1,1,5,USED
441.486059863,1,7,7,1,1,2,USED
441.655553857,6,2,3,2,2,5,USED
441.759718254,5,8,8,1,1,7,USED
441.958782531,7,5,5,1,1,6,USED
442.203851437,8,6,7,2,3,7,USED
442.226146913,3,1,1,1,1,5,USED
442.241123005,0,2,3,2,3,7,USED
442.366040199,2,5,5,1,2,5,USED
442.460710825,4,8,8,1,1,6,USED
442.486059863,1,3,3,1,1,5,USED
442.655553857,6,1,0,2,2,5,USED
442.759718254,5,3,8,2,2,7,USED
442.958782531,7,5,5,1,1,6,USED
443.203851437,8,1,5,2,3,5,USED
443.226146913,3,0,0,1,1,6,USED
443.241123005,0,4,4,1,1,5,USED
443.366040199,2,4,4,1,1,5,USED
443.460710825,4,8,8,1,1,6,USED
443.486059863,1,7,7,1,1,2,USED
443.655553857,6,2,3,2,2,5,USED
443.759718254,5,0,0,1,1,4,USED
443.958782531,7,5,5,1,1,6,USED
444.203851437,8,7,7,1,2,7,USED
444.226146913,3,1,1,1,1,5,USED
444.241123005,0,5,7,2,2,4,USED
444.366040199,2,7,7,1,1,1,USED
444.460710825,4,8,8,1,1,6,USED
444.486059863,1,3,3,1,1,5,USED
444.655553857,6,2,3,2,2,5,USED
444.759718254,5,0,0,1,1,4,USED
444.958782531,7,8,8,1,1,7,USED
445.203851437,8,1,5,2,3,5,USED
445.226146913,3,4,4,1,1,5,USED
445.241123005,0,6,6,1,1,6,USED
445.366040199,2,8,5,2,3,5,USED
445.460710825,4,7,7,1,1,7,USED
445.486059863,1,7,7,1,1,2,USED
445.655553857,6,8,8,1,1,4,USED
445.759718254,5,8,8,1,1,7,USED
445.958782531,7,6,6,1,1,7,USED
446.203851437,8,5,5,1,1,5,USED
446.226146913,3,5,6,2,3,7,USED
446.241123005,0,2,3,2,3,7,USED
446.366040199,2,1,1,1,1,5,USED
446.460710825,4,8,8,1,1,6,USED
446.486059863,1,2,4,2,2,7,USED
446.655553857,6,5,7,2,2,6,USED
446.759718254,5,1,1,1,2,5,USED
446.958782531,7,3,3,1,1,5,USED
447.203851437,8,4,4,1,1,1,USED
447.226146913,3,0,0,1,1,6,USED
447.241123005,0,8,6,2,2,6,USED
447.366040199,2,3,4,2,2,5,USED
447.460710825,4,3,3,1,1,6,USED
447.486059863,1,2,4,2,2,7,USED
447.655553857,6,5,7,2,2,6,USED
447.759718254,5,3,8,2,2,7,USED
447.958782531,7,0,6,2,2,7,USED
448.203851437,8,7,7,1,2,7,USED
448.226146913,3,6,6,1,1,7,USED
448.241123005,0,5,7,2,2,4,USED
448.366040199,2,1,1,1,1,5,USED
448.460710825,4,2,2,1,1,5,USED
448.486059863,1,4,4,1,1,7,USED
448.655553857,6,0,0,1,1,5,USED
448.759718254,5,2,2,1,1,5,USED
448.958782531,7,6,6,1,1,7,USED
449.203851437,8,4,4,1,1,1,USED
449.226146913,3,5,6,2,3,7,USED
449.241123005,0,1,1,1,1,7,USED
449.366040199,2,6,4,2,2,5,USED
449.460710825,4,0,0,1,1,4,USED
449.486059863,1,2,4,2,2,7,USED
449.655553857,6,2,3,2,2,5,USED
449.759718254,5,7,8,2,2,7,USED
449.958782531,7,1,3,2,2,5,USED
450.203851437,8,3,3,1,1,1,USED
450.226146913,3,5,6,2,3,7,USED
450.241123005,0,2,3,2,3,7,USED
450.366040199,2,0,4,2,2,5,USED
450.460710825,4,2,2,1,1,5,USED
450.486059863,1,4,4,1,1,7,USED
450.655553857,6,1,0,2,2,5,USED
450.759718254,5,1,1,1,2,5,USED
450.958782531,7,3,3,1,1,5,USED
451.203851437,8,1,5,2,3,5,USED
451.226146913,3,8,6,2,2,7,USED
451.241123005,0,6,6,1,1,6,USED
451.366040199,2,3,4,2,2,5,USED
451.460710825,4,6,6,1,1,5,USED
451.486059863,1,8,4,2,2,7,USED
451.655553857,6,5,7,2,2,6,USED
451.759718254,5,3,8,2,2,7,USED
451.958782531,7,0,6,2,2,7,USED
452.203851437,8,0,5,2,2,5,USED
452.226146913,3,0,0,1,1,6,USED
452.241123005,0,3,3,1,2,7,USED
452.366040199,2,1,1,1,1,5,USED
452.460710825,4,2,2,1,1,5,USED
452.486059863,1,5,4,2,2,7,USED
452.655553857,6,7,7,1,1,6,USED
452.759718254,5,1,1,1,2,5,USED
452.958782531,7,3,3,1,1,5,USED
453.203851437,8,3,3,1,1,1,USED
453.226146913,3,4,4,1,1,5,USED
453.241123005,0,4,4,1,1,5,USED
453.366040199,2,7,7,1,1,1,USED
453.460710825,4,5,5,1,1,5,USED
453.486059863,1,2,4,2,2,7,USED
453.655553857,6,3,3,1,1,5,USED
453.759718254,5,0,0,1,1,4,USED
453.958782531,7,5,5,1,1,6,USED
454.203851437,8,1,5,2,3,5,USED
454.226146913,3,4,4,1,1,5,USED
454.241123005,0,6,6,1,1,6,USED
454.366040199,2,1,1,1,1,5,USED
454.460710825,4,7,7,1,1,7,USED
454.486059863,1,3,3,1,1,5,USED
454.655553857,6,3,3,1,1,5,USED
454.759718254,5,3,8,2,2,7,USED
454.958782531,7,5,5,1,1,6,USED
455.203851437,8,3,3,1,1,1,USED
455.226146913,3,6,6,1,1,7,USED
455.241123005,0,3,3,1,2,7,USED
455.366040199,2,3,4,2,2,5,USED
455.460710825,4,7,7,1,1,7,USED
455.486059863,1,3,3,1,1,5,USED
455.655553857,6,7,7,1,1,6,USED
455.759718254,5,0,0,1,1,4,USED
455.958782531,7,4,4,1,1,4,USED
456.203851437,8,6,7,2,3,7,USED
456.226146913,3,4,4,1,1,5,USED
456.241123005,0,8,6,2,2,6,USED
456.366040199,2,1,1,1,1,5,USED
456.460710825,4,0,0,1,1,4,USED
456.486059863,1,3,3,1,1,5,USED
456.655553857,6,8,8,1,1,4,USED
456.759718254,5,4,4,1,1,5,USED
456.958782531,7,4,4,1,1,4,USED
457.203851437,8,6,7,2,3,7,USED
457.226146913,3,5,6,2,3,7,USED
457.241123005,0,7,7,1,1,4,USED
457.366040199,2,5,5,1,2,5,USED
457.460710825,4,1,1,1,1,7,USED
457.486059863,1,3,3,1,1,5,USED
457.655553857,6,0,0,1,1,5,USED
457.759718254,5,2,2,1,1,5,USED
457.958782531,7,2,5,2,2,6,USED
458.203851437,8,2,5,2,2,5,USED
458.226146913,3,6,6,1,1,7,USED
458.241123005,0,5,7,2,2,4,USED
458.366040199,2,4,4,1,1,5,USED
458.460710825,4,6,6,1,1,5,USED
458.486059863,1,0,4,2,2,7,USED
458.655553857,6,7,7,1,1,6,USED
458.759718254,5,8,8,1,1,7,USED
458.958782531,7,5,5,1,1,6,USED
459.203851437,8,5,5,1,1,5,USED
459.226146913,3,5,6,2,3,7,USED
459.241123005,0,2,3,2,3,7,USED
459.366040199,2,0,4,2,2,5,USED
459.460710825,4,3,3,1,1,6,USED
459.486059863,1,5,4,2,2,7,USED
459.655553857,6,1,0,2,2,5,USED
459.759718254,5,2,2,1,1,5,USED
459.958782531,7,4,4,1,1,4,USED
460.203851437,8,0,5,2,2,5,USED
460.226146913,3,7,6,2,2,7,USED
460.241123005,0,3,3,1,2,7,USED
460.366040199,2,4,4,1,1,5,USED
460.460710825,4,1,1,1,1,7,USED
460.486059863,1,8,4,2,2,7,USED
460.655553857,6,8,8,1,1,4,USED
460.759718254,5,8,8,1,1,7,USED
460.958782531,7,1,3,2,2,5,USED
461.203851437,8,5,5,1,1,5,USED
461.226146913,3,8,6,2,2,7,USED
461.241123005,0,6,6,1,1,6,USED
461.366040199,2,8,5,2,3,5,USED
461.460710825,4,5,5,1,1,5,USED
461.486059863,1,4,4,1,1,7,USED
461.655553857,6,3,3,1,1,5,USED
461.759718254,5,1,1,1,2,5,USED
461.958782531,7,2,5,2,2,6,USED
462.203851437,8,7,7,1,2,7,USED
462.226146913,3,5,6,2,3,7,USED
462.241123005,0,8,6,2,2,6,USED
462.366040199,2,0,4,2,2,5,USED
462.460710825,4,3,3,1,1,6,USED
462.486059863,1,5,4,2,2,7,USED
462.655553857,6,4,4,1,1,5,USED
462.759718254,5,1,1,1,2,5,USED
462.958782531,7,0,6,2,2,7,USED
463.203851437,8,1,5,2,3,5,USED
463.226146913,3,8,6,2,2,7,USED
463.241123005,0,7,7,1,1,4,USED
463.366040199,2,0,4,2,2,5,USED
463.460710825,4,5,5,1,1,5,USED
463.486059863,1,5,4,2,2,7,USED
463.655553857,6,0,0,1,1,5,USED
463.759718254,5,8,8,1,1,7,USED
463.958782531,7,6,6,1,1,7,USED
464.203851437,8,5,5,1,1,5,USED
464.226146913,3,7,6,2,2,7,USED
464.241123005,0,1,1,1,1,7,USED
464.366040199,2,6,4,2,2,5,USED
464.460710825,4,6,6,1,1,5,USED
464.486059863,1,5,4,2,2,7,USED
464.655553857,6,8,8,1,1,4,USED
464.759718254,5,6,4,2,2,5,USED
464.958782531,7,2,5,2,2,6,USED
465.203851437,8,4,4,1,1,1,USED
465.226146913,3,2,2,1,1,5,USED
465.241123005,0,5,7,2,2,4,USED
465.366040199,2,7,7,1,1,1,USED
465.460710825,4,0,0,1,1,4,USED
465.486059863,1,8,4,2,2,7,USED
465.655553857,6,1,0,2,2,5,USED
465.759718254,5,7,8,2,2,7,USED
465.958782531,7,5,5,1,1,6,USED
466.203851437,8,2,5,2,2,5,USED
466.226146913,3,4,4,1,1,5,USED
466.241123005,0,8,6,2,2,6,USED
466.366040199,2,1,1,1,1,5,USED
466.460710825,4,0,0,1,1,4,USED
466.486059863,1,2,4,2,2,7,USED
466.655553857,6,0,0,1,1,5,USED
466.759718254,5,4,4,1,1,5,USED
466.958782531,7,6,6,1,1,7,USED
467.203851437,8,5,5,1,1,5,USED
467.226146913,3,4,4,1,1,5,USED
467.241123005,0,8,6,2,2,6,USED
467.366040199,2,6,4,2,2,5,USED
467.460710825,4,1,1,1,1,7,USED
467.486059863,1,4,4,1,1,7,USED
467.655553857,6,5,7,2,2,6,USED
467.759718254,5,1,1,1,2,5,USED
467.958782531,7,0,6,2,2,7,USED
468.203851437,8,1,5,2,3,5,USED
468.226146913,3,0,0,1,1,6,USED
468.241123005,0,5,7,2,2,4,USED
468.366040199,2,6,4,2,2,5,USED
468.460710825,4,7,7,1,1,7,USED
468.486059863,1,4,4,1,1,7,USED
468.655553857,6,0,0,1,1,5,USED
468.759718254,5,6,4,2,2,5,USED
468.958782531,7,2,5,2,2,6,USED
469.203851437,8,1,5,2,3,5,USED
469.226146913,3,0,0,1,1,6,USED
469.241123005,0,2,3,2,3,7,USED
469.366040199,2,6,4,2,2,5,USED
469.460710825,4,2,2,1,1,5,USED
469.486059863,1,6,4,2,2,7,USED
469.655553857,6,2,3,2,2,5,USED
469.759718254,5,3,8,2,2,7,USED
469.958782531,7,2,5,2,2,6,USED
470.203851437,8,5,5,1,1,5,USED
470.226146913,3,4,4,1,1,5,USED
470.241123005,0,8,6,2,2,6,USED
470.366040199,2,3,4,2,2,5,USED
470.460710825,4,7,7,1,1,7,USED
470.486059863,1,5,4,2,2,7,USED
470.655553857,6,1,0,2,2,5,USED
470.759718254,5,8,8,1,1,7,USED
470.958782531,7,2,5,2,2,6,USED
471.203851437,8,5,5,1,1,5,USED
471.226146913,3,1,1,1,1,5,USED
471.241123005,0,1,1,1,1,7,USED
471.366040199,2,5,5,1,2,5,USED
471.460710825,4,1,1,1,1,7,USED
471.486059863,1,2,4,2,2,7,USED
471.655553857,6,8,8,1,1,4,USED
471.759718254,5,6,4,2,2,5,USED
471.958782531,7,0,6,2,2,7,USED
472.203851437,8,0,5,2,2,5,USED
472.226146913,3,7,6,2,2,7,USED
472.241123005,0,3,3,1,2,7,USED
472.366040199,2,7,7,1,1,1,USED
472.460710825,4,7,7,1,1,7,USED
472.486059863,1,8,4,2,2,7,USED
472.655553857,6,8,8,1,1,4,USED
472.759718254,5,7,8,2,2,7,USED
472.958782531,7,3,3,1,1,5,USED
473.203851437,8,3,3,1,1,1,USED
473.226146913,3,1,1,1,1,5,USED
473.241123005,0,3,3,1,2,7,USED
473.366040199,2,7,7,1,1,1,USED
473.460710825,4,3,3,1,1,6,USED
473.486059863,1,0,4,2,2,7,USED
473.655553857,6,7,7,1,1,6,USED
473.759718254,5,1,1,1,2,5,USED
473.958782531,7,1,3,2,2,5,USED
474.203851437,8,4,4,1,1,1,USED
474.226146913,3,6,6,1,1,7,USED
474.241123005,0,5,7,2,2,4,USED
474.366040199,2,0,4,2,2,5,USED
474.460710825,4,5,5,1,1,5,USED
474.486059863,1,7,7,1,1,2,USED
474.655553857,6,3,3,1,1,5,USED
474.759718254,5,4,4,1,1,5,USED
474.958782531,7,1,3,2,2,5,USED
475.203851437,8,7,7,1,2,7,USED
475.226146913,3,0,0,1,1,6,USED
475.241123005,0,4,4,1,1,5,USED
475.366040199,2,8,5,2,3,5,USED
475.460710825,4,5,5,1,1,5,USED
475.486059863,1,2,4,2,2,7,USED
475.655553857,6,1,0,2,2,5,USED
475.759718254,5,3,8,2,2,7,USED
475.958782531,7,4,4,1,1,4,USED
476.203851437,8,3,3,1,1,1,USED
476.226146913,3,0,0,1,1,6,USED
476.241123005,0,1,1,1,1,7,USED
476.366040199,2,3,4,2,2,5,USED
476.460710825,4,1,1,1,1,7,USED
476.486059863,1,8,4,2,2,7,USED
476.655553857,6,1,0,2,2,5,USED
476.759718254,5,8,8,1,1,7,USED
476.958782531,7,2,5,2,2,6,USED
477.203851437,8,7,7,1,2,7,USED
477.226146913,3,5,6,2,3,7,USED
477.241123005,0,8,6,2,2,6,USED
477.366040199,2,1,1,1,1,5,USED
477.460710825,4,7,7,1,1,7,USED
477.486059863,1,0,4,2,2,7,USED
477.655553857,6,2,3,2,2,5,USED
477.759718254,5,6,4,2,2,5,USED
477.958782531,7,0,6,2,2,7,USED
478.203851437,8,3,3,1,1,1,USED
478.226146913,3,8,6,2,2,7,USED
478.241123005,0,2,3,2,3,7,USED
478.366040199,2,4,4,1,1,5,USED
478.460710825,4,6,6,1,1,5,USED
478.486059863,1,7,7,1,1,2,USED
478.655553857,6,2,3,2,2,5,USED
478.759718254,5,3,8,2,2,7,USED
478.958782531,7,5,5,1,1,6,USED
479.203851437,8,0,5,2,2,5,USED
479.226146913,3,2,2,1,1,5,USED
479.241123005,0,1,1,1,1,7,USED
479.366040199,2,3,4,2,2,5,USED
479.460710825,4,7,7,1,1,7,USED
479.486059863,1,3,3,1,1,5,USED
479.655553857,6,0,0,1,1,5,USED
479.759718254,5,6,4,2,2,5,USED
479.958782531,7,5,5,1,1,6,USED
480.203851437,8,0,5,2,2,5,USED
480.226146913,3,2,2,1,1,5,USED
480.241123005,0,1,1,1,1,7,USED
480.366040199,2,3,4,2,2,5,USED
480.460710825,4,3,3,1,1,6,USED
480.486059863,1,8,4,2,2,7,USED
480.655553857,6,3,3,1,1,5,USED
480.759718254,5,2,2,1,1,5,USED
480.958782531,7,3,3,1,1,5,USED
481.203851437,8,0,5,2,2,5,USED
481.226146913,3,4,4,1,1,5,USED
481.241123005,0,1,1,1,1,7,USED
481.366040199,2,3,4,2,2,5,USED
481.460710825,4,6,6,1,1,5,USED
481.486059863,1,6,4,2,2,7,USED
481.655553857,6,7,7,1,1,6,USED
481.759718254,5,8,8,1,1,7,USED
481.958782531,7,0,6,2,2,7,USED
482.203851437,8,7,7,1,2,7,USED
482.226146913,3,6,6,1,1,7,USED
482.241123005,0,1,1,1,1,7,USED
482.366040199,2,4,4,1,1,5,USED
482.460710825,4,3,3,1,1,6,USED
482.486059863,1,7,7,1,1,2,USED
482.655553857,6,2,3,2,2,5,USED
482.759718254,5,4,4,1,1,5,USED
482.958782531,7,0,6,2,2,7,USED
483.203851437,8,7,7,1,2,7,USED
483.226146913,3,8,6,2,2,7,USED
483.241123005,0,1,1,1,1,7,USED
483.366040199,2,5,5,1,2,5,USED
483.460710825,4,7,7,1,1,7,USED
483.486059863,1,5,4,2,2,7,USED
483.655553857,6,3,3,1,1,5,USED
483.759718254,5,3,8,2,2,7,USED
483.958782531,7,4,4,1,1,4,USED
484.203851437,8,5,5,1,1,5,USED
484.226146913,3,8,6,2,2,7,USED
484.241123005,0,7,7,1,1,4,USED
484.366040199,2,7,7,1,1,1,USED
484.460710825,4,1,1,1,1,7,USED
484.486059863,1,6,4,2,2,7,USED
484.655553857,6,7,7,1,1,6,USED
484.759718254,5,6,4,2,2,5,USED
484.958782531,7,6,6,1,1,7,USED
485.203851437,8,4,4,1,1,1,USED
485.226146913,3,0,0,1,1,6,USED
485.241123005,0,5,7,2,2,4,USED
485.366040199,2,5,5,1,2,5,USED
485.460710825,4,5,5,1,1,5,USED
485.486059863,1,3,3,1,1,5,USED
485.655553857,6,2,3,2,2,5,USED
485.759718254,5,8,8,1,1,7,USED
485.958782531,7,3,3,1,1,5,USED
486.203851437,8,5,5,1,1,5,USED
486.226146913,3,5,6,2,3,7,USED
486.241123005,0,6,6,1,1,6,USED
486.366040199,2,5,5,1,2,5,USED
486.460710825,4,1,1,1,1,7,USED
486.486059863,1,4,4,1,1,8,USED
486.655553857,6,8,8,1,1,4,USED
486.759718254,5,6,4,2,2,5,USED
486.958782531,7,6,6,1,1,7,USED
487.203851437,8,1,5,2,3,5,USED
487.226146913,3,0,0,1,1,6,USED
487.241123005,0,2,3,2,3,7,USED
487.366040199,2,6,4,2,2,5,USED
487.460710825,4,8,8,1,1,6,USED
487.486059863,1,8,4,2,2,8,USED
487.655553857,6,2,3,2,2,5,USED
487.759718254,5,3,8,2,2,7,USED
487.958782531,7,4,4,1,1,4,USED
488.203851437,8,1,5,2,3,5,USED
488.226146913,3,2,2,1,1,5,USED
488.241123005,0,8,6,2,2,6,USED
488.366040199,2,5,5,1,2,5,USED
488.460710825,4,2,2,1,1,5,USED
488.486059863,1,0,4,2,2,8,USED
488.655553857,6,5,7,2,2,6,USED
488.759718254,5,8,8,1,1,7,USED
488.958782531,7,8,8,1,1,7,USED
489.203851437,8,2,5,2,2,5,USED
489.226146913,3,4,4,1,1,5,USED
489.241123005,0,2,3,2,3,7,USED
489.366040199,2,1,1,1,1,8,USED
489.460710825,4,8,8,1,1,6,USED
489.486059863,1,2,4,2,2,8,USED
489.655553857,6,4,4,1,1,5,USED
489.759718254,5,7,8,2,2,7,USED
489.958782531,7,4,4,1,1,4,USED
490.203851437,8,3,3,1,1,1,USED
490.226146913,3,4,4,1,1,5,USED
490.241123005,0,2,3,2,3,7,USED
490.366040199,2,4,4,1,1,5,USED
490.460710825,4,3,3,1,1,6,USED
490.486059863,1,3,3,1,1,5,USED
490.655553857,6,4,4,1,1,5,USED
490.759718254,5,4,4,1,1,5,USED
490.958782531,7,6,6,1,1,8,USED
491.203851437,8,6,7,2,3,7,USED
491.226146913,3,5,6,2,3,8,USED
491.241123005,0,5,7,2,2,4,USED
491.366040199,2,3,4,2,2,5,USED
491.460710825,4,6,6,1,1,5,USED
491.486059863,1,5,4,2,2,8,USED
491.655553857,6,3,3,1,1,5,USED
491.759718254,5,6,4,2,2,5,USED
491.958782531,7,2,5,2,2,8,USED
492.203851437,8,4,4,1,1,1,USED
492.226146913,3,7,6,2,2,8,USED
492.241123005,0,7,7,1,1,4,USED
492.366040199,2,7,7,1,1,1,USED
492.460710825,4,0,0,1,1,4,USED
492.486059863,1,6,4,2,2,8,USED
492.655553857,6,0,0,1,1,8,USED
492.759718254,5,7,8,2,2,7,USED
492.958782531,7,2,5,2,2,8,USED
493.203851437,8,4,4,1,1,1,USED
493.226146913,3,4,4,1,1,5,USED
493.241123005,0,2,3,2,2,8,USED
493.366040199,2,8,5,2,2,8,USED
493.460710825,4,1,1,1,1,7,USED
493.486059863,1,3,3,1,1,5,USED
493.655553857,6,0,0,1,1,8,USED
493.759718254,5,7,8,2,2,7,USED
493.958782531,7,8,8,1,1,7,USED
494.203851437,8,6,7,2,2,8,USED
494.226146913,3,8,6,2,2,8,USED
494.241123005,0,2,3,2,2,8,USED
494.366040199,2,4,4,1,1,5,USED
494.460710825,4,8,8,1,1,6,USED
494.486059863,1,6,4,2,2,8,USED
494.655553857,6,2,3,2,2,5,USED
494.759718254,5,3,8,2,2,7,USED
494.958782531,7,2,5,2,2,8,USED
495.203851437,8,4,4,1,1,1,USED
495.226146913,3,1,1,1,1,5,USED
495.241123005,0,3,3,1,1,8,USED
495.366040199,2,8,5,2,2,8,USED
495.460710825,4,8,8,1,1,6,USED
495.486059863,1,0,4,2,2,8,USED
495.655553857,6,7,7,1,1,8,USED
495.759718254,5,1,1,1,2,5,USED
495.958782531,7,2,5,2,2,8,USED
496.203851437,8,2,5,2,2,5,USED
496.226146913,3,5,6,2,3,8,USED
496.241123005,0,8,6,2,2,6,USED
496.366040199,2,0,5,2,2,8,USED
496.460710825,4,6,6,1,1,5,USED
496.486059863,1,3,3,1,1,5,USED
496.655553857,6,3,3,1,1,5,USED
496.759718254,5,7,8,2,2,7,USED
496.958782531,7,4,4,1,1,4,USED
497.203851437,8,2,5,2,2,5,USED
497.226146913,3,0,0,1,1,6,USED
497.241123005,0,8,6,2,2,6,USED
497.366040199,2,6,4,2,2,5,USED
497.460710825,4,5,5,1,1,8,USED
497.486059863,1,5,4,2,2,8,USED
497.655553857,6,0,0,1,1,8,USED
497.759718254,5,4,4,1,1,5,USED
497.958782531,7,6,6,1,1,8,USED
498.203851437,8,7,7,1,1,8,USED
498.226146913,3,0,0,1,1,6,USED
498.241123005,0,5,7,2,2,4,USED
498.366040199,2,6,4,2,2,5,USED
498.460710825,4,8,8,1,1,6,USED
498.486059863,1,3,3,1,1,5,USED
498.655553857,6,2,3,2,2,5,USED
498.759718254,5,3,8,2,2,7,USED
498.958782531,7,4,4,1,1,4,USED
499.203851437,8,5,5,1,1,5,USED
499.226146913,3,4,4,1,1,5,USED
499.241123005,0,4,4,1,1,5,USED
499.366040199,2,3,4,2,2,5,USED
499.460710825,4,0,0,1,1,4,USED
499.486059863,1,8,4,2,2,8,USED
499.655553857,6,0,0,1,1,8,USED
499.759718254,5,6,4,2,2,5,USED
499.958782531,7,6,6,1,1,8,USED
500.203851437,8,5,5,1,1,5,USED
500.226146913,3,5,6,2,3,8,USED
500.241123005,0,7,7,1,1,4,USED
500.366040199,2,7,7,1,1,1,USED
500.460710825,4,7,7,1,1,7,USED
500.486059863,1,6,4,2,2,8,USED
500.655553857,6,5,7,2,2,8,USED
500.759718254,5,3,8,2,2,7,USED
500.958782531,7,8,8,1,1,7,USED
501.203851437,8,5,5,1,1,5,USED
501.226146913,3,5,6,2,3,8,USED
501.241123005,0,7,7,1,1,4,USED
501.366040199,2,0,5,2,2,8,USED
501.460710825,4,0,0,1,1,4,USED
501.486059863,1,6,4,2,2,8,USED
501.655553857,6,3,3,1,1,5,USED
501.759718254,5,8,8,1,1,7,USED
501.958782531,7,4,4,1,1,4,USED
502.203851437,8,7,7,1,1,8,USED
502.226146913,3,8,6,2,2,8,USED
502.241123005,0,4,4,1,1,5,USED
502.366040199,2,5,5,1,1,8,USED
502.460710825,4,3,3,1,1,6,USED
502.486059863,1,6,4,2,2,8,USED
502.655553857,6,0,0,1,1,8,USED
502.759718254,5,7,8,2,2,7,USED
502.958782531,7,4,4,1,1,4,USED
503.203851437,8,1,5,2,3,5,USED
503.226146913,3,2,2,1,1,5,USED
503.241123005,0,3,3,1,1,8,USED
503.366040199,2,3,4,2,2,5,USED
503.460710825,4,3,3,1,1,6,USED
503.486059863,1,4,4,1,1,8,USED
503.655553857,6,2,3,2,2,5,USED
503.759718254,5,7,8,2,2,7,USED
503.958782531,7,1,3,2,2,5,USED
504.203851437,8,3,3,1,1,1,USED
504.226146913,3,6,6,1,1,8,USED
504.241123005,0,4,4,1,1,5,USED
504.366040199,2,8,5,2,2,8,USED
504.460710825,4,5,5,1,1,8,USED
504.486059863,1,2,4,2,2,8,USED
504.655553857,6,1,0,2,2,8,USED
504.759718254,5,1,1,1,2,5,USED
504.958782531,7,2,5,2,2,8,USED
505.203851437,8,4,4,1,1,1,USED
505.226146913,3,1,1,1,1,5,USED
505.241123005,0,2,3,2,2,8,USED
505.366040199,2,3,4,2,2,5,USED
505.460710825,4,3,3,1,1,6,USED
505.486059863,1,0,4,2,2,8,USED
505.655553857,6,1,0,2,2,8,USED
505.759718254,5,1,1,1,2,5,USED
505.958782531,7,1,3,2,2,5,USED
506.203851437,8,4,4,1,1,1,USED
506.226146913,3,0,0,1,1,6,USED
506.241123005,0,1,1,1,1,7,USED
506.366040199,2,5,5,1,1,8,USED
506.460710825,4,3,3,1,1,6,USED
506.486059863,1,3,3,1,1,5,USED
506.655553857,6,2,3,2,2,5,USED
506.759718254,5,6,4,2,2,5,USED
506.958782531,7,1,3,2,2,5,USED
507.203851437,8,2,5,2,2,5,USED
507.226146913,3,0,0,1,1,6,USED
507.241123005,0,4,4,1,1,5,USED
507.366040199,2,3,4,2,2,5,USED
507.460710825,4,7,7,1,1,7,USED
507.486059863,1,5,4,2,2,8,USED
507.655553857,6,0,0,1,1,8,USED
507.759718254,5,8,8,1,1,7,USED
507.958782531,7,1,3,2,2,5,USED
508.203851437,8,4,4,1,1,1,USED
508.226146913,3,7,6,2,2,8,USED
508.241123005,0,8,6,2,2,6,USED
508.366040199,2,3,4,2,2,5,USED
508.460710825,4,1,1,1,1,7,USED
508.486059863,1,3,3,1,1,5,USED
508.655553857,6,7,7,1,1,8,USED
508.759718254,5,3,8,2,2,7,USED
508.958782531,7,2,5,2,2,8,USED
509.203851437,8,5,5,1,1,5,USED
509.226146913,3,7,6,2,2,8,USED
509.241123005,0,4,4,1,1,5,USED
509.366040199,2,4,4,1,1,5,USED
509.460710825,4,8,8,1,1,6,USED
509.486059863,1,4,4,1,1,8,USED
509.655553857,6,3,3,1,1,5,USED
509.759718254,5,0,0,1,1,4,USED
509.958782531,7,4,4,1,1,4,USED
510.203851437,8,5,5,1,1,5,USED
510.226146913,3,0,0,1,1,6,USED
510.241123005,0,5,7,2,2,4,USED
510.366040199,2,3,4,2,2,5,USED
510.460710825,4,0,0,1,1,4,USED
510.486059863,1,6,4,2,2,8,USED
510.655553857,6,8,8,1,1,4,USED
510.759718254,5,6,4,2,2,5,USED
510.958782531,7,4,4,1,1,4,USED
511.203851437,8,3,3,1,1,1,USED
511.226146913,3,8,6,2,2,8,USED
511.241123005,0,4,4,1,1,5,USED
511.366040199,2,1,1,1,1,8,USED
511.460710825,4,3,3,1,1,6,USED
511.486059863,1,4,4,1,1,8,USED
511.655553857,6,3,3,1,1,5,USED
511.759718254,5,7,8,2,2,7,USED
511.958782531,7,0,6,2,2,8,USED
512.203851437,8,6,7,2,2,8,USED
512.226146913,3,5,6,2,3,8,USED
512.241123005,0,2,3,2,2,8,USED
512.366040199,2,3,4,2,2,5,USED
512.460710825,4,3,3,1,1,6,USED
512.486059863,1,4,4,1,1,8,USED
512.655553857,6,4,4,1,1,5,USED
512.759718254,5,7,8,2,2,7,USED
512.958782531,7,6,6,1,1,8,USED
513.203851437,8,0,5,2,2,5,USED
513.226146913,3,1,1,1,1,5,USED
513.241123005,0,4,4,1,1,5,USED
513.366040199,2,5,5,1,1,8,USED
513.460710825,4,7,7,1,1,7,USED
513.486059863,1,6,4,2,2,8,USED
513.655553857,6,3,3,1,1,5,USED
513.759718254,5,2,2,1,1,5,USED
513.958782531,7,4,4,1,1,4,USED
514.203851437,8,7,7,1,1,8,USED
514.226146913,3,2,2,1,1,5,USED
514.241123005,0,2,3,2,2,8,USED
514.366040199,2,5,5,1,1,8,USED
514.460710825,4,8,8,1,1,6,USED
514.486059863,1,7,7,1,1,2,USED
514.655553857,6,2,3,2,2,5,USED
514.759718254,5,1,1,1,2,5,USED
514.958782531,7,2,5,2,2,8,USED
515.203851437,8,7,7,1,1,8,USED
515.226146913,3,2,2,1,1,5,USED
515.241123005,0,4,4,1,1,5,USED
515.366040199,2,4,4,1,1,5,USED
515.460710825,4,3,3,1,1,6,USED
515.486059863,1,8,4,2,2,8,USED
515.655553857,6,1,0,2,2,8,USED
515.759718254,5,6,4,2,2,5,USED
515.958782531,7,5,5,1,1,8,USED
516.203851437,8,4,4,1,1,1,USED
516.226146913,3,0,0,1,1,6,USED
516.241123005,0,6,6,1,1,6,USED
516.366040199,2,1,1,1,1,8,USED
516.460710825,4,8,8,1,1,6,USED
516.486059863,1,3,3,1,1,5,USED
516.655553857,6,2,3,2,2,5,USED
516.759718254,5,8,8,1,1,7,USED
516.958782531,7,5,5,1,1,8,USED
517.203851437,8,2,5,2,2,5,USED
517.226146913,3,4,4,1,1,5,USED
517.241123005,0,5,7,2,2,4,USED
517.366040199,2,6,4,2,2,5,USED
517.460710825,4,6,6,1,1,5,USED
517.486059863,1,2,4,2,2,8,USED
517.655553857,6,5,7,2,2,8,USED
517.759718254,5,4,4,1,1,5,USED
517.958782531,7,5,5,1,1,8,USED
518.203851437,8,5,5,1,1,5,USED
518.226146913,3,1,1,1,1,5,USED
518.241123005,0,8,6,2,2,6,USED
518.366040199,2,5,5,1,1,8,USED
518.460710825,4,1,1,1,1,7,USED
518.486059863,1,8,4,2,2,8,USED
518.655553857,6,3,3,1,1,5,USED
518.759718254,5,3,8,2,2,7,USED
518.958782531,7,2,5,2,2,8,USED
519.203851437,8,5,5,1,1,5,USED
519.226146913,3,6,6,1,1,8,USED
519.241123005,0,2,3,2,2,8,USED
519.366040199,2,8,5,2,2,8,USED
519.460710825,4,7,7,1,1,7,USED
519.486059863,1,7,7,1,1,2,USED
519.655553857,6,4,4,1,1,5,USED
519.759718254,5,7,8,2,2,7,USED
519.958782531,7,6,6,1,1,8,USED
520.203851437,8,2,5,2,2,5,USED
520.226146913,3,1,1,1,1,5,USED
520.241123005,0,6,6,1,1,6,USED
520.366040199,2,6,4,2,2,5,USED
520.460710825,4,3,3,1,1,6,USED
520.486059863,1,7,7,1,1,2,USED
520.655553857,6,7,7,1,1,8,USED
520.759718254,5,6,4,2,2,5,USED
520.958782531,7,5,5,1,1,8,USED
521.203851437,8,1,5,2,3,5,USED
521.226146913,3,1,1,1,1,5,USED
521.241123005,0,2,3,2,2,8,USED
521.366040199,2,4,4,1,1,5,USED
521.460710825,4,8,8,1,1,6,USED
521.486059863,1,6,4,2,2,8,USED
521.655553857,6,7,7,1,1,8,USED
521.759718254,5,1,1,1,2,5,USED
521.958782531,7,2,5,2,2,8,USED
522.203851437,8,4,4,1,1,1,USED
522.226146913,3,4,4,1,1,5,USED
522.241123005,0,1,1,1,1,7,USED
522.366040199,2,4,4,1,1,5,USED
522.460710825,4,3,3,1,1,6,USED
522.486059863,1,2,4,2,2,8,USED
522.655553857,6,5,7,2,2,8,USED
522.759718254,5,0,0,1,1,4,USED
522.958782531,7,4,4,1,1,4,USED
523.203851437,8,6,7,2,2,8,USED
523.226146913,3,2,2,1,1,5,USED
523.241123005,0,5,7,2,2,4,USED
523.366040199,2,8,5,2,2,8,USED
523.460710825,4,2,2,1,1,5,USED
523.486059863,1,3,3,1,1,5,USED
523.655553857,6,1,0,2,2,8,USED
523.759718254,5,1,1,1,2,5,USED
523.958782531,7,4,4,1,1,4,USED
524.203851437,8,1,5,2,3,5,USED
524.226146913,3,1,1,1,1,5,USED
524.241123005,0,5,7,2,2,4,USED
524.366040199,2,6,4,2,2,5,USED
524.460710825,4,8,8,1,1,6,USED
524.486059863,1,5,4,2,2,8,USED
524.655553857,6,3,3,1,1,5,USED
524.759718254,5,4,4,1,1,5,USED
524.958782531,7,5,5,1,1,8,USED
525.203851437,8,5,5,1,1,5,USED
525.226146913,3,6,6,1,1,8,USED
525.241123005,0,3,3,1,1,8,USED
525.366040199,2,8,5,2,2,8,USED
525.460710825,4,2,2,1,1,5,USED
525.486059863,1,8,4,2,2,8,USED
525.655553857,6,4,4,1,1,5,USED
525.759718254,5,8,8,1,1,7,USED
525.958782531,7,1,3,2,2,5,USED
526.203851437,8,4,4,1,1,1,USED
526.226146913,3,8,6,2,2,8,USED
526.241123005,0,4,4,1,1,5,USED
526.366040199,2,6,4,2,2,5,USED
526.460710825,4,8,8,1,1,6,USED
526.486059863,1,4,4,1,1,8,USED
526.655553857,6,5,7,2,2,8,USED
526.759718254,5,0,0,1,1,4,USED
526.958782531,7,1,3,2,2,5,USED
527.203851437,8,6,7,2,2,8,USED
527.226146913,3,2,2,1,1,5,USED
527.241123005,0,5,7,2,2,4,USED
527.366040199,2,0,5,2,2,8,USED
527.460710825,4,2,2,1,1,5,USED
527.486059863,1,8,4,2,2,8,USED
527.655553857,6,0,0,1,1,8,USED
527.759718254,5,8,8,1,1,7,USED
527.958782531,7,0,6,2,2,8,USED
528.203851437,8,2,5,2,2,5,USED
528.226146913,3,2,2,1,1,5,USED
528.241123005,0,5,7,2,2,4,USED
528.366040199,2,6,4,2,2,5,USED
528.460710825,4,1,1,1,1,7,USED
528.486059863,1,0,4,2,2,8,USED
528.655553857,6,8,8,1,1,4,USED
528.759718254,5,4,4,1,1,5,USED
528.958782531,7,0,6,2,2,8,USED
529.203851437,8,0,5,2,2,5,USED
529.226146913,3,7,6,2,2,8,USED
529.241123005,0,7,7,1,1,4,USED
529.366040199,2,6,4,2,2,5,USED
529.460710825,4,6,6,1,1,5,USED
529.486059863,1,5,4,2,2,8,USED
529.655553857,6,7,7,1,1,8,USED
529.759718254,5,4,4,1,1,5,USED
529.958782531,7,1,3,2,2,5,USED
530.203851437,8,2,5,2,2,5,USED
530.226146913,3,7,6,2,2,8,USED
530.241123005,0,1,1,1,1,7,USED
530.366040199,2,5,5,1,1,8,USED
530.460710825,4,3,3,1,1,6,USED
530.486059863,1,0,4,2,2,8,USED
530.655553857,6,8,8,1,1,4,USED
530.759718254,5,7,8,2,2,7,USED
530.958782531,7,1,3,2,2,5,USED
531.203851437,8,1,5,2,3,5,USED
531.226146913,3,7,6,2,2,8,USED
531.241123005,0,6,6,1,1,6,USED
531.366040199,2,5,5,1,1,8,USED
531.460710825,4,2,2,1,1,5,USED
531.486059863,1,8,4,2,2,8,USED
531.655553857,6,5,7,2,2,8,USED
531.759718254,5,3,8,2,2,7,USED
531.958782531,7,3,3,1,1,5,USED
532.203851437,8,7,7,1,1,8,USED
532.226146913,3,2,2,1,1,5,USED
532.241123005,0,4,4,1,1,5,USED
532.366040199,2,1,1,1,1,8,USED
532.460710825,4,8,8,1,1,6,USED
532.486059863,1,5,4,2,2,8,USED
532.655553857,6,8,8,1,1,4,USED
532.759718254,5,7,8,2,2,7,USED
532.958782531,7,4,4,1,1,4,USED
533.203851437,8,5,5,1,1,5,USED
533.226146913,3,5,6,2,3,8,USED
533.241123005,0,6,6,1,1,6,USED
533.366040199,2,1,1,1,1,8,USED
533.460710825,4,7,7,1,1,7,USED
533.486059863,1,3,3,1,1,5,USED
533.655553857,6,0,0,1,1,8,USED
533.759718254,5,1,1,1,2,5,USED
533.958782531,7,2,5,2,2,8,USED
534.203851437,8,5,5,1,1,5,USED
534.226146913,3,4,4,1,1,5,USED
534.241123005,0,5,7,2,2,4,USED
534.366040199,2,3,4,2,2,5,USED
534.460710825,4,8,8,1,1,6,USED
534.486059863,1,6,4,2,2,8,USED
534.655553857,6,7,7,1,1,8,USED
534.759718254,5,8,8,1,1,7,USED
534.958782531,7,4,4,1,1,4,USED
535.203851437,8,5,5,1,1,5,USED
535.226146913,3,2,2,1,1,5,USED
535.241123005,0,8,6,2,2,6,USED
535.366040199,2,3,4,2,2,5,USED
535.460710825,4,2,2,1,1,5,USED
535.486059863,1,0,4,2,2,8,USED
535.655553857,6,8,8,1,1,4,USED
535.759718254,5,3,8,2,2,7,USED
535.958782531,7,8,8,1,1,7,USED
536.203851437,8,7,7,1,1,8,USED
536.226146913,3,1,1,1,1,5,USED
536.241123005,0,8,6,2,2,6,USED
536.366040199,2,6,4,2,2,5,USED
536.460710825,4,3,3,1,1,6,USED
536.486059863,1,2,4,2,2,8,USED
536.655553857,6,2,3,2,2,5,USED
536.759718254,5,0,0,1,1,4,USED
536.958782531,7,4,4,1,1,4,USED
537.203851437,8,3,3,1,1,1,USED
537.226146913,3,7,6,2,2,8,USED
537.241123005,0,6,6,1,1,6,USED
537.366040199,2,8,5,2,2,8,USED
537.460710825,4,6,6,1,1,5,USED
537.486059863,1,4,4,1,1,8,USED
537.655553857,6,1,0,2,2,8,USED
537.759718254,5,2,2,1,1,5,USED
537.958782531,7,0,6,2,2,8,USED
538.203851437,8,7,7,1,1,8,USED
538.226146913,3,6,6,1,1,8,USED
538.241123005,0,4,4,1,1,5,USED
538.366040199,2,0,5,2,2,8,USED
538.460710825,4,7,7,1,1,7,USED
538.486059863,1,0,4,2,2,8,USED
538.655553857,6,5,7,2,2,8,USED
538.759718254,5,3,8,2,2,7,USED
538.958782531,7,2,5,2,2,8,USED
539.203851437,8,5,5,1,1,5,USED
539.226146913,3,7,6,2,2,8,USED
539.241123005,0,8,6,2,2,6,USED
539.366040199,2,3,4,2,2,5,USED
539.460710825,4,0,0,1,1,4,USED
539.486059863,1,4,4,1,1,8,USED
539.655553857,6,2,3,2,2,5,USED
539.759718254,5,2,2,1,1,5,USED
539.958782531,7,3,3,1,1,5,USED
540.203851437,8,0,5,2,2,5,USED
540.226146913,3,5,6,2,3,8,USED
540.241123005,0,6,6,1,1,6,USED
540.366040199,2,6,4,2,2,5,USED
540.460710825,4,3,3,1,1,6,USED
540.486059863,1,6,4,2,2,8,USED
540.655553857,6,7,7,1,1,8,USED
540.759718254,5,2,2,1,1,5,USED
540.958782531,7,6,6,1,1,8,USED
541.203851437,8,6,7,2,2,8,USED
541.226146913,3,1,1,1,1,5,USED
541.241123005,0,2,3,2,2,8,USED
541.366040199,2,0,5,2,2,8,USED
541.460710825,4,2,2,1,1,5,USED
541.486059863,1,2,4,2,2,8,USED
541.655553857,6,5,7,2,2,8,USED
541.759718254,5,8,8,1,1,7,USED
541.958782531,7,5,5,1,1,8,USED
542.203851437,8,3,3,1,1,1,USED
542.226146913,3,4,4,1,1,5,USED
542.241123005,0,4,4,1,1,5,USED
542.366040199,2,3,4,2,2,5,USED
542.460710825,4,2,2,1,1,5,USED
542.486059863,1,2,4,2,2,8,USED
542.655553857,6,7,7,1,1,8,USED
542.759718254,5,6,4,2,2,5,USED
542.958782531,7,0,6,2,2,8,USED
543.203851437,8,2,5,2,2,5,USED
543.226146913,3,8,6,2,2,8,USED
543.241123005,0,3,3,1,1,8,USED
543.366040199,2,6,4,2,2,5,USED
543.460710825,4,6,6,1,1,5,USED
543.486059863,1,6,4,2,2,8,USED
543.655553857,6,5,7,2,2,8,USED
543.759718254,5,4,4,1,1,5,USED
543.958782531,7,4,4,1,1,4,USED
544.203851437,8,7,7,1,1,8,USED
544.226146913,3,8,6,2,2,8,USED
544.241123005,0,7,7,1,1,4,USED
544.366040199,2,6,4,2,2,5,USED
544.460710825,4,3,3,1,1,6,USED
544.486059863,1,0,4,2,2,8,USED
544.655553857,6,0,0,1,1,8,USED
544.759718254,5,7,8,2,2,7,USED
544.958782531,7,0,6,2,2,8,USED
545.203851437,8,5,5,1,1,5,USED
545.226146913,3,1,1,1,1,5,USED
545.241123005,0,3,3,1,1,8,USED
545.366040199,2,1,1,1,1,8,USED
545.460710825,4,7,7,1,1,7,USED
545.486059863,1,6,4,2,2,8,USED
545.655553857,6,8,8,1,1,4,USED
545.759718254,5,7,8,2,2,7,USED
545.958782531,7,2,5,2,2,8,USED
546.203851437,8,3,3,1,1,1,USED
546.226146913,3,1,1,1,1,5,USED
546.241123005,0,4,4,1,1,5,USED
546.366040199,2,7,7,1,1,1,USED
546.460710825,4,8,8,1,1,6,USED
546.486059863,1,4,4,1,1,8,USED
546.655553857,6,8,8,1,1,4,USED
546.759718254,5,2,2,1,1,5,USED
546.958782531,7,1,3,2,2,5,USED
547.203851437,8,2,5,2,2,5,USED
547.226146913,3,8,6,2,2,8,USED
547.241123005,0,8,6,2,2,6,USED
547.366040199,2,8,5,2,2,8,USED
547.460710825,4,5,5,1,1,8,USED
547.486059863,1,2,4,2,2,8,USED
547.655553857,6,7,7,1,1,8,USED
547.759718254,5,8,8,1,1,7,USED
547.958782531,7,4,4,1,1,4,USED
548.203851437,8,5,5,1,1,5,USED
548.226146913,3,8,6,2,2,8,USED
548.241123005,0,2,3,2,2,8,USED
548.366040199,2,6,4,2,2,5,USED
548.460710825,4,3,3,1,1,6,USED
548.486059863,1,8,4,2,2,8,USED
548.655553857,6,4,4,1,1,5,USED
548.759718254,5,3,8,2,2,9,USED
548.958782531,7,2,5,2,2,8,USED
549.203851437,8,1,5,2,3,5,USED
549.226146913,3,1,1,1,1,5,USED
549.241123005,0,2,3,2,2,8,USED
549.366040199,2,6,4,2,2,5,USED
549.460710825,4,7,7,1,1,7,USED
549.486059863,1,0,4,2,2,8,USED
549.655553857,6,8,8,1,1,9,USED
549.759718254,5,7,8,2,2,9,USED
549.958782531,7,8,8,1,1,9,USED
550.203851437,8,7,7,1,1,8,USED
550.226146913,3,1,1,1,1,5,USED
550.241123005,0,5,7,2,2,4,USED
550.366040199,2,8,5,2,2,9,USED
550.460710825,4,7,7,1,1,7,USED
550.486059863,1,0,4,2,2,8,USED
550.655553857,6,8,8,1,1,9,USED
550.759718254,5,1,1,1,2,5,USED
550.958782531,7,3,3,1,1,5,USED
551.203851437,8,5,5,1,1,5,USED
551.226146913,3,6,6,1,1,8,USED
551.241123005,0,1,1,1,1,9,USED
551.366040199,2,4,4,1,1,5,USED
551.460710825,4,7,7,1,1,7,USED
551.486059863,1,6,4,2,2,8,USED
551.655553857,6,1,0,2,2,8,USED
551.759718254,5,8,8,1,1,9,USED
551.958782531,7,8,8,1,1,9,USED
552.203851437,8,6,7,2,2,8,USED
552.226146913,3,1,1,1,1,5,USED
552.241123005,0,1,1,1,1,9,USED
552.366040199,2,6,4,2,2,5,USED
552.460710825,4,2,2,1,1,5,USED
552.486059863,1,0,4,2,2,8,USED
552.655553857,6,8,8,1,1,9,USED
552.759718254,5,0,0,1,1,4,USED
552.958782531,7,8,8,1,1,9,USED
553.203851437,8,2,5,2,2,5,USED
553.226146913,3,4,4,1,1,5,USED
553.241123005,0,5,7,2,2,4,USED
553.366040199,2,7,7,1,1,1,USED
553.460710825,4,0,0,1,1,4,USED
553.486059863,1,5,4,2,2,8,USED
553.655553857,6,1,0,2,2,8,USED
553.759718254,5,2,2,1,1,5,USED
553.958782531,7,4,4,1,1,4,USED
554.203851437,8,6,7,2,2,9,USED
554.226146913,3,1,1,1,1,5,USED
554.241123005,0,3,3,1,1,9,USED
554.366040199,2,0,5,2,2,9,USED
554.460710825,4,3,3,1,1,6,USED
554.486059863,1,8,4,2,2,8,USED
554.655553857,6,5,7,2,2,9,USED
554.759718254,5,4,4,1,1,5,USED
554.958782531,7,0,6,2,2,9,USED
555.203851437,8,6,7,2,2,9,USED
555.226146913,3,8,6,2,2,8,USED
555.241123005,0,2,3,2,2,9,USED
555.366040199,2,4,4,1,1,5,USED
555.460710825,4,8,8,1,1,6,USED
555.486059863,1,6,4,2,2,8,USED
555.655553857,6,0,0,1,1,8,USED
555.759718254,5,3,8,2,2,9,USED
555.958782531,7,1,3,2,2,5,USED
556.203851437,8,3,3,1,1,1,USED
556.226146913,3,6,6,1,1,8,USED
556.241123005,0,8,6,2,2,6,USED
556.366040199,2,4,4,1,1,5,USED
556.460710825,4,5,5,1,1,9,USED
556.486059863,1,4,4,1,1,8,USED
556.655553857,6,4,4,1,1,5,USED
556.759718254,5,0,0,1,1,4,USED
556.958782531,7,6,6,1,1,9,USED
557.203851437,8,1,7,2,3,9,USED
557.226146913,3,0,0,1,1,6,USED
557.241123005,0,3,3,1,1,9,USED
557.366040199,2,5,5,1,1,9,USED
557.460710825,4,5,5,1,1,9,USED
557.486059863,1,7,7,1,1,2,USED
557.655553857,6,7,7,1,1,9,USED
557.759718254,5,0,0,1,1,4,USED
557.958782531,7,4,4,1,1,4,USED
558.203851437,8,0,5,2,2,5,USED
558.226146913,3,4,4,1,1,5,USED
558.241123005,0,8,6,2,2,6,USED
558.366040199,2,6,4,2,2,5,USED
558.460710825,4,5,5,1,1,9,USED
558.486059863,1,3,3,1,1,5,USED
558.655553857,6,8,8,1,1,9,USED
558.759718254,5,6,4,2,2,5,USED
558.958782531,7,1,3,2,2,5,USED
559.203851437,8,1,7,2,3,9,USED
559.226146913,3,6,6,1,1,8,USED
559.241123005,0,5,7,2,2,4,USED
559.366040199,2,7,7,1,1,1,USED
559.460710825,4,8,8,1,1,6,USED
559.486059863,1,8,4,2,2,8,USED
559.655553857,6,0,0,1,1,8,USED
559.759718254,5,3,8,2,2,9,USED
559.958782531,7,3,3,1,1,5,USED
560.203851437,8,0,5,2,2,5,USED
560.226146913,3,0,0,1,1,6,USED
560.241123005,0,7,7,1,1,4,USED
560.366040199,2,1,1,1,1,9,USED
560.460710825,4,5,5,1,1,9,USED
560.486059863,1,2,4,2,2,8,USED
560.655553857,6,4,4,1,1,5,USED
560.759718254,5,2,2,1,1,5,USED
560.958782531,7,4,4,1,1,4,USED
561.203851437,8,3,3,1,1,1,USED
561.226146913,3,0,0,1,1,6,USED
561.241123005,0,8,6,2,2,6,USED
561.366040199,2,1,1,1,1,9,USED
561.460710825,4,1,1,1,1,9,USED
561.486059863,1,3,3,1,1,5,USED
561.655553857,6,0,0,1,1,8,USED
561.759718254,5,3,8,2,2,9,USED
561.958782531,7,8,8,1,1,9,USED
562.203851437,8,7,7,1,1,9,USED
562.226146913,3,4,4,1,1,5,USED
562.241123005,0,6,6,1,1,6,USED
562.366040199,2,5,5,1,1,9,USED
562.460710825,4,1,1,1,1,9,USED
562.486059863,1,4,4,1,1,8,USED
562.655553857,6,3,3,1,1,5,USED
562.759718254,5,2,2,1,1,5,USED
562.958782531,7,0,6,2,2,9,USED
563.203851437,8,0,5,2,2,5,USED
563.226146913,3,4,4,1,1,5,USED
563.241123005,0,6,6,1,1,6,USED
563.366040199,2,1,1,1,1,9,USED
563.460710825,4,0,0,1,1,4,USED
563.486059863,1,7,7,1,1,2,USED
563.655553857,6,3,3,1,1,5,USED
563.759718254,5,4,4,1,1,5,USED
563.958782531,7,8,8,1,1,9,USED
564.203851437,8,7,7,1,1,9,USED
564.226146913,3,7,7,1,1,9,USED
564.241123005,0,6,6,1,1,6,USED
564.366040199,2,1,1,1,1,9,USED
564.460710825,4,6,6,1,1,5,USED
564.486059863,1,7,7,1,1,2,USED
564.655553857,6,3,3,1,1,5,USED
564.759718254,5,1,1,1,2,5,USED
564.958782531,7,8,8,1,1,9,USED
565.203851437,8,3,3,1,1,1,USED
565.226146913,3,5,7,2,2,9,USED
565.241123005,0,6,6,1,1,6,USED
565.366040199,2,5,5,1,1,9,USED
565.460710825,4,5,5,1,1,9,USED
565.486059863,1,0,4,2,2,8,USED
565.655553857,6,4,4,1,1,5,USED
565.759718254,5,0,0,1,1,4,USED
565.958782531,7,5,5,1,1,8,USED
566.203851437,8,1,7,2,3,9,USED
566.226146913,3,2,2,1,1,5,USED
566.241123005,0,7,7,1,1,4,USED
566.366040199,2,1,1,1,1,9,USED
566.460710825,4,7,7,1,1,9,USED
566.486059863,1,2,4,2,2,8,USED
566.655553857,6,4,4,1,1,5,USED
566.759718254,5,2,2,1,1,5,USED
566.958782531,7,4,4,1,1,4,USED
567.203851437,8,5,5,1,1,5,USED
567.226146913,3,2,2,1,1,5,USED
567.241123005,0,7,7,1,1,4,USED
567.366040199,2,1,1,1,1,9,USED
567.460710825,4,2,2,1,1,5,USED
567.486059863,1,6,4,2,2,8,USED
567.655553857,6,4,4,1,1,5,USED
567.759718254,5,1,1,1,2,5,USED
567.958782531,7,6,6,1,1,9,USED
568.203851437,8,0,5,2,2,5,USED
568.226146913,3,0,0,1,1,6,USED
568.241123005,0,2,3,2,2,9,USED
568.366040199,2,5,5,1,1,9,USED
568.460710825,4,6,6,1,1,5,USED
568.486059863,1,5,4,2,2,8,USED
568.655553857,6,7,7,1,1,9,USED
568.759718254,5,7,8,2,2,9,USED
568.958782531,7,4,4,1,1,4,USED
569.203851437,8,5,5,1,1,5,USED
569.226146913,3,0,0,1,1,6,USED
569.241123005,0,4,4,1,1,5,USED
569.366040199,2,0,5,2,2,9,USED
569.460710825,4,8,8,1,1,6,USED
569.486059863,1,2,4,2,2,8,USED
569.655553857,6,5,7,2,2,9,USED
569.759718254,5,3,8,2,2,9,USED
569.958782531,7,1,3,2,2,5,USED
570.203851437,8,3,3,1,1,1,USED
570.226146913,3,1,1,1,1,5,USED
570.241123005,0,6,6,1,1,6,USED
570.366040199,2,6,4,2,2,5,USED
570.460710825,4,8,8,1,1,6,USED
570.486059863,1,8,4,2,2,8,USED
570.655553857,6,8,8,1,1,9,USED
570.759718254,5,7,8,2,2,9,USED
570.958782531,7,8,8,1,1,9,USED
571.203851437,8,1,7,2,3,9,USED
571.226146913,3,2,2,1,1,5,USED
571.241123005,0,8,6,2,2,6,USED
571.366040199,2,5,5,1,1,9,USED
571.460710825,4,7,7,1,1,9,USED
571.486059863,1,4,4,1,1,8,USED
571.655553857,6,2,3,2,2,5,USED
571.759718254,5,7,8,2,2,9,USED
571.958782531,7,3,3,1,1,5,USED
572.203851437,8,7,7,1,1,9,USED
572.226146913,3,6,6,1,1,8,USED
572.241123005,0,2,3,2,2,9,USED
572.366040199,2,5,5,1,1,9,USED
572.460710825,4,0,0,1,1,4,USED
572.486059863,1,3,3,1,1,5,USED
572.655553857,6,2,3,2,2,5,USED
572.759718254,5,1,1,1,2,5,USED
572.958782531,7,5,5,1,1,8,USED
573.203851437,8,4,7,2,2,9,USED
573.226146913,3,6,6,1,1,8,USED
573.241123005,0,2,3,2,2,9,USED
573.366040199,2,1,1,1,1,9,USED
573.460710825,4,8,8,1,1,6,USED
573.486059863,1,8,4,2,2,8,USED
573.655553857,6,1,0,2,2,8,USED
573.759718254,5,8,8,1,1,9,USED
573.958782531,7,8,8,1,1,9,USED
574.203851437,8,2,5,2,2,5,USED
574.226146913,3,7,7,1,1,9,USED
574.241123005,0,4,4,1,1,5,USED
574.366040199,2,5,5,1,1,9,USED
574.460710825,4,5,5,1,1,9,USED
574.486059863,1,2,4,2,2,8,USED
574.655553857,6,7,7,1,1,9,USED
574.759718254,5,3,8,2,2,9,USED
574.958782531,7,4,4,1,1,4,USED
575.203851437,8,1,7,2,3,9,USED
575.226146913,3,1,1,1,1,5,USED
575.241123005,0,4,4,1,1,5,USED
575.366040199,2,6,4,2,2,5,USED
575.460710825,4,0,0,1,1,4,USED
575.486059863,1,5,4,2,2,8,USED
575.655553857,6,8,8,1,1,9,USED
575.759718254,5,0,0,1,1,4,USED
575.958782531,7,1,3,2,2,5,USED
576.203851437,8,3,3,1,1,1,USED
576.226146913,3,7,7,1,1,9,USED
576.241123005,0,3,3,1,1,9,USED
576.366040199,2,4,4,1,1,5,USED
576.460710825,4,5,5,1,1,9,USED
576.486059863,1,8,4,2,2,8,USED
576.655553857,6,1,0,2,2,8,USED
576.759718254,5,0,0,1,1,4,USED
576.958782531,7,2,5,2,2,8,USED
577.203851437,8,2,5,2,2,5,USED
577.226146913,3,7,7,1,1,9,USED
577.241123005,0,4,4,1,1,5,USED
577.366040199,2,5,5,1,1,9,USED
577.460710825,4,5,5,1,1,9,USED
577.486059863,1,3,3,1,1,5,USED
577.655553857,6,4,4,1,1,5,USED
577.759718254,5,8,8,1,1,9,USED
577.958782531,7,5,5,1,1,8,USED
578.203851437,8,7,7,1,1,9,USED
578.226146913,3,1,1,1,1,5,USED
578.241123005,0,4,4,1,1,5,USED
578.366040199,2,8,5,2,2,9,USED
578.460710825,4,2,2,1,1,5,USED
578.486059863,1,5,4,2,2,8,USED
578.655553857,6,4,4,1,1,5,USED
578.759718254,5,0,0,1,1,4,USED
578.958782531,7,4,4,1,1,4,USED
579.203851437,8,1,7,2,3,9,USED
579.226146913,3,8,6,2,2,8,USED
579.241123005,0,2,3,2,2,9,USED
579.366040199,2,0,5,2,2,9,USED
579.460710825,4,0,0,1,1,4,USED
579.486059863,1,0,4,2,2,8,USED
579.655553857,6,2,3,2,2,5,USED
579.759718254,5,1,1,1,2,5,USED
579.958782531,7,6,6,1,1,9,USED
580.203851437,8,2,5,2,2,5,USED
580.226146913,3,2,2,1,1,5,USED
580.241123005,0,6,6,1,1,6,USED
580.366040199,2,5,5,1,1,9,USED
580.460710825,4,1,1,1,1,9,USED
580.486059863,1,3,3,1,1,5,USED
580.655553857,6,4,4,1,1,5,USED
580.759718254,5,4,4,1,1,5,USED
580.958782531,7,5,5,1,1,8,USED
581.203851437,8,1,7,2,3,9,USED
581.226146913,3,8,6,2,2,8,USED
581.241123005,0,8,6,2,2,6,USED
581.366040199,2,1,1,1,1,9,USED
581.460710825,4,7,7,1,1,9,USED
581.486059863,1,7,7,1,1,2,USED
581.655553857,6,5,7,2,2,9,USED
581.759718254,5,1,1,1,2,5,USED
581.958782531,7,2,5,2,2,8,USED
582.203851437,8,6,7,2,2,9,USED
582.226146913,3,8,6,2,2,8,USED
582.241123005,0,5,7,2,2,4,USED
582.366040199,2,4,4,1,1,5,USED
582.460710825,4,8,8,1,1,6,USED
582.486059863,1,5,4,2,2,8,USED
582.655553857,6,2,3,2,2,5,USED
582.759718254,5,8,8,1,1,9,USED
582.958782531,7,1,3,2,2,5,USED
583.203851437,8,3,3,1,1,1,USED
583.226146913,3,8,6,2,2,8,USED
583.241123005,0,8,6,2,2,6,USED
583.366040199,2,4,4,1,1,5,USED
583.460710825,4,6,6,1,1,5,USED
583.486059863,1,8,4,2,2,8,USED
583.655553857,6,5,7,2,2,9,USED
583.759718254,5,6,4,2,2,5,USED
583.958782531,7,4,4,1,1,4,USED
584.203851437,8,1,7,2,3,9,USED
584.226146913,3,5,7,2,2,9,USED
584.241123005,0,3,3,1,1,9,USED
584.366040199,2,1,1,1,1,9,USED
584.460710825,4,8,8,1,1,6,USED
584.486059863,1,3,3,1,1,5,USED
584.655553857,6,3,3,1,1,5,USED
584.759718254,5,1,1,1,2,5,USED
584.958782531,7,3,3,1,1,5,USED
585.203851437,8,1,7,2,3,9,USED
585.226146913,3,1,1,1,1,5,USED
585.241123005,0,1,1,1,1,9,USED
585.366040199,2,8,5,2,2,9,USED
585.460710825,4,2,2,1,1,5,USED
585.486059863,1,0,4,2,2,8,USED
585.655553857,6,2,3,2,2,5,USED
585.759718254,5,4,4,1,1,5,USED
585.958782531,7,8,8,1,1,9,USED
586.203851437,8,3,3,1,1,1,USED
586.226146913,3,1,1,1,1,5,USED
586.241123005,0,5,7,2,2,4,USED
586.366040199,2,4,4,1,1,5,USED
586.460710825,4,7,7,1,1,9,USED
586.486059863,1,7,7,1,1,2,USED
586.655553857,6,0,0,1,1,8,USED
586.759718254,5,0,0,1,1,4,USED
586.958782531,7,0,6,2,2,9,USED
587.203851437,8,1,7,2,3,9,USED
587.226146913,3,5,7,2,2,9,USED
587.241123005,0,4,4,1,1,5,USED
587.366040199,2,8,5,2,2,9,USED
587.460710825,4,7,7,1,1,9,USED
587.486059863,1,8,4,2,2,8,USED
587.655553857,6,0,0,1,1,8,USED
587.759718254,5,4,4,1,1,5,USED
587.958782531,7,3,3,1,1,5,USED
588.203851437,8,5,5,1,1,5,USED
588.226146913,3,5,7,2,2,9,USED
588.241123005,0,4,4,1,1,5,USED
588.366040199,2,7,7,1,1,1,USED
588.460710825,4,1,1,1,1,9,USED
588.486059863,1,0,4,2,2,8,USED
588.655553857,6,8,8,1,1,9,USED
588.759718254,5,1,1,1,2,5,USED
588.958782531,7,3,3,1,1,5,USED
589.203851437,8,5,5,1,1,5,USED
589.226146913,3,5,7,2,2,9,USED
589.241123005,0,5,7,2,2,4,USED
589.366040199,2,6,4,2,2,5,USED
589.460710825,4,6,6,1,1,5,USED
589.486059863,1,7,7,1,1,2,USED
589.655553857,6,4,4,1,1,5,USED
589.759718254,5,0,0,1,1,4,USED
589.958782531,7,8,8,1,1,9,USED
590.203851437,8,5,5,1,1,5,USED
590.226146913,3,6,6,1,1,8,USED
590.241123005,0,2,3,2,2,9,USED
590.366040199,2,4,4,1,1,5,USED
590.460710825,4,0,0,1,1,4,USED
590.486059863,1,2,4,2,2,8,USED
590.655553857,6,3,3,1,1,5,USED
590.759718254,5,3,8,2,2,9,USED
590.958782531,7,0,6,2,2,9,USED
591.203851437,8,1,7,2,3,9,USED
591.226146913,3,4,4,1,1,5,USED
591.241123005,0,8,6,2,2,6,USED
591.366040199,2,7,7,1,1,1,USED
591.460710825,4,8,8,1,1,6,USED
591.486059863,1,6,4,2,2,8,USED
591.655553857,6,0,0,1,1,8,USED
591.759718254,5,6,4,2,2,5,USED
591.958782531,7,5,5,1,1,8,USED
592.203851437,8,2,5,2,2,5,USED
592.226146913,3,2,2,1,1,5,USED
592.241123005,0,8,6,2,2,6,USED
592.366040199,2,7,7,1,1,1,USED
592.460710825,4,0,0,1,1,4,USED
592.486059863,1,0,4,2,2,8,USED
592.655553857,6,5,7,2,2,9,USED
592.759718254,5,4,4,1,1,5,USED
592.958782531,7,4,4,1,1,4,USED
593.203851437,8,3,3,1,1,1,USED
593.226146913,3,1,1,1,1,5,USED
593.241123005,0,5,7,2,2,4,USED
593.366040199,2,6,4,2,2,5,USED
593.460710825,4,8,8,1,1,6,USED
593.486059863,1,4,4,1,1,8,USED
593.655553857,6,4,4,1,1,5,USED
593.759718254,5,6,4,2,2,5,USED
593.958782531,7,3,3,1,1,5,USED
594.203851437,8,4,7,2,2,9,USED
594.226146913,3,8,6,2,2,8,USED
594.241123005,0,4,4,1,1,5,USED
594.366040199,2,1,1,1,1,9,USED
594.460710825,4,3,3,1,1,6,USED
594.486059863,1,7,7,1,1,2,USED
594.655553857,6,3,3,1,1,5,USED
594.759718254,5,2,2,1,1,5,USED
594.958782531,7,1,3,2,2,5,USED
595.203851437,8,6,7,2,2,9,USED
595.226146913,3,7,7,1,1,9,USED
595.241123005,0,6,6,1,1,6,USED
595.366040199,2,0,5,2,2,9,USED
595.460710825,4,5,5,1,1,9,USED
595.486059863,1,8,4,2,2,8,USED
595.655553857,6,8,8,1,1,9,USED
595.759718254,5,8,8,1,1,9,USED
595.958782531,7,8,8,1,1,9,USED
596.203851437,8,7,7,1,1,9,USED
596.226146913,3,2,2,1,1,5,USED
596.241123005,0,4,4,1,1,5,USED
596.366040199,2,1,1,1,1,9,USED
596.460710825,4,0,0,1,1,4,USED
596.486059863,1,2,4,2,2,8,USED
596.655553857,6,2,3,2,2,5,USED
596.759718254,5,3,8,2,2,9,USED
596.958782531,7,6,6,1,1,9,USED
597.203851437,8,7,7,1,1,9,USED
597.226146913,3,6,6,1,1,8,USED
597.241123005,0,4,4,1,1,5,USED
597.366040199,2,8,5,2,2,9,USED
597.460710825,4,8,8,1,1,6,USED
597.486059863,1,7,7,1,1,2,USED
597.655553857,6,5,7,2,2,9,USED
597.759718254,5,2,2,1,1,5,USED
597.958782531,7,4,4,1,1,4,USED
598.203851437,8,5,5,1,1,5,USED
598.226146913,3,8,6,2,2,8,USED
598.241123005,0,2,3,2,2,9,USED
598.366040199,2,6,4,2,2,5,USED
598.460710825,4,1,1,1,1,9,USED
598.486059863,1,5,4,2,2,8,USED
598.655553857,6,8,8,1,1,9,USED
598.759718254,5,4,4,1,1,5,USED
598.958782531,7,1,3,2,2,5,USED
599.203851437,8,3,3,1,1,1,USED
599.226146913,3,2,2,1,1,5,USED
599.241123005,0,1,1,1,1,9,USED
599.366040199,2,6,4,2,2,5,USED
599.460710825,4,6,6,1,1,5,USED
599.486059863,1,6,4,2,2,8,USED
599.655553857,6,2,3,2,2,5,USED
599.759718254,5,2,2,1,1,5,USED
599.958782531,7,3,3,1,1,5,USED
600.203851437,8,3,3,1,1,1,USED
600.226146913,3,0,0,1,1,6,USED
600.241123005,0,8,6,2,2,6,USED
600.366040199,2,7,7,1,1,1,USED
600.460710825,4,8,8,1,1,6,USED
600.486059863,1,6,4,2,2,8,USED
600.655553857,6,2,3,2,2,5,USED
600.759718254,5,2,2,1,1,5,USED
600.958782531,7,2,5,2,2,8,USED
601.203851437,8,4,7,2,2,9,USED
601.226146913,3,1,1,1,1,5,USED
601.241123005,0,1,1,1,1,9,USED
601.366040199,2,8,5,2,2,9,USED
601.460710825,4,6,6,1,1,5,USED
601.486059863,1,4,4,1,1,8,USED
601.655553857,6,1,0,2,2,8,USED
601.759718254,5,7,8,2,2,9,USED
601.958782531,7,5,5,1,1,8,USED
602.203851437,8,0,5,2,2,5,USED
602.226146913,3,1,1,1,1,5,USED
602.241123005,0,4,4,1,1,5,USED
602.366040199,2,4,4,1,1,5,USED
602.460710825,4,7,7,1,1,9,USED
602.486059863,1,0,4,2,2,8,USED
602.655553857,6,1,0,2,2,8,USED
602.759718254,5,3,8,2,2,9,USED
602.958782531,7,8,8,1,1,9,USED
603.203851437,8,1,7,2,3,9,USED
603.226146913,3,1,1,1,1,5,USED
603.241123005,0,2,3,2,2,9,USED
603.366040199,2,5,5,1,1,9,USED
603.460710825,4,2,2,1,1,5,USED
603.486059863,1,0,4,2,2,8,USED
603.655553857,6,0,0,1,1,8,USED
603.759718254,5,1,1,1,2,5,USED
603.958782531,7,6,6,1,1,9,USED
604.203851437,8,0,5,2,2,5,USED
604.226146913,3,4,4,1,1,5,USED
604.241123005,0,1,1,1,1,9,USED
604.366040199,2,1,1,1,1,9,USED
604.460710825,4,5,5,1,1,9,USED
604.486059863,1,3,3,1,1,5,USED
604.655553857,6,4,4,1,1,5,USED
604.759718254,5,6,4,2,2,5,USED
604.958782531,7,6,6,1,1,9,USED
605.203851437,8,7,7,1,1,9,USED
605.226146913,3,4,4,1,1,5,USED
605.241123005,0,1,1,1,1,9,USED
605.366040199,2,1,1,1,1,9,USED
605.460710825,4,8,8,1,1,6,USED
605.486059863,1,3,3,1,1,5,USED
605.655553857,6,7,7,1,1,9,USED
605.759718254,5,8,8,1,1,9,USED
605.958782531,7,4,4,1,1,4,USED
606.203851437,8,5,5,1,1,5,USED
606.226146913,3,1,1,1,1,5,USED
606.241123005,0,8,6,2,2,6,USED
606.366040199,2,7,7,1,1,1,USED
606.460710825,4,1,1,1,1,9,USED
606.486059863,1,5,4,2,2,10,USED
606.655553857,6,8,8,1,1,9,USED
606.759718254,5,6,4,2,2,5,USED
606.958782531,7,5,5,1,1,8,USED
607.203851437,8,4,7,2,2,9,USED
607.226146913,3,8,6,2,2,8,USED
607.241123005,0,8,6,2,2,6,USED
607.366040199,2,4,4,1,1,5,USED
607.460710825,4,1,1,1,1,9,USED
607.486059863,1,7,7,1,1,2,USED
607.655553857,6,2,3,2,2,5,USED
607.759718254,5,0,0,1,1,4,USED
607.958782531,7,3,3,1,1,5,USED
608.203851437,8,3,3,1,1,1,USED
608.226146913,3,7,7,1,1,9,USED
608.241123005,0,7,7,1,1,4,USED
608.366040199,2,3,1,2,2,10,USED
608.460710825,4,1,1,1,1,9,USED
608.486059863,1,2,2,1,1,10,USED
608.655553857,6,0,0,1,1,8,USED
608.759718254,5,3,8,2,2,10,USED
608.958782531,7,2,5,2,2,8,USED
609.203851437,8,3,3,1,1,1,USED
609.226146913,3,7,7,1,1,9,USED
609.241123005,0,2,3,2,2,9,USED
609.366040199,2,0,5,2,2,9,USED
609.460710825,4,0,0,1,1,4,USED
609.486059863,1,8,4,2,2,10,USED
609.655553857,6,3,3,1,1,5,USED
609.759718254,5,8,8,1,1,10,USED
609.958782531,7,3,3,1,1,5,USED
610.203851437,8,6,7,2,2,9,USED
610.226146913,3,7,7,1,1,9,USED
610.241123005,0,8,6,2,2,6,USED
610.366040199,2,6,4,2,2,5,USED
610.460710825,4,8,8,1,1,6,USED
610.486059863,1,0,5,2,2,10,USED
610.655553857,6,4,4,1,1,5,USED
610.759718254,5,8,8,1,1,10,USED
610.958782531,7,3,3,1,1,5,USED
611.203851437,8,2,5,2,2,5,USED
611.226146913,3,7,7,1,1,9,USED
611.241123005,0,6,6,1,1,6,USED
611.366040199,2,8,5,2,2,9,USED
611.460710825,4,6,6,1,1,5,USED
611.486059863,1,6,4,2,2,10,USED
611.655553857,6,4,4,1,1,5,USED
611.759718254,5,3,8,2,2,10,USED
611.958782531,7,1,3,2,2,5,USED
612.203851437,8,5,5,1,1,5,USED
612.226146913,3,7,7,1,1,9,USED
612.241123005,0,6,6,1,1,6,USED
612.366040199,2,5,5,1,1,9,USED
612.460710825,4,8,8,1,1,6,USED
612.486059863,1,6,4,2,2,10,USED
612.655553857,6,0,0,1,1,8,USED
612.759718254,5,3,8,2,2,10,USED
612.958782531,7,1,3,2,2,5,USED
613.203851437,8,2,5,2,2,5,USED
613.226146913,3,7,7,1,2,10,USED
613.241123005,0,1,1,1,1,9,USED
613.366040199,2,8,5,2,2,9,USED
613.460710825,4,2,2,1,1,5,USED
613.486059863,1,5,5,1,1,10,USED
613.655553857,6,1,0,2,2,8,USED
613.759718254,5,4,4,1,1,5,USED
613.958782531,7,2,5,2,2,8,USED
614.203851437,8,6,7,2,2,10,USED
614.226146913,3,0,0,1,1,6,USED
614.241123005,0,4,4,1,1,5,USED
614.366040199,2,6,4,2,2,5,USED
614.460710825,4,2,2,1,1,5,USED
614.486059863,1,8,5,2,2,10,USED
614.655553857,6,8,8,1,1,9,USED
614.759718254,5,2,2,1,1,5,USED
614.958782531,7,0,6,2,2,9,USED
615.203851437,8,5,5,1,1,5,USED
615.226146913,3,0,0,1,1,6,USED
615.241123005,0,2,3,2,2,10,USED
615.366040199,2,3,1,2,2,10,USED
615.460710825,4,5,5,1,2,10,USED
615.486059863,1,3,3,1,1,5,USED
615.655553857,6,5,7,2,3,10,USED
615.759718254,5,6,4,2,2,5,USED
615.958782531,7,4,4,1,1,4,USED
616.203851437,8,2,5,2,2,5,USED
616.226146913,3,1,1,1,1,5,USED
616.241123005,0,4,4,1,1,5,USED
616.366040199,2,3,1,2,2,10,USED
616.460710825,4,2,2,1,1,5,USED
616.486059863,1,4,4,1,1,10,USED
616.655553857,6,7,7,1,2,10,USED
616.759718254,5,7,8,2,2,10,USED
616.958782531,7,1,3,2,2,5,USED
617.203851437,8,6,7,2,2,10,USED
617.226146913,3,2,2,1,1,5,USED
617.241123005,0,5,7,2,2,4,USED
617.366040199,2,3,1,2,2,10,USED
617.460710825,4,7,7,1,1,9,USED
617.486059863,1,0,5,2,2,10,USED
617.655553857,6,7,7,1,2,10,USED
617.759718254,5,0,0,1,1,4,USED
617.958782531,7,4,4,1,1,4,USED
618.203851437,8,5,5,1,1,5,USED
618.226146913,3,0,0,1,1,6,USED
618.241123005,0,5,7,2,2,4,USED
618.366040199,2,8,5,2,2,9,USED
618.460710825,4,6,6,1,1,5,USED
618.486059863,1,3,3,1,1,5,USED
618.655553857,6,3,3,1,1,5,USED
618.759718254,5,3,8,2,2,10,USED
618.958782531,7,2,5,2,2,8,USED
619.203851437,8,6,7,2,2,10,USED
619.226146913,3,0,0,1,1,6,USED
619.241123005,0,3,3,1,1,10,USED
619.366040199,2,8,5,2,2,9,USED
619.460710825,4,2,2,1,1,5,USED
619.486059863,1,6,4,2,2,10,USED
619.655553857,6,4,4,1,1,5,USED
619.759718254,5,7,8,2,2,10,USED
619.958782531,7,3,3,1,1,5,USED
620.203851437,8,7,7,1,1,10,USED
620.226146913,3,4,4,1,1,5,USED
620.241123005,0,6,6,1,1,6,USED
620.366040199,2,0,5,2,2,9,USED
620.460710825,4,8,8,1,1,6,USED
620.486059863,1,7,7,1,1,2,USED
620.655553857,6,4,4,1,1,5,USED
620.759718254,5,3,8,2,2,10,USED
620.958782531,7,1,3,2,2,5,USED
621.203851437,8,1,7,2,3,10,USED
621.226146913,3,6,6,1,1,10,USED
621.241123005,0,1,1,1,1,9,USED
621.366040199,2,8,5,2,2,9,USED
621.460710825,4,3,3,1,1,6,USED
621.486059863,1,5,5,1,1,10,USED
621.655553857,6,4,4,1,1,5,USED
621.759718254,5,7,8,2,2,10,USED
621.958782531,7,6,6,1,1,9,USED
622.203851437,8,6,7,2,2,10,USED
622.226146913,3,6,6,1,1,10,USED
622.241123005,0,6,6,1,1,6,USED
622.366040199,2,1,1,1,1,10,USED
622.460710825,4,0,0,1,1,4,USED
622.486059863,1,7,7,1,1,2,USED
622.655553857,6,5,7,2,3,10,USED
622.759718254,5,4,4,1,1,5,USED
622.958782531,7,2,5,2,2,8,USED
623.203851437,8,6,7,2,2,10,USED
623.226146913,3,2,2,1,1,5,USED
623.241123005,0,8,6,2,2,6,USED
623.366040199,2,1,1,1,1,10,USED
623.460710825,4,0,0,1,1,4,USED
623.486059863,1,0,5,2,2,10,USED
623.655553857,6,7,7,1,2,10,USED
623.759718254,5,3,8,2,2,10,USED
623.958782531,7,3,3,1,1,5,USED
624.203851437,8,2,5,2,2,5,USED
624.226146913,3,5,7,2,3,10,USED
624.241123005,0,2,3,2,2,10,USED
624.366040199,2,3,1,2,2,10,USED
624.460710825,4,8,8,1,1,6,USED
624.486059863,1,8,5,2,2,10,USED
624.655553857,6,3,3,1,1,5,USED
624.759718254,5,7,8,2,2,10,USED
624.958782531,7,8,8,1,1,9,USED
625.203851437,8,4,7,2,2,10,USED
625.226146913,3,7,7,1,2,10,USED
625.241123005,0,8,6,2,2,6,USED
625.366040199,2,3,1,2,2,10,USED
625.460710825,4,7,7,1,1,9,USED
625.486059863,1,8,5,2,2,10,USED
625.655553857,6,2,3,2,2,5,USED
625.759718254,5,2,2,1,1,5,USED
625.958782531,7,0,6,2,2,9,USED
626.203851437,8,4,7,2,2,10,USED
626.226146913,3,4,4,1,1,5,USED
626.241123005,0,6,6,1,1,6,USED
626.366040199,2,1,1,1,1,10,USED
626.460710825,4,2,2,1,1,5,USED
626.486059863,1,4,4,1,1,10,USED
626.655553857,6,2,3,2,2,5,USED
626.759718254,5,7,8,2,2,10,USED
626.958782531,7,5,5,1,1,8,USED
627.203851437,8,4,7,2,2,10,USED
627.226146913,3,2,2,1,1,5,USED
627.241123005,0,3,3,1,1,10,USED
627.366040199,2,8,5,2,2,9,USED
627.460710825,4,3,3,1,1,6,USED
627.486059863,1,2,2,1,1,10,USED
627.655553857,6,4,4,1,1,5,USED
627.759718254,5,4,4,1,1,5,USED
627.958782531,7,8,8,1,1,9,USED
628.203851437,8,6,7,2,2,10,USED
628.226146913,3,1,1,1,1,5,USED
628.241123005,0,2,3,2,2,10,USED
628.366040199,2,3,1,2,2,10,USED
628.460710825,4,0,0,1,1,4,USED
628.486059863,1,0,5,2,2,10,USED
628.655553857,6,5,7,2,3,10,USED
628.759718254,5,1,1,1,2,10,USED
628.958782531,7,4,4,1,1,4,USED
629.203851437,8,5,5,1,1,5,USED
629.226146913,3,5,7,2,3,10,USED
629.241123005,0,7,7,1,1,4,USED
629.366040199,2,0,5,2,2,9,USED
629.460710825,4,0,0,1,1,4,USED
629.486059863,1,0,5,2,2,10,USED
629.655553857,6,3,3,1,1,5,USED
629.759718254,5,3,8,2,2,10,USED
629.958782531,7,6,6,1,1,9,USED
630.203851437,8,4,7,2,2,10,USED
630.226146913,3,5,7,2,3,10,USED
630.241123005,0,5,7,2,2,4,USED
630.366040199,2,0,5,2,2,9,USED
630.460710825,4,3,3,1,1,6,USED
630.486059863,1,8,5,2,2,10,USED
630.655553857,6,2,3,2,2,5,USED
630.759718254,5,2,2,1,1,5,USED
630.958782531,7,2,5,2,2,8,USED
631.203851437,8,1,7,2,3,10,USED
631.226146913,3,5,7,2,3,10,USED
631.241123005,0,3,3,1,1,10,USED
631.366040199,2,0,5,2,2,9,USED
631.460710825,4,1,1,1,1,9,USED
631.486059863,1,6,4,2,2,10,USED
631.655553857,6,7,7,1,2,10,USED
631.759718254,5,8,8,1,1,10,USED
631.958782531,7,6,6,1,1,9,USED
632.203851437,8,7,7,1,1,10,USED
632.226146913,3,1,1,1,1,5,USED
632.241123005,0,8,6,2,2,6,USED
632.366040199,2,7,7,1,1,1,USED
632.460710825,4,3,3,1,1,6,USED
632.486059863,1,2,2,1,1,10,USED
632.655553857,6,5,7,2,3,10,USED
632.759718254,5,6,4,2,2,5,USED
632.958782531,7,2,5,2,2,8,USED
633.203851437,8,2,5,2,2,5,USED
633.226146913,3,8,6,2,2,10,USED
633.241123005,0,6,6,1,1,6,USED
633.366040199,2,1,1,1,1,10,USED
633.460710825,4,5,5,1,2,10,USED
633.486059863,1,0,5,2,2,10,USED
633.655553857,6,5,7,2,3,10,USED
633.759718254,5,6,4,2,2,5,USED
633.958782531,7,3,3,1,1,5,USED
634.203851437,8,7,7,1,1,10,USED
634.226146913,3,1,1,1,1,5,USED
634.241123005,0,5,7,2,2,4,USED
634.366040199,2,0,5,2,2,9,USED
634.460710825,4,3,3,1,1,6,USED
634.486059863,1,5,5,1,1,10,USED
634.655553857,6,3,3,1,1,5,USED
634.759718254,5,1,1,1,2,10,USED
634.958782531,7,6,6,1,1,9,USED
635.203851437,8,3,3,1,1,1,USED
635.226146913,3,5,7,2,3,10,USED
635.241123005,0,2,3,2,2,10,USED
635.366040199,2,6,4,2,2,5,USED
635.460710825,4,8,8,1,1,6,USED
635.486059863,1,5,5,1,1,10,USED
635.655553857,6,8,8,1,1,9,USED
635.759718254,5,8,8,1,1,10,USED
635.958782531,7,5,5,1,1,8,USED
636.203851437,8,0,5,2,2,5,USED
636.226146913,3,1,1,1,1,5,USED
636.241123005,0,8,6,2,2,6,USED
636.366040199,2,8,5,2,2,9,USED
636.460710825,4,8,8,1,1,6,USED
636.486059863,1,0,5,2,2,10,USED
636.655553857,6,0,0,1,1,8,USED
636.759718254,5,2,2,1,1,5,USED
636.958782531,7,2,5,2,2,8,USED
637.203851437,8,0,5,2,2,5,USED
637.226146913,3,6,6,1,1,10,USED
637.241123005,0,5,7,2,2,4,USED
637.366040199,2,1,1,1,1,10,USED
637.460710825,4,3,3,1,1,6,USED
637.486059863,1,3,3,1,1,5,USED
637.655553857,6,2,3,2,2,5,USED
637.759718254,5,6,4,2,2,5,USED
637.958782531,7,4,4,1,1,4,USED
638.203851437,8,2,5,2,2,5,USED
638.226146913,3,1,1,1,1,5,USED
638.241123005,0,6,6,1,1,6,USED
638.366040199,2,6,4,2,2,5,USED
638.460710825,4,6,6,1,1,5,USED
638.486059863,1,5,5,1,1,10,USED
638.655553857,6,0,0,1,1,8,USED
638.759718254,5,2,2,1,1,5,USED
638.958782531,7,3,3,1,1,5,USED
639.203851437,8,0,5,2,2,5,USED
639.226146913,3,5,7,2,3,10,USED
639.241123005,0,6,6,1,1,6,USED
639.366040199,2,5,5,1,1,9,USED
639.460710825,4,8,8,1,1,6,USED
639.486059863,1,2,2,1,1,10,USED
639.655553857,6,1,0,2,2,8,USED
639.759718254,5,7,8,2,2,10,USED
639.958782531,7,5,5,1,1,8,USED
640.203851437,8,1,7,2,3,10,USED
640.226146913,3,8,6,2,2,10,USED
640.241123005,0,1,1,1,1,9,USED
640.366040199,2,8,5,2,2,9,USED
640.460710825,4,5,5,1,2,10,USED
640.486059863,1,0,5,2,2,10,USED
640.655553857,6,3,3,1,1,5,USED
640.759718254,5,2,2,1,1,5,USED
640.958782531,7,6,6,1,1,9,USED
641.203851437,8,7,7,1,1,10,USED
641.226146913,3,6,6,1,1,10,USED
641.241123005,0,2,3,2,2,10,USED
641.366040199,2,0,5,2,2,9,USED
641.460710825,4,3,3,1,1,6,USED
641.486059863,1,3,3,1,1,5,USED
641.655553857,6,1,0,2,2,8,USED
641.759718254,5,2,2,1,1,5,USED
641.958782531,7,0,6,2,2,9,USED
642.203851437,8,5,5,1,1,5,USED
642.226146913,3,6,6,1,1,10,USED
642.241123005,0,5,7,2,2,4,USED
642.366040199,2,6,4,2,2,5,USED
642.460710825,4,6,6,1,1,5,USED
642.486059863,1,7,7,1,1,2,USED
642.655553857,6,8,8,1,1,9,USED
642.759718254,5,8,8,1,1,10,USED
642.958782531,7,1,3,2,2,5,USED
643.203851437,8,4,7,2,2,10,USED
643.226146913,3,7,7,1,2,10,USED
643.241123005,0,1,1,1,1,9,USED
643.366040199,2,6,4,2,2,5,USED
643.460710825,4,6,6,1,1,5,USED
643.486059863,1,3,3,1,1,5,USED
643.655553857,6,7,7,1,2,10,USED
643.759718254,5,1,1,1,2,10,USED
643.958782531,7,6,6,1,1,9,USED
644.203851437,8,6,7,2,2,10,USED
644.226146913,3,2,2,1,1,5,USED
644.241123005,0,7,7,1,1,4,USED
644.366040199,2,4,4,1,1,5,USED
644.460710825,4,8,8,1,1,6,USED
644.486059863,1,6,4,2,2,10,USED
644.655553857,6,7,7,1,2,10,USED
644.759718254,5,2,2,1,1,5,USED
644.958782531,7,0,6,2,2,9,USED
645.203851437,8,5,5,1,1,5,USED
645.226146913,3,1,1,1,1,5,USED
645.241123005,0,7,7,1,1,4,USED
645.366040199,2,5,5,1,1,9,USED
645.460710825,4,8,8,1,1,6,USED
645.486059863,1,7,7,1,1,2,USED
645.655553857,6,3,3,1,1,5,USED
645.759718254,5,0,0,1,1,4,USED
645.958782531,7,4,4,1,1,4,USED
646.203851437,8,7,7,1,1,10,USED
646.226146913,3,8,6,2,2,10,USED
646.241123005,0,7,7,1,1,4,USED
646.366040199,2,0,5,2,2,9,USED
646.460710825,4,8,8,1,1,6,USED
646.486059863,1,3,3,1,1,5,USED
646.655553857,6,2,3,2,2,5,USED
646.759718254,5,1,1,1,2,10,USED
646.958782531,7,6,6,1,1,9,USED
647.203851437,8,4,7,2,2,10,USED
647.226146913,3,7,7,1,2,10,USED
647.241123005,0,3,3,1,1,10,USED
647.366040199,2,0,5,2,2,9,USED
647.460710825,4,3,3,1,1,6,USED
647.486059863,1,6,4,2,2,10,USED
647.655553857,6,5,7,2,3,10,USED
647.759718254,5,4,4,1,1,5,USED
647.958782531,7,0,6,2,2,9,USED
648.203851437,8,6,7,2,2,10,USED
648.226146913,3,2,2,1,1,5,USED
648.241123005,0,3,3,1,1,10,USED
648.366040199,2,6,4,2,2,5,USED
648.460710825,4,3,3,1,1,6,USED
648.486059863,1,0,5,2,2,10,USED
648.655553857,6,3,3,1,1,5,USED
648.759718254,5,1,1,1,2,10,USED
648.958782531,7,3,3,1,1,5,USED
649.203851437,8,0,5,2,2,5,USED
649.226146913,3,6,6,1,1,10,USED
649.241123005,0,1,1,1,1,9,USED
649.366040199,2,5,5,1,1,9,USED
649.460710825,4,1,1,1,1,9,USED
649.486059863,1,5,5,1,1,10,USED
649.655553857,6,5,7,2,3,10,USED
649.759718254,5,1,1,1,2,10,USED
649.958782531,7,3,3,1,1,5,USED
650.203851437,8,6,7,2,2,10,USED
650.226146913,3,5,7,2,3,10,USED
650.241123005,0,3,3,1,1,10,USED
650.366040199,2,3,1,2,2,10,USED
650.460710825,4,2,2,1,1,5,USED
650.486059863,1,3,3,1,1,5,USED
650.655553857,6,2,3,2,2,5,USED
650.759718254,5,2,2,1,1,5,USED
650.958782531,7,1,3,2,2,5,USED
651.203851437,8,3,3,1,1,1,USED
651.226146913,3,8,6,2,2,10,USED
651.241123005,0,1,1,1,1,9,USED
651.366040199,2,4,4,1,1,5,USED
651.460710825,4,3,3,1,1,6,USED
651.486059863,1,0,5,2,2,10,USED
651.655553857,6,5,7,2,3,10,USED
651.759718254,5,1,1,1,2,10,USED
651.958782531,7,5,5,1,1,8,USED
652.203851437,8,3,3,1,1,1,USED
652.226146913,3,7,7,1,2,10,USED
652.241123005,0,5,7,2,2,4,USED
652.366040199,2,0,5,2,2,9,USED
652.460710825,4,3,3,1,1,6,USED
652.486059863,1,5,5,1,1,10,USED
652.655553857,6,4,4,1,1,5,USED
652.759718254,5,0,0,1,1,4,USED
652.958782531,7,4,4,1,1,4,USED
653.203851437,8,0,5,2,2,5,USED
653.226146913,3,8,6,2,2,10,USED
653.241123005,0,2,3,2,2,10,USED
653.366040199,2,8,5,2,2,9,USED
653.460710825,4,6,6,1,1,5,USED
653.486059863,1,8,5,2,2,10,USED
653.655553857,6,2,3,2,2,5,USED
653.759718254,5,8,8,1,1,10,USED
653.958782531,7,2,5,2,2,8,USED
654.203851437,8,7,7,1,1,10,USED
654.226146913,3,5,7,2,3,10,USED
654.241123005,0,7,7,1,1,4,USED
654.366040199,2,3,1,2,2,10,USED
654.460710825,4,7,7,1,1,9,USED
654.486059863,1,2,2,1,1,10,USED
654.655553857,6,3,3,1,1,5,USED
654.759718254,5,8,8,1,1,10,USED
654.958782531,7,1,3,2,2,5,USED
655.203851437,8,0,5,2,2,5,USED
655.226146913,3,2,2,1,1,5,USED
655.241123005,0,4,4,1,1,5,USED
655.366040199,2,0,5,2,2,9,USED
655.460710825,4,8,8,1,1,6,USED
655.486059863,1,7,7,1,1,2,USED
655.655553857,6,1,0,2,2,8,USED
655.759718254,5,7,8,2,2,10,USED
655.958782531,7,4,4,1,1,4,USED
656.203851437,8,0,5,2,2,5,USED
656.226146913,3,0,0,1,1,6,USED
656.241123005,0,1,1,1,1,9,USED
656.366040199,2,0,5,2,2,9,USED
656.460710825,4,0,0,1,1,4,USED
656.486059863,1,7,7,1,1,2,USED
656.655553857,6,2,3,2,2,5,USED
656.759718254,5,4,4,1,1,5,USED
656.958782531,7,2,5,2,2,8,USED
657.203851437,8,6,7,2,2,10,USED
657.226146913,3,0,0,1,1,6,USED
657.241123005,0,2,3,2,2,10,USED
657.366040199,2,4,4,1,1,5,USED
657.460710825,4,6,6,1,1,5,USED
657.486059863,1,2,2,1,1,10,USED
657.655553857,6,3,3,1,1,5,USED
657.759718254,5,7,8,2,2,10,USED
657.958782531,7,5,5,1,1,8,USED
658.203851437,8,0,5,2,2,5,USED
658.226146913,3,7,7,1,2,10,USED
658.241123005,0,8,6,2,2,6,USED
658.366040199,2,5,5,1,1,9,USED
658.460710825,4,3,3,1,1,6,USED
658.486059863,1,2,2,1,1,10,USED
658.655553857,6,3,3,1,1,5,USED
658.759718254,5,4,4,1,1,5,USED
658.958782531,7,1,3,2,2,5,USED
659.203851437,8,3,3,1,1,1,USED
659.226146913,3,6,6,1,1,10,USED
659.241123005,0,8,6,2,2,6,USED
659.366040199,2,6,4,2,2,5,USED
659.460710825,4,1,1,1,1,9,USED
659.486059863,1,5,5,1,1,10,USED
659.655553857,6,1,0,2,2,8,USED
659.759718254,5,6,4,2,2,5,USED
659.958782531,7,0,6,2,2,9,USED
660.203851437,8,6,7,2,2,10,USED
660.226146913,3,0,0,1,1,6,USED
660.241123005,0,6,6,1,1,6,USED
660.366040199,2,3,1,2,2,10,USED
660.460710825,4,7,7,1,1,9,USED
660.486059863,1,3,3,1,1,5,USED
660.655553857,6,8,8,1,1,9,USED
660.759718254,5,6,4,2,2,5,USED
660.958782531,7,5,5,1,1,8,USED
661.203851437,8,4,7,2,2,10,USED
661.226146913,3,0,0,1,1,6,USED
661.241123005,0,4,4,1,1,5,USED
661.366040199,2,0,5,2,2,9,USED
661.460710825,4,8,8,1,1,6,USED
661.486059863,1,6,4,2,2,10,USED
661.655553857,6,8,8,1,1,9,USED
661.759718254,5,1,1,1,2,10,USED
661.958782531,7,8,8,1,1,9,USED
662.203851437,8,1,7,2,3,10,USED
662.226146913,3,6,6,1,1,10,USED
662.241123005,0,3,3,1,1,10,USED
662.366040199,2,0,5,2,2,9,USED
662.460710825,4,7,7,1,1,9,USED
662.486059863,1,7,7,1,1,2,USED
662.655553857,6,5,7,2,3,10,USED
662.759718254,5,3,8,2,2,10,USED
662.958782531,7,0,6,2,2,9,USED
663.203851437,8,7,7,1,1,10,USED
663.226146913,3,5,7,2,3,10,USED
663.241123005,0,6,6,1,1,6,USED
663.366040199,2,8,5,2,2,9,USED
663.460710825,4,7,7,1,1,9,USED
663.486059863,1,8,5,2,2,10,USED
663.655553857,6,0,0,1,1,8,USED
663.759718254,5,4,4,1,1,5,USED
663.958782531,7,8,8,1,1,9,USED
664.203851437,8,3,3,1,1,1,USED
664.226146913,3,6,6,1,1,10,USED
664.241123005,0,3,3,1,1,10,USED
664.366040199,2,8,5,2,2,9,USED
664.460710825,4,3,3,1,1,6,USED
664.486059863,1,8,5,2,2,10,USED
664.655553857,6,2,3,2,2,5,USED
664.759718254,5,7,8,2,2,10,USED
664.958782531,7,6,6,1,1,9,USED
665.203851437,8,5,5,1,1,5,USED
665.226146913,3,8,6,2,2,10,USED
665.241123005,0,7,7,1,1,4,USED
665.366040199,2,0,5,2,2,9,USED
665.460710825,4,7,7,1,1,9,USED
665.486059863,1,0,5,2,2,10,USED
665.655553857,6,1,0,2,2,8,USED
665.759718254,5,4,4,1,1,5,USED
665.958782531,7,6,6,1,1,9,USED
666.203851437,8,5,5,1,1,5,USED
666.226146913,3,7,7,1,2,10,USED
666.241123005,0,2,3,2,2,10,USED
666.366040199,2,8,5,2,2,9,USED
666.460710825,4,6,6,1,1,5,USED
666.486059863,1,5,5,1,1,10,USED
666.655553857,6,2,3,2,2,5,USED
666.759718254,5,4,4,1,1,5,USED
666.958782531,7,0,6,2,2,9,USED
667.203851437,8,4,7,2,2,10,USED
667.226146913,3,0,0,1,1,11,USED
667.241123005,0,8,6,2,2,6,USED
667.366040199,2,7,7,1,1,1,USED
667.460710825,4,5,5,1,2,10,USED
667.486059863,1,2,2,1,1,11,USED
667.655553857,6,7,7,1,2,10,USED
667.759718254,5,8,8,1,1,10,USED
667.958782531,7,2,5,2,2,8,USED
668.203851437,8,0,5,2,2,5,USED
668.226146913,3,8,6,2,2,10,USED
668.241123005,0,2,3,2,2,10,USED
668.366040199,2,6,4,2,2,11,USED
668.460710825,4,0,0,1,1,4,USED
668.486059863,1,7,7,1,1,2,USED
668.655553857,6,8,8,1,1,9,USED
668.759718254,5,8,8,1,1,11,USED
668.958782531,7,6,6,1,1,9,USED
669.203851437,8,1,7,2,3,10,USED
669.226146913,3,8,6,2,2,10,USED
669.241123005,0,3,3,1,1,10,USED
669.366040199,2,3,8,2,2,11,USED
669.460710825,4,0,0,1,1,4,USED
669.486059863,1,5,5,1,1,10,USED
669.655553857,6,7,7,1,2,10,USED
669.759718254,5,0,0,1,1,4,USED
669.958782531,7,4,4,1,1,4,USED
670.203851437,8,7,7,1,1,10,USED
670.226146913,3,7,0,2,2,11,USED
670.241123005,0,1,1,1,1,11,USED
670.366040199,2,1,1,1,1,11,USED
670.460710825,4,3,3,1,1,6,USED
670.486059863,1,7,7,1,1,2,USED
670.655553857,6,2,3,2,2,5,USED
670.759718254,5,0,0,1,1,4,USED
670.958782531,7,4,4,1,1,4,USED
671.203851437,8,6,7,2,2,10,USED
671.226146913,3,1,1,1,1,5,USED
671.241123005,0,6,6,1,1,6,USED
671.366040199,2,1,1,1,1,11,USED
671.460710825,4,7,7,1,1,9,USED
671.486059863,1,5,5,1,1,10,USED
671.655553857,6,7,7,1,2,10,USED
671.759718254,5,6,4,2,2,5,USED
671.958782531,7,4,4,1,1,4,USED
672.203851437,8,5,5,1,1,5,USED
672.226146913,3,2,2,1,1,5,USED
672.241123005,0,1,1,1,1,11,USED
672.366040199,2,0,5,2,2,11,USED
672.460710825,4,8,8,1,1,6,USED
672.486059863,1,4,4,1,1,11,USED
672.655553857,6,5,7,2,3,10,USED
672.759718254,5,2,2,1,1,5,USED
672.958782531,7,6,6,1,1,9,USED
673.203851437,8,3,7,2,2,10,USED
673.226146913,3,7,0,2,2,11,USED
673.241123005,0,6,6,1,1,6,USED
673.366040199,2,3,8,2,2,11,USED
673.460710825,4,5,1,2,2,11,USED
673.486059863,1,7,7,1,1,2,USED
673.655553857,6,3,3,1,1,5,USED
673.759718254,5,6,4,2,2,5,USED
673.958782531,7,1,3,2,2,5,USED
674.203851437,8,3,7,2,2,10,USED
674.226146913,3,7,0,2,2,11,USED
674.241123005,0,4,4,1,1,5,USED
674.366040199,2,4,4,1,1,11,USED
674.460710825,4,1,1,1,1,11,USED
674.486059863,1,8,5,2,2,10,USED
674.655553857,6,5,7,2,2,11,USED
674.759718254,5,7,8,2,2,11,USED
674.958782531,7,4,4,1,1,4,USED
675.203851437,8,7,7,1,1,10,USED
675.226146913,3,1,1,1,1,5,USED
675.241123005,0,8,6,2,2,6,USED
675.366040199,2,6,4,2,2,11,USED
675.460710825,4,5,1,2,2,11,USED
675.486059863,1,8,5,2,2,10,USED
675.655553857,6,4,4,1,1,5,USED
675.759718254,5,3,8,2,2,11,USED
675.958782531,7,6,6,1,1,9,USED
676.203851437,8,0,5,2,2,5,USED
676.226146913,3,2,2,1,1,5,USED
676.241123005,0,5,7,2,2,4,USED
676.366040199,2,6,4,2,2,11,USED
676.460710825,4,2,2,1,1,5,USED
676.486059863,1,4,4,1,1,11,USED
676.655553857,6,1,0,2,2,8,USED
676.759718254,5,6,4,2,2,5,USED
676.958782531,7,5,5,1,1,8,USED
677.203851437,8,3,7,2,2,10,USED
677.226146913,3,5,0,2,3,11,USED
677.241123005,0,2,3,2,2,10,USED
677.366040199,2,5,5,1,1,11,USED
677.460710825,4,2,2,1,1,5,USED
677.486059863,1,6,4,2,2,11,USED
677.655553857,6,5,7,2,2,11,USED
677.759718254,5,8,8,1,1,11,USED
677.958782531,7,8,8,1,1,11,USED
678.203851437,8,5,5,1,1,5,USED
678.226146913,3,7,0,2,2,11,USED
678.241123005,0,8,6,2,2,6,USED
678.366040199,2,1,1,1,1,11,USED
678.460710825,4,2,2,1,1,5,USED
678.486059863,1,6,4,2,2,11,USED
678.655553857,6,2,3,2,2,5,USED
678.759718254,5,8,8,1,1,11,USED
678.958782531,7,8,8,1,1,11,USED
679.203851437,8,4,7,2,2,10,USED
679.226146913,3,8,6,2,2,10,USED
679.241123005,0,7,7,1,1,4,USED
679.366040199,2,0,5,2,2,11,USED
679.460710825,4,7,7,1,1,9,USED
679.486059863,1,0,4,2,2,11,USED
679.655553857,6,3,3,1,1,5,USED
679.759718254,5,2,2,1,1,5,USED
679.958782531,7,2,5,2,2,8,USED
680.203851437,8,5,5,1,1,5,USED
680.226146913,3,0,0,1,1,11,USED
680.241123005,0,1,1,1,1,11,USED
680.366040199,2,5,5,1,1,11,USED
680.460710825,4,6,6,1,1,5,USED
680.486059863,1,4,4,1,1,11,USED
680.655553857,6,1,0,2,2,8,USED
680.759718254,5,7,8,2,2,11,USED
680.958782531,7,5,5,1,1,8,USED
681.203851437,8,1,7,2,3,10,USED
681.226146913,3,0,0,1,1,11,USED
681.241123005,0,4,4,1,1,5,USED
681.366040199,2,6,4,2,2,11,USED
681.460710825,4,1,1,1,1,11,USED
681.486059863,1,7,7,1,1,2,USED
681.655553857,6,0,0,1,1,8,USED
681.759718254,5,4,4,1,1,5,USED
681.958782531,7,6,6,1,1,9,USED
682.203851437,8,7,7,1,1,10,USED
682.226146913,3,8,6,2,2,10,USED
682.241123005,0,6,6,1,1,6,USED
682.366040199,2,1,1,1,1,11,USED
682.460710825,4,7,7,1,1,9,USED
682.486059863,1,7,7,1,1,2,USED
682.655553857,6,7,7,1,1,11,USED
682.759718254,5,2,2,1,1,5,USED
682.958782531,7,6,6,1,1,9,USED
683.203851437,8,3,7,2,2,10,USED
683.226146913,3,5,0,2,3,11,USED
683.241123005,0,2,3,2,2,10,USED
683.366040199,2,3,8,2,2,11,USED
683.460710825,4,5,1,2,2,11,USED
683.486059863,1,7,7,1,1,2,USED
683.655553857,6,7,7,1,1,11,USED
683.759718254,5,7,8,2,2,11,USED
683.958782531,7,2,5,2,2,8,USED
684.203851437,8,0,5,2,2,5,USED
684.226146913,3,4,4,1,1,5,USED
684.241123005,0,5,7,2,2,4,USED
684.366040199,2,4,4,1,1,11,USED
684.460710825,4,6,6,1,1,5,USED
684.486059863,1,6,4,2,2,11,USED
684.655553857,6,2,3,2,2,5,USED
684.759718254,5,6,4,2,2,5,USED
684.958782531,7,6,6,1,1,9,USED
685.203851437,8,4,7,2,2,10,USED
685.226146913,3,2,2,1,1,5,USED
685.241123005,0,1,1,1,1,11,USED
685.366040199,2,8,8,1,1,11,USED
685.460710825,4,0,0,1,1,4,USED
685.486059863,1,8,5,2,2,10,USED
685.655553857,6,8,8,1,1,9,USED
685.759718254,5,8,8,1,1,11,USED
685.958782531,7,1,3,2,2,5,USED
686.203851437,8,0,5,2,2,5,USED
686.226146913,3,8,6,2,2,10,USED
686.241123005,0,8,6,2,2,6,USED
686.366040199,2,0,5,2,2,11,USED
686.460710825,4,2,2,1,1,5,USED
686.486059863,1,8,5,2,2,10,USED
686.655553857,6,8,8,1,1,9,USED
686.759718254,5,0,0,1,1,4,USED
686.958782531,7,0,6,2,2,9,USED
687.203851437,8,2,5,2,2,5,USED
687.226146913,3,8,6,2,2,10,USED
687.241123005,0,8,6,2,2,6,USED
687.366040199,2,1,1,1,1,11,USED
687.460710825,4,7,7,1,1,9,USED
687.486059863,1,3,3,1,1,5,USED
687.655553857,6,4,4,1,1,5,USED
687.759718254,5,6,4,2,2,5,USED
687.958782531,7,1,3,2,2,5,USED
688.203851437,8,3,7,2,2,10,USED
688.226146913,3,4,4,1,1,5,USED
688.241123005,0,6,6,1,1,6,USED
688.366040199,2,4,4,1,1,11,USED
688.460710825,4,0,0,1,1,4,USED
688.486059863,1,4,4,1,1,11,USED
688.655553857,6,5,7,2,2,11,USED
688.759718254,5,0,0,1,1,4,USED
688.958782531,7,5,5,1,1,8,USED
689.203851437,8,5,5,1,1,5,USED
689.226146913,3,1,1,1,1,5,USED
689.241123005,0,4,4,1,1,5,USED
689.366040199,2,4,4,1,1,11,USED
689.460710825,4,5,1,2,2,11,USED
689.486059863,1,2,2,1,1,11,USED
689.655553857,6,2,3,2,2,5,USED
689.759718254,5,7,8,2,2,11,USED
689.958782531,7,2,5,2,2,8,USED
690.203851437,8,0,5,2,2,5,USED
690.226146913,3,6,6,1,1,10,USED
690.241123005,0,1,1,1,1,11,USED
690.366040199,2,4,4,1,1,11,USED
690.460710825,4,8,8,1,1,6,USED
690.486059863,1,5,5,1,1,10,USED
690.655553857,6,4,4,1,1,5,USED
690.759718254,5,3,8,2,2,11,USED
690.958782531,7,3,3,1,1,5,USED
691.203851437,8,3,7,2,2,10,USED
691.226146913,3,7,0,2,2,11,USED
691.241123005,0,7,7,1,1,4,USED
691.366040199,2,5,5,1,1,11,USED
691.460710825,4,3,3,1,1,6,USED
691.486059863,1,2,2,1,1,11,USED
691.655553857,6,7,7,1,1,11,USED
691.759718254,5,1,1,1,1,11,USED
691.958782531,7,8,8,1,1,11,USED
692.203851437,8,0,5,2,2,5,USED
692.226146913,3,0,0,1,1,11,USED
692.241123005,0,4,4,1,1,5,USED
692.366040199,2,0,5,2,2,11,USED
692.460710825,4,5,1,2,2,11,USED
692.486059863,1,7,7,1,1,2,USED
692.655553857,6,8,8,1,1,9,USED
692.759718254,5,7,8,2,2,11,USED
692.958782531,7,3,3,1,1,5,USED
693.203851437,8,6,7,2,2,10,USED
693.226146913,3,6,6,1,1,10,USED
693.241123005,0,6,6,1,1,6,USED
693.366040199,2,7,1,2,2,11,USED
693.460710825,4,8,8,1,1,6,USED
693.486059863,1,2,2,1,1,11,USED
693.655553857,6,7,7,1,1,11,USED
693.759718254,5,8,8,1,1,11,USED
693.958782531,7,8,8,1,1,11,USED
694.203851437,8,4,7,2,2,10,USED
694.226146913,3,7,0,2,2,11,USED
694.241123005,0,2,3,2,2,10,USED
694.366040199,2,8,8,1,1,11,USED
694.460710825,4,5,1,2,2,11,USED
694.486059863,1,2,2,1,1,11,USED
694.655553857,6,8,8,1,1,9,USED
694.759718254,5,0,0,1,1,4,USED
694.958782531,7,1,3,2,2,5,USED
695.203851437,8,4,7,2,2,10,USED
695.226146913,3,6,6,1,1,10,USED
695.241123005,0,7,7,1,1,4,USED
695.366040199,2,8,8,1,1,11,USED
695.460710825,4,7,7,1,1,9,USED
695.486059863,1,0,4,2,2,11,USED
695.655553857,6,3,3,1,1,5,USED
695.759718254,5,6,4,2,2,5,USED
695.958782531,7,3,3,1,1,5,USED
696.203851437,8,0,5,2,2,5,USED
696.226146913,3,0,0,1,1,11,USED
696.241123005,0,6,6,1,1,6,USED
696.366040199,2,7,1,2,2,11,USED
696.460710825,4,3,3,1,1,6,USED
696.486059863,1,2,2,1,1,11,USED
696.655553857,6,2,3,2,2,5,USED
696.759718254,5,2,2,1,1,5,USED
696.958782531,7,5,5,1,1,8,USED
697.203851437,8,6,7,2,2,10,USED
697.226146913,3,0,0,1,1,11,USED
697.241123005,0,4,4,1,1,5,USED
697.366040199,2,5,5,1,1,11,USED
697.460710825,4,1,1,1,1,11,USED
697.486059863,1,4,4,1,1,11,USED
697.655553857,6,1,0,2,2,8,USED
697.759718254,5,4,4,1,1,5,USED
697.958782531,7,4,4,1,1,4,USED
698.203851437,8,0,5,2,2,5,USED
698.226146913,3,7,0,2,2,11,USED
698.241123005,0,4,4,1,1,5,USED
698.366040199,2,5,5,1,1,11,USED
698.460710825,4,2,2,1,1,5,USED
698.486059863,1,4,4,1,1,11,USED
698.655553857,6,2,3,2,2,5,USED
698.759718254,5,8,8,1,1,11,USED
698.958782531,7,2,5,2,2,8,USED
699.203851437,8,7,7,1,1,10,USED
699.226146913,3,6,6,1,1,10,USED
699.241123005,0,2,3,2,2,10,USED
699.366040199,2,4,4,1,1,11,USED
699.460710825,4,1,1,1,1,11,USED
699.486059863,1,7,7,1,1,2,USED
699.655553857,6,7,7,1,1,11,USED
699.759718254,5,8,8,1,1,11,USED
699.958782531,7,3,3,1,1,5,USED
700.203851437,8,2,5,2,2,5,USED
700.226146913,3,4,4,1,1,5,USED
700.241123005,0,8,6,2,2,6,USED
700.366040199,2,0,5,2,2,11,USED
700.460710825,4,2,2,1,1,5,USED
700.486059863,1,7,7,1,1,2,USED
700.655553857,6,8,8,1,1,9,USED
700.759718254,5,6,4,2,2,5,USED
700.958782531,7,5,5,1,1,8,USED
701.203851437,8,5,5,1,1,5,USED
701.226146913,3,5,0,2,3,11,USED
701.241123005,0,4,4,1,1,5,USED
701.366040199,2,3,8,2,2,11,USED
701.460710825,4,8,8,1,1,6,USED
701.486059863,1,0,4,2,2,11,USED
701.655553857,6,7,7,1,1,11,USED
701.759718254,5,2,2,1,1,5,USED
701.958782531,7,2,5,2,2,8,USED
702.203851437,8,6,7,2,2,10,USED
702.226146913,3,2,2,1,1,5,USED
702.241123005,0,1,1,1,1,11,USED
702.366040199,2,0,5,2,2,11,USED
702.460710825,4,0,0,1,1,4,USED
702.486059863,1,0,4,2,2,11,USED
702.655553857,6,2,3,2,2,5,USED
702.759718254,5,6,4,2,2,5,USED
702.958782531,7,5,5,1,1,8,USED
703.203851437,8,0,5,2,2,5,USED
703.226146913,3,1,1,1,1,5,USED
703.241123005,0,6,6,1,1,6,USED
703.366040199,2,0,5,2,2,11,USED
703.460710825,4,7,7,1,1,9,USED
703.486059863,1,2,2,1,1,11,USED
703.655553857,6,3,3,1,1,5,USED
703.759718254,5,8,8,1,1,11,USED
703.958782531,7,5,5,1,1,8,USED
704.203851437,8,3,7,2,2,10,USED
704.226146913,3,5,0,2,3,11,USED
704.241123005,0,6,6,1,1,6,USED
704.366040199,2,6,4,2,2,11,USED
704.460710825,4,3,3,1,1,6,USED
704.486059863,1,8,5,2,2,10,USED
704.655553857,6,5,7,2,2,11,USED
704.759718254,5,7,8,2,2,11,USED
704.958782531,7,6,6,1,1,9,USED
705.203851437,8,3,7,2,2,10,USED
705.226146913,3,2,2,1,1,5,USED
705.241123005,0,4,4,1,1,5,USED
705.366040199,2,8,8,1,1,11,USED
705.460710825,4,2,2,1,1,5,USED
705.486059863,1,2,2,1,1,11,USED
705.655553857,6,7,7,1,1,11,USED
705.759718254,5,0,0,1,1,4,USED
705.958782531,7,1,3,2,2,5,USED
706.203851437,8,0,5,2,2,5,USED
706.226146913,3,6,6,1,1,10,USED
706.241123005,0,5,7,2,2,4,USED
706.366040199,2,1,1,1,1,11,USED
706.460710825,4,2,2,1,1,5,USED
706.486059863,1,6,4,2,2,11,USED
706.655553857,6,5,7,2,2,11,USED
706.759718254,5,4,4,1,1,5,USED
706.958782531,7,6,6,1,1,9,USED
707.203851437,8,6,7,2,2,10,USED
707.226146913,3,2,2,1,1,5,USED
707.241123005,0,1,1,1,1,11,USED
707.366040199,2,8,8,1,1,11,USED
707.460710825,4,8,8,1,1,6,USED
707.486059863,1,0,4,2,2,11,USED
707.655553857,6,0,0,1,1,8,USED
707.759718254,5,7,8,2,2,11,USED
707.958782531,7,6,6,1,1,9,USED
708.203851437,8,6,7,2,2,10,USED
708.226146913,3,5,0,2,3,11,USED
708.241123005,0,1,1,1,1,11,USED
708.366040199,2,6,4,2,2,11,USED
708.460710825,4,0,0,1,1,4,USED
708.486059863,1,7,7,1,1,2,USED
708.655553857,6,3,3,1,1,5,USED
708.759718254,5,6,4,2,2,5,USED
708.958782531,7,8,8,1,1,11,USED
709.203851437,8,4,7,2,2,10,USED
709.226146913,3,8,6,2,2,10,USED
709.241123005,0,3,3,1,1,10,USED
709.366040199,2,6,4,2,2,11,USED
709.460710825,4,3,3,1,1,6,USED
709.486059863,1,6,4,2,2,11,USED
709.655553857,6,3,3,1,1,5,USED
709.759718254,5,2,2,1,1,5,USED
709.958782531,7,8,8,1,1,11,USED
710.203851437,8,1,7,2,3,10,USED
710.226146913,3,7,0,2,2,11,USED
710.241123005,0,5,7,2,2,4,USED
710.366040199,2,4,4,1,1,11,USED
710.460710825,4,8,8,1,1,6,USED
710.486059863,1,6,4,2,2,11,USED
710.655553857,6,3,3,1,1,5,USED
710.759718254,5,7,8,2,2,11,USED
710.958782531,7,3,3,1,1,5,USED
711.203851437,8,4,7,2,2,10,USED
711.226146913,3,0,0,1,1,11,USED
711.241123005,0,4,4,1,1,5,USED
711.366040199,2,0,5,2,2,11,USED
711.460710825,4,2,2,1,1,5,USED
711.486059863,1,4,4,1,1,11,USED
711.655553857,6,4,4,1,1,5,USED
711.759718254,5,6,4,2,2,5,USED
711.958782531,7,8,8,1,1,11,USED
712.203851437,8,6,7,2,2,10,USED
712.226146913,3,7,0,2,2,11,USED
712.241123005,0,1,1,1,1,11,USED
712.366040199,2,4,4,1,1,11,USED
712.460710825,4,3,3,1,1,6,USED
712.486059863,1,0,4,2,2,11,USED
712.655553857,6,0,0,1,1,8,USED
712.759718254,5,0,0,1,1,4,USED
712.958782531,7,2,5,2,2,8,USED
713.203851437,8,4,7,2,2,10,USED
713.226146913,3,6,6,1,1,10,USED
713.241123005,0,7,7,1,1,4,USED
713.366040199,2,7,1,2,2,11,USED
713.460710825,4,5,1,2,2,11,USED
713.486059863,1,2,2,1,1,11,USED
713.655553857,6,2,3,2,2,5,USED
713.759718254,5,4,4,1,1,5,USED
713.958782531,7,8,8,1,1,11,USED
714.203851437,8,1,7,2,3,10,USED
714.226146913,3,7,0,2,2,11,USED
714.241123005,0,5,7,2,2,4,USED
714.366040199,2,7,1,2,2,11,USED
714.460710825,4,7,7,1,1,9,USED
714.486059863,1,5,5,1,1,10,USED
714.655553857,6,1,0,2,2,8,USED
714.759718254,5,1,1,1,1,11,USED
714.958782531,7,4,4,1,1,4,USED
715.203851437,8,3,7,2,2,10,USED
715.226146913,3,0,0,1,1,11,USED
715.241123005,0,7,7,1,1,4,USED
715.366040199,2,6,4,2,2,11,USED
715.460710825,4,8,8,1,1,6,USED
715.486059863,1,8,5,2,2,10,USED
715.655553857,6,1,0,2,2,8,USED
715.759718254,5,1,1,1,1,11,USED
715.958782531,7,3,3,1,1,5,USED
716.203851437,8,5,5,1,1,5,USED
716.226146913,3,1,1,1,1,5,USED
716.241123005,0,2,3,2,2,10,USED
716.366040199,2,1,1,1,1,11,USED
716.460710825,4,6,6,1,1,5,USED
716.486059863,1,7,7,1,1,2,USED
716.655553857,6,5,7,2,2,11,USED
716.759718254,5,4,4,1,1,5,USED
716.958782531,7,4,4,1,1,4,USED
717.203851437,8,3,7,2,2,10,USED
717.226146913,3,5,0,2,3,11,USED
717.241123005,0,4,4,1,1,5,USED
717.366040199,2,8,8,1,1,11,USED
717.460710825,4,1,1,1,1,11,USED
717.486059863,1,7,7,1,1,2,USED
717.655553857,6,5,7,2,2,11,USED
717.759718254,5,2,2,1,1,5,USED
717.958782531,7,6,6,1,1,9,USED
718.203851437,8,1,7,2,3,10,USED
718.226146913,3,1,1,1,1,5,USED
718.241123005,0,4,4,1,1,5,USED
718.366040199,2,8,8,1,1,11,USED
718.460710825,4,2,2,1,1,5,USED
718.486059863,1,8,5,2,2,10,USED
718.655553857,6,2,3,2,2,5,USED
718.759718254,5,7,8,2,2,11,USED
718.958782531,7,3,3,1,1,5,USED
719.203851437,8,7,7,1,1,10,USED
719.226146913,3,0,0,1,1,11,USED
719.241123005,0,3,3,1,1,10,USED
719.366040199,2,8,8,1,1,11,USED
719.460710825,4,3,3,1,1,6,USED
719.486059863,1,8,5,2,2,10,USED
719.655553857,6,1,0,2,2,8,USED
719.759718254,5,3,8,2,2,11,USED
719.958782531,7,3,3,1,1,5,USED
720.203851437,8,3,7,2,2,10,USED
720.226146913,3,7,0,2,2,11,USED
720.241123005,0,3,3,1,1,10,USED
720.366040199,2,4,4,1,1,11,USED
720.460710825,4,2,2,1,1,5,USED
720.486059863,1,7,7,1,1,2,USED
720.655553857,6,5,7,2,2,11,USED
720.759718254,5,4,4,1,1,5,USED
720.958782531,7,8,8,1,1,11,USED
721.203851437,8,7,7,1,1,10,USED
721.226146913,3,4,4,1,1,5,USED
721.241123005,0,8,6,2,2,6,USED
721.366040199,2,3,8,2,2,11,USED
721.460710825,4,0,0,1,1,4,USED
721.486059863,1,6,4,2,2,11,USED
721.655553857,6,4,4,1,1,5,USED
721.759718254,5,0,0,1,1,4,USED
721.958782531,7,5,5,1,1,8,USED
722.203851437,8,3,7,2,2,10,USED
722.226146913,3,1,1,1,1,5,USED
722.241123005,0,8,6,2,2,6,USED
722.366040199,2,0,5,2,2,11,USED
722.460710825,4,6,6,1,1,5,USED
722.486059863,1,4,4,1,1,11,USED
722.655553857,6,0,0,1,1,8,USED
722.759718254,5,7,8,2,2,11,USED
722.958782531,7,3,3,1,1,5,USED
723.203851437,8,4,7,2,2,10,USED
723.226146913,3,0,0,1,1,11,USED
723.241123005,0,1,1,1,1,11,USED
723.366040199,2,7,1,2,2,11,USED
723.460710825,4,2,2,1,1,12,USED
723.486059863,1,2,2,1,1,11,USED
723.655553857,6,1,0,2,2,8,USED
723.759718254,5,3,8,2,2,11,USED
723.958782531,7,1,3,2,2,5,USED
724.203851437,8,3,7,2,2,10,USED
724.226146913,3,2,2,1,1,5,USED
724.241123005,0,7,7,1,1,4,USED
724.366040199,2,5,5,1,1,11,USED
724.460710825,4,5,1,2,2,11,USED
724.486059863,1,6,4,2,2,11,USED
724.655553857,6,4,4,1,1,5,USED
724.759718254,5,6,4,2,2,5,USED
724.958782531,7,1,3,2,2,5,USED
725.203851437,8,5,5,1,1,5,USED
725.226146913,3,1,1,1,1,5,USED
725.241123005,0,4,4,1,1,5,USED
725.366040199,2,5,5,1,1,11,USED
725.460710825,4,2,2,1,1,12,USED
725.486059863,1,4,4,1,1,11,USED
725.655553857,6,7,7,1,1,11,USED
725.759718254,5,8,8,1,1,11,USED
725.958782531,7,2,5,2,2,8,USED
726.203851437,8,0,5,2,2,5,USED
726.226146913,3,6,6,1,1,10,USED
726.241123005,0,7,7,1,1,4,USED
726.366040199,2,7,4,2,2,12,USED
726.460710825,4,1,1,1,1,11,USED
726.486059863,1,4,4,1,1,11,USED
726.655553857,6,5,7,2,2,11,USED
726.759718254,5,7,8,2,2,11,USED
726.958782531,7,2,5,2,2,8,USED
727.203851437,8,3,7,2,2,10,USED
727.226146913,3,0,0,1,1,11,USED
727.241123005,0,4,4,1,1,5,USED
727.366040199,2,5,5,1,1,11,USED
727.460710825,4,0,0,1,1,4,USED
727.486059863,1,0,4,2,2,11,USED
727.655553857,6,5,7,2,2,11,USED
727.759718254,5,0,0,1,1,4,USED
727.958782531,7,3,3,1,1,5,USED
728.203851437,8,3,7,2,2,10,USED
728.226146913,3,2,2,1,1,5,USED
728.241123005,0,6,6,1,1,6,USED
728.366040199,2,1,1,1,2,12,USED
728.460710825,4,5,8,2,2,12,USED
728.486059863,1,3,3,1,1,5,USED
728.655553857,6,3,3,1,1,5,USED
728.759718254,5,6,4,2,2,5,USED
728.958782531,7,2,5,2,2,8,USED
729.203851437,8,0,5,2,2,5,USED
729.226146913,3,0,0,1,1,11,USED
729.241123005,0,6,6,1,1,6,USED
729.366040199,2,4,4,1,1,12,USED
729.460710825,4,7,7,1,1,9,USED
729.486059863,1,8,5,2,2,10,USED
729.655553857,6,2,3,2,2,5,USED
729.759718254,5,8,8,1,1,12,USED
729.958782531,7,0,6,2,2,9,USED
730.203851437,8,5,5,1,1,5,USED
730.226146913,3,4,4,1,1,5,USED
730.241123005,0,2,3,2,2,10,USED
730.366040199,2,3,8,2,3,12,USED
730.460710825,4,8,8,1,1,12,USED
730.486059863,1,8,5,2,2,10,USED
730.655553857,6,3,3,1,1,5,USED
730.759718254,5,8,8,1,1,12,USED
730.958782531,7,4,4,1,1,4,USED
731.203851437,8,1,7,2,3,10,USED
731.226146913,3,6,6,1,1,10,USED
731.241123005,0,2,3,2,2,10,USED
731.366040199,2,5,5,1,1,11,USED
731.460710825,4,6,6,1,1,5,USED
731.486059863,1,3,3,1,1,5,USED
731.655553857,6,4,4,1,1,5,USED
731.759718254,5,7,1,2,2,12,USED
731.958782531,7,8,8,1,1,12,USED
732.203851437,8,2,5,2,2,5,USED
732.226146913,3,6,6,1,1,10,USED
732.241123005,0,3,3,1,1,10,USED
732.366040199,2,6,4,2,2,12,USED
732.460710825,4,5,8,2,2,12,USED
732.486059863,1,3,3,1,1,5,USED
732.655553857,6,7,7,1,1,11,USED
732.759718254,5,4,4,1,1,5,USED
732.958782531,7,1,3,2,2,5,USED
733.203851437,8,6,7,2,2,10,USED
733.226146913,3,7,0,2,2,11,USED
733.241123005,0,5,7,2,2,4,USED
733.366040199,2,4,4,1,1,12,USED
733.460710825,4,3,3,1,1,6,USED
733.486059863,1,4,4,1,1,11,USED
733.655553857,6,0,0,1,1,8,USED
733.759718254,5,0,0,1,1,4,USED
733.958782531,7,8,8,1,1,12,USED
734.203851437,8,2,5,2,2,5,USED
734.226146913,3,2,2,1,1,5,USED
734.241123005,0,1,1,1,1,11,USED
734.366040199,2,7,8,2,2,12,USED
734.460710825,4,2,2,1,1,12,USED
734.486059863,1,7,2,2,2,11,USED
734.655553857,6,1,0,2,2,8,USED
734.759718254,5,0,0,1,1,4,USED
734.958782531,7,2,5,2,2,8,USED
735.203851437,8,6,7,2,2,10,USED
735.226146913,3,0,0,1,1,11,USED
735.241123005,0,1,1,1,1,11,USED
735.366040199,2,5,5,1,1,11,USED
735.460710825,4,3,3,1,1,6,USED
735.486059863,1,4,4,1,1,11,USED
735.655553857,6,3,3,1,1,12,USED
735.759718254,5,3,1,2,2,12,USED
735.958782531,7,1,3,2,2,5,USED
736.203851437,8,6,7,2,2,10,USED
736.226146913,3,7,0,2,2,11,USED
736.241123005,0,5,7,2,2,4,USED
736.366040199,2,3,8,2,3,12,USED
736.460710825,4,5,7,2,2,12,USED
736.486059863,1,5,5,1,1,10,USED
736.655553857,6,0,0,1,1,8,USED
736.759718254,5,1,1,1,1,12,USED
736.958782531,7,6,6,1,1,9,USED
737.203851437,8,1,7,2,3,10,USED
737.226146913,3,4,4,1,1,5,USED
737.241123005,0,7,7,1,1,4,USED
737.366040199,2,8,8,1,1,12,USED
737.460710825,4,1,1,1,1,11,USED
737.486059863,1,3,3,1,1,5,USED
737.655553857,6,0,0,1,1,8,USED
737.759718254,5,6,4,2,2,5,USED
737.958782531,7,0,6,2,2,9,USED
738.203851437,8,0,5,2,2,5,USED
738.226146913,3,0,0,1,1,11,USED
738.241123005,0,1,1,1,1,11,USED
738.366040199,2,0,4,2,2,12,USED
738.460710825,4,5,7,2,2,12,USED
738.486059863,1,5,5,1,1,10,USED
738.655553857,6,7,7,1,1,12,USED
738.759718254,5,4,4,1,1,5,USED
738.958782531,7,4,4,1,1,4,USED
739.203851437,8,7,7,1,1,10,USED
739.226146913,3,4,4,1,1,5,USED
739.241123005,0,8,6,2,2,6,USED
739.366040199,2,5,5,1,1,11,USED
739.460710825,4,0,0,1,1,4,USED
739.486059863,1,0,4,2,2,11,USED
739.655553857,6,3,3,1,1,12,USED
739.759718254,5,8,8,1,1,12,USED
739.958782531,7,6,6,1,1,9,USED
740.203851437,8,4,7,2,2,10,USED
740.226146913,3,4,4,1,1,5,USED
740.241123005,0,4,4,1,1,5,USED
740.366040199,2,3,8,2,3,12,USED
740.460710825,4,5,7,2,2,12,USED
740.486059863,1,3,3,1,1,5,USED
740.655553857,6,7,7,1,1,12,USED
740.759718254,5,0,0,1,1,4,USED
740.958782531,7,6,6,1,1,9,USED
741.203851437,8,6,7,2,2,10,USED
741.226146913,3,6,6,1,1,10,USED
741.241123005,0,1,1,1,1,11,USED
741.366040199,2,5,5,1,1,11,USED
741.460710825,4,1,1,1,1,11,USED
741.486059863,1,7,2,2,2,11,USED
741.655553857,6,0,0,1,1,8,USED
741.759718254,5,6,4,2,2,5,USED
741.958782531,7,3,3,1,1,5,USED
742.203851437,8,5,5,1,1,5,USED
742.226146913,3,1,1,1,1,5,USED
742.241123005,0,7,7,1,1,4,USED
742.366040199,2,7,8,2,2,12,USED
742.460710825,4,1,1,1,1,11,USED
742.486059863,1,7,2,2,2,11,USED
742.655553857,6,5,7,2,2,12,USED
742.759718254,5,0,0,1,1,4,USED
742.958782531,7,5,5,1,1,8,USED
743.203851437,8,4,7,2,2,10,USED
743.226146913,3,5,0,2,3,11,USED
743.241123005,0,2,3,2,2,10,USED
743.366040199,2,3,8,2,3,12,USED
743.460710825,4,7,7,1,1,12,USED
743.486059863,1,7,2,2,2,11,USED
743.655553857,6,1,0,2,2,8,USED
743.759718254,5,4,4,1,1,5,USED
743.958782531,7,8,8,1,1,12,USED
744.203851437,8,3,7,2,2,10,USED
744.226146913,3,2,2,1,1,5,USED
744.241123005,0,1,1,1,1,11,USED
744.366040199,2,0,4,2,2,12,USED
744.460710825,4,3,3,1,1,6,USED
744.486059863,1,2,2,1,1,11,USED
744.655553857,6,1,0,2,2,8,USED
744.759718254,5,8,8,1,1,12,USED
744.958782531,7,5,5,1,1,8,USED
745.203851437,8,4,7,2,2,10,USED
745.226146913,3,0,0,1,1,11,USED
745.241123005,0,3,3,1,1,10,USED
745.366040199,2,3,8,2,3,12,USED
745.460710825,4,0,0,1,1,4,USED
745.486059863,1,5,5,1,1,10,USED
745.655553857,6,7,7,1,1,12,USED
745.759718254,5,4,4,1,1,5,USED
745.958782531,7,8,8,1,1,12,USED
746.203851437,8,0,5,2,2,5,USED
746.226146913,3,1,1,1,1,5,USED
746.241123005,0,8,6,2,2,6,USED
746.366040199,2,6,4,2,2,12,USED
746.460710825,4,5,7,2,2,12,USED
746.486059863,1,7,2,2,2,11,USED
746.655553857,6,4,4,1,1,5,USED
746.759718254,5,4,4,1,1,5,USED
746.958782531,7,5,5,1,1,8,USED
747.203851437,8,2,5,2,2,5,USED
747.226146913,3,8,6,2,2,10,USED
747.241123005,0,3,3,1,1,10,USED
747.366040199,2,7,8,2,2,12,USED
747.460710825,4,2,2,1,1,12,USED
747.486059863,1,4,4,1,1,11,USED
747.655553857,6,0,0,1,1,8,USED
747.759718254,5,3,1,2,2,12,USED
747.958782531,7,3,3,1,1,5,USED
748.203851437,8,6,7,2,2,10,USED
748.226146913,3,2,2,1,1,5,USED
748.241123005,0,5,7,2,2,4,USED
748.366040199,2,5,5,1,1,11,USED
748.460710825,4,2,2,1,1,12,USED
748.486059863,1,0,4,2,2,11,USED
748.655553857,6,5,7,2,2,12,USED
748.759718254,5,0,0,1,1,4,USED
748.958782531,7,1,3,2,2,5,USED
749.203851437,8,2,5,2,2,5,USED
749.226146913,3,8,6,2,2,10,USED
749.241123005,0,8,6,2,2,6,USED
749.366040199,2,0,4,2,2,12,USED
749.460710825,4,0,0,1,1,4,USED
749.486059863,1,6,4,2,2,11,USED
749.655553857,6,5,7,2,2,12,USED
749.759718254,5,6,4,2,2,5,USED
749.958782531,7,0,6,2,2,9,USED
750.203851437,8,0,5,2,2,5,USED
750.226146913,3,0,0,1,1,11,USED
750.241123005,0,5,7,2,2,4,USED
750.366040199,2,6,4,2,2,12,USED
750.460710825,4,8,8,1,1,12,USED
750.486059863,1,5,5,1,1,10,USED
750.655553857,6,1,0,2,2,8,USED
750.759718254,5,3,1,2,2,12,USED
750.958782531,7,4,4,1,1,4,USED
751.203851437,8,0,5,2,2,5,USED
751.226146913,3,5,0,2,3,11,USED
751.241123005,0,6,6,1,1,6,USED
751.366040199,2,3,8,2,3,12,USED
751.460710825,4,1,1,1,1,11,USED
751.486059863,1,5,5,1,1,10,USED
751.655553857,6,2,3,2,2,12,USED
751.759718254,5,3,1,2,2,12,USED
751.958782531,7,8,8,1,1,12,USED
752.203851437,8,0,5,2,2,5,USED
752.226146913,3,8,6,2,2,10,USED
752.241123005,0,3,3,1,1,10,USED
752.366040199,2,0,4,2,2,12,USED
752.460710825,4,7,7,1,1,12,USED
752.486059863,1,7,2,2,2,11,USED
752.655553857,6,4,4,1,1,5,USED
752.759718254,5,2,2,1,1,5,USED
752.958782531,7,1,3,2,2,5,USED
753.203851437,8,3,7,2,2,10,USED
753.226146913,3,2,2,1,1,5,USED
753.241123005,0,2,3,2,2,10,USED
753.366040199,2,7,8,2,2,12,USED
753.460710825,4,3,3,1,1,6,USED
753.486059863,1,8,5,2,2,10,USED
753.655553857,6,5,7,2,2,12,USED
753.759718254,5,8,8,1,1,12,USED
753.958782531,7,2,5,2,2,8,USED
754.203851437,8,3,7,2,2,10,USED
754.226146913,3,8,6,2,2,10,USED
754.241123005,0,7,7,1,1,4,USED
754.366040199,2,1,1,1,2,12,USED
754.460710825,4,3,3,1,1,6,USED
754.486059863,1,0,4,2,2,11,USED
754.655553857,6,8,8,1,1,12,USED
754.759718254,5,8,8,1,1,12,USED
754.958782531,7,0,6,2,2,9,USED
755.203851437,8,7,7,1,1,10,USED
755.226146913,3,5,0,2,3,11,USED
755.241123005,0,8,6,2,2,6,USED
755.366040199,2,7,8,2,2,12,USED
755.460710825,4,7,7,1,1,12,USED
755.486059863,1,8,5,2,2,10,USED
755.655553857,6,0,0,1,1,8,USED
755.759718254,5,0,0,1,1,4,USED
755.958782531,7,8,8,1,1,12,USED
756.203851437,8,4,7,2,2,10,USED
756.226146913,3,2,2,1,1,5,USED
756.241123005,0,4,4,1,1,5,USED
756.366040199,2,5,5,1,1,11,USED
756.460710825,4,7,7,1,1,12,USED
756.486059863,1,5,5,1,1,10,USED
756.655553857,6,7,7,1,1,12,USED
756.759718254,5,1,1,1,1,12,USED
756.958782531,7,8,8,1,1,12,USED
757.203851437,8,0,5,2,2,5,USED
757.226146913,3,7,0,2,2,11,USED
757.241123005,0,4,4,1,1,5,USED
757.366040199,2,1,1,1,2,12,USED
757.460710825,4,0,0,1,1,4,USED
757.486059863,1,3,3,1,1,5,USED
757.655553857,6,8,8,1,1,12,USED
757.759718254,5,3,1,2,2,12,USED
757.958782531,7,6,6,1,1,9,USED
758.203851437,8,4,7,2,2,10,USED
758.226146913,3,5,0,2,3,11,USED
758.241123005,0,6,6,1,1,6,USED
758.366040199,2,0,4,2,2,12,USED
758.460710825,4,8,8,1,1,12,USED
758.486059863,1,0,4,2,2,11,USED
758.655553857,6,0,0,1,1,8,USED
758.759718254,5,4,4,1,1,5,USED
758.958782531,7,3,3,1,1,5,USED
759.203851437,8,7,7,1,1,10,USED
759.226146913,3,5,0,2,3,11,USED
759.241123005,0,3,3,1,1,10,USED
759.366040199,2,7,8,2,2,12,USED
759.460710825,4,5,7,2,2,12,USED
759.486059863,1,0,4,2,2,11,USED
759.655553857,6,0,0,1,1,8,USED
759.759718254,5,4,4,1,1,5,USED
759.958782531,7,1,3,2,2,5,USED
760.203851437,8,0,5,2,2,5,USED
760.226146913,3,8,6,2,2,10,USED
760.241123005,0,5,7,2,2,4,USED
760.366040199,2,8,8,1,1,12,USED
760.460710825,4,3,3,1,1,6,USED
760.486059863,1,3,3,1,1,5,USED
760.655553857,6,4,4,1,1,5,USED
760.759718254,5,2,2,1,1,5,USED
760.958782531,7,6,6,1,1,9,USED
761.203851437,8,3,7,2,2,10,USED
761.226146913,3,5,0,2,3,11,USED
761.241123005,0,8,6,2,2,6,USED
761.366040199,2,6,4,2,2,12,USED
761.460710825,4,7,7,1,1,12,USED
761.486059863,1,7,2,2,2,11,USED
761.655553857,6,2,3,2,2,12,USED
761.759718254,5,3,1,2,2,12,USED
761.958782531,7,0,6,2,2,9,USED
762.203851437,8,2,5,2,2,5,USED
762.226146913,3,6,6,1,1,10,USED
762.241123005,0,4,4,1,1,5,USED
762.366040199,2,4,4,1,1,12,USED
762.460710825,4,2,2,1,1,12,USED
762.486059863,1,6,4,2,2,11,USED
762.655553857,6,4,4,1,1,5,USED
762.759718254,5,4,4,1,1,5,USED
762.958782531,7,4,4,1,1,4,USED
763.203851437,8,5,5,1,1,5,USED
763.226146913,3,4,4,1,1,5,USED
763.241123005,0,7,7,1,1,4,USED
763.366040199,2,7,8,2,2,12,USED
763.460710825,4,2,2,1,1,12,USED
763.486059863,1,3,3,1,1,5,USED
763.655553857,6,7,7,1,1,12,USED
763.759718254,5,0,0,1,1,4,USED
763.958782531,7,1,3,2,2,5,USED
764.203851437,8,5,5,1,1,5,USED
764.226146913,3,8,6,2,2,10,USED
764.241123005,0,4,4,1,1,5,USED
764.366040199,2,0,4,2,2,12,USED
764.460710825,4,7,7,1,1,12,USED
764.486059863,1,8,5,2,2,10,USED
764.655553857,6,2,3,2,2,12,USED
764.759718254,5,0,0,1,1,4,USED
764.958782531,7,0,6,2,2,9,USED
765.203851437,8,2,5,2,2,5,USED
765.226146913,3,7,0,2,2,11,USED
765.241123005,0,5,7,2,2,4,USED
765.366040199,2,4,4,1,1,12,USED
765.460710825,4,2,2,1,1,12,USED
765.486059863,1,6,4,2,2,11,USED
765.655553857,6,3,3,1,1,12,USED
765.759718254,5,2,2,1,1,5,USED
765.958782531,7,2,5,2,2,8,USED
766.203851437,8,7,7,1,1,10,USED
766.226146913,3,5,0,2,3,11,USED
766.241123005,0,6,6,1,1,6,USED
766.366040199,2,8,8,1,1,12,USED
766.460710825,4,6,6,1,1,5,USED
766.486059863,1,8,5,2,2,10,USED
766.655553857,6,8,8,1,1,12,USED
766.759718254,5,6,4,2,2,5,USED
766.958782531,7,3,3,1,1,5,USED
767.203851437,8,4,7,2,2,10,USED
767.226146913,3,7,0,2,2,11,USED
767.241123005,0,1,1,1,1,11,USED
767.366040199,2,8,8,1,1,12,USED
767.460710825,4,2,2,1,1,12,USED
767.486059863,1,0,4,2,2,11,USED
767.655553857,6,8,8,1,1,12,USED
767.759718254,5,4,4,1,1,5,USED
767.958782531,7,3,3,1,1,5,USED
768.203851437,8,6,7,2,2,10,USED
768.226146913,3,2,2,1,1,5,USED
768.241123005,0,4,4,1,1,5,USED
768.366040199,2,4,4,1,1,12,USED
768.460710825,4,7,7,1,1,12,USED
768.486059863,1,6,4,2,2,11,USED
768.655553857,6,1,0,2,2,8,USED
768.759718254,5,3,1,2,2,12,USED
768.958782531,7,5,5,1,1,8,USED
769.203851437,8,1,7,2,3,10,USED
769.226146913,3,8,6,2,2,10,USED
769.241123005,0,8,6,2,2,6,USED
769.366040199,2,3,8,2,3,12,USED
769.460710825,4,8,8,1,1,12,USED
769.486059863,1,2,2,1,1,11,USED
769.655553857,6,1,0,2,2,8,USED
769.759718254,5,0,0,1,1,4,USED
769.958782531,7,2,5,2,2,8,USED
770.203851437,8,5,5,1,1,5,USED
770.226146913,3,4,4,1,1,5,USED
770.241123005,0,4,4,1,1,5,USED
770.366040199,2,1,1,1,2,12,USED
770.460710825,4,1,1,1,1,11,USED
770.486059863,1,7,2,2,2,11,USED
770.655553857,6,7,7,1,1,12,USED
770.759718254,5,4,4,1,1,5,USED
770.958782531,7,0,6,2,2,9,USED
771.203851437,8,6,7,2,2,10,USED
771.226146913,3,6,6,1,1,10,USED
771.241123005,0,4,4,1,1,5,USED
771.366040199,2,6,4,2,2,12,USED
771.460710825,4,7,7,1,1,12,USED
771.486059863,1,2,2,1,1,11,USED
771.655553857,6,3,3,1,1,12,USED
771.759718254,5,7,1,2,2,12,USED
771.958782531,7,1,3,2,2,5,USED
772.203851437,8,4,7,2,2,10,USED
772.226146913,3,0,0,1,1,11,USED
772.241123005,0,2,3,2,2,10,USED
772.366040199,2,7,8,2,2,12,USED
772.460710825,4,2,2,1,1,12,USED
772.486059863,1,3,3,1,1,5,USED
772.655553857,6,5,7,2,2,12,USED
772.759718254,5,6,4,2,2,5,USED
772.958782531,7,5,5,1,1,8,USED
773.203851437,8,7,7,1,1,10,USED
773.226146913,3,5,0,2,3,11,USED
773.241123005,0,5,7,2,2,4,USED
773.366040199,2,1,1,1,2,12,USED
773.460710825,4,8,8,1,1,12,USED
773.486059863,1,4,4,1,1,11,USED
773.655553857,6,3,3,1,1,12,USED
773.759718254,5,6,4,2,2,5,USED
773.958782531,7,0,6,2,2,9,USED
774.203851437,8,2,5,2,2,5,USED
774.226146913,3,7,0,2,2,11,USED
774.241123005,0,1,1,1,1,11,USED
774.366040199,2,8,8,1,1,12,USED
774.460710825,4,3,3,1,1,6,USED
774.486059863,1,4,4,1,1,11,USED
774.655553857,6,5,7,2,2,12,USED
774.759718254,5,7,1,2,2,12,USED
774.958782531,7,1,3,2,2,5,USED
775.203851437,8,0,5,2,2,5,USED
775.226146913,3,2,2,1,1,5,USED
775.241123005,0,2,3,2,2,10,USED
775.366040199,2,6,4,2,2,12,USED
775.460710825,4,0,0,1,1,4,USED
775.486059863,1,4,4,1,1,11,USED
775.655553857,6,3,3,1,1,12,USED
775.759718254,5,8,8,1,1,12,USED
775.958782531,7,3,3,1,1,5,USED
776.203851437,8,0,5,2,2,5,USED
776.226146913,3,2,2,1,1,5,USED
776.241123005,0,5,7,2,2,4,USED
776.366040199,2,8,8,1,1,12,USED
776.460710825,4,2,2,1,1,12,USED
776.486059863,1,7,2,2,2,11,USED
776.655553857,6,2,3,2,2,12,USED
776.759718254,5,3,1,2,2,12,USED
776.958782531,7,3,3,1,1,5,USED
777.203851437,8,2,5,2,2,5,USED
777.226146913,3,0,0,1,1,11,USED
777.241123005,0,8,6,2,2,6,USED
777.366040199,2,5,5,1,1,11,USED
777.460710825,4,0,0,1,1,4,USED
777.486059863,1,8,5,2,2,10,USED
777.655553857,6,1,0,2,2,8,USED
777.759718254,5,6,4,2,2,5,USED
777.958782531,7,3,3,1,1,5,USED
778.203851437,8,0,5,2,2,5,USED
778.226146913,3,0,0,1,1,11,USED
778.241123005,0,6,6,1,1,6,USED
778.366040199,2,7,8,2,2,12,USED
778.460710825,4,7,7,1,1,12,USED
778.486059863,1,7,2,2,2,11,USED
778.655553857,6,3,3,1,1,12,USED
778.759718254,5,0,0,1,1,4,USED
778.958782531,7,1,3,2,2,5,USED
779.203851437,8,6,7,2,2,10,USED
779.226146913,3,8,6,2,2,10,USED
779.241123005,0,3,3,1,1,10,USED
779.366040199,2,8,8,1,1,12,USED
779.460710825,4,8,8,1,1,12,USED
779.486059863,1,0,4,2,2,11,USED
779.655553857,6,8,8,1,1,12,USED
779.759718254,5,8,8,1,1,12,USED
779.958782531,7,0,6,2,2,9,USED
780.203851437,8,1,7,2,3,10,USED
780.226146913,3,4,4,1,1,5,USED
780.241123005,0,1,1,1,1,11,USED
780.366040199,2,5,5,1,1,11,USED
780.460710825,4,8,8,1,1,12,USED
780.486059863,1,5,5,1,1,10,USED
780.655553857,6,0,0,1,1,8,USED
780.759718254,5,0,0,1,1,4,USED
780.958782531,7,6,6,1,1,9,USED
781.203851437,8,4,7,2,2,10,USED
781.226146913,3,5,0,2,3,11,USED
781.241123005,0,2,3,2,2,10,USED
781.366040199,2,7,8,2,2,12,USED
781.460710825,4,1,1,1,1,11,USED
781.486059863,1,8,5,2,2,10,USED
781.655553857,6,0,0,1,1,8,USED
781.759718254,5,0,0,1,1,4,USED
781.958782531,7,6,6,1,1,9,USED
782.203851437,8,7,7,1,1,10,USED
782.226146913,3,0,0,1,1,11,USED
782.241123005,0,6,6,1,1,6,USED
782.366040199,2,3,8,2,3,12,USED
782.460710825,4,2,2,1,1,12,USED
782.486059863,1,6,4,2,2,11,USED
782.655553857,6,8,8,1,1,12,USED
782.759718254,5,2,2,1,1,5,USED
782.958782531,7,0,6,2,2,9,USED
783.203851437,8,3,7,2,2,10,USED
783.226146913,3,8,6,2,2,10,USED
783.241123005,0,7,7,1,1,4,USED
783.366040199,2,0,4,2,2,12,USED
783.460710825,4,6,6,1,1,5,USED
783.486059863,1,8,5,2,2,10,USED
783.655553857,6,7,7,1,1,12,USED
783.759718254,5,8,8,1,1,12,USED
783.958782531,7,5,5,1,1,8,USED
784.203851437,8,6,7,2,2,10,USED
784.226146913,3,1,1,1,1,5,USED
784.241123005,0,5,7,2,2,4,USED
784.366040199,2,8,8,1,1,12,USED
784.460710825,4,1,1,1,1,11,USED
784.486059863,1,0,4,2,2,11,USED
784.655553857,6,3,3,1,1,12,USED
784.759718254,5,4,4,1,1,5,USED
784.958782531,7,1,3,2,2,5,USED
785.203851437,8,4,7,2,2,10,USED
785.226146913,3,6,6,1,1,10,USED
785.241123005,0,4,4,1,1,5,USED
785.366040199,2,3,8,2,3,12,USED
785.460710825,4,8,8,1,1,12,USED
785.486059863,1,7,2,2,2,11,USED
785.655553857,6,5,7,2,2,12,USED
785.759718254,5,0,0,1,1,4,USED
785.958782531,7,1,3,2,2,5,USED
786.203851437,8,5,5,1,1,5,USED
786.226146913,3,8,6,2,2,10,USED
786.241123005,0,6,6,1,1,6,USED
786.366040199,2,0,4,2,2,12,USED
786.460710825,4,5,7,2,2,12,USED
786.486059863,1,0,4,2,2,11,USED
786.655553857,6,0,0,1,1,8,USED
786.759718254,5,8,8,1,1,12,USED
786.958782531,7,4,4,1,1,4,USED
787.203851437,8,1,7,2,3,10,USED
787.226146913,3,8,6,2,2,10,USED
787.241123005,0,7,7,1,1,4,USED
787.366040199,2,1,1,1,2,12,USED
787.460710825,4,0,0,1,1,4,USED
787.486059863,1,8,5,2,2,10,USED
787.655553857,6,7,7,1,1,12,USED
787.759718254,5,1,1,1,1,12,USED
787.958782531,7,8,8,1,1,12,USED
788.203851437,8,5,5,1,1,5,USED
788.226146913,3,1,1,1,1,5,USED
788.241123005,0,6,6,1,1,6,USED
788.366040199,2,7,8,2,2,12,USED
788.460710825,4,3,3,1,1,6,USED
788.486059863,1,0,4,2,2,11,USED
788.655553857,6,1,0,2,2,8,USED
788.759718254,5,6,4,2,2,5,USED
788.958782531,7,5,5,1,1,8,USED
789.203851437,8,0,5,2,2,5,USED
789.226146913,3,1,1,1,1,5,USED
789.241123005,0,7,7,1,1,4,USED
789.366040199,2,5,5,1,1,11,USED
789.460710825,4,5,7,2,2,12,USED
789.486059863,1,4,4,1,1,11,USED
789.655553857,6,4,4,1,1,5,USED
789.759718254,5,1,1,1,1,12,USED
789.958782531,7,0,6,2,2,9,USED
790.203851437,8,1,7,2,3,10,USED
790.226146913,3,6,6,1,1,10,USED
790.241123005,0,4,4,1,1,5,USED
790.366040199,2,7,8,2,2,12,USED
790.460710825,4,3,3,1,1,6,USED
790.486059863,1,3,3,1,1,5,USED
790.655553857,6,8,8,1,1,12,USED
790.759718254,5,4,4,1,1,5,USED
790.958782531,7,8,8,1,2,13,USED
791.203851437,8,2,5,2,2,5,USED
791.226146913,3,4,4,1,1,5,USED
791.241123005,0,1,1,1,1,11,USED
791.366040199,2,6,4,2,2,12,USED
791.460710825,4,6,6,1,1,5,USED
791.486059863,1,4,4,1,1,11,USED
791.655553857,6,8,8,1,1,12,USED
791.759718254,5,0,0,1,1,4,USED
791.958782531,7,8,8,1,2,13,USED
792.203851437,8,7,7,1,1,10,USED
792.226146913,3,7,0,2,2,11,USED
792.241123005,0,7,7,1,1,4,USED
792.366040199,2,0,4,2,2,12,USED
792.460710825,4,5,7,2,2,12,USED
792.486059863,1,6,4,2,2,11,USED
792.655553857,6,2,3,2,2,12,USED
792.759718254,5,0,0,1,1,4,USED
792.958782531,7,3,3,1,1,5,USED
793.203851437,8,1,7,2,3,13,USED
793.226146913,3,6,6,1,1,10,USED
793.241123005,0,8,6,2,2,6,USED
793.366040199,2,3,8,2,3,12,USED
793.460710825,4,3,3,1,1,6,USED
793.486059863,1,5,5,1,1,10,USED
793.655553857,6,8,8,1,1,12,USED
793.759718254,5,1,1,1,1,12,USED
793.958782531,7,4,4,1,1,4,USED
794.203851437,8,3,7,2,2,13,USED
794.226146913,3,0,0,1,1,11,USED
794.241123005,0,3,3,1,1,10,USED
794.366040199,2,3,8,2,3,12,USED
794.460710825,4,0,0,1,1,4,USED
794.486059863,1,2,2,1,1,11,USED
794.655553857,6,4,4,1,1,5,USED
794.759718254,5,4,4,1,1,5,USED
794.958782531,7,3,3,1,1,5,USED
795.203851437,8,2,5,2,2,5,USED
795.226146913,3,6,6,1,1,10,USED
795.241123005,0,8,6,2,2,6,USED
795.366040199,2,4,4,1,1,12,USED
795.460710825,4,1,1,1,1,11,USED
795.486059863,1,3,3,1,2,13,USED
795.655553857,6,4,4,1,1,5,USED
795.759718254,5,1,1,1,1,12,USED
795.958782531,7,0,6,2,2,9,USED
796.203851437,8,2,5,2,2,5,USED
796.226146913,3,5,0,2,3,11,USED
796.241123005,0,7,7,1,1,4,USED
796.366040199,2,3,8,2,3,12,USED
796.460710825,4,6,6,1,1,5,USED
796.486059863,1,7,2,2,2,11,USED
796.655553857,6,5,7,2,2,13,USED
796.759718254,5,0,0,1,1,4,USED
796.958782531,7,4,4,1,1,4,USED
797.203851437,8,6,7,2,2,13,USED
797.226146913,3,4,4,1,1,5,USED
797.241123005,0,3,3,1,1,10,USED
797.366040199,2,0,4,2,2,12,USED
797.460710825,4,0,0,1,1,4,USED
797.486059863,1,2,2,1,1,11,USED
797.655553857,6,4,4,1,1,5,USED
797.759718254,5,3,1,2,2,12,USED
797.958782531,7,1,3,2,2,5,USED
798.203851437,8,7,7,1,1,13,USED
798.226146913,3,2,2,1,1,5,USED
798.241123005,0,1,1,1,1,11,USED
798.366040199,2,7,8,2,2,12,USED
798.460710825,4,2,2,1,1,12,USED
798.486059863,1,3,3,1,2,13,USED
798.655553857,6,2,3,2,2,12,USED
798.759718254,5,1,1,1,1,12,USED
798.958782531,7,8,8,1,2,13,USED
799.203851437,8,0,5,2,2,5,USED
799.226146913,3,4,4,1,1,5,USED
799.241123005,0,1,1,1,1,11,USED
799.366040199,2,7,8,2,2,12,USED
799.460710825,4,5,7,2,2,12,USED
799.486059863,1,7,2,2,2,11,USED
799.655553857,6,2,3,2,2,12,USED
799.759718254,5,6,4,2,2,5,USED
799.958782531,7,8,8,1,2,13,USED
800.203851437,8,5,5,1,1,5,USED
800.226146913,3,4,4,1,1,5,USED
800.241123005,0,8,6,2,2,6,USED
800.366040199,2,4,4,1,1,12,USED
800.460710825,4,5,7,2,2,12,USED
800.486059863,1,3,3,1,2,13,USED
800.655553857,6,1,0,2,2,8,USED
800.759718254,5,8,8,1,1,13,USED
800.958782531,7,5,5,1,1,8,USED
801.203851437,8,4,7,2,2,13,USED
801.226146913,3,1,1,1,1,5,USED
801.241123005,0,2,3,2,2,10,USED
801.366040199,2,7,8,2,2,12,USED
801.460710825,4,3,3,1,1,6,USED
801.486059863,1,4,4,1,1,11,USED
801.655553857,6,0,0,1,1,8,USED
801.759718254,5,0,0,1,1,4,USED
801.958782531,7,5,5,1,1,8,USED
802.203851437,8,2,5,2,2,5,USED
802.226146913,3,4,4,1,1,5,USED
802.241123005,0,8,6,2,2,6,USED
802.366040199,2,4,4,1,1,12,USED
802.460710825,4,6,6,1,1,5,USED
802.486059863,1,4,4,1,1,11,USED
802.655553857,6,2,3,2,2,12,USED
802.759718254,5,3,1,2,2,12,USED
802.958782531,7,8,8,1,2,13,USED
803.203851437,8,1,7,2,3,13,USED
803.226146913,3,7,0,2,2,11,USED
803.241123005,0,1,1,1,1,11,USED
803.366040199,2,6,4,2,2,12,USED
803.460710825,4,1,1,1,1,11,USED
803.486059863,1,2,2,1,1,11,USED
803.655553857,6,1,0,2,2,8,USED
803.759718254,5,4,4,1,1,5,USED
803.958782531,7,8,8,1,2,13,USED
804.203851437,8,7,7,1,1,13,USED
804.226146913,3,2,2,1,1,5,USED
804.241123005,0,2,3,2,2,10,USED
804.366040199,2,3,8,2,3,12,USED
804.460710825,4,2,2,1,1,12,USED
804.486059863,1,5,5,1,1,10,USED
804.655553857,6,3,3,1,1,12,USED
804.759718254,5,3,1,2,2,12,USED
804.958782531,7,5,5,1,1,8,USED
805.203851437,8,0,5,2,2,5,USED
805.226146913,3,8,6,2,2,10,USED
805.241123005,0,3,3,1,1,10,USED
805.366040199,2,7,8,2,2,12,USED
805.460710825,4,6,6,1,1,5,USED
805.486059863,1,0,4,2,2,11,USED
805.655553857,6,3,3,1,1,12,USED
805.759718254,5,8,8,1,1,13,USED
805.958782531,7,1,3,2,2,5,USED
806.203851437,8,0,5,2,2,5,USED
806.226146913,3,7,0,2,2,11,USED
806.241123005,0,1,1,1,1,11,USED
806.366040199,2,8,8,1,1,12,USED
806.460710825,4,7,7,1,1,12,USED
806.486059863,1,6,4,2,2,11,USED
806.655553857,6,7,7,1,1,13,USED
806.759718254,5,8,8,1,1,13,USED
806.958782531,7,5,5,1,1,8,USED
807.203851437,8,2,5,2,2,5,USED
807.226146913,3,4,4,1,1,5,USED
807.241123005,0,2,3,2,2,10,USED
807.366040199,2,6,4,2,2,12,USED
807.460710825,4,6,6,1,1,5,USED
807.486059863,1,7,2,2,2,11,USED
807.655553857,6,4,4,1,1,5,USED
807.759718254,5,6,4,2,2,5,USED
807.958782531,7,6,6,1,1,9,USED
808.203851437,8,6,7,2,2,13,USED
808.226146913,3,4,4,1,1,5,USED
808.241123005,0,6,6,1,1,6,USED
808.366040199,2,8,8,1,1,12,USED
808.460710825,4,2,2,1,1,12,USED
808.486059863,1,6,4,2,2,11,USED
808.655553857,6,4,4,1,1,5,USED
808.759718254,5,0,0,1,1,4,USED
808.958782531,7,4,4,1,1,4,USED
809.203851437,8,3,7,2,2,13,USED
809.226146913,3,6,6,1,1,10,USED
809.241123005,0,2,3,2,2,10,USED
809.366040199,2,0,4,2,2,12,USED
809.460710825,4,8,8,1,1,12,USED
809.486059863,1,2,2,1,1,11,USED
809.655553857,6,0,0,1,1,8,USED
809.759718254,5,0,0,1,1,4,USED
809.958782531,7,6,6,1,1,9,USED
810.203851437,8,2,5,2,2,5,USED
810.226146913,3,7,0,2,2,11,USED
810.241123005,0,3,3,1,1,10,USED
810.366040199,2,7,8,2,2,12,USED
810.460710825,4,8,8,1,1,12,USED
810.486059863,1,3,3,1,2,13,USED
810.655553857,6,5,7,2,2,13,USED
810.759718254,5,6,4,2,2,5,USED
810.958782531,7,6,6,1,1,9,USED
811.203851437,8,6,7,2,2,13,USED
811.226146913,3,5,0,2,3,11,USED
811.241123005,0,4,4,1,1,5,USED
811.366040199,2,3,8,2,3,12,USED
811.460710825,4,1,1,1,1,11,USED
811.486059863,1,8,5,2,2,10,USED
811.655553857,6,7,7,1,1,13,USED
811.759718254,5,2,2,1,1,5,USED
811.958782531,7,4,4,1,1,4,USED
812.203851437,8,6,7,2,2,13,USED
812.226146913,3,5,0,2,3,11,USED
812.241123005,0,8,6,2,2,6,USED
812.366040199,2,1,5,2,2,13,USED
812.460710825,4,6,6,1,1,5,USED
812.486059863,1,5,5,1,1,10,USED
812.655553857,6,4,4,1,1,5,USED
812.759718254,5,0,0,1,1,4,USED
812.958782531,7,1,3,2,2,5,USED
813.203851437,8,2,5,2,2,5,USED
813.226146913,3,6,6,1,1,10,USED
813.241123005,0,3,3,1,1,10,USED
813.366040199,2,3,8,2,3,12,USED
813.460710825,4,8,8,1,1,12,USED
813.486059863,1,8,5,2,2,10,USED
813.655553857,6,3,3,1,1,12,USED
813.759718254,5,0,0,1,1,4,USED
813.958782531,7,2,5,2,2,8,USED
814.203851437,8,5,5,1,1,5,USED
814.226146913,3,6,6,1,1,10,USED
814.241123005,0,8,6,2,2,6,USED
814.366040199,2,5,5,1,1,13,USED
814.460710825,4,2,2,1,1,12,USED
814.486059863,1,8,5,2,2,10,USED
814.655553857,6,7,7,1,1,13,USED
814.759718254,5,6,4,2,2,5,USED
814.958782531,7,0,6,2,2,9,USED
815.203851437,8,5,5,1,1,5,USED
815.226146913,3,4,4,1,1,5,USED
815.241123005,0,8,6,2,2,6,USED
815.366040199,2,3,8,2,3,12,USED
815.460710825,4,1,1,1,1,11,USED
815.486059863,1,8,5,2,2,10,USED
815.655553857,6,0,0,1,1,8,USED
815.759718254,5,4,4,1,1,5,USED
815.958782531,7,0,6,2,2,9,USED
816.203851437,8,0,5,2,2,5,USED
816.226146913,3,6,6,1,1,10,USED
816.241123005,0,3,3,1,1,10,USED
816.366040199,2,1,5,2,2,13,USED
816.460710825,4,7,7,1,1,12,USED
816.486059863,1,2,2,1,1,11,USED
816.655553857,6,0,0,1,1,8,USED
816.759718254,5,4,4,1,1,5,USED
816.958782531,7,8,8,1,2,13,USED
817.203851437,8,1,7,2,3,13,USED
817.226146913,3,5,0,2,3,11,USED
817.241123005,0,2,3,2,2,10,USED
817.366040199,2,4,4,1,1,12,USED
817.460710825,4,0,0,1,1,4,USED
817.486059863,1,4,4,1,1,11,USED
817.655553857,6,1,0,2,2,8,USED
817.759718254,5,2,2,1,1,5,USED
817.958782531,7,5,5,1,1,8,USED
818.203851437,8,4,7,2,2,13,USED
818.226146913,3,6,6,1,1,10,USED
818.241123005,0,4,4,1,1,5,USED
818.366040199,2,0,4,2,2,12,USED
818.460710825,4,8,8,1,1,12,USED
818.486059863,1,2,2,1,1,11,USED
818.655553857,6,0,0,1,1,8,USED
818.759718254,5,7,8,2,2,13,USED
818.958782531,7,8,8,1,2,13,USED
819.203851437,8,1,7,2,3,13,USED
819.226146913,3,4,4,1,1,5,USED
819.241123005,0,7,7,1,1,4,USED
819.366040199,2,1,5,2,2,13,USED
819.460710825,4,2,2,1,1,12,USED
819.486059863,1,0,4,2,2,11,USED
819.655553857,6,5,7,2,2,13,USED
819.759718254,5,4,4,1,1,5,USED
819.958782531,7,6,6,1,1,9,USED
820.203851437,8,7,7,1,1,13,USED
820.226146913,3,5,0,2,3,11,USED
820.241123005,0,5,7,2,2,4,USED
820.366040199,2,8,8,1,1,12,USED
820.460710825,4,0,0,1,1,4,USED
820.486059863,1,5,5,1,1,10,USED
820.655553857,6,2,3,2,2,12,USED
820.759718254,5,2,2,1,1,5,USED
820.958782531,7,1,3,2,2,5,USED
821.203851437,8,7,7,1,1,13,USED
821.226146913,3,4,4,1,1,5,USED
821.241123005,0,1,1,1,1,11,USED
821.366040199,2,3,8,2,3,12,USED
821.460710825,4,7,7,1,1,12,USED
821.486059863,1,2,2,1,1,11,USED
821.655553857,6,2,3,2,2,12,USED
821.759718254,5,2,2,1,1,5,USED
821.958782531,7,6,6,1,1,9,USED
822.203851437,8,1,7,2,3,13,USED
822.226146913,3,8,6,2,2,10,USED
822.241123005,0,7,7,1,1,4,USED
822.366040199,2,1,5,2,2,13,USED
822.460710825,4,1,1,1,1,11,USED
822.486059863,1,8,5,2,2,10,USED
822.655553857,6,3,3,1,1,12,USED
822.759718254,5,3,1,2,2,12,USED
822.958782531,7,6,6,1,1,9,USED
823.203851437,8,3,7,2,2,13,USED
823.226146913,3,5,0,2,3,11,USED
823.241123005,0,8,6,2,2,6,USED
823.366040199,2,7,8,2,2,12,USED
823.460710825,4,0,0,1,1,4,USED
823.486059863,1,3,3,1,2,13,USED
823.655553857,6,7,7,1,1,13,USED
823.759718254,5,2,2,1,1,5,USED
823.958782531,7,8,8,1,2,13,USED
824.203851437,8,6,7,2,2,13,USED
824.226146913,3,8,6,2,2,10,USED
824.241123005,0,5,7,2,2,4,USED
824.366040199,2,6,4,2,2,12,USED
824.460710825,4,0,0,1,1,4,USED
824.486059863,1,5,5,1,1,10,USED
824.655553857,6,0,0,1,1,8,USED
824.759718254,5,1,1,1,1,12,USED
824.958782531,7,0,6,2,2,9,USED
825.203851437,8,6,7,2,2,13,USED
825.226146913,3,6,6,1,1,10,USED
825.241123005,0,8,6,2,2,6,USED
825.366040199,2,7,8,2,2,12,USED
825.460710825,4,1,1,1,1,11,USED
825.486059863,1,7,2,2,2,11,USED
825.655553857,6,0,0,1,1,8,USED
825.759718254,5,8,8,1,1,13,USED
825.958782531,7,0,6,2,2,9,USED
826.203851437,8,0,5,2,2,5,USED
826.226146913,3,2,2,1,1,5,USED
826.241123005,0,4,4,1,1,5,USED
826.366040199,2,6,4,2,2,12,USED
826.460710825,4,8,8,1,1,12,USED
826.486059863,1,7,2,2,2,11,USED
826.655553857,6,3,3,1,1,12,USED
826.759718254,5,8,8,1,1,13,USED
826.958782531,7,5,5,1,1,8,USED
827.203851437,8,4,7,2,2,13,USED
827.226146913,3,5,0,2,3,11,USED
827.241123005,0,6,6,1,1,6,USED
827.366040199,2,7,8,2,2,12,USED
827.460710825,4,6,6,1,1,5,USED
827.486059863,1,5,5,1,1,10,USED
827.655553857,6,1,0,2,2,8,USED
827.759718254,5,4,4,1,1,5,USED
827.958782531,7,3,3,1,1,5,USED
828.203851437,8,0,5,2,2,5,USED
828.226146913,3,6,6,1,1,10,USED
828.241123005,0,3,3,1,1,10,USED
828.366040199,2,5,5,1,1,13,USED
828.460710825,4,0,0,1,1,4,USED
828.486059863,1,4,4,1,1,11,USED
828.655553857,6,4,4,1,1,5,USED
828.759718254,5,2,2,1,1,5,USED
828.958782531,7,5,5,1,1,8,USED
829.203851437,8,1,7,2,3,13,USED
829.226146913,3,0,0,1,1,11,USED
829.241123005,0,8,6,2,2,6,USED
829.366040199,2,3,8,2,3,12,USED
829.460710825,4,6,6,1,1,5,USED
829.486059863,1,2,2,1,1,11,USED
829.655553857,6,1,0,2,2,8,USED
829.759718254,5,1,1,1,1,12,USED
829.958782531,7,0,6,2,2,9,USED
830.203851437,8,5,5,1,1,5,USED
830.226146913,3,6,6,1,1,10,USED
830.241123005,0,7,7,1,1,4,USED
830.366040199,2,7,8,2,2,12,USED
830.460710825,4,7,7,1,1,12,USED
830.486059863,1,0,4,2,2,11,USED
830.655553857,6,0,0,1,1,8,USED
830.759718254,5,0,0,1,1,4,USED
830.958782531,7,5,5,1,1,8,USED
831.203851437,8,5,5,1,1,5,USED
831.226146913,3,6,6,1,1,10,USED
831.241123005,0,5,7,2,2,4,USED
831.366040199,2,8,8,1,1,12,USED
831.460710825,4,2,2,1,1,12,USED
831.486059863,1,0,4,2,2,11,USED
831.655553857,6,0,0,1,1,8,USED
831.759718254,5,8,8,1,1,13,USED
831.958782531,7,0,6,2,2,9,USED
832.203851437,8,4,7,2,2,13,USED
832.226146913,3,2,2,1,1,5,USED
832.241123005,0,3,3,1,1,10,USED
832.366040199,2,8,8,1,1,12,USED
832.460710825,4,0,0,1,1,4,USED
832.486059863,1,8,5,2,2,10,USED
832.655553857,6,1,0,2,2,8,USED
832.759718254,5,3,1,2,2,12,USED
832.958782531,7,2,5,2,2,8,USED
833.203851437,8,5,5,1,1,5,USED
833.226146913,3,4,4,1,1,5,USED
833.241123005,0,4,4,1,1,5,USED
833.366040199,2,5,5,1,1,13,USED
833.460710825,4,3,3,1,1,6,USED
833.486059863,1,4,4,1,1,11,USED
833.655553857,6,4,4,1,1,5,USED
833.759718254,5,3,1,2,2,12,USED
833.958782531,7,2,5,2,2,8,USED
834.203851437,8,0,5,2,2,5,USED
834.226146913,3,2,2,1,1,5,USED
834.241123005,0,2,3,2,2,10,USED
834.366040199,2,1,5,2,2,13,USED
834.460710825,4,2,2,1,1,12,USED
834.486059863,1,4,4,1,1,11,USED
834.655553857,6,3,3,1,1,12,USED
834.759718254,5,6,4,2,2,5,USED
834.958782531,7,4,4,1,1,4,USED
835.203851437,8,4,7,2,2,13,USED
835.226146913,3,6,6,1,1,10,USED
835.241123005,0,1,1,1,1,11,USED
835.366040199,2,1,5,2,2,13,USED
835.460710825,4,7,7,1,1,12,USED
835.486059863,1,6,4,2,2,11,USED
835.655553857,6,3,3,1,1,12,USED
835.759718254,5,4,4,1,1,5,USED
835.958782531,7,2,5,2,2,8,USED
836.203851437,8,4,7,2,2,13,USED
836.226146913,3,8,6,2,2,10,USED
836.241123005,0,5,7,2,2,4,USED
836.366040199,2,5,5,1,1,13,USED
836.460710825,4,2,2,1,1,12,USED
836.486059863,1,8,5,2,2,10,USED
836.655553857,6,7,7,1,1,13,USED
836.759718254,5,4,4,1,1,5,USED
836.958782531,7,1,3,2,2,5,USED
837.203851437,8,5,5,1,1,5,USED
837.226146913,3,2,2,1,1,5,USED
837.241123005,0,7,7,1,1,4,USED
837.366040199,2,6,4,2,2,12,USED
837.460710825,4,5,7,2,2,12,USED
837.486059863,1,6,4,2,2,11,USED
837.655553857,6,8,8,1,1,12,USED
837.759718254,5,8,8,1,1,13,USED
837.958782531,7,1,3,2,2,5,USED
838.203851437,8,6,7,2,2,13,USED
838.226146913,3,4,4,1,1,5,USED
838.241123005,0,4,4,1,1,5,USED
838.366040199,2,3,8,2,3,12,USED
838.460710825,4,2,2,1,1,12,USED
838.486059863,1,2,2,1,1,11,USED
838.655553857,6,4,4,1,1,5,USED
838.759718254,5,1,1,1,1,12,USED
838.958782531,7,6,6,1,1,9,USED
839.203851437,8,3,7,2,2,13,USED
839.226146913,3,2,2,1,1,5,USED
839.241123005,0,2,3,2,2,10,USED
839.366040199,2,1,5,2,2,13,USED
839.460710825,4,3,3,1,1,6,USED
839.486059863,1,5,5,1,1,10,USED
839.655553857,6,4,4,1,1,5,USED
839.759718254,5,3,1,2,2,12,USED
839.958782531,7,3,3,1,1,5,USED
840.203851437,8,7,7,1,1,13,USED
840.226146913,3,5,0,2,3,11,USED
840.241123005,0,7,7,1,1,4,USED
840.366040199,2,6,4,2,2,12,USED
840.460710825,4,0,0,1,1,4,USED
840.486059863,1,0,4,2,2,11,USED
840.655553857,6,5,7,2,2,13,USED
840.759718254,5,1,1,1,1,12,USED
840.958782531,7,2,5,2,2,8,USED
841.203851437,8,4,7,2,2,13,USED
841.226146913,3,1,1,1,1,5,USED
841.241123005,0,6,6,1,1,6,USED
841.366040199,2,7,8,2,2,12,USED
841.460710825,4,8,8,1,1,12,USED
841.486059863,1,7,2,2,2,11,USED
841.655553857,6,4,4,1,1,5,USED
841.759718254,5,3,1,2,2,12,USED
841.958782531,7,3,3,1,1,5,USED
842.203851437,8,4,7,2,2,13,USED
842.226146913,3,4,4,1,1,5,USED
842.241123005,0,1,1,1,1,11,USED
842.366040199,2,8,8,1,1,12,USED
842.460710825,4,0,0,1,1,4,USED
842.486059863,1,7,2,2,2,11,USED
842.655553857,6,5,7,2,2,13,USED
842.759718254,5,7,8,2,2,13,USED
842.958782531,7,3,3,1,1,5,USED
843.203851437,8,7,7,1,1,13,USED
843.226146913,3,7,0,2,2,11,USED
843.241123005,0,4,4,1,1,5,USED
843.366040199,2,4,4,1,1,12,USED
843.460710825,4,1,1,1,1,11,USED
843.486059863,1,6,4,2,2,11,USED
843.655553857,6,4,4,1,1,5,USED
843.759718254,5,0,0,1,1,4,USED
843.958782531,7,6,6,1,1,9,USED
844.203851437,8,0,5,2,2,5,USED
844.226146913,3,4,4,1,1,5,USED
844.241123005,0,6,6,1,1,6,USED
844.366040199,2,6,4,2,2,12,USED
844.460710825,4,1,1,1,1,11,USED
844.486059863,1,3,3,1,2,13,USED
844.655553857,6,1,0,2,2,8,USED
844.759718254,5,6,4,2,2,5,USED
844.958782531,7,2,5,2,2,8,USED
845.203851437,8,1,7,2,3,13,USED
845.226146913,3,4,4,1,1,5,USED
845.241123005,0,7,7,1,1,4,USED
845.366040199,2,0,4,2,2,12,USED
845.460710825,4,5,7,2,2,12,USED
845.486059863,1,5,5,1,1,10,USED
845.655553857,6,2,3,2,2,12,USED
845.759718254,5,1,1,1,1,12,USED
845.958782531,7,8,8,1,2,13,USED
846.203851437,8,1,7,2,3,13,USED
846.226146913,3,6,6,1,1,10,USED
846.241123005,0,3,3,1,1,10,USED
846.366040199,2,1,5,2,2,13,USED
846.460710825,4,8,8,1,1,12,USED
846.486059863,1,2,2,1,1,11,USED
846.655553857,6,3,3,1,1,12,USED
846.759718254,5,7,8,2,2,13,USED
846.958782531,7,2,5,2,2,8,USED
847.203851437,8,3,7,2,2,13,USED
847.226146913,3,5,0,2,3,14,USED
847.241123005,0,8,6,2,2,6,USED
847.366040199,2,4,4,1,1,14,USED
847.460710825,4,0,3,2,2,6,USED
847.486059863,1,3,4,2,2,14,USED
847.655553857,6,4,4,1,1,5,USED
847.759718254,5,4,4,1,1,5,USED
847.958782531,7,5,5,1,1,8,USED
848.203851437,8,4,7,2,2,13,USED
848.226146913,3,8,6,2,2,14,USED
848.241123005,0,3,3,1,1,10,USED
848.366040199,2,5,5,1,1,13,USED
848.460710825,4,1,1,1,1,11,USED
848.486059863,1,5,5,1,1,10,USED
848.655553857,6,1,0,2,2,8,USED
848.759718254,5,1,1,1,1,14,USED
848.958782531,7,6,6,1,1,14,USED
849.203851437,8,1,7,2,3,13,USED
849.226146913,3,6,6,1,1,14,USED
849.241123005,0,7,7,1,1,4,USED
849.366040199,2,0,4,2,2,14,USED
849.460710825,4,7,7,1,1,12,USED
849.486059863,1,2,2,1,1,11,USED
849.655553857,6,1,0,2,2,8,USED
849.759718254,5,4,4,1,1,5,USED
849.958782531,7,5,5,1,1,8,USED
850.203851437,8,3,7,2,2,13,USED
850.226146913,3,2,2,1,1,5,USED
850.241123005,0,6,6,1,1,6,USED
850.366040199,2,0,4,2,2,14,USED
850.460710825,4,0,3,2,2,6,USED
850.486059863,1,8,5,2,3,14,USED
850.655553857,6,2,3,2,2,12,USED
850.759718254,5,4,4,1,1,5,USED
850.958782531,7,2,5,2,2,8,USED
851.203851437,8,7,7,1,1,13,USED
851.226146913,3,6,6,1,1,14,USED
851.241123005,0,6,6,1,1,6,USED
851.366040199,2,3,4,2,2,14,USED
851.460710825,4,5,7,2,2,12,USED
851.486059863,1,7,2,2,2,11,USED
851.655553857,6,4,4,1,1,5,USED
851.759718254,5,3,1,2,3,14,USED
851.958782531,7,0,6,2,2,14,USED
852.203851437,8,0,5,2,2,5,USED
852.226146913,3,1,1,1,2,14,USED
852.241123005,0,3,3,1,1,10,USED
852.366040199,2,6,4,2,2,14,USED
852.460710825,4,7,7,1,1,12,USED
852.486059863,1,2,2,1,1,11,USED
852.655553857,6,8,8,1,1,12,USED
852.759718254,5,7,8,2,2,14,USED
852.958782531,7,8,6,2,2,14,USED
853.203851437,8,5,5,1,1,5,USED
853.226146913,3,7,0,2,2,14,USED
853.241123005,0,5,1,2,2,14,USED
853.366040199,2,5,5,1,1,14,USED
853.460710825,4,5,7,2,2,12,USED
853.486059863,1,8,5,2,3,14,USED
853.655553857,6,8,8,1,1,12,USED
853.759718254,5,4,4,1,1,5,USED
853.958782531,7,8,6,2,2,14,USED
854.203851437,8,7,7,1,1,13,USED
854.226146913,3,4,4,1,1,5,USED
854.241123005,0,7,4,2,2,14,USED
854.366040199,2,0,4,2,2,14,USED
854.460710825,4,5,7,2,2,12,USED
854.486059863,1,0,4,2,2,14,USED
854.655553857,6,7,7,1,1,14,USED
854.759718254,5,7,8,2,2,14,USED
854.958782531,7,8,6,2,2,14,USED
855.203851437,8,1,7,2,3,13,USED
855.226146913,3,2,2,1,1,5,USED
855.241123005,0,4,4,1,1,14,USED
855.366040199,2,3,4,2,2,14,USED
855.460710825,4,3,3,1,1,6,USED
855.486059863,1,5,5,1,2,14,USED
855.655553857,6,0,0,1,1,8,USED
855.759718254,5,0,4,2,2,5,USED
855.958782531,7,1,3,2,2,5,USED
856.203851437,8,4,7,2,2,13,USED
856.226146913,3,4,4,1,1,5,USED
856.241123005,0,8,6,2,2,6,USED
856.366040199,2,5,5,1,1,14,USED
856.460710825,4,7,7,1,1,12,USED
856.486059863,1,2,2,1,1,11,USED
856.655553857,6,1,0,2,2,8,USED
856.759718254,5,2,2,1,1,5,USED
856.958782531,7,5,5,1,1,8,USED
857.203851437,8,2,5,2,2,5,USED
857.226146913,3,0,0,1,1,14,USED
857.241123005,0,3,3,1,1,10,USED
857.366040199,2,0,4,2,2,14,USED
857.460710825,4,7,7,1,1,12,USED
857.486059863,1,3,4,2,2,14,USED
857.655553857,6,0,0,1,1,8,USED
857.759718254,5,0,4,2,2,5,USED
857.958782531,7,3,3,1,1,5,USED
858.203851437,8,3,7,2,2,13,USED
858.226146913,3,7,0,2,2,14,USED
858.241123005,0,1,1,1,1,14,USED
858.366040199,2,5,5,1,1,14,USED
858.460710825,4,7,7,1,1,12,USED
858.486059863,1,8,5,2,3,14,USED
858.655553857,6,1,0,2,2,8,USED
858.759718254,5,2,2,1,1,5,USED
858.958782531,7,5,5,1,1,8,USED
859.203851437,8,6,7,2,2,13,USED
859.226146913,3,8,6,2,2,14,USED
859.241123005,0,5,1,2,2,14,USED
859.366040199,2,8,5,2,2,14,USED
859.460710825,4,5,7,2,2,12,USED
859.486059863,1,3,4,2,2,14,USED
859.655553857,6,7,7,1,1,14,USED
859.759718254,5,6,4,2,2,5,USED
859.958782531,7,0,6,2,2,14,USED
860.203851437,8,0,5,2,2,5,USED
860.226146913,3,0,0,1,1,14,USED
860.241123005,0,1,1,1,1,14,USED
860.366040199,2,6,4,2,2,14,USED
860.460710825,4,0,3,2,2,6,USED
860.486059863,1,3,4,2,2,14,USED
860.655553857,6,1,0,2,2,8,USED
860.759718254,5,1,1,1,1,14,USED
860.958782531,7,1,3,2,2,5,USED
861.203851437,8,3,7,2,2,13,USED
861.226146913,3,1,1,1,2,14,USED
861.241123005,0,1,1,1,1,14,USED
861.366040199,2,0,4,2,2,14,USED
861.460710825,4,6,6,1,1,5,USED
861.486059863,1,6,4,2,2,14,USED
861.655553857,6,3,3,1,1,12,USED
861.759718254,5,8,8,1,1,14,USED
861.958782531,7,3,3,1,1,5,USED
862.203851437,8,7,7,1,1,13,USED
862.226146913,3,0,0,1,1,14,USED
862.241123005,0,6,6,1,1,6,USED
862.366040199,2,3,4,2,2,14,USED
862.460710825,4,0,3,2,2,6,USED
862.486059863,1,6,4,2,2,14,USED
862.655553857,6,7,7,1,1,14,USED
862.759718254,5,1,1,1,1,14,USED
862.958782531,7,8,6,2,2,14,USED
863.203851437,8,2,5,2,2,5,USED
863.226146913,3,1,1,1,2,14,USED
863.241123005,0,4,4,1,1,14,USED
863.366040199,2,1,1,1,1,14,USED
863.460710825,4,2,2,1,1,14,USED
863.486059863,1,4,4,1,1,14,USED
863.655553857,6,1,0,2,2,8,USED
863.759718254,5,6,4,2,2,5,USED
863.958782531,7,0,6,2,2,14,USED
864.203851437,8,5,5,1,1,5,USED
864.226146913,3,5,0,2,3,14,USED
864.241123005,0,1,1,1,1,14,USED
864.366040199,2,8,5,2,2,14,USED
864.460710825,4,8,8,1,2,14,USED
864.486059863,1,4,4,1,1,14,USED
864.655553857,6,2,3,2,2,12,USED
864.759718254,5,0,4,2,2,5,USED
864.958782531,7,3,3,1,1,5,USED
865.203851437,8,2,5,2,2,5,USED
865.226146913,3,5,0,2,3,14,USED
865.241123005,0,7,4,2,2,14,USED
865.366040199,2,1,1,1,1,14,USED
865.460710825,4,0,3,2,2,6,USED
865.486059863,1,0,4,2,2,14,USED
865.655553857,6,8,8,1,1,12,USED
865.759718254,5,3,1,2,3,14,USED
865.958782531,7,1,3,2,2,5,USED
866.203851437,8,7,7,1,1,13,USED
866.226146913,3,2,2,1,1,5,USED
866.241123005,0,6,6,1,1,6,USED
866.366040199,2,4,4,1,1,14,USED
866.460710825,4,8,8,1,2,14,USED
866.486059863,1,5,5,1,2,14,USED
866.655553857,6,4,4,1,1,5,USED
866.759718254,5,2,2,1,1,5,USED
866.958782531,7,8,6,2,2,14,USED
867.203851437,8,7,7,1,1,13,USED
867.226146913,3,8,6,2,2,14,USED
867.241123005,0,8,6,2,2,6,USED
867.366040199,2,1,1,1,1,14,USED
867.460710825,4,5,7,2,2,12,USED
867.486059863,1,2,2,1,1,11,USED
867.655553857,6,1,0,2,2,8,USED
867.759718254,5,8,8,1,1,14,USED
867.958782531,7,5,5,1,1,8,USED
868.203851437,8,0,5,2,2,5,USED
868.226146913,3,8,6,2,2,14,USED
868.241123005,0,2,1,2,2,14,USED
868.366040199,2,5,5,1,1,14,USED
868.460710825,4,8,8,1,2,14,USED
868.486059863,1,3,4,2,2,14,USED
868.655553857,6,2,3,2,2,12,USED
868.759718254,5,2,2,1,1,5,USED
868.958782531,7,0,6,2,2,14,USED
869.203851437,8,0,5,2,2,5,USED
869.226146913,3,8,6,2,2,14,USED
869.241123005,0,4,4,1,1,14,USED
869.366040199,2,4,4,1,1,14,USED
869.460710825,4,1,1,1,1,11,USED
869.486059863,1,2,2,1,1,11,USED
869.655553857,6,7,7,1,1,14,USED
869.759718254,5,1,1,1,1,14,USED
869.958782531,7,6,6,1,1,14,USED
870.203851437,8,1,7,2,3,13,USED
870.226146913,3,8,6,2,2,14,USED
870.241123005,0,5,1,2,2,14,USED
870.366040199,2,7,4,2,2,14,USED
870.460710825,4,6,6,1,1,5,USED
870.486059863,1,3,4,2,2,14,USED
870.655553857,6,5,7,2,2,14,USED
870.759718254,5,2,2,1,1,5,USED
870.958782531,7,8,6,2,2,14,USED
871.203851437,8,3,7,2,2,13,USED
871.226146913,3,6,6,1,1,14,USED
871.241123005,0,5,1,2,2,14,USED
871.366040199,2,5,5,1,1,14,USED
871.460710825,4,2,2,1,1,14,USED
871.486059863,1,3,4,2,2,14,USED
871.655553857,6,8,8,1,1,12,USED
871.759718254,5,1,1,1,1,14,USED
871.958782531,7,0,6,2,2,14,USED
872.203851437,8,6,7,2,2,13,USED
872.226146913,3,1,1,1,2,14,USED
872.241123005,0,8,6,2,2,6,USED
872.366040199,2,0,4,2,2,14,USED
872.460710825,4,1,1,1,1,11,USED
872.486059863,1,8,5,2,3,14,USED
872.655553857,6,4,4,1,1,5,USED
872.759718254,5,0,4,2,2,5,USED
872.958782531,7,0,6,2,2,14,USED
873.203851437,8,7,7,1,1,13,USED
873.226146913,3,5,0,2,3,14,USED
873.241123005,0,2,1,2,2,14,USED
873.366040199,2,7,4,2,2,14,USED
873.460710825,4,3,3,1,1,6,USED
873.486059863,1,2,2,1,1,11,USED
873.655553857,6,7,7,1,1,14,USED
873.759718254,5,2,2,1,1,5,USED
873.958782531,7,3,3,1,1,5,USED
874.203851437,8,1,7,2,3,13,USED
874.226146913,3,2,2,1,1,5,USED
874.241123005,0,4,4,1,1,14,USED
874.366040199,2,5,5,1,1,14,USED
874.460710825,4,1,1,1,1,11,USED
874.486059863,1,0,4,2,2,14,USED
874.655553857,6,2,3,2,2,12,USED
874.759718254,5,4,4,1,1,5,USED
874.958782531,7,2,5,2,2,8,USED
875.203851437,8,0,5,2,2,5,USED
875.226146913,3,8,6,2,2,14,USED
875.241123005,0,1,1,1,1,14,USED
875.366040199,2,4,4,1,1,14,USED
875.460710825,4,2,2,1,1,14,USED
875.486059863,1,4,4,1,1,14,USED
875.655553857,6,0,0,1,1,8,USED
875.759718254,5,1,1,1,1,14,USED
875.958782531,7,0,6,2,2,14,USED
876.203851437,8,2,5,2,2,5,USED
876.226146913,3,4,4,1,1,5,USED
876.241123005,0,7,4,2,2,14,USED
876.366040199,2,0,4,2,2,14,USED
876.460710825,4,6,6,1,1,5,USED
876.486059863,1,3,4,2,2,14,USED
876.655553857,6,2,3,2,2,12,USED
876.759718254,5,2,2,1,1,5,USED
876.958782531,7,2,5,2,2,8,USED
877.203851437,8,7,7,1,1,13,USED
877.226146913,3,1,1,1,2,14,USED
877.241123005,0,6,6,1,1,6,USED
877.366040199,2,5,5,1,1,14,USED
877.460710825,4,1,1,1,1,11,USED
877.486059863,1,8,5,2,3,14,USED
877.655553857,6,3,3,1,1,12,USED
877.759718254,5,8,8,1,1,14,USED
877.958782531,7,5,5,1,1,8,USED
878.203851437,8,6,7,2,2,13,USED
878.226146913,3,5,0,2,3,14,USED
878.241123005,0,1,1,1,1,14,USED
878.366040199,2,3,4,2,2,14,USED
878.460710825,4,1,1,1,1,11,USED
878.486059863,1,3,4,2,2,14,USED
878.655553857,6,3,3,1,1,12,USED
878.759718254,5,3,1,2,3,14,USED
878.958782531,7,1,3,2,2,5,USED
879.203851437,8,6,7,2,2,13,USED
879.226146913,3,2,2,1,1,5,USED
879.241123005,0,7,4,2,2,14,USED
879.366040199,2,3,4,2,2,14,USED
879.460710825,4,5,7,2,2,12,USED
879.486059863,1,5,5,1,2,14,USED
879.655553857,6,4,4,1,1,5,USED
879.759718254,5,1,1,1,1,14,USED
879.958782531,7,8,6,2,2,14,USED
880.203851437,8,2,5,2,2,5,USED
880.226146913,3,1,1,1,2,14,USED
880.241123005,0,6,6,1,1,6,USED
880.366040199,2,8,5,2,2,14,USED
880.460710825,4,2,2,1,1,14,USED
880.486059863,1,8,5,2,3,14,USED
880.655553857,6,3,3,1,1,12,USED
880.759718254,5,3,1,2,3,14,USED
880.958782531,7,3,3,1,1,5,USED
881.203851437,8,4,7,2,2,13,USED
881.226146913,3,1,1,1,2,14,USED
881.241123005,0,1,1,1,1,14,USED
881.366040199,2,0,4,2,2,14,USED
881.460710825,4,2,2,1,1,14,USED
881.486059863,1,8,5,2,3,14,USED
881.655553857,6,4,4,1,1,5,USED
881.759718254,5,6,4,2,2,5,USED
881.958782531,7,8,6,2,2,14,USED
882.203851437,8,6,7,2,2,13,USED
882.226146913,3,8,6,2,2,14,USED
882.241123005,0,1,1,1,1,14,USED
882.366040199,2,4,4,1,1,14,USED
882.460710825,4,7,7,1,1,12,USED
882.486059863,1,3,4,2,2,14,USED
882.655553857,6,1,0,2,2,8,USED
882.759718254,5,1,1,1,1,14,USED
882.958782531,7,4,6,2,2,14,USED
883.203851437,8,0,5,2,2,5,USED
883.226146913,3,7,0,2,2,14,USED
883.241123005,0,8,6,2,2,6,USED
883.366040199,2,8,5,2,2,14,USED
883.460710825,4,6,6,1,1,5,USED
883.486059863,1,4,4,1,1,14,USED
883.655553857,6,2,3,2,2,12,USED
883.759718254,5,3,1,2,3,14,USED
883.958782531,7,2,5,2,2,8,USED
884.203851437,8,4,7,2,2,13,USED
884.226146913,3,2,2,1,1,5,USED
884.241123005,0,2,1,2,2,14,USED
884.366040199,2,5,5,1,1,14,USED
884.460710825,4,2,2,1,1,14,USED
884.486059863,1,5,5,1,2,14,USED
884.655553857,6,8,8,1,1,12,USED
884.759718254,5,2,2,1,1,5,USED
884.958782531,7,3,3,1,1,5,USED
885.203851437,8,6,7,2,2,13,USED
885.226146913,3,0,0,1,1,14,USED
885.241123005,0,3,3,1,1,10,USED
885.366040199,2,4,4,1,1,14,USED
885.460710825,4,6,6,1,1,5,USED
885.486059863,1,5,5,1,2,14,USED
885.655553857,6,4,4,1,1,5,USED
885.759718254,5,7,8,2,2,14,USED
885.958782531,7,3,3,1,1,5,USED
886.203851437,8,1,7,2,3,13,USED
886.226146913,3,4,4,1,1,5,USED
886.241123005,0,2,1,2,2,14,USED
886.366040199,2,6,4,2,2,14,USED
886.460710825,4,1,1,1,1,11,USED
886.486059863,1,5,5,1,2,14,USED
886.655553857,6,0,0,1,1,8,USED
886.759718254,5,2,2,1,1,5,USED
886.958782531,7,5,5,1,1,8,USED
887.203851437,8,1,7,2,3,13,USED
887.226146913,3,4,4,1,1,5,USED
887.241123005,0,7,4,2,2,14,USED
887.366040199,2,1,1,1,1,14,USED
887.460710825,4,7,7,1,1,12,USED
887.486059863,1,6,4,2,2,14,USED
887.655553857,6,7,7,1,1,14,USED
887.759718254,5,6,4,2,2,5,USED
887.958782531,7,0,6,2,2,14,USED
888.203851437,8,7,7,1,1,13,USED
888.226146913,3,1,1,1,2,14,USED
888.241123005,0,7,4,2,2,14,USED
888.366040199,2,8,5,2,2,14,USED
888.460710825,4,8,8,1,2,14,USED
888.486059863,1,4,4,1,1,14,USED
888.655553857,6,7,7,1,1,14,USED
888.759718254,5,2,2,1,1,5,USED
888.958782531,7,1,3,2,2,5,USED
889.203851437,8,4,7,2,2,13,USED
889.226146913,3,7,0,2,2,14,USED
889.241123005,0,7,4,2,2,14,USED
889.366040199,2,8,5,2,2,14,USED
889.460710825,4,1,1,1,1,11,USED
889.486059863,1,5,5,1,2,14,USED
889.655553857,6,0,0,1,1,8,USED
889.759718254,5,3,1,2,3,14,USED
889.958782531,7,8,6,2,2,14,USED
890.203851437,8,3,7,2,2,13,USED
890.226146913,3,6,6,1,1,14,USED
890.241123005,0,8,6,2,2,6,USED
890.366040199,2,1,1,1,1,14,USED
890.460710825,4,7,7,1,1,12,USED
890.486059863,1,0,4,2,2,14,USED
890.655553857,6,8,8,1,1,12,USED
890.759718254,5,4,4,1,1,5,USED
890.958782531,7,5,5,1,1,8,USED
891.203851437,8,4,7,2,2,13,USED
891.226146913,3,6,6,1,1,14,USED
891.241123005,0,3,3,1,1,10,USED
891.366040199,2,3,4,2,2,14,USED
891.460710825,4,1,1,1,1,11,USED
891.486059863,1,2,2,1,1,11,USED
891.655553857,6,1,0,2,2,8,USED
891.759718254,5,7,8,2,2,14,USED
891.958782531,7,6,6,1,1,14,USED
892.203851437,8,7,7,1,1,13,USED
892.226146913,3,1,1,1,2,14,USED
892.241123005,0,4,4,1,1,14,USED
892.366040199,2,4,4,1,1,14,USED
892.460710825,4,5,7,2,2,12,USED
892.486059863,1,3,4,2,2,14,USED
892.655553857,6,2,3,2,2,12,USED
892.759718254,5,7,8,2,2,14,USED
892.958782531,7,0,6,2,2,14,USED
893.203851437,8,6,7,2,2,13,USED
893.226146913,3,1,1,1,2,14,USED
893.241123005,0,2,1,2,2,14,USED
893.366040199,2,8,5,2,2,14,USED
893.460710825,4,8,8,1,2,14,USED
893.486059863,1,6,4,2,2,14,USED
893.655553857,6,7,7,1,1,14,USED
893.759718254,5,8,8,1,1,14,USED
893.958782531,7,0,6,2,2,14,USED
894.203851437,8,7,7,1,1,13,USED
894.226146913,3,7,0,2,2,14,USED
894.241123005,0,2,1,2,2,14,USED
894.366040199,2,7,4,2,2,14,USED
894.460710825,4,5,7,2,2,12,USED
894.486059863,1,6,4,2,2,14,USED
894.655553857,6,8,8,1,1,12,USED
894.759718254,5,3,1,2,3,14,USED
894.958782531,7,8,6,2,2,14,USED
895.203851437,8,7,7,1,1,13,USED
895.226146913,3,4,4,1,1,5,USED
895.241123005,0,2,1,2,2,14,USED
895.366040199,2,5,5,1,1,14,USED
895.460710825,4,1,1,1,1,11,USED
895.486059863,1,8,5,2,3,14,USED
895.655553857,6,2,3,2,2,12,USED
895.759718254,5,6,4,2,2,5,USED
895.958782531,7,8,6,2,2,14,USED
896.203851437,8,3,7,2,2,13,USED
896.226146913,3,0,0,1,1,14,USED
896.241123005,0,7,4,2,2,14,USED
896.366040199,2,7,4,2,2,14,USED
896.460710825,4,8,8,1,2,14,USED
896.486059863,1,0,4,2,2,14,USED
896.655553857,6,0,0,1,1,8,USED
896.759718254,5,3,1,2,3,14,USED
896.958782531,7,4,6,2,2,14,USED
897.203851437,8,4,7,2,2,13,USED
897.226146913,3,0,0,1,1,14,USED
897.241123005,0,5,1,2,2,14,USED
897.366040199,2,4,4,1,1,14,USED
897.460710825,4,5,7,2,2,12,USED
897.486059863,1,7,2,2,2,11,USED
897.655553857,6,0,0,1,1,8,USED
897.759718254,5,8,8,1,1,14,USED
897.958782531,7,1,3,2,2,5,USED
898.203851437,8,5,5,1,1,5,USED
898.226146913,3,1,1,1,2,14,USED
898.241123005,0,4,4,1,1,14,USED
898.366040199,2,4,4,1,1,14,USED
898.460710825,4,8,8,1,2,14,USED
898.486059863,1,5,5,1,2,14,USED
898.655553857,6,2,3,2,2,12,USED
898.759718254,5,0,4,2,2,5,USED
898.958782531,7,0,6,2,2,14,USED
899.203851437,8,1,7,2,3,13,USED
899.226146913,3,0,0,1,1,14,USED
899.241123005,0,8,6,2,2,6,USED
899.366040199,2,4,4,1,1,14,USED
899.460710825,4,0,3,2,2,6,USED
899.486059863,1,4,4,1,1,14,USED
899.655553857,6,4,4,1,1,5,USED
899.759718254,5,4,4,1,1,5,USED
899.958782531,7,5,5,1,1,8,USED
900.203851437,8,4,7,2,2,13,USED
900.226146913,3,7,0,2,2,14,USED
900.241123005,0,1,1,1,1,14,USED
900.366040199,2,4,4,1,1,14,USED
900.460710825,4,3,3,1,1,6,USED
900.486059863,1,3,4,2,2,14,USED
900.655553857,6,2,3,2,2,12,USED
900.759718254,5,0,4,2,2,5,USED
900.958782531,7,1,3,2,2,5,USED
901.203851437,8,1,7,2,3,13,USED
901.226146913,3,6,6,1,1,14,USED
901.241123005,0,4,4,1,1,14,USED
901.366040199,2,7,4,2,2,14,USED
901.460710825,4,3,3,1,1,6,USED
901.486059863,1,5,5,1,2,14,USED
901.655553857,6,8,8,1,1,12,USED
901.759718254,5,3,1,2,3,14,USED
901.958782531,7,1,3,2,2,5,USED
902.203851437,8,0,5,2,2,5,USED
902.226146913,3,2,2,1,1,5,USED
902.241123005,0,2,1,2,2,14,USED
902.366040199,2,8,5,2,2,14,USED
902.460710825,4,1,1,1,1,11,USED
902.486059863,1,2,2,1,1,11,USED
902.655553857,6,0,0,1,1,8,USED
902.759718254,5,7,8,2,2,14,USED
902.958782531,7,1,3,2,2,5,USED
903.203851437,8,1,7,2,3,13,USED
903.226146913,3,8,6,2,2,14,USED
903.241123005,0,8,6,2,2,6,USED
903.366040199,2,0,4,2,2,14,USED
903.460710825,4,5,7,2,2,12,USED
903.486059863,1,6,4,2,2,14,USED
903.655553857,6,7,7,1,1,14,USED
903.759718254,5,8,8,1,1,14,USED
903.958782531,7,0,6,2,2,14,USED
904.203851437,8,3,7,2,2,13,USED
904.226146913,3,8,6,2,2,14,USED
904.241123005,0,4,4,1,1,14,USED
904.366040199,2,8,5,2,2,14,USED
904.460710825,4,5,7,2,2,12,USED
904.486059863,1,6,4,2,2,14,USED
904.655553857,6,2,3,2,2,12,USED
904.759718254,5,0,4,2,2,5,USED
904.958782531,7,5,5,1,1,8,USED
905.203851437,8,6,7,2,2,13,USED
905.226146913,3,7,0,2,2,14,USED
905.241123005,0,5,1,2,2,14,USED
905.366040199,2,5,5,1,1,14,USED
905.460710825,4,3,3,1,1,6,USED
905.486059863,1,3,4,2,2,14,USED
905.655553857,6,1,0,2,2,8,USED
905.759718254,5,8,8,1,1,14,USED
905.958782531,7,2,5,2,2,8,USED
906.203851437,8,1,7,2,3,13,USED
906.226146913,3,1,1,1,2,14,USED
906.241123005,0,6,6,1,1,6,USED
906.366040199,2,7,4,2,2,14,USED
906.460710825,4,5,7,2,2,12,USED
906.486059863,1,4,4,1,1,15,USED
906.655553857,6,7,7,1,1,14,USED
906.759718254,5,1,1,1,1,14,USED
906.958782531,7,1,3,2,2,5,USED
907.203851437,8,2,5,2,2,5,USED
907.226146913,3,6,6,1,1,14,USED
907.241123005,0,2,1,2,2,14,USED
907.366040199,2,0,4,2,2,14,USED
907.460710825,4,5,7,2,2,12,USED
907.486059863,1,0,4,2,3,15,USED
907.655553857,6,7,7,1,1,14,USED
907.759718254,5,2,1,2,2,14,USED
907.958782531,7,0,6,2,2,14,USED
908.203851437,8,1,7,2,3,13,USED
908.226146913,3,6,6,1,1,14,USED
908.241123005,0,1,1,1,1,14,USED
908.366040199,2,7,4,2,2,14,USED
908.460710825,4,3,3,1,1,6,USED
908.486059863,1,6,4,2,2,15,USED
908.655553857,6,7,7,1,1,14,USED
908.759718254,5,7,8,2,2,14,USED
908.958782531,7,0,6,2,2,14,USED
909.203851437,8,2,5,2,2,5,USED
909.226146913,3,7,0,2,3,15,USED
909.241123005,0,1,1,1,1,14,USED
909.366040199,2,4,4,1,1,14,USED
909.460710825,4,0,3,2,2,6,USED
909.486059863,1,4,4,1,1,15,USED
909.655553857,6,2,3,2,2,12,USED
909.759718254,5,1,1,1,1,15,USED
909.958782531,7,0,6,2,2,14,USED
910.203851437,8,2,5,2,2,5,USED
910.226146913,3,2,6,2,3,14,USED
910.241123005,0,5,1,2,2,14,USED
910.366040199,2,1,1,1,1,15,USED
910.460710825,4,2,2,1,1,14,USED
910.486059863,1,5,5,1,2,14,USED
910.655553857,6,7,7,1,1,14,USED
910.759718254,5,4,1,2,2,15,USED
910.958782531,7,8,6,2,2,14,USED
911.203851437,8,2,7,2,3,13,USED
911.226146913,3,5,0,2,3,15,USED
911.241123005,0,5,1,2,2,14,USED
911.366040199,2,6,4,2,2,14,USED
911.460710825,4,2,2,1,1,14,USED
911.486059863,1,3,4,2,2,15,USED
911.655553857,6,0,0,1,1,15,USED
911.759718254,5,6,1,2,3,15,USED
911.958782531,7,5,5,1,1,8,USED
912.203851437,8,1,7,2,3,13,USED
912.226146913,3,8,6,2,2,14,USED
912.241123005,0,3,3,1,1,10,USED
912.366040199,2,4,4,1,1,14,USED
912.460710825,4,3,3,1,1,6,USED
912.486059863,1,8,4,2,3,15,USED
912.655553857,6,5,7,2,2,14,USED
912.759718254,5,3,1,2,3,15,USED
912.958782531,7,3,6,2,2,14,USED
913.203851437,8,7,7,1,1,13,USED
913.226146913,3,0,0,1,1,15,USED
913.241123005,0,4,4,1,1,14,USED
913.366040199,2,6,4,2,2,14,USED
913.460710825,4,8,8,1,2,14,USED
913.486059863,1,6,4,2,2,15,USED
913.655553857,6,3,3,1,1,12,USED
913.759718254,5,2,1,2,2,14,USED
913.958782531,7,3,6,2,2,14,USED
914.203851437,8,3,7,2,2,13,USED
914.226146913,3,7,7,1,1,15,USED
914.241123005,0,5,1,2,2,14,USED
914.366040199,2,8,5,2,2,15,USED
914.460710825,4,7,7,1,1,15,USED
914.486059863,1,7,4,2,2,15,USED
914.655553857,6,1,0,2,2,15,USED
914.759718254,5,2,1,2,2,14,USED
914.958782531,7,6,6,1,1,14,USED
915.203851437,8,7,7,1,1,13,USED
915.226146913,3,2,6,2,3,14,USED
915.241123005,0,7,4,2,2,14,USED
915.366040199,2,8,5,2,2,15,USED
915.460710825,4,8,8,1,2,14,USED
915.486059863,1,6,4,2,2,15,USED
915.655553857,6,1,0,2,2,15,USED
915.759718254,5,6,1,2,3,15,USED
915.958782531,7,4,6,2,2,14,USED
916.203851437,8,5,7,2,2,13,USED
916.226146913,3,1,0,2,2,15,USED
916.241123005,0,6,6,1,2,15,USED
916.366040199,2,4,4,1,1,14,USED
916.460710825,4,5,7,2,2,15,USED
916.486059863,1,3,4,2,2,15,USED
916.655553857,6,3,3,1,1,12,USED
916.759718254,5,2,1,2,2,14,USED
917.203851437,8,7,7,1,1,13,USED
917.226146913,3,8,6,2,2,14,USED
917.241123005,0,3,3,1,1,10,USED
917.366040199,2,0,4,2,2,14,USED
917.460710825,4,5,7,2,2,15,USED
917.486059863,1,7,4,2,2,15,USED
917.655553857,6,7,7,1,1,15,USED
917.759718254,5,1,1,1,1,15,USED
917.958782531,7,4,6,2,2,14,USED
918.203851437,8,0,7,2,3,13,USED
918.226146913,3,7,7,1,1,15,USED
918.241123005,0,5,1,2,2,14,USED
918.366040199,2,5,5,1,1,15,USED
918.460710825,4,6,7,2,2,12,USED
918.486059863,1,8,4,2,3,15,USED
918.655553857,6,4,7,2,3,15,USED
918.759718254,5,6,1,2,3,15,USED
918.958782531,7,2,5,2,2,8,USED
919.203851437,8,3,7,2,2,13,USED
919.226146913,3,6,6,1,1,14,USED
919.241123005,0,7,4,2,2,14,USED
919.366040199,2,3,4,2,2,14,USED
919.460710825,4,1,1,1,1,11,USED
919.486059863,1,3,4,2,2,15,USED
919.655553857,6,8,8,1,1,12,USED
919.759718254,5,0,1,2,4,15,USED
919.958782531,7,2,5,2,2,8,USED
920.203851437,8,4,7,2,2,13,USED
920.226146913,3,8,6,2,2,14,USED
920.241123005,0,8,6,2,3,15,USED
920.366040199,2,3,4,2,2,14,USED
920.460710825,4,5,7,2,2,15,USED
920.486059863,1,7,4,2,2,15,USED
920.655553857,6,2,3,2,2,12,USED
920.759718254,5,4,1,2,2,15,USED
920.958782531,7,2,5,2,2,8,USED
921.203851437,8,5,7,2,2,13,USED
921.226146913,3,6,6,1,1,14,USED
921.241123005,0,7,4,2,2,14,USED
921.366040199,2,0,4,2,2,14,USED
921.460710825,4,0,3,2,2,6,USED
921.486059863,1,7,4,2,2,15,USED
921.655553857,6,4,7,2,3,15,USED
921.759718254,5,2,1,2,2,14,USED
921.958782531,7,0,6,2,2,14,USED
922.203851437,8,2,7,2,3,13,USED
922.226146913,3,1,0,2,2,15,USED
922.241123005,0,3,3,1,1,10,USED
922.366040199,2,5,5,1,1,15,USED
922.460710825,4,8,8,1,2,14,USED
922.486059863,1,3,4,2,2,15,USED
922.655553857,6,1,0,2,2,15,USED
922.759718254,5,3,1,2,3,15,USED
922.958782531,7,0,6,2,2,14,USED
923.203851437,8,5,7,2,2,13,USED
923.226146913,3,1,0,2,2,15,USED
923.241123005,0,8,6,2,3,15,USED
923.366040199,2,8,5,2,2,15,USED
923.460710825,4,2,2,1,1,14,USED
923.486059863,1,7,4,2,2,15,USED
923.655553857,6,7,7,1,1,15,USED
923.759718254,5,3,1,2,3,15,USED
923.958782531,7,0,6,2,2,14,USED
924.203851437,8,2,7,2,3,13,USED
924.226146913,3,6,6,1,1,14,USED
924.241123005,0,3,3,1,1,10,USED
924.366040199,2,6,4,2,2,14,USED
924.460710825,4,0,3,2,2,6,USED
924.486059863,1,3,4,2,2,15,USED
924.655553857,6,7,7,1,1,15,USED
924.759718254,5,3,1,2,3,15,USED
925.203851437,8,1,7,2,3,13,USED
925.226146913,3,6,6,1,1,14,USED
925.241123005,0,1,1,1,1,14,USED
925.366040199,2,7,4,2,2,14,USED
925.460710825,4,7,7,1,1,15,USED
925.486059863,1,7,4,2,2,15,USED
925.655553857,6,1,0,2,2,15,USED
925.759718254,5,7,8,2,2,14,USED
925.958782531,7,5,5,1,1,8,USED
926.203851437,8,6,7,2,2,13,USED
926.226146913,3,0,0,1,1,15,USED
926.241123005,0,8,6,2,3,15,USED
926.366040199,2,3,4,2,2,14,USED
926.460710825,4,5,7,2,2,15,USED
926.486059863,1,6,4,2,2,15,USED
926.655553857,6,5,7,2,2,15,USED
926.759718254,5,2,1,2,2,14,USED
926.958782531,7,6,6,1,1,14,USED
927.203851437,8,4,7,2,2,13,USED
927.226146913,3,0,0,1,1,15,USED
927.241123005,0,3,3,1,1,10,USED
927.366040199,2,4,4,1,1,14,USED
927.460710825,4,3,3,1,1,6,USED
927.486059863,1,3,4,2,2,15,USED
927.655553857,6,3,3,1,1,12,USED
927.759718254,5,3,1,2,3,15,USED
927.958782531,7,4,6,2,2,14,USED
928.203851437,8,2,7,2,3,13,USED
928.226146913,3,2,6,2,3,14,USED
928.241123005,0,5,1,2,2,14,USED
928.366040199,2,0,4,2,2,14,USED
928.460710825,4,0,3,2,2,6,USED
928.486059863,1,4,4,1,1,15,USED
928.655553857,6,8,8,1,1,12,USED
928.759718254,5,2,1,2,2,14,USED
928.958782531,7,0,6,2,2,14,USED
929.203851437,8,7,7,1,1,13,USED
929.226146913,3,6,6,1,1,14,USED
929.241123005,0,4,4,1,1,14,USED
929.366040199,2,3,4,2,2,14,USED
929.460710825,4,2,2,1,1,14,USED
929.486059863,1,2,2,1,1,11,USED
929.655553857,6,1,0,2,2,15,USED
929.759718254,5,2,1,2,2,14,USED
929.958782531,7,4,6,2,2,14,USED
930.203851437,8,1,7,2,3,13,USED
930.226146913,3,5,7,2,2,15,USED
930.241123005,0,5,1,2,2,14,USED
930.366040199,2,4,4,1,1,14,USED
930.460710825,4,1,1,1,1,11,USED
930.486059863,1,4,4,1,1,15,USED
930.655553857,6,4,7,2,3,15,USED
930.759718254,5,6,1,2,3,15,USED
930.958782531,7,4,6,2,2,14,USED
931.203851437,8,2,7,2,3,13,USED
931.226146913,3,4,6,2,2,14,USED
931.241123005,0,8,6,2,3,15,USED
931.366040199,2,1,1,1,1,15,USED
931.460710825,4,6,7,2,2,12,USED
931.486059863,1,2,2,1,1,11,USED
931.655553857,6,0,0,1,1,15,USED
931.759718254,5,4,1,2,2,15,USED
931.958782531,7,8,6,2,2,14,USED
932.203851437,8,2,7,2,3,13,USED
932.226146913,3,6,6,1,1,14,USED
932.241123005,0,1,1,1,1,14,USED
932.366040199,2,0,4,2,2,14,USED
932.460710825,4,3,3,1,1,6,USED
932.486059863,1,6,4,2,2,15,USED
932.655553857,6,3,3,1,1,12,USED
932.759718254,5,6,1,2,3,15,USED
933.203851437,8,5,7,2,2,13,USED
933.226146913,3,1,0,2,2,15,USED
933.241123005,0,5,1,2,2,14,USED
933.366040199,2,1,1,1,1,15,USED
933.460710825,4,5,7,2,2,15,USED
933.486059863,1,4,4,1,1,15,USED
933.655553857,6,5,7,2,2,15,USED
933.759718254,5,4,1,2,2,15,USED
933.958782531,7,5,5,1,1,8,USED
934.203851437,8,6,7,2,2,13,USED
934.226146913,3,2,6,2,3,14,USED
934.241123005,0,7,4,2,2,14,USED
934.366040199,2,0,4,2,2,14,USED
934.460710825,4,5,7,2,2,15,USED
934.486059863,1,4,4,1,1,15,USED
934.655553857,6,3,3,1,1,12,USED
934.759718254,5,7,8,2,2,14,USED
935.203851437,8,5,7,2,2,13,USED
935.226146913,3,8,6,2,2,14,USED
935.241123005,0,6,6,1,2,15,USED
935.366040199,2,3,4,2,2,14,USED
935.460710825,4,7,7,1,1,15,USED
935.486059863,1,6,4,2,2,15,USED
935.655553857,6,0,0,1,1,15,USED
935.759718254,5,8,8,1,1,14,USED
935.958782531,7,6,6,1,1,14,USED
936.203851437,8,0,7,2,3,13,USED
936.226146913,3,7,7,1,1,15,USED
936.241123005,0,3,3,1,1,10,USED
936.366040199,2,6,4,2,2,14,USED
936.460710825,4,2,2,1,1,14,USED
936.486059863,1,8,4,2,3,15,USED
936.655553857,6,8,8,1,1,12,USED
936.759718254,5,1,1,1,1,15,USED
936.958782531,7,4,6,2,2,14,USED
937.203851437,8,6,7,2,2,13,USED
937.226146913,3,1,0,2,2,15,USED
937.241123005,0,7,4,2,2,14,USED
937.366040199,2,0,4,2,2,14,USED
937.460710825,4,7,7,1,1,15,USED
937.486059863,1,3,4,2,2,15,USED
937.655553857,6,7,7,1,1,15,USED
937.759718254,5,6,1,2,3,15,USED
937.958782531,7,4,6,2,2,14,USED
938.203851437,8,3,7,2,2,13,USED
938.226146913,3,4,6,2,2,14,USED
938.241123005,0,6,6,1,2,15,USED
938.366040199,2,7,4,2,2,14,USED
938.460710825,4,3,3,1,1,6,USED
938.486059863,1,5,5,1,2,14,USED
938.655553857,6,8,8,1,1,12,USED
938.759718254,5,1,1,1,1,15,USED
938.958782531,7,6,6,1,1,14,USED
939.203851437,8,7,7,1,1,13,USED
939.226146913,3,2,6,2,3,14,USED
939.241123005,0,6,6,1,2,15,USED
939.366040199,2,5,5,1,1,15,USED
939.460710825,4,8,8,1,2,14,USED
939.486059863,1,0,4,2,3,15,USED
939.655553857,6,8,8,1,1,12,USED
939.759718254,5,6,1,2,3,15,USED
939.958782531,7,0,6,2,2,14,USED
940.203851437,8,1,7,2,3,13,USED
940.226146913,3,7,7,1,1,15,USED
940.241123005,0,2,1,2,2,14,USED
940.366040199,2,1,1,1,1,15,USED
940.460710825,4,6,7,2,2,12,USED
940.486059863,1,2,2,1,1,11,USED
940.655553857,6,4,7,2,3,15,USED
940.759718254,5,8,8,1,1,14,USED
940.958782531,7,5,5,1,1,8,USED
941.203851437,8,1,7,2,3,13,USED
941.226146913,3,5,7,2,2,15,USED
941.241123005,0,6,6,1,2,15,USED
941.366040199,2,7,4,2,2,14,USED
941.460710825,4,0,3,2,2,6,USED
941.486059863,1,7,4,2,2,15,USED
941.655553857,6,1,0,2,2,15,USED
941.759718254,5,4,1,2,2,15,USED
941.958782531,7,5,5,1,1,8,USED
942.203851437,8,0,7,2,3,13,USED
942.226146913,3,2,6,2,3,14,USED
942.241123005,0,5,1,2,2,14,USED
942.366040199,2,3,4,2,2,14,USED
942.460710825,4,0,3,2,2,6,USED
942.486059863,1,5,5,1,2,14,USED
942.655553857,6,5,7,2,2,15,USED
942.759718254,5,0,1,2,4,15,USED
942.958782531,7,0,6,2,2,14,USED
943.203851437,8,2,7,2,3,13,USED
943.226146913,3,4,6,2,2,14,USED
943.241123005,0,6,6,1,2,15,USED
943.366040199,2,0,4,2,2,14,USED
943.460710825,4,1,1,1,1,11,USED
943.486059863,1,4,4,1,1,15,USED
943.655553857,6,2,3,2,2,12,USED
943.759718254,5,8,8,1,1,14,USED
943.958782531,7,6,6,1,1,14,USED
944.203851437,8,2,7,2,3,13,USED
944.226146913,3,7,7,1,1,15,USED
944.241123005,0,6,6,1,2,15,USED
944.366040199,2,5,5,1,1,15,USED
944.460710825,4,6,7,2,2,12,USED
944.486059863,1,4,4,1,1,15,USED
944.655553857,6,1,0,2,2,15,USED
944.759718254,5,2,1,2,2,14,USED
944.958782531,7,8,6,2,2,14,USED
945.203851437,8,3,7,2,2,13,USED
945.226146913,3,4,6,2,2,14,USED
945.241123005,0,3,3,1,1,10,USED
945.366040199,2,5,5,1,1,15,USED
945.460710825,4,0,3,2,2,6,USED
945.486059863,1,5,5,1,2,14,USED
945.655553857,6,5,7,2,2,15,USED
945.759718254,5,2,1,2,2,14,USED
945.958782531,7,4,6,2,2,14,USED
946.203851437,8,5,7,2,2,13,USED
946.226146913,3,8,6,2,2,14,USED
946.241123005,0,8,6,2,3,15,USED
946.366040199,2,5,5,1,1,15,USED
946.460710825,4,5,7,2,2,15,USED
946.486059863,1,2,2,1,1,11,USED
946.655553857,6,7,7,1,1,15,USED
946.759718254,5,0,1,2,4,15,USED
946.958782531,7,6,6,1,1,14,USED
947.203851437,8,3,7,2,2,13,USED
947.226146913,3,8,6,2,2,14,USED
947.241123005,0,2,1,2,2,14,USED
947.366040199,2,8,5,2,2,15,USED
947.460710825,4,3,3,1,1,6,USED
947.486059863,1,5,5,1,2,14,USED
947.655553857,6,4,7,2,3,15,USED
947.759718254,5,2,1,2,2,14,USED
947.958782531,7,6,6,1,1,14,USED
948.203851437,8,6,7,2,2,13,USED
948.226146913,3,0,0,1,1,15,USED
948.241123005,0,5,1,2,2,14,USED
948.366040199,2,3,4,2,2,14,USED
948.460710825,4,1,1,1,1,11,USED
948.486059863,1,3,4,2,2,15,USED
948.655553857,6,1,0,2,2,15,USED
948.759718254,5,3,1,2,3,15,USED
948.958782531,7,0,6,2,2,14,USED
949.203851437,8,4,7,2,2,13,USED
949.226146913,3,6,6,1,1,14,USED
949.241123005,0,3,3,1,1,10,USED
949.366040199,2,0,4,2,2,14,USED
949.460710825,4,1,1,1,1,11,USED
949.486059863,1,3,4,2,2,15,USED
949.655553857,6,0,0,1,1,15,USED
949.759718254,5,4,1,2,2,15,USED
949.958782531,7,5,5,1,1,8,USED
950.203851437,8,6,7,2,2,13,USED
950.226146913,3,4,6,2,2,14,USED
950.241123005,0,3,3,1,1,10,USED
950.366040199,2,4,4,1,1,14,USED
950.460710825,4,7,7,1,1,15,USED
950.486059863,1,2,2,1,1,11,USED
950.655553857,6,0,0,1,1,15,USED
950.759718254,5,0,1,2,4,15,USED
950.958782531,7,6,6,1,1,14,USED
951.203851437,8,0,7,2,3,13,USED
951.226146913,3,6,6,1,1,14,USED
951.241123005,0,3,3,1,1,10,USED
951.366040199,2,4,4,1,1,14,USED
951.460710825,4,2,2,1,1,14,USED
951.486059863,1,5,5,1,2,14,USED
951.655553857,6,5,7,2,2,15,USED
951.759718254,5,0,1,2,4,15,USED
951.958782531,7,2,5,2,2,8,USED
952.203851437,8,6,7,2,2,13,USED
952.226146913,3,5,7,2,2,15,USED
952.241123005,0,5,1,2,2,14,USED
952.366040199,2,1,1,1,1,15,USED
952.460710825,4,1,1,1,1,11,USED
952.486059863,1,4,4,1,1,15,USED
952.655553857,6,3,3,1,1,12,USED
952.759718254,5,7,8,2,2,14,USED
952.958782531,7,8,6,2,2,14,USED
953.203851437,8,5,7,2,2,13,USED
953.226146913,3,6,6,1,1,14,USED
953.241123005,0,8,6,2,3,15,USED
953.366040199,2,6,4,2,2,14,USED
953.460710825,4,0,3,2,2,6,USED
953.486059863,1,8,4,2,3,15,USED
953.655553857,6,8,8,1,1,12,USED
953.759718254,5,7,8,2,2,14,USED
953.958782531,7,5,5,1,1,8,USED
954.203851437,8,6,7,2,2,13,USED
954.226146913,3,2,6,2,3,14,USED
954.241123005,0,4,4,1,1,14,USED
954.366040199,2,7,4,2,2,14,USED
954.460710825,4,6,7,2,2,12,USED
954.486059863,1,0,4,2,3,15,USED
954.655553857,6,8,8,1,1,12,USED
954.759718254,5,7,8,2,2,14,USED
954.958782531,7,3,6,2,2,14,USED
955.203851437,8,4,7,2,2,13,USED
955.226146913,3,7,7,1,1,15,USED
955.241123005,0,4,4,1,1,14,USED
955.366040199,2,3,4,2,2,14,USED
955.460710825,4,7,7,1,1,15,USED
955.486059863,1,8,4,2,3,15,USED
955.655553857,6,3,3,1,1,12,USED
955.759718254,5,1,1,1,1,15,USED
955.958782531,7,8,6,2,2,14,USED
956.203851437,8,4,7,2,2,13,USED
956.226146913,3,7,7,1,1,15,USED
956.241123005,0,1,1,1,1,14,USED
956.366040199,2,4,4,1,1,14,USED
956.460710825,4,3,3,1,1,6,USED
956.486059863,1,4,4,1,1,15,USED
956.655553857,6,4,7,2,3,15,USED
956.759718254,5,7,8,2,2,14,USED
956.958782531,7,2,5,2,2,8,USED
957.203851437,8,1,7,2,3,13,USED
957.226146913,3,2,6,2,3,14,USED
957.241123005,0,7,4,2,2,14,USED
957.366040199,2,0,4,2,2,14,USED
957.460710825,4,5,7,2,2,15,USED
957.486059863,1,6,4,2,2,15,USED
957.655553857,6,8,8,1,1,12,USED
957.759718254,5,2,1,2,2,14,USED
957.958782531,7,3,6,2,2,14,USED
958.203851437,8,3,7,2,2,13,USED
958.226146913,3,5,7,2,2,15,USED
958.241123005,0,5,1,2,2,14,USED
958.366040199,2,6,4,2,2,14,USED
958.460710825,4,5,7,2,2,15,USED
958.486059863,1,5,5,1,2,14,USED
958.655553857,6,3,3,1,1,12,USED
958.759718254,5,0,1,2,4,15,USED
958.958782531,7,0,6,2,2,14,USED
959.203851437,8,2,7,2,3,13,USED
959.226146913,3,2,6,2,3,14,USED
959.241123005,0,4,4,1,1,14,USED
959.366040199,2,3,4,2,2,14,USED
959.460710825,4,6,7,2,2,12,USED
959.486059863,1,7,4,2,2,15,USED
959.655553857,6,7,7,1,1,15,USED
959.759718254,5,0,1,2,4,15,USED
959.958782531,7,5,5,1,1,8,USED
960.203851437,8,0,7,2,3,13,USED
960.226146913,3,1,0,2,2,15,USED
960.241123005,0,2,1,2,2,14,USED
960.366040199,2,4,4,1,1,14,USED
960.460710825,4,3,3,1,1,6,USED
960.486059863,1,8,4,2,3,15,USED
960.655553857,6,8,8,1,1,12,USED
960.759718254,5,4,1,2,2,15,USED
960.958782531,7,0,6,2,2,14,USED
961.203851437,8,2,7,2,3,13,USED
961.226146913,3,1,0,2,2,15,USED
961.241123005,0,1,1,1,1,14,USED
961.366040199,2,0,4,2,2,14,USED
961.460710825,4,8,8,1,2,14,USED
961.486059863,1,5,5,1,2,14,USED
961.655553857,6,1,0,2,2,15,USED
961.759718254,5,2,1,2,2,14,USED
961.958782531,7,6,6,1,1,14,USED
962.203851437,8,0,7,2,3,13,USED
962.226146913,3,6,6,1,1,14,USED
962.241123005,0,5,1,2,2,14,USED
962.366040199,2,3,4,2,2,14,USED
962.460710825,4,1,1,1,1,11,USED
962.486059863,1,7,4,2,2,15,USED
962.655553857,6,7,7,1,1,15,USED
962.759718254,5,2,1,2,2,14,USED
962.958782531,7,2,5,2,2,8,USED
963.203851437,8,0,7,2,3,13,USED
963.226146913,3,6,6,1,1,14,USED
963.241123005,0,2,1,2,2,14,USED
963.366040199,2,3,4,2,2,14,USED
963.460710825,4,7,7,1,1,15,USED
963.486059863,1,0,4,2,3,15,USED
963.655553857,6,4,7,2,3,15,USED
963.759718254,5,7,8,2,2,14,USED
963.958782531,7,0,6,2,2,14,USED
964.203851437,8,5,7,2,2,13,USED
964.226146913,3,0,0,1,1,15,USED
964.241123005,0,3,3,1,1,10,USED
964.366040199,2,0,4,2,2,14,USED
964.460710825,4,7,7,1,1,15,USED
964.486059863,1,4,4,1,1,15,USED
964.655553857,6,0,0,1,1,15,USED
964.759718254,5,7,8,2,2,14,USED
964.958782531,7,8,6,2,2,14,USED
965.203851437,8,4,7,2,2,13,USED
965.226146913,3,0,0,1,1,15,USED
965.241123005,0,7,4,2,2,14,USED
965.366040199,2,6,4,2,2,14,USED
965.460710825,4,7,7,1,1,15,USED
965.486059863,1,0,4,2,3,15,USED
965.655553857,6,0,0,1,1,15,USED
965.759718254,5,0,1,2,4,15,USED
965.958782531,7,0,6,2,2,14,USED
966.203851437,8,1,7,2,3,13,USED
966.226146913,3,1,0,2,2,15,USED
966.241123005,0,4,4,1,1,14,USED
966.366040199,2,3,4,2,2,14,USED
966.460710825,4,6,7,2,2,12,USED
966.486059863,1,3,4,2,2,16,USED
966.655553857,6,5,7,2,2,15,USED
966.759718254,5,8,8,1,1,14,USED
966.958782531,7,3,6,2,2,14,USED
967.203851437,8,1,7,2,3,13,USED
967.226146913,3,7,7,1,1,15,USED
967.241123005,0,1,1,1,1,14,USED
967.366040199,2,8,5,2,2,15,USED
967.460710825,4,6,7,2,2,12,USED
967.486059863,1,5,5,1,2,14,USED
967.655553857,6,8,8,1,1,12,USED
967.759718254,5,7,4,2,2,16,USED
967.958782531,7,8,6,2,2,16,USED
968.203851437,8,2,7,2,3,13,USED
968.226146913,3,5,7,2,2,15,USED
968.241123005,0,5,1,2,3,16,USED
968.366040199,2,3,4,2,2,14,USED
968.460710825,4,1,1,1,1,16,USED
968.486059863,1,5,5,1,2,14,USED
968.655553857,6,5,7,2,2,15,USED
968.759718254,5,3,4,2,2,16,USED
968.958782531,7,8,6,2,2,16,USED
969.203851437,8,7,7,1,1,13,USED
969.226146913,3,4,1,2,3,16,USED
969.241123005,0,1,1,1,1,16,USED
969.366040199,2,8,5,2,2,15,USED
969.460710825,4,6,6,1,1,16,USED
969.486059863,1,2,2,1,1,11,USED
969.655553857,6,0,0,1,1,15,USED
969.759718254,5,2,1,2,2,14,USED
969.958782531,7,3,6,2,2,16,USED
970.203851437,8,2,7,2,3,13,USED
970.226146913,3,4,1,2,3,16,USED
970.241123005,0,5,1,2,3,16,USED
970.366040199,2,6,4,2,2,14,USED
970.460710825,4,1,1,1,1,16,USED
970.486059863,1,3,4,2,2,16,USED
970.655553857,6,2,3,2,2,12,USED
970.759718254,5,2,1,2,2,14,USED
970.958782531,7,8,6,2,2,16,USED
971.203851437,8,4,7,2,2,13,USED
971.226146913,3,4,1,2,3,16,USED
971.241123005,0,5,1,2,3,16,USED
971.366040199,2,6,4,2,2,14,USED
971.460710825,4,3,6,2,2,16,USED
971.486059863,1,0,4,2,3,16,USED
971.655553857,6,5,7,2,2,15,USED
971.759718254,5,2,1,2,2,14,USED
971.958782531,7,4,6,2,4,16,USED
972.203851437,8,0,7,2,3,13,USED
972.226146913,3,0,0,1,1,15,USED
972.241123005,0,5,1,2,3,16,USED
972.366040199,2,3,4,2,2,14,USED
972.460710825,4,6,6,1,1,16,USED
972.486059863,1,0,4,2,3,16,USED
972.655553857,6,0,0,1,1,15,USED
972.759718254,5,2,1,2,2,14,USED
972.958782531,7,4,6,2,4,16,USED
973.203851437,8,7,7,1,1,13,USED
973.226146913,3,4,1,2,3,16,USED
973.241123005,0,1,1,1,1,16,USED
973.366040199,2,3,4,2,2,14,USED
973.460710825,4,3,6,2,2,16,USED
973.486059863,1,4,4,1,1,16,USED
973.655553857,6,7,7,1,2,16,USED
973.759718254,5,1,1,1,1,15,USED
973.958782531,7,5,5,1,1,8,USED
974.203851437,8,3,7,2,2,13,USED
974.226146913,3,4,1,2,3,16,USED
974.241123005,0,8,6,2,2,16,USED
974.366040199,2,5,5,1,1,15,USED
974.460710825,4,0,6,2,2,16,USED
974.486059863,1,5,5,1,2,14,USED
974.655553857,6,3,3,1,1,12,USED
974.759718254,5,2,1,2,2,14,USED
974.958782531,7,1,6,2,3,16,USED
975.203851437,8,4,7,2,2,13,USED
975.226146913,3,8,6,2,2,16,USED
975.241123005,0,7,6,2,2,16,USED
975.366040199,2,4,4,1,1,14,USED
975.460710825,4,5,7,2,2,15,USED
975.486059863,1,4,4,1,1,16,USED
975.655553857,6,8,8,1,1,12,USED
975.759718254,5,3,3,1,1,16,USED
975.958782531,7,3,6,2,2,16,USED
976.203851437,8,2,7,2,3,13,USED
976.226146913,3,5,7,2,2,15,USED
976.241123005,0,8,6,2,2,16,USED
976.366040199,2,0,4,2,2,14,USED
976.460710825,4,7,7,1,1,15,USED
976.486059863,1,2,2,1,1,11,USED
976.655553857,6,8,8,1,1,12,USED
976.759718254,5,7,3,2,2,16,USED
976.958782531,7,2,5,2,2,8,USED
977.203851437,8,6,7,2,2,13,USED
977.226146913,3,8,6,2,2,16,USED
977.241123005,0,8,6,2,2,16,USED
977.366040199,2,8,5,2,2,15,USED
977.460710825,4,6,6,1,1,16,USED
977.486059863,1,6,4,2,3,16,USED
977.655553857,6,8,8,1,1,12,USED
977.759718254,5,2,1,2,2,14,USED
977.958782531,7,3,6,2,2,16,USED
978.203851437,8,7,7,1,1,13,USED
978.226146913,3,1,0,2,2,15,USED
978.241123005,0,3,3,1,1,10,USED
978.366040199,2,1,1,1,1,16,USED
978.460710825,4,6,6,1,1,16,USED
978.486059863,1,0,4,2,3,16,USED
978.655553857,6,4,7,2,6,16,USED
978.759718254,5,2,1,2,2,14,USED
978.958782531,7,1,6,2,3,16,USED
979.203851437,8,4,7,2,2,13,USED
979.226146913,3,5,7,2,2,15,USED
979.241123005,0,2,1,2,2,16,USED
979.366040199,2,3,4,2,2,14,USED
979.460710825,4,1,1,1,1,16,USED
979.486059863,1,6,4,2,3,16,USED
979.655553857,6,1,0,2,2,15,USED
979.759718254,5,8,8,1,1,14,USED
979.958782531,7,0,6,2,2,16,USED
980.203851437,8,1,7,2,3,13,USED
980.226146913,3,4,1,2,3,16,USED
980.241123005,0,3,3,1,1,10,USED
980.366040199,2,7,4,2,2,14,USED
980.460710825,4,6,6,1,1,16,USED
980.486059863,1,8,4,2,3,16,USED
980.655553857,6,5,7,2,3,16,USED
980.759718254,5,1,1,1,1,15,USED
980.958782531,7,3,6,2,2,16,USED
981.203851437,8,6,7,2,2,13,USED
981.226146913,3,2,6,2,3,16,USED
981.241123005,0,3,3,1,1,10,USED
981.366040199,2,8,5,2,2,15,USED
981.460710825,4,7,7,1,1,15,USED
981.486059863,1,4,4,1,1,16,USED
981.655553857,6,7,7,1,2,16,USED
981.759718254,5,6,3,2,2,16,USED
981.958782531,7,8,6,2,2,16,USED
982.203851437,8,1,7,2,3,13,USED
982.226146913,3,7,7,1,1,15,USED
982.241123005,0,3,3,1,1,10,USED
982.366040199,2,6,4,2,2,14,USED
982.460710825,4,0,6,2,2,16,USED
982.486059863,1,6,4,2,3,16,USED
982.655553857,6,5,7,2,3,16,USED
982.759718254,5,1,1,1,1,15,USED
982.958782531,7,8,6,2,2,16,USED
983.203851437,8,5,7,2,2,13,USED
983.226146913,3,8,6,2,2,16,USED
983.241123005,0,8,6,2,2,16,USED
983.366040199,2,6,4,2,2,14,USED
983.460710825,4,2,2,1,1,14,USED
983.486059863,1,6,4,2,3,16,USED
983.655553857,6,8,8,1,1,12,USED
983.759718254,5,7,3,2,2,16,USED
983.958782531,7,4,6,2,4,16,USED
984.203851437,8,6,7,2,2,13,USED
984.226146913,3,6,6,1,1,16,USED
984.241123005,0,7,6,2,2,16,USED
984.366040199,2,4,4,1,1,14,USED
984.460710825,4,7,7,1,1,15,USED
984.486059863,1,4,4,1,1,16,USED
984.655553857,6,0,0,1,1,15,USED
984.759718254,5,2,1,2,2,14,USED
984.958782531,7,2,5,2,2,8,USED
985.203851437,8,4,7,2,2,13,USED
985.226146913,3,5,7,2,2,15,USED
985.241123005,0,1,1,1,1,16,USED
985.366040199,2,7,4,2,2,14,USED
985.460710825,4,2,2,1,1,14,USED
985.486059863,1,6,4,2,3,16,USED
985.655553857,6,3,3,1,1,12,USED
985.759718254,5,0,3,2,2,16,USED
985.958782531,7,3,6,2,2,16,USED
986.203851437,8,7,7,1,1,13,USED
986.226146913,3,0,0,1,1,15,USED
986.241123005,0,6,6,1,1,16,USED
986.366040199,2,8,5,2,2,15,USED
986.460710825,4,7,7,1,1,15,USED
986.486059863,1,8,4,2,3,16,USED
986.655553857,6,1,0,2,2,15,USED
986.759718254,5,8,8,1,1,14,USED
986.958782531,7,5,5,1,1,8,USED
987.203851437,8,5,7,2,2,13,USED
987.226146913,3,8,6,2,2,16,USED
987.241123005,0,1,1,1,1,16,USED
987.366040199,2,6,4,2,2,14,USED
987.460710825,4,0,6,2,2,16,USED
987.486059863,1,0,4,2,3,16,USED
987.655553857,6,8,8,1,1,12,USED
987.759718254,5,0,3,2,2,16,USED
987.958782531,7,2,5,2,2,8,USED
988.203851437,8,1,7,2,3,13,USED
988.226146913,3,0,0,1,1,15,USED
988.241123005,0,7,6,2,2,16,USED
988.366040199,2,5,5,1,1,15,USED
988.460710825,4,6,6,1,1,16,USED
988.486059863,1,3,4,2,2,16,USED
988.655553857,6,5,7,2,3,16,USED
988.759718254,5,7,3,2,2,16,USED
988.958782531,7,6,6,1,1,16,USED
989.203851437,8,6,7,2,2,13,USED
989.226146913,3,2,6,2,3,16,USED
989.241123005,0,8,6,2,2,16,USED
989.366040199,2,4,4,1,1,14,USED
989.460710825,4,6,6,1,1,16,USED
989.486059863,1,8,4,2,3,16,USED
989.655553857,6,2,3,2,2,12,USED
989.759718254,5,6,3,2,2,16,USED
989.958782531,7,3,6,2,2,16,USED
990.203851437,8,6,7,2,2,13,USED
990.226146913,3,4,1,2,3,16,USED
990.241123005,0,6,6,1,1,16,USED
990.366040199,2,8,5,2,2,15,USED
990.460710825,4,1,1,1,1,16,USED
990.486059863,1,6,4,2,3,16,USED
990.655553857,6,5,7,2,3,16,USED
990.759718254,5,2,1,2,2,14,USED
990.958782531,7,6,6,1,1,16,USED
991.203851437,8,2,7,2,3,13,USED
991.226146913,3,5,7,2,2,15,USED
991.241123005,0,7,6,2,2,16,USED
991.366040199,2,5,5,1,1,15,USED
991.460710825,4,2,2,1,1,14,USED
991.486059863,1,2,2,1,1,11,USED
991.655553857,6,0,0,1,1,15,USED
991.759718254,5,1,1,1,1,15,USED
991.958782531,7,2,5,2,2,8,USED
992.203851437,8,2,7,2,3,13,USED
992.226146913,3,1,0,2,2,15,USED
992.241123005,0,6,6,1,1,16,USED
992.366040199,2,7,4,2,2,14,USED
992.460710825,4,8,6,2,2,16,USED
992.486059863,1,6,4,2,3,16,USED
992.655553857,6,8,8,1,1,12,USED
992.759718254,5,8,8,1,1,14,USED
992.958782531,7,0,6,2,2,16,USED
993.203851437,8,2,7,2,3,13,USED
993.226146913,3,7,7,1,1,15,USED
993.241123005,0,4,4,1,1,14,USED
993.366040199,2,0,4,2,2,14,USED
993.460710825,4,0,6,2,2,16,USED
993.486059863,1,7,4,2,2,16,USED
993.655553857,6,7,7,1,2,16,USED
993.759718254,5,8,8,1,1,14,USED
993.958782531,7,6,6,1,1,16,USED
994.203851437,8,0,7,2,3,13,USED
994.226146913,3,1,0,2,2,15,USED
994.241123005,0,6,6,1,1,16,USED
994.366040199,2,1,1,1,1,16,USED
994.460710825,4,2,2,1,1,14,USED
994.486059863,1,6,4,2,3,16,USED
994.655553857,6,0,0,1,1,15,USED
994.759718254,5,4,4,1,1,16,USED
994.958782531,7,8,6,2,2,16,USED
995.203851437,8,1,7,2,3,13,USED
995.226146913,3,8,6,2,2,16,USED
995.241123005,0,6,6,1,1,16,USED
995.366040199,2,7,4,2,2,14,USED
995.460710825,4,0,6,2,2,16,USED
995.486059863,1,4,4,1,1,16,USED
995.655553857,6,1,0,2,2,15,USED
995.759718254,5,7,3,2,2,16,USED
995.958782531,7,3,6,2,2,16,USED
996.203851437,8,6,7,2,2,13,USED
996.226146913,3,1,0,2,2,15,USED
996.241123005,0,7,6,2,2,16,USED
996.366040199,2,4,4,1,1,14,USED
996.460710825,4,2,2,1,1,14,USED
996.486059863,1,7,4,2,2,16,USED
996.655553857,6,5,7,2,3,16,USED
996.759718254,5,3,3,1,1,16,USED
996.958782531,7,6,6,1,1,16,USED
997.203851437,8,3,7,2,2,13,USED
997.226146913,3,6,6,1,1,16,USED
997.241123005,0,8,6,2,2,16,USED
997.366040199,2,0,4,2,2,14,USED
997.460710825,4,8,6,2,2,16,USED
997.486059863,1,4,4,1,1,16,USED
997.655553857,6,4,7,2,6,16,USED
997.759718254,5,3,3,1,1,16,USED
997.958782531,7,4,6,2,4,16,USED
998.203851437,8,7,7,1,1,13,USED
998.226146913,3,5,7,2,2,15,USED
998.241123005,0,5,1,2,3,16,USED
998.366040199,2,0,4,2,2,14,USED
998.460710825,4,1,1,1,1,16,USED
998.486059863,1,6,4,2,3,16,USED
998.655553857,6,0,0,1,1,15,USED
998.759718254,5,3,3,1,1,16,USED
998.958782531,7,3,6,2,2,16,USED
999.203851437,8,7,7,1,1,13,USED
999.226146913,3,7,7,1,1,15,USED
999.241123005,0,5,1,2,3,16,USED
999.366040199,2,0,4,2,2,14,USED
999.460710825,4,8,6,2,2,16,USED
999.486059863,1,0,4,2,3,16,USED
999.655553857,6,1,0,2,2,15,USED
999.759718254,5,1,1,1,1,15,USED
999.958782531,7,6,6,1,1,16,USED
1000.203851437,8,4,7,2,2,13,USED
1000.226146913,3,5,7,2,2,15,USED
1000.241123005,0,6,6,1,1,16,USED
1000.366040199,2,3,4,2,2,14,USED
1000.460710825,4,6,6,1,1,16,USED
1000.486059863,1,8,4,2,3,16,USED
1000.655553857,6,4,7,2,6,16,USED
1000.759718254,5,7,3,2,2,16,USED
1000.958782531,7,1,6,2,3,16,USED
1001.203851437,8,0,7,2,3,13,USED
1001.226146913,3,2,6,2,3,16,USED
1001.241123005,0,1,1,1,1,16,USED
1001.366040199,2,3,4,2,2,14,USED
1001.460710825,4,7,7,1,1,15,USED
1001.486059863,1,6,4,2,3,16,USED
1001.655553857,6,7,7,1,2,16,USED
1001.759718254,5,4,4,1,1,16,USED
1001.958782531,7,2,5,2,2,8,USED
1002.203851437,8,0,7,2,3,13,USED
1002.226146913,3,6,6,1,1,16,USED
1002.241123005,0,7,6,2,2,16,USED
1002.366040199,2,8,5,2,2,15,USED
1002.460710825,4,3,6,2,2,16,USED
1002.486059863,1,7,4,2,2,16,USED
1002.655553857,6,8,8,1,1,12,USED
1002.759718254,5,1,1,1,1,15,USED
1002.958782531,7,1,6,2,3,16,USED
1003.203851437,8,6,7,2,2,13,USED
1003.226146913,3,5,7,2,2,15,USED
1003.241123005,0,1,1,1,1,16,USED
1003.366040199,2,5,5,1,1,15,USED
1003.460710825,4,0,6,2,2,16,USED
1003.486059863,1,5,5,1,2,14,USED
1003.655553857,6,4,7,2,6,16,USED
1003.759718254,5,8,8,1,1,14,USED
1003.958782531,7,5,5,1,1,8,USED
1004.203851437,8,1,7,2,3,13,USED
1004.226146913,3,8,6,2,2,16,USED
1004.241123005,0,3,3,1,1,10,USED
1004.366040199,2,3,4,2,2,14,USED
1004.460710825,4,6,6,1,1,16,USED
1004.486059863,1,3,4,2,2,16,USED
1004.655553857,6,7,7,1,2,16,USED
1004.759718254,5,6,3,2,2,16,USED
1004.958782531,7,6,6,1,1,16,USED
1005.203851437,8,4,7,2,2,13,USED
1005.226146913,3,2,6,2,3,16,USED
1005.241123005,0,3,3,1,1,10,USED
1005.366040199,2,4,4,1,1,14,USED
1005.460710825,4,1,1,1,1,16,USED
1005.486059863,1,4,4,1,1,16,USED
1005.655553857,6,5,7,2,3,16,USED
1005.759718254,5,3,3,1,1,16,USED
1005.958782531,7,3,6,2,2,16,USED
1006.203851437,8,4,7,2,2,13,USED
1006.226146913,3,1,0,2,2,15,USED
1006.241123005,0,3,3,1,1,10,USED
1006.366040199,2,6,4,2,2,14,USED
1006.460710825,4,3,6,2,2,16,USED
1006.486059863,1,6,4,2,3,16,USED
1006.655553857,6,4,7,2,6,16,USED
1006.759718254,5,7,3,2,2,16,USED
1006.958782531,7,3,6,2,2,16,USED
1007.203851437,8,2,7,2,3,13,USED
1007.226146913,3,1,0,2,2,15,USED
1007.241123005,0,8,6,2,2,16,USED
1007.366040199,2,4,4,1,1,14,USED
1007.460710825,4,7,7,1,1,15,USED
1007.486059863,1,6,4,2,3,16,USED
1007.655553857,6,1,0,2,2,15,USED
1007.759718254,5,2,1,2,2,14,USED
1007.958782531,7,5,5,1,1,8,USED
1008.203851437,8,5,7,2,2,13,USED
1008.226146913,3,8,6,2,2,16,USED
1008.241123005,0,7,6,2,2,16,USED
1008.366040199,2,6,4,2,2,14,USED
1008.460710825,4,1,1,1,1,16,USED
1008.486059863,1,5,5,1,2,14,USED
1008.655553857,6,0,0,1,1,15,USED
1008.759718254,5,6,3,2,2,16,USED
1008.958782531,7,2,5,2,2,8,USED
1009.203851437,8,4,7,2,2,13,USED
1009.226146913,3,5,7,2,2,15,USED
1009.241123005,0,3,3,1,1,10,USED
1009.366040199,2,1,1,1,1,16,USED
1009.460710825,4,8,6,2,2,16,USED
1009.486059863,1,2,2,1,1,11,USED
1009.655553857,6,3,3,1,1,12,USED
1009.759718254,5,2,1,2,2,14,USED
1009.958782531,7,6,6,1,1,16,USED
1010.203851437,8,2,7,2,3,13,USED
1010.226146913,3,2,6,2,3,16,USED
1010.241123005,0,3,3,1,1,10,USED
1010.366040199,2,1,1,1,1,16,USED
1010.460710825,4,0,6,2,2,16,USED
1010.486059863,1,7,4,2,2,16,USED
1010.655553857,6,4,7,2,6,16,USED
1010.759718254,5,3,3,1,1,16,USED
1010.958782531,7,8,6,2,2,16,USED
1011.203851437,8,3,7,2,2,13,USED
1011.226146913,3,6,6,1,1,16,USED
1011.241123005,0,3,3,1,1,10,USED
1011.366040199,2,3,4,2,2,14,USED
1011.460710825,4,3,6,2,2,16,USED
1011.486059863,1,7,4,2,2,16,USED
1011.655553857,6,0,0,1,1,15,USED
1011.759718254,5,7,3,2,2,16,USED
1011.958782531,7,8,6,2,2,16,USED
1012.203851437,8,6,7,2,2,13,USED
1012.226146913,3,7,7,1,1,15,USED
1012.241123005,0,3,3,1,1,10,USED
1012.366040199,2,4,4,1,1,14,USED
1012.460710825,4,8,6,2,2,16,USED
1012.486059863,1,6,4,2,3,16,USED
1012.655553857,6,4,7,2,6,16,USED
1012.759718254,5,0,3,2,2,16,USED
1012.958782531,7,2,5,2,2,8,USED
1013.203851437,8,4,7,2,2,13,USED
1013.226146913,3,7,7,1,1,15,USED
1013.241123005,0,5,1,2,3,16,USED
1013.366040199,2,3,4,2,2,14,USED
1013.460710825,4,7,7,1,1,15,USED
1013.486059863,1,8,4,2,3,16,USED
1013.655553857,6,4,7,2,6,16,USED
1013.759718254,5,3,3,1,1,16,USED
1013.958782531,7,1,6,2,3,16,USED
1014.203851437,8,5,7,2,2,13,USED
1014.226146913,3,1,0,2,2,15,USED
1014.241123005,0,1,1,1,1,16,USED
1014.366040199,2,6,4,2,2,14,USED
1014.460710825,4,0,6,2,2,16,USED
1014.486059863,1,7,4,2,2,16,USED
1014.655553857,6,1,0,2,2,15,USED
1014.759718254,5,6,3,2,2,16,USED
1014.958782531,7,6,6,1,1,16,USED
1015.203851437,8,5,7,2,2,13,USED
1015.226146913,3,5,7,2,2,15,USED
1015.241123005,0,2,1,2,2,16,USED
1015.366040199,2,0,4,2,2,14,USED
1015.460710825,4,6,6,1,1,16,USED
1015.486059863,1,7,4,2,2,16,USED
1015.655553857,6,8,8,1,1,12,USED
1015.759718254,5,4,4,1,1,16,USED
1015.958782531,7,1,6,2,3,16,USED
1016.203851437,8,6,7,2,2,13,USED
1016.226146913,3,1,0,2,2,15,USED
1016.241123005,0,4,4,1,1,14,USED
1016.366040199,2,6,4,2,2,14,USED
1016.460710825,4,1,1,1,1,16,USED
1016.486059863,1,8,4,2,3,16,USED
1016.655553857,6,5,7,2,3,16,USED
1016.759718254,5,4,4,1,1,16,USED
1016.958782531,7,2,5,2,2,8,USED
1017.203851437,8,7,7,1,1,13,USED
1017.226146913,3,4,1,2,3,16,USED
1017.241123005,0,5,1,2,3,16,USED
1017.366040199,2,5,5,1,1,15,USED
1017.460710825,4,1,1,1,1,16,USED
1017.486059863,1,2,2,1,1,11,USED
1017.655553857,6,3,3,1,1,12,USED
1017.759718254,5,2,1,2,2,14,USED
1017.958782531,7,5,5,1,1,8,USED
1018.203851437,8,6,7,2,2,13,USED
1018.226146913,3,7,7,1,1,15,USED
1018.241123005,0,5,1,2,3,16,USED
1018.366040199,2,6,4,2,2,14,USED
1018.460710825,4,3,6,2,2,16,USED
1018.486059863,1,6,4,2,3,16,USED
1018.655553857,6,5,7,2,3,16,USED
1018.759718254,5,0,3,2,2,16,USED
1018.958782531,7,5,5,1,1,8,USED
1019.203851437,8,2,7,2,3,13,USED
1019.226146913,3,0,0,1,1,15,USED
1019.241123005,0,4,4,1,1,14,USED
1019.366040199,2,7,4,2,2,14,USED
1019.460710825,4,6,6,1,1,16,USED
1019.486059863,1,8,4,2,3,16,USED
1019.655553857,6,2,3,2,2,12,USED
1019.759718254,5,4,4,1,1,16,USED
1019.958782531,7,3,6,2,2,16,USED
1020.203851437,8,5,7,2,2,13,USED
1020.226146913,3,0,0,1,1,15,USED
1020.241123005,0,2,1,2,2,16,USED
1020.366040199,2,1,1,1,1,16,USED
1020.460710825,4,1,1,1,1,16,USED
1020.486059863,1,6,4,2,3,16,USED
1020.655553857,6,7,7,1,2,16,USED
1020.759718254,5,6,3,2,2,16,USED
1020.958782531,7,2,5,2,2,8,USED
1021.203851437,8,3,7,2,2,13,USED
1021.226146913,3,2,6,2,3,16,USED
1021.241123005,0,3,3,1,1,10,USED
1021.366040199,2,7,4,2,2,14,USED
1021.460710825,4,8,6,2,2,16,USED
1021.486059863,1,2,2,1,1,11,USED
1021.655553857,6,5,7,2,3,16,USED
1021.759718254,5,1,1,1,1,15,USED
1021.958782531,7,6,6,1,1,16,USED
1022.203851437,8,4,7,2,2,13,USED
1022.226146913,3,4,1,2,3,16,USED
1022.241123005,0,7,6,2,2,16,USED
1022.366040199,2,0,4,2,2,14,USED
1022.460710825,4,0,6,2,2,16,USED
1022.486059863,1,0,4,2,3,16,USED
1022.655553857,6,8,8,1,1,12,USED
1022.759718254,5,1,1,1,1,15,USED
1022.958782531,7,5,5,1,1,8,USED
1023.203851437,8,7,7,1,1,13,USED
1023.226146913,3,0,0,1,1,15,USED
1023.241123005,0,5,1,2,3,16,USED
1023.366040199,2,8,5,2,2,15,USED
1023.460710825,4,3,6,2,2,16,USED
1023.486059863,1,2,2,1,1,17,USED
1023.655553857,6,8,8,1,1,12,USED
1023.759718254,5,2,1,2,2,14,USED
1023.958782531,7,3,6,2,2,16,USED
1024.203851437,8,6,7,2,2,13,USED
1024.226146913,3,4,1,2,3,16,USED
1024.241123005,0,2,1,2,2,16,USED
1024.366040199,2,4,4,1,1,14,USED
1024.460710825,4,3,6,2,2,16,USED
1024.486059863,1,0,2,2,3,17,USED
1024.655553857,6,4,7,2,6,16,USED
1024.759718254,5,3,3,1,1,16,USED
1024.958782531,7,5,5,1,1,8,USED
1025.203851437,8,1,7,2,3,13,USED
1025.226146913,3,5,7,2,2,15,USED
1025.241123005,0,6,6,1,1,16,USED
1025.366040199,2,1,1,1,1,16,USED
1025.460710825,4,3,6,2,2,16,USED
1025.486059863,1,7,4,2,2,16,USED
1025.655553857,6,3,3,1,1,12,USED
1025.759718254,5,6,3,2,2,16,USED
1025.958782531,7,0,6,2,2,16,USED
1026.203851437,8,4,7,2,2,13,USED
1026.226146913,3,1,0,2,2,15,USED
1026.241123005,0,3,3,1,1,10,USED
1026.366040199,2,8,5,2,2,15,USED
1026.460710825,4,0,6,2,2,16,USED
1026.486059863,1,3,4,2,3,17,USED
1026.655553857,6,8,8,1,1,12,USED
1026.759718254,5,4,4,1,1,16,USED
1026.958782531,7,8,6,2,2,16,USED
1027.203851437,8,6,7,2,2,13,USED
1027.226146913,3,0,0,1,1,15,USED
1027.241123005,0,7,6,2,2,16,USED
1027.366040199,2,4,4,1,1,14,USED
1027.460710825,4,0,6,2,2,16,USED
1027.486059863,1,4,4,1,1,17,USED
1027.655553857,6,1,0,2,2,15,USED
1027.759718254,5,1,1,1,1,15,USED
1027.958782531,7,3,6,2,2,16,USED
1028.203851437,8,0,7,2,3,13,USED
1028.226146913,3,1,0,2,2,15,USED
1028.241123005,0,5,1,2,3,16,USED
1028.366040199,2,1,1,1,1,17,USED
1028.460710825,4,3,6,2,2,16,USED
1028.486059863,1,2,2,1,1,17,USED
1028.655553857,6,3,3,1,1,12,USED
1028.759718254,5,7,8,2,2,17,USED
1028.958782531,7,5,5,1,1,8,USED
1029.203851437,8,0,7,2,3,13,USED
1029.226146913,3,4,1,2,3,16,USED
1029.241123005,0,7,6,2,2,16,USED
1029.366040199,2,7,4,2,2,14,USED
1029.460710825,4,5,7,2,2,15,USED
1029.486059863,1,6,4,2,2,17,USED
1029.655553857,6,4,7,2,6,16,USED
1029.759718254,5,6,3,2,2,16,USED
1029.958782531,7,3,6,2,2,16,USED
1030.203851437,8,7,7,1,1,13,USED
1030.226146913,3,1,0,2,2,15,USED
1030.241123005,0,3,3,1,1,10,USED
1030.366040199,2,5,5,1,1,17,USED
1030.460710825,4,0,6,2,2,16,USED
1030.486059863,1,7,4,2,2,17,USED
1030.655553857,6,0,0,1,1,15,USED
1030.759718254,5,6,3,2,2,16,USED
1030.958782531,7,3,6,2,2,16,USED
1031.203851437,8,5,7,2,2,13,USED
1031.226146913,3,4,1,2,3,16,USED
1031.241123005,0,3,3,1,2,17,USED
1031.366040199,2,8,5,2,2,17,USED
1031.460710825,4,7,7,1,1,15,USED
1031.486059863,1,8,2,2,3,17,USED
1031.655553857,6,2,3,2,2,12,USED
1031.759718254,5,6,3,2,2,16,USED
1031.958782531,7,5,5,1,1,8,USED
1032.203851437,8,4,7,2,2,13,USED
1032.226146913,3,2,6,2,3,16,USED
1032.241123005,0,7,6,2,2,16,USED
1032.366040199,2,4,4,1,1,14,USED
1032.460710825,4,2,2,1,1,14,USED
1032.486059863,1,3,4,2,3,17,USED
1032.655553857,6,2,3,2,2,12,USED
1032.759718254,5,7,8,2,2,17,USED
1032.958782531,7,0,6,2,2,16,USED
1033.203851437,8,2,7,2,3,13,USED
1033.226146913,3,0,0,1,1,15,USED
1033.241123005,0,2,4,2,2,17,USED
1033.366040199,2,7,4,2,2,14,USED
1033.460710825,4,2,2,1,1,14,USED
1033.486059863,1,5,2,2,2,17,USED
1033.655553857,6,0,0,1,1,15,USED
1033.759718254,5,4,4,1,1,16,USED
1033.958782531,7,2,5,2,2,8,USED
1034.203851437,8,2,7,2,3,13,USED
1034.226146913,3,2,6,2,3,16,USED
1034.241123005,0,2,4,2,2,17,USED
1034.366040199,2,6,4,2,2,14,USED
1034.460710825,4,5,7,2,2,15,USED
1034.486059863,1,8,2,2,3,17,USED
1034.655553857,6,3,3,1,1,12,USED
1034.759718254,5,0,3,2,2,16,USED
1034.958782531,7,4,8,2,3,17,USED
1035.203851437,8,1,7,2,3,13,USED
1035.226146913,3,0,0,1,1,15,USED
1035.241123005,0,4,4,1,1,17,USED
1035.366040199,2,1,1,1,1,17,USED
1035.460710825,4,7,7,1,1,15,USED
1035.486059863,1,0,4,2,3,17,USED
1035.655553857,6,7,7,1,2,16,USED
1035.759718254,5,8,8,1,1,17,USED
1035.958782531,7,6,6,1,1,16,USED
1036.203851437,8,3,7,2,2,13,USED
1036.226146913,3,4,1,2,3,16,USED
1036.241123005,0,4,4,1,1,17,USED
1036.366040199,2,3,5,2,2,17,USED
1036.460710825,4,6,6,1,1,16,USED
1036.486059863,1,8,2,2,3,17,USED
1036.655553857,6,2,3,2,2,12,USED
1036.759718254,5,1,1,1,1,17,USED
1036.958782531,7,1,6,2,3,16,USED
1037.203851437,8,2,7,2,3,13,USED
1037.226146913,3,8,6,2,2,16,USED
1037.241123005,0,4,4,1,1,17,USED
1037.366040199,2,6,4,2,2,14,USED
1037.460710825,4,1,1,1,1,16,USED
1037.486059863,1,3,4,2,3,17,USED
1037.655553857,6,8,8,1,1,12,USED
1037.759718254,5,8,8,1,1,17,USED
1037.958782531,7,4,8,2,3,17,USED
1038.203851437,8,2,7,2,3,13,USED
1038.226146913,3,5,7,2,2,15,USED
1038.241123005,0,1,1,1,1,16,USED
1038.366040199,2,7,4,2,2,14,USED
1038.460710825,4,1,1,1,1,16,USED
1038.486059863,1,0,4,2,3,17,USED
1038.655553857,6,8,8,1,1,12,USED
1038.759718254,5,7,8,2,2,17,USED
1038.958782531,7,3,6,2,2,16,USED
1039.203851437,8,7,7,1,1,13,USED
1039.226146913,3,4,1,2,3,16,USED
1039.241123005,0,7,6,2,2,16,USED
1039.366040199,2,0,4,2,2,14,USED
1039.460710825,4,7,7,1,1,15,USED
1039.486059863,1,4,4,1,1,17,USED
1039.655553857,6,5,7,2,3,16,USED
1039.759718254,5,4,4,1,1,16,USED
1039.958782531,7,2,5,2,2,8,USED
1040.203851437,8,6,7,2,2,13,USED
1040.226146913,3,1,0,2,2,15,USED
1040.241123005,0,6,6,1,1,16,USED
1040.366040199,2,5,5,1,1,17,USED
1040.460710825,4,8,8,1,1,17,USED
1040.486059863,1,6,4,2,2,17,USED
1040.655553857,6,5,7,2,3,16,USED
1040.759718254,5,2,1,2,2,17,USED
1040.958782531,7,2,5,2,2,8,USED
1041.203851437,8,6,7,2,2,13,USED
1041.226146913,3,1,0,2,2,15,USED
1041.241123005,0,1,1,1,1,16,USED
1041.366040199,2,3,5,2,2,17,USED
1041.460710825,4,5,7,2,2,15,USED
1041.486059863,1,2,2,1,1,17,USED
1041.655553857,6,8,8,1,1,12,USED
1041.759718254,5,1,1,1,1,17,USED
1041.958782531,7,1,6,2,3,16,USED
1042.203851437,8,6,7,2,2,13,USED
1042.226146913,3,1,0,2,2,15,USED
1042.241123005,0,8,6,2,2,16,USED
1042.366040199,2,1,1,1,1,17,USED
1042.460710825,4,6,6,1,1,16,USED
1042.486059863,1,7,4,2,2,17,USED
1042.655553857,6,4,7,2,6,16,USED
1042.759718254,5,6,3,2,2,16,USED
1042.958782531,7,0,6,2,2,16,USED
1043.203851437,8,0,7,2,3,13,USED
1043.226146913,3,7,7,1,1,15,USED
1043.241123005,0,8,6,2,2,16,USED
1043.366040199,2,3,5,2,2,17,USED
1043.460710825,4,7,7,1,1,15,USED
1043.486059863,1,3,4,2,3,17,USED
1043.655553857,6,8,8,1,1,12,USED
1043.759718254,5,0,3,2,2,16,USED
1043.958782531,7,8,8,1,1,17,USED
1044.203851437,8,6,7,2,2,13,USED
1044.226146913,3,6,6,1,1,16,USED
1044.241123005,0,2,4,2,2,17,USED
1044.366040199,2,0,4,2,2,14,USED
1044.460710825,4,7,7,1,1,15,USED
1044.486059863,1,0,4,2,3,17,USED
1044.655553857,6,2,3,2,2,12,USED
1044.759718254,5,4,4,1,1,16,USED
1044.958782531,7,5,5,1,1,8,USED
1045.203851437,8,2,7,2,3,13,USED
1045.226146913,3,4,1,2,3,16,USED
1045.241123005,0,6,6,1,1,16,USED
1045.366040199,2,1,1,1,1,17,USED
1045.460710825,4,6,6,1,1,16,USED
1045.486059863,1,0,4,2,3,17,USED
1045.655553857,6,0,0,1,1,15,USED
1045.759718254,5,4,4,1,1,16,USED
1045.958782531,7,3,6,2,2,16,USED
1046.203851437,8,2,7,2,3,13,USED
1046.226146913,3,8,6,2,2,16,USED
1046.241123005,0,4,4,1,1,17,USED
1046.366040199,2,7,4,2,2,14,USED
1046.460710825,4,6,6,1,1,16,USED
1046.486059863,1,3,4,2,3,17,USED
1046.655553857,6,7,7,1,2,16,USED
1046.759718254,5,4,4,1,1,16,USED
1046.958782531,7,2,5,2,2,8,USED
1047.203851437,8,0,7,2,3,13,USED
1047.226146913,3,8,6,2,2,16,USED
1047.241123005,0,5,1,2,3,16,USED
1047.366040199,2,7,4,2,2,14,USED
1047.460710825,4,5,7,2,2,15,USED
1047.486059863,1,7,4,2,2,17,USED
1047.655553857,6,7,7,1,2,16,USED
1047.759718254,5,4,4,1,1,16,USED
1047.958782531,7,8,8,1,1,17,USED
1048.203851437,8,5,7,2,2,13,USED
1048.226146913,3,2,6,2,3,16,USED
1048.241123005,0,2,4,2,2,17,USED
1048.366040199,2,1,1,1,1,17,USED
1048.460710825,4,6,6,1,1,16,USED
1048.486059863,1,2,2,1,1,17,USED
1048.655553857,6,5,7,2,3,16,USED
1048.759718254,5,1,1,1,1,17,USED
1048.958782531,7,3,6,2,2,16,USED
1049.203851437,8,3,7,2,2,13,USED
1049.226146913,3,0,0,1,1,15,USED
1049.241123005,0,6,6,1,1,16,USED
1049.366040199,2,5,5,1,1,17,USED
1049.460710825,4,6,6,1,1,16,USED
1049.486059863,1,4,4,1,1,17,USED
1049.655553857,6,7,7,1,2,16,USED
1049.759718254,5,0,3,2,2,16,USED
1049.958782531,7,0,6,2,2,16,USED
1050.203851437,8,7,7,1,1,13,USED
1050.226146913,3,4,1,2,3,16,USED
1050.241123005,0,1,1,1,1,16,USED
1050.366040199,2,7,4,2,2,14,USED
1050.460710825,4,5,7,2,2,15,USED
1050.486059863,1,8,2,2,3,17,USED
1050.655553857,6,7,7,1,2,16,USED
1050.759718254,5,8,8,1,1,17,USED
1050.958782531,7,1,6,2,3,16,USED
1051.203851437,8,4,7,2,2,13,USED
1051.226146913,3,6,6,1,1,16,USED
1051.241123005,0,4,4,1,1,17,USED
1051.366040199,2,6,4,2,2,14,USED
1051.460710825,4,7,7,1,1,15,USED
1051.486059863,1,4,4,1,1,17,USED
1051.655553857,6,3,3,1,1,12,USED
1051.759718254,5,0,3,2,2,16,USED
1051.958782531,7,4,8,2,3,17,USED
1052.203851437,8,5,7,2,2,13,USED
1052.226146913,3,5,7,2,2,15,USED
1052.241123005,0,4,4,1,1,17,USED
1052.366040199,2,7,4,2,2,14,USED
1052.460710825,4,1,1,1,1,16,USED
1052.486059863,1,0,4,2,3,17,USED
1052.655553857,6,4,7,2,6,16,USED
1052.759718254,5,4,4,1,1,16,USED
1052.958782531,7,1,6,2,3,16,USED
1053.203851437,8,5,7,2,2,13,USED
1053.226146913,3,1,0,2,2,15,USED
1053.241123005,0,3,3,1,2,17,USED
1053.366040199,2,6,4,2,2,14,USED
1053.460710825,4,6,6,1,1,16,USED
1053.486059863,1,7,4,2,2,17,USED
1053.655553857,6,1,0,2,2,15,USED
1053.759718254,5,7,8,2,2,17,USED
1053.958782531,7,2,5,2,2,8,USED
1054.203851437,8,2,7,2,3,13,USED
1054.226146913,3,2,6,2,3,16,USED
1054.241123005,0,3,3,1,2,17,USED
1054.366040199,2,8,5,2,2,17,USED
1054.460710825,4,2,2,1,1,14,USED
1054.486059863,1,3,4,2,3,17,USED
1054.655553857,6,5,7,2,3,16,USED
1054.759718254,5,0,3,2,2,16,USED
1054.958782531,7,1,6,2,3,16,USED
1055.203851437,8,0,7,2,3,13,USED
1055.226146913,3,7,7,1,1,15,USED
1055.241123005,0,7,6,2,2,16,USED
1055.366040199,2,5,5,1,1,17,USED
1055.460710825,4,0,6,2,2,16,USED
1055.486059863,1,7,4,2,2,17,USED
1055.655553857,6,2,3,2,2,12,USED
1055.759718254,5,0,3,2,2,16,USED
1055.958782531,7,5,5,1,1,8,USED
1056.203851437,8,6,7,2,2,13,USED
1056.226146913,3,2,6,2,3,16,USED
1056.241123005,0,6,6,1,1,16,USED
1056.366040199,2,6,4,2,2,14,USED
1056.460710825,4,6,6,1,1,16,USED
1056.486059863,1,3,4,2,3,17,USED
1056.655553857,6,0,0,1,1,15,USED
1056.759718254,5,8,8,1,1,17,USED
1056.958782531,7,4,8,2,3,17,USED
1057.203851437,8,5,7,2,2,13,USED
1057.226146913,3,4,1,2,3,16,USED
1057.241123005,0,1,1,1,1,16,USED
1057.366040199,2,6,4,2,2,14,USED
1057.460710825,4,6,6,1,1,16,USED
1057.486059863,1,4,4,1,1,17,USED
1057.655553857,6,1,0,2,2,15,USED
1057.759718254,5,7,8,2,2,17,USED
1057.958782531,7,2,5,2,2,8,USED
1058.203851437,8,4,7,2,2,13,USED
1058.226146913,3,1,0,2,2,15,USED
1058.241123005,0,5,1,2,3,16,USED
1058.366040199,2,7,4,2,2,14,USED
1058.460710825,4,6,6,1,1,16,USED
1058.486059863,1,6,4,2,2,17,USED
1058.655553857,6,3,3,1,1,12,USED
1058.759718254,5,3,3,1,1,16,USED
1058.958782531,7,3,6,2,2,16,USED
1059.203851437,8,2,7,2,3,13,USED
1059.226146913,3,4,1,2,3,16,USED
1059.241123005,0,3,3,1,2,17,USED
1059.366040199,2,6,4,2,2,14,USED
1059.460710825,4,0,6,2,2,16,USED
1059.486059863,1,2,2,1,1,17,USED
1059.655553857,6,1,0,2,2,15,USED
1059.759718254,5,2,1,2,2,17,USED
1059.958782531,7,1,6,2,3,16,USED
1060.203851437,8,3,7,2,2,13,USED
1060.226146913,3,6,6,1,1,16,USED
1060.241123005,0,5,1,2,3,16,USED
1060.366040199,2,1,1,1,1,17,USED
1060.460710825,4,2,2,1,1,14,USED
1060.486059863,1,6,4,2,2,17,USED
1060.655553857,6,4,7,2,6,16,USED
1060.759718254,5,3,3,1,1,16,USED
1060.958782531,7,1,6,2,3,16,USED
1061.203851437,8,2,7,2,3,13,USED
1061.226146913,3,4,1,2,3,16,USED
1061.241123005,0,6,6,1,1,16,USED
1061.366040199,2,7,4,2,2,14,USED
1061.460710825,4,3,6,2,2,16,USED
1061.486059863,1,7,4,2,2,17,USED
1061.655553857,6,0,0,1,1,15,USED
1061.759718254,5,4,4,1,1,16,USED
1061.958782531,7,0,6,2,2,16,USED
1062.203851437,8,5,7,2,2,13,USED
1062.226146913,3,0,0,1,1,15,USED
1062.241123005,0,3,3,1,2,17,USED
1062.366040199,2,5,5,1,1,17,USED
1062.460710825,4,6,6,1,1,16,USED
1062.486059863,1,6,4,2,2,17,USED
1062.655553857,6,4,7,2,6,16,USED
1062.759718254,5,4,4,1,1,16,USED
1062.958782531,7,0,6,2,2,16,USED
1063.203851437,8,2,7,2,3,13,USED
1063.226146913,3,1,0,2,2,15,USED
1063.241123005,0,8,6,2,2,16,USED
1063.366040199,2,7,4,2,2,14,USED
1063.460710825,4,7,7,1,1,15,USED
1063.486059863,1,0,4,2,3,17,USED
1063.655553857,6,5,7,2,3,16,USED
1063.759718254,5,3,3,1,1,16,USED
1063.958782531,7,1,6,2,3,16,USED
1064.203851437,8,2,7,2,3,13,USED
1064.226146913,3,4,1,2,3,16,USED
1064.241123005,0,7,6,2,2,16,USED
1064.366040199,2,3,5,2,2,17,USED
1064.460710825,4,6,6,1,1,16,USED
1064.486059863,1,6,4,2,2,17,USED
1064.655553857,6,2,3,2,2,12,USED
1064.759718254,5,7,8,2,2,17,USED
1064.958782531,7,4,8,2,3,17,USED
1065.203851437,8,1,7,2,3,13,USED
1065.226146913,3,7,7,1,1,15,USED
1065.241123005,0,6,6,1,1,16,USED
1065.366040199,2,4,4,1,1,14,USED
1065.460710825,4,0,6,2,2,16,USED
1065.486059863,1,5,2,2,2,17,USED
1065.655553857,6,8,8,1,1,12,USED
1065.759718254,5,4,4,1,1,16,USED
1065.958782531,7,4,8,2,3,17,USED
1066.203851437,8,5,7,2,2,13,USED
1066.226146913,3,2,6,2,3,16,USED
1066.241123005,0,5,1,2,3,16,USED
1066.366040199,2,7,4,2,2,14,USED
1066.460710825,4,1,1,1,1,16,USED
1066.486059863,1,5,2,2,2,17,USED
1066.655553857,6,5,7,2,3,16,USED
1066.759718254,5,6,3,2,2,16,USED
1066.958782531,7,2,5,2,2,8,USED
1067.203851437,8,6,7,2,2,13,USED
1067.226146913,3,5,7,2,2,15,USED
1067.241123005,0,3,3,1,2,17,USED
1067.366040199,2,8,5,2,2,17,USED
1067.460710825,4,1,1,1,1,16,USED
1067.486059863,1,8,2,2,3,17,USED
1067.655553857,6,4,7,2,6,16,USED
1067.759718254,5,7,8,2,2,17,USED
1067.958782531,7,2,5,2,2,8,USED
1068.203851437,8,7,7,1,1,13,USED
1068.226146913,3,4,1,2,3,16,USED
1068.241123005,0,4,4,1,1,17,USED
1068.366040199,2,0,4,2,2,14,USED
1068.460710825,4,0,6,2,2,16,USED
1068.486059863,1,7,4,2,2,17,USED
1068.655553857,6,7,7,1,2,16,USED
1068.759718254,5,7,8,2,2,17,USED
1068.958782531,7,8,8,1,1,17,USED
1069.203851437,8,7,7,1,1,13,USED
1069.226146913,3,5,7,2,2,15,USED
1069.241123005,0,6,6,1,1,16,USED
1069.366040199,2,8,5,2,2,17,USED
1069.460710825,4,6,6,1,1,16,USED
1069.486059863,1,0,4,2,3,17,USED
1069.655553857,6,4,7,2,6,16,USED
1069.759718254,5,3,3,1,1,16,USED
1069.958782531,7,6,6,1,1,16,USED
1070.203851437,8,3,7,2,2,13,USED
1070.226146913,3,7,7,1,1,15,USED
1070.241123005,0,3,3,1,2,17,USED
1070.366040199,2,6,4,2,2,14,USED
1070.460710825,4,1,1,1,1,16,USED
1070.486059863,1,0,4,2,3,17,USED
1070.655553857,6,5,7,2,3,16,USED
1070.759718254,5,8,8,1,1,17,USED
1070.958782531,7,2,5,2,2,8,USED
1071.203851437,8,7,7,1,1,13,USED
1071.226146913,3,0,0,1,1,15,USED
1071.241123005,0,6,6,1,1,16,USED
1071.366040199,2,7,4,2,2,14,USED
1071.460710825,4,1,1,1,1,16,USED
1071.486059863,1,5,2,2,2,17,USED
1071.655553857,6,1,0,2,2,15,USED
1071.759718254,5,3,3,1,1,16,USED
1071.958782531,7,6,6,1,1,16,USED
1072.203851437,8,4,7,2,2,13,USED
1072.226146913,3,7,7,1,1,15,USED
1072.241123005,0,7,6,2,2,16,USED
1072.366040199,2,5,5,1,1,17,USED
1072.460710825,4,1,1,1,1,16,USED
1072.486059863,1,4,4,1,1,17,USED
1072.655553857,6,1,0,2,2,15,USED
1072.759718254,5,2,1,2,2,17,USED
1072.958782531,7,0,6,2,2,16,USED
1073.203851437,8,2,7,2,3,13,USED
1073.226146913,3,0,0,1,1,15,USED
1073.241123005,0,1,1,1,1,16,USED
1073.366040199,2,7,4,2,2,14,USED
1073.460710825,4,8,8,1,1,17,USED
1073.486059863,1,3,4,2,3,17,USED
1073.655553857,6,7,7,1,2,16,USED
1073.759718254,5,3,3,1,1,16,USED
1073.958782531,7,2,5,2,2,8,USED
1074.203851437,8,6,7,2,2,13,USED
1074.226146913,3,0,0,1,1,15,USED
1074.241123005,0,5,1,2,3,16,USED
1074.366040199,2,4,4,1,1,14,USED
1074.460710825,4,1,1,1,1,16,USED
1074.486059863,1,5,2,2,2,17,USED
1074.655553857,6,8,8,1,1,12,USED
1074.759718254,5,3,3,1,1,16,USED
1074.958782531,7,5,5,1,1,8,USED
1075.203851437,8,1,7,2,3,13,USED
1075.226146913,3,1,0,2,2,15,USED
1075.241123005,0,7,6,2,2,16,USED
1075.366040199,2,1,1,1,1,17,USED
1075.460710825,4,7,7,1,1,15,USED
1075.486059863,1,0,4,2,3,17,USED
1075.655553857,6,5,7,2,3,16,USED
1075.759718254,5,4,4,1,1,16,USED
1075.958782531,7,4,8,2,3,17,USED
1076.203851437,8,7,7,1,1,13,USED
1076.226146913,3,4,1,2,3,16,USED
1076.241123005,0,7,6,2,2,16,USED
1076.366040199,2,4,4,1,1,14,USED
1076.460710825,4,6,6,1,1,16,USED
1076.486059863,1,7,4,2,2,17,USED
1076.655553857,6,7,7,1,2,16,USED
1076.759718254,5,6,3,2,2,16,USED
1076.958782531,7,0,6,2,2,16,USED
1077.203851437,8,2,7,2,3,13,USED
1077.226146913,3,0,0,1,1,15,USED
1077.241123005,0,6,6,1,1,16,USED
1077.366040199,2,3,5,2,2,17,USED
1077.460710825,4,5,7,2,2,15,USED
1077.486059863,1,5,2,2,2,17,USED
1077.655553857,6,0,0,1,1,15,USED
1077.759718254,5,4,4,1,1,16,USED
1077.958782531,7,0,6,2,2,16,USED
1078.203851437,8,7,7,1,1,13,USED
1078.226146913,3,4,1,2,3,16,USED
1078.241123005,0,1,1,1,1,16,USED
1078.366040199,2,0,4,2,2,14,USED
1078.460710825,4,2,2,1,1,14,USED
1078.486059863,1,4,4,1,1,17,USED
1078.655553857,6,0,0,1,1,15,USED
1078.759718254,5,8,8,1,1,17,USED
1078.958782531,7,8,8,1,1,17,USED
1079.203851437,8,1,7,2,3,13,USED
1079.226146913,3,7,7,1,1,15,USED
1079.241123005,0,4,4,1,1,17,USED
1079.366040199,2,6,4,2,2,14,USED
1079.460710825,4,2,2,1,1,14,USED
1079.486059863,1,0,4,2,3,17,USED
1079.655553857,6,8,8,1,1,12,USED
1079.759718254,5,1,1,1,1,17,USED
1079.958782531,7,3,6,2,2,16,USED
1080.203851437,8,6,7,2,2,13,USED
1080.226146913,3,4,1,2,3,16,USED
1080.241123005,0,2,4,2,2,17,USED
1080.366040199,2,8,5,2,2,17,USED
1080.460710825,4,6,6,1,1,16,USED
1080.486059863,1,8,2,2,3,17,USED
1080.655553857,6,0,0,1,1,15,USED
1080.759718254,5,0,3,2,2,16,USED
1080.958782531,7,6,6,1,1,16,USED
1081.203851437,8,5,7,2,2,13,USED
1081.226146913,3,8,6,2,2,16,USED
1081.241123005,0,1,1,1,1,16,USED
1081.366040199,2,8,5,2,2,17,USED
1081.460710825,4,5,7,2,2,15,USED
1081.486059863,1,4,4,1,1,17,USED
1081.655553857,6,0,0,1,1,15,USED
1081.759718254,5,8,8,1,1,17,USED
1081.958782531,7,2,5,2,2,8,USED
1082.203851437,8,0,7,2,3,13,USED
1082.226146913,3,7,7,1,1,15,USED
1082.241123005,0,2,4,2,2,17,USED
1082.366040199,2,8,5,2,2,17,USED
1082.460710825,4,7,7,1,1,15,USED
1082.486059863,1,5,2,2,2,17,USED
1082.655553857,6,8,8,1,1,12,USED
1082.759718254,5,4,4,1,1,16,USED
1082.958782531,7,8,8,1,1,17,USED
1083.203851437,8,5,7,2,2,13,USED
1083.226146913,3,2,6,2,3,16,USED
1083.241123005,0,5,1,2,3,16,USED
1083.366040199,2,5,5,1,1,17,USED
1083.460710825,4,8,8,1,1,17,USED
1083.486059863,1,3,4,2,3,17,USED
1083.655553857,6,1,0,2,2,15,USED
1083.759718254,5,4,4,1,1,16,USED
1083.958782531,7,6,6,1,1,16,USED
1084.203851437,8,6,7,2,2,13,USED
1084.226146913,3,6,6,1,1,16,USED
1084.241123005,0,8,6,2,2,16,USED
1084.366040199,2,1,1,1,1,17,USED
1084.460710825,4,2,2,1,1,14,USED
1084.486059863,1,4,4,1,1,17,USED
1084.655553857,6,0,0,1,1,15,USED
1084.759718254,5,6,3,2,2,16,USED
1084.958782531,7,4,8,2,3,17,USED
1085.203851437,8,1,7,2,3,13,USED
1085.226146913,3,6,6,1,1,16,USED
1085.241123005,0,4,4,1,1,17,USED
1085.366040199,2,8,5,2,2,17,USED
1085.460710825,4,0,6,2,2,16,USED
1085.486059863,1,5,2,2,2,18,USED
1085.655553857,6,3,3,1,1,12,USED
1085.759718254,5,8,8,1,1,17,USED
1085.958782531,7,0,6,2,2,16,USED
1086.203851437,8,3,7,2,2,13,USED
1086.226146913,3,8,6,2,2,16,USED
1086.241123005,0,5,1,2,3,16,USED
1086.366040199,2,5,5,1,1,17,USED
1086.460710825,4,3,6,2,2,16,USED
1086.486059863,1,0,2,2,3,18,USED
1086.655553857,6,1,0,2,2,15,USED
1086.759718254,5,2,1,2,2,17,USED
1086.958782531,7,6,6,1,1,16,USED
1087.203851437,8,4,7,2,2,13,USED
1087.226146913,3,8,6,2,2,16,USED
1087.241123005,0,7,6,2,2,16,USED
1087.366040199,2,4,4,1,1,14,USED
1087.460710825,4,1,1,1,1,16,USED
1087.486059863,1,0,2,2,3,18,USED
1087.655553857,6,2,3,2,2,12,USED
1087.759718254,5,1,1,1,1,17,USED
1087.958782531,7,6,6,1,1,16,USED
1088.203851437,8,0,7,2,3,13,USED
1088.226146913,3,2,6,2,3,16,USED
1088.241123005,0,8,6,2,2,16,USED
1088.366040199,2,5,5,1,1,17,USED
1088.460710825,4,2,2,1,1,14,USED
1088.486059863,1,4,4,1,1,17,USED
1088.655553857,6,8,8,1,1,12,USED
1088.759718254,5,1,1,1,1,17,USED
1088.958782531,7,8,8,1,2,18,USED
1089.203851437,8,7,7,1,1,13,USED
1089.226146913,3,6,6,1,1,16,USED
1089.241123005,0,4,4,1,1,17,USED
1089.366040199,2,1,1,1,1,17,USED
1089.460710825,4,1,1,1,1,16,USED
1089.486059863,1,2,2,1,1,18,USED
1089.655553857,6,5,7,2,3,16,USED
1089.759718254,5,3,3,1,1,16,USED
1089.958782531,7,8,8,1,2,18,USED
1090.203851437,8,2,7,2,3,13,USED
1090.226146913,3,5,7,2,2,15,USED
1090.241123005,0,7,6,2,2,16,USED
1090.366040199,2,6,4,2,2,14,USED
1090.460710825,4,1,1,1,1,16,USED
1090.486059863,1,2,2,1,1,18,USED
1090.655553857,6,3,3,1,1,12,USED
1090.759718254,5,6,3,2,2,16,USED
1090.958782531,7,8,8,1,2,18,USED
1091.203851437,8,3,7,2,2,13,USED
1091.226146913,3,6,6,1,1,16,USED
1091.241123005,0,6,6,1,1,16,USED
1091.366040199,2,0,4,2,2,14,USED
1091.460710825,4,0,6,2,2,16,USED
1091.486059863,1,7,4,2,2,17,USED
1091.655553857,6,0,0,1,1,15,USED
1091.759718254,5,1,1,1,1,17,USED
1091.958782531,7,6,6,1,1,16,USED
1092.203851437,8,6,7,2,2,13,USED
1092.226146913,3,0,0,1,1,15,USED
1092.241123005,0,8,6,2,2,16,USED
1092.366040199,2,6,4,2,2,14,USED
1092.460710825,4,1,1,1,1,16,USED
1092.486059863,1,4,4,1,1,17,USED
1092.655553857,6,5,7,2,3,16,USED
1092.759718254,5,4,4,1,1,16,USED
1092.958782531,7,0,6,2,2,16,USED
1093.203851437,8,7,7,1,1,18,USED
1093.226146913,3,8,6,2,2,16,USED
1093.241123005,0,2,4,2,2,17,USED
1093.366040199,2,1,1,1,1,17,USED
1093.460710825,4,3,6,2,2,16,USED
1093.486059863,1,3,4,2,3,17,USED
1093.655553857,6,0,0,1,1,15,USED
1093.759718254,5,1,1,1,1,17,USED
1093.958782531,7,1,6,2,3,16,USED
1094.203851437,8,0,7,2,3,18,USED
1094.226146913,3,0,0,1,1,15,USED
1094.241123005,0,7,3,2,2,18,USED
1094.366040199,2,7,4,2,2,14,USED
1094.460710825,4,2,2,1,1,14,USED
1094.486059863,1,3,4,2,3,17,USED
1094.655553857,6,7,7,1,1,18,USED
1094.759718254,5,1,1,1,1,17,USED
1094.958782531,7,8,8,1,2,18,USED
1095.203851437,8,4,7,2,5,18,USED
1095.226146913,3,7,7,1,1,18,USED
1095.241123005,0,6,6,1,1,16,USED
1095.366040199,2,1,1,1,1,17,USED
1095.460710825,4,5,7,2,5,18,USED
1095.486059863,1,7,4,2,2,17,USED
1095.655553857,6,8,8,1,1,12,USED
1095.759718254,5,6,7,2,2,18,USED
1095.958782531,7,5,8,2,4,18,USED
1096.203851437,8,1,7,2,4,18,USED
1096.226146913,3,7,7,1,1,18,USED
1096.241123005,0,6,6,1,1,16,USED
1096.366040199,2,1,1,1,1,17,USED
1096.460710825,4,2,2,1,1,14,USED
1096.486059863,1,8,2,2,3,18,USED
1096.655553857,6,7,7,1,1,18,USED
1096.759718254,5,0,3,2,2,16,USED
1096.958782531,7,5,8,2,4,18,USED
1097.203851437,8,4,7,2,5,18,USED
1097.226146913,3,5,7,2,5,18,USED
1097.241123005,0,6,6,1,1,16,USED
1097.366040199,2,5,5,1,1,18,USED
1097.460710825,4,0,6,2,2,16,USED
1097.486059863,1,4,4,1,1,17,USED
1097.655553857,6,8,8,1,1,12,USED
1097.759718254,5,6,7,2,2,18,USED
1097.958782531,7,3,6,2,2,16,USED
1098.203851437,8,6,7,2,2,18,USED
1098.226146913,3,2,6,2,3,16,USED
1098.241123005,0,1,1,1,1,16,USED
1098.366040199,2,7,4,2,2,14,USED
1098.460710825,4,5,7,2,5,18,USED
1098.486059863,1,8,2,2,3,18,USED
1098.655553857,6,5,7,2,5,18,USED
1098.759718254,5,2,1,2,2,17,USED
1098.958782531,7,4,8,2,4,18,USED
1099.203851437,8,5,7,2,5,18,USED
1099.226146913,3,8,6,2,2,16,USED
1099.241123005,0,4,4,1,1,17,USED
1099.366040199,2,1,1,1,1,17,USED
1099.460710825,4,8,8,1,1,18,USED
1099.486059863,1,8,2,2,3,18,USED
1099.655553857,6,3,3,1,1,12,USED
1099.759718254,5,1,1,1,1,17,USED
1099.958782531,7,2,6,2,3,16,USED
1100.203851437,8,1,7,2,4,18,USED
1100.226146913,3,5,7,2,5,18,USED
1100.241123005,0,7,3,2,2,18,USED
1100.366040199,2,4,4,1,1,14,USED
1100.460710825,4,6,6,1,1,16,USED
1100.486059863,1,2,2,1,1,18,USED
1100.655553857,6,4,7,2,5,18,USED
1100.759718254,5,0,3,2,2,16,USED
1100.958782531,7,2,6,2,3,16,USED
1101.203851437,8,2,7,2,3,13,USED
1101.226146913,3,5,7,2,5,18,USED
1101.241123005,0,3,3,1,1,18,USED
1101.366040199,2,8,5,2,2,18,USED
1101.460710825,4,7,7,1,1,18,USED
1101.486059863,1,8,2,2,3,18,USED
1101.655553857,6,3,3,1,1,12,USED
1101.759718254,5,8,8,1,1,18,USED
1101.958782531,7,8,8,1,2,18,USED
1102.203851437,8,3,7,2,3,18,USED
1102.226146913,3,7,7,1,1,18,USED
1102.241123005,0,2,4,2,2,17,USED
1102.366040199,2,5,5,1,1,18,USED
1102.460710825,4,0,6,2,2,16,USED
1102.486059863,1,2,2,1,1,18,USED
1102.655553857,6,3,3,1,1,12,USED
1102.759718254,5,6,7,2,2,18,USED
1102.958782531,7,4,8,2,4,18,USED
1103.203851437,8,0,7,2,3,18,USED
1103.226146913,3,8,6,2,2,16,USED
1103.241123005,0,7,3,2,2,18,USED
1103.366040199,2,5,5,1,1,18,USED
1103.460710825,4,3,6,2,2,16,USED
1103.486059863,1,5,2,2,2,18,USED
1103.759718254,5,4,4,1,1,16,USED
1103.958782531,7,2,6,2,3,16,USED
1104.203851437,8,6,7,2,2,18,USED
1104.226146913,3,4,1,2,3,16,USED
1104.241123005,0,2,4,2,2,17,USED
1104.366040199,2,0,4,2,2,14,USED
1104.460710825,4,1,1,1,1,16,USED
1104.486059863,1,2,2,1,1,18,USED
1104.759718254,5,7,7,1,1,18,USED
1104.958782531,7,2,6,2,3,16,USED
1105.203851437,8,7,7,1,1,18,USED
1105.226146913,3,6,6,1,1,16,USED
1105.241123005,0,5,3,2,3,18,USED
1105.366040199,2,1,1,1,1,17,USED
1105.460710825,4,3,6,2,2,16,USED
1105.486059863,1,5,2,2,2,18,USED
1105.759718254,5,8,8,1,1,18,USED
1105.958782531,7,8,8,1,2,18,USED
1106.203851437,8,1,7,2,4,18,USED
1106.226146913,3,8,6,2,2,16,USED
1106.366040199,2,7,4,2,2,14,USED
1106.460710825,4,6,6,1,1,16,USED
1106.486059863,1,0,2,2,3,18,USED
1106.759718254,5,0,3,2,2,16,USED
1106.958782531,7,2,6,2,3,16,USED
1107.203851437,8,5,7,2,5,18,USED
1107.226146913,3,1,0,2,2,15,USED
1107.366040199,2,1,1,1,1,17,USED
1107.460710825,4,0,6,2,2,16,USED
1107.486059863,1,5,2,2,2,18,USED
1107.759718254,5,2,1,2,2,17,USED
1107.958782531,7,4,8,2,4,18,USED
1108.203851437,8,0,7,2,3,18,USED
1108.366040199,2,0,4,2,2,14,USED
1108.460710825,4,0,6,2,2,16,USED
1108.759718254,5,3,3,1,1,16,USED
1108.958782531,7,6,6,1,1,16,USED
1109.203851437,8,4,7,2,5,18,USED
1109.366040199,2,6,4,2,2,14,USED
1109.460710825,4,7,7,1,1,18,USED
1109.958782531,7,8,8,1,2,18,USED
1110.203851437,8,1,7,2,4,18,USED
1110.366040199,2,6,4,2,2,14,USED
1110.460710825,4,3,6,2,2,16,USED
1110.958782531,7,8,8,1,2,18,USED
1111.203851437,8,3,7,2,3,18,USED
1111.366040199,2,5,5,1,1,18,USED
1111.460710825,4,5,7,2,5,18,USED
1111.958782531,7,5,8,2,4,18,USED
1112.203851437,8,4,7,2,5,18,USED
1112.366040199,2,8,5,2,2,18,USED
1112.460710825,4,8,8,1,1,18,USED
1112.958782531,7,6,6,1,1,16,USED
1113.203851437,8,5,7,2,5,18,USED
1113.366040199,2,8,5,2,2,18,USED
1113.460710825,4,2,2,1,1,14,USED
1113.958782531,7,6,6,1,1,16,USED
1114.203851437,8,0,7,2,3,18,USED
1114.366040199,2,7,4,2,2,14,USED
1114.460710825,4,7,7,1,1,18,USED
1114.958782531,7,3,6,2,2,16,USED
1115.203851437,8,0,7,2,3,18,USED
1115.366040199,2,4,4,1,1,14,USED
1115.460710825,4,3,6,2,2,16,USED
1115.958782531,7,8,8,1,2,18,USED
1116.203851437,8,7,7,1,1,18,USED
1116.366040199,2,7,4,2,2,14,USED
1116.460710825,4,0,6,2,2,16,USED
1116.958782531,7,0,6,2,2,16,USED
1117.203851437,8,2,7,2,3,13,USED
1117.366040199,2,3,5,2,2,18,USED
1117.460710825,4,6,6,1,1,16,USED
1117.958782531,7,8,8,1,2,18,USED
1118.203851437,8,2,7,2,3,13,USED
1118.366040199,2,1,1,1,1,17,USED
1118.460710825,4,2,2,1,1,14,USED
1118.958782531,7,3,6,2,2,16,USED
1119.203851437,8,1,7,2,4,18,USED
1119.366040199,2,0,4,2,2,14,USED
1119.460710825,4,6,6,1,1,16,USED
1119.958782531,7,1,6,2,3,16,USED
1120.203851437,8,0,7,2,3,18,USED
1120.366040199,2,8,5,2,2,18,USED
1120.460710825,4,8,8,1,1,18,USED
1120.958782531,7,6,6,1,1,16,USED
1121.203851437,8,3,7,2,3,18,USED
1121.366040199,2,4,4,1,1,14,USED
1121.460710825,4,8,8,1,1,18,USED
1121.958782531,7,4,8,2,4,18,USED
1122.203851437,8,1,7,2,4,18,USED
1122.366040199,2,7,4,2,2,14,USED
1122.460710825,4,0,6,2,2,16,USED
1122.958782531,7,6,6,1,1,16,USED
1123.203851437,8,2,7,2,3,13,USED
1123.366040199,2,4,4,1,1,14,USED
1123.460710825,4,2,2,1,1,14,USED
1123.958782531,7,1,6,2,3,16,USED
1124.203851437,8,1,7,2,4,18,USED
1124.366040199,2,0,4,2,2,14,USED
1124.460710825,4,7,7,1,1,18,USED
1124.958782531,7,6,6,1,1,16,USED
1125.203851437,8,1,7,2,4,18,USED
1125.366040199,2,3,5,2,2,18,USED
1125.460710825,4,2,2,1,1,14,USED
1125.958782531,7,2,6,2,3,16,USED
1126.203851437,8,1,7,2,4,18,USED
1126.366040199,2,7,4,2,2,14,USED
1126.460710825,4,3,6,2,2,16,USED
1126.958782531,7,0,6,2,2,16,USED
1127.203851437,8,3,7,2,3,18,USED
1127.366040199,2,5,5,1,1,18,USED
1127.460710825,4,6,6,1,1,16,USED
1127.958782531,7,0,6,2,2,16,USED
1128.203851437,8,5,7,2,5,18,USED
1128.366040199,2,7,4,2,2,14,USED
1128.460710825,4,1,1,1,1,16,USED
1128.958782531,7,1,6,2,3,16,USED
1129.203851437,8,6,7,2,2,18,USED
1129.366040199,2,0,4,2,2,14,USED
1129.460710825,4,0,6,2,2,16,USED
1129.958782531,7,5,8,2,4,18,USED
1130.203851437,8,0,7,2,3,18,USED
1130.366040199,2,8,5,2,2,18,USED
1130.958782531,7,5,8,2,4,18,USED
1131.366040199,2,3,5,2,2,18,USED
1131.958782531,7,3,6,2,2,16,USED
1132.366040199,2,7,4,2,2,14,USED
1132.958782531,7,5,8,2,4,18,USED
1133.366040199,2,8,5,2,2,18,USED
1133.958782531,7,3,6,2,2,16,USED
1134.366040199,2,7,4,2,2,14,USED
1134.958782531,7,5,8,2,4,18,USED
1135.366040199,2,0,4,2,2,14,USED
1135.958782531,7,0,6,2,2,16,USED
1136.366040199,2,6,4,2,2,14,USED
1136.958782531,7,1,6,2,3,16,USED
1137.366040199,2,7,4,2,2,14,USED
1137.958782531,7,2,6,2,3,16,USED
1138.366040199,2,6,4,2,2,14,USED
1138.958782531,7,1,6,2,3,16,USED
1139.366040199,2,8,5,2,2,18,USED
1139.958782531,7,2,6,2,3,16,USED
1140.366040199,2,7,4,2,2,14,USED
1140.958782531,7,8,8,1,2,18,USED
1141.366040199,2,7,4,2,2,14,USED
1142.366040199,2,7,4,2,2,14,USED
1143.366040199,2,4,4,1,1,14,USED
1144.366040199,2,8,5,2,2,18,USED
1145.366040199,2,7,4,2,2,14,USED
1146.366040199,2,3,5,2,2,18,USED
1147.366040199,2,5,5,1,1,18,USED
1148.366040199,2,7,4,2,2,19,USED
1149.366040199,2,0,1,2,3,19,USED
1150.366040199,2,4,4,1,1,19,USED
1151.366040199,2,3,5,2,2,19,USED
1152.366040199,2,8,4,2,2,19,USED
1153.366040199,2,4,4,1,1,19,USED
1154.366040199,2,5,5,1,1,19,USED
1155.366040199,2,3,5,2,2,19,USED
