timestamp(s),nodeId,destination,nextHop,hops,score,seq,action
3.249916271,1,2,2,1,1,0,NEW
3.249916271,5,2,2,1,1,0,NEW
3.249916516,4,2,2,1,2,0,NEW
3.249916862,0,2,2,1,1,0,NEW
3.249916862,8,2,2,1,2,0,NEW
3.249917001,3,2,2,1,2,0,NEW
6.148741070,1,4,4,1,1,0,NEW
6.148741070,1,2,4,2,3,0,ADD_BACKUP
6.148741070,5,4,4,1,1,0,NEW
6.148741070,5,2,4,2,3,0,ADD_BACKUP
6.148741070,7,4,4,1,1,0,NEW
6.148741070,7,2,4,2,3,0,NEW
6.148741315,2,4,4,1,2,0,NEW
6.148741315,6,4,4,1,2,0,NEW
6.148741315,6,2,4,2,4,0,NEW
6.511427985,1,0,0,1,2,0,NEW
6.511427985,3,0,0,1,2,0,NEW
6.511427985,3,2,0,2,3,0,ADD_BACKUP
6.511428230,4,0,0,1,2,0,NEW
6.511428230,4,2,0,2,3,0,ADD_BACKUP
7.818628302,3,6,6,1,1,0,NEW
7.818628302,3,4,6,2,3,0,NEW
7.818628302,7,6,6,1,1,0,NEW
7.818628302,7,4,6,2,3,0,ADD_BACKUP
7.818628302,7,2,6,2,5,0,ADD_BACKUP
7.985705903,0,1,1,1,1,0,NEW
7.985705903,0,2,1,2,2,0,ADD_BACKUP
7.985705903,0,4,1,2,2,0,NEW
7.985705903,2,1,1,1,1,0,NEW
7.985705903,2,4,1,2,2,0,SWITCH_PRIMARY
7.985705903,2,0,1,2,3,0,NEW
7.985705903,4,1,1,1,1,0,NEW
7.985705903,4,2,1,2,2,0,SWITCH_PRIMARY
7.985705903,4,0,1,2,3,0,ADD_BACKUP
8.179131271,5,8,8,1,1,0,NEW
8.179131271,7,8,8,1,1,0,NEW
8.179131271,7,2,8,2,3,0,REPLACE_BACKUP
8.179131515,4,8,8,1,2,0,NEW
10.234209112,2,5,5,1,1,0,NEW
10.234209112,2,4,5,2,2,0,SWITCH_PRIMARY
10.234209112,2,8,5,2,2,0,NEW
10.234209112,4,5,5,1,1,0,NEW
10.234209112,4,2,5,2,2,0,SWITCH_PRIMARY
10.234209112,4,8,5,2,2,0,SWITCH_PRIMARY
10.234209114,8,5,5,1,1,0,NEW
10.234209114,8,2,5,2,2,0,SWITCH_PRIMARY
10.234209114,8,4,5,2,2,0,NEW
11.060044407,0,3,3,1,1,0,NEW
11.060044407,0,6,3,2,2,0,NEW
11.060044407,0,4,3,2,4,0,ADD_BACKUP
11.060044407,4,3,3,1,1,0,NEW
11.060044407,4,6,3,2,2,0,NEW
11.060044407,4,0,3,2,3,0,REPLACE_BACKUP
11.060044407,6,3,3,1,1,0,NEW
11.060044407,6,0,3,2,3,0,NEW
11.060044407,6,2,3,2,3,0,SWITCH_PRIMARY
11.060044407,6,4,3,2,4,0,ADD_BACKUP
12.906932688,4,7,7,1,2,0,NEW
12.906932688,4,6,7,2,3,0,ADD_BACKUP
12.906932933,3,7,7,1,1,0,NEW
12.906932933,3,4,7,2,2,0,SWITCH_PRIMARY
12.906932933,3,6,7,2,2,0,ADD_BACKUP
12.906932933,3,8,7,2,2,0,NEW
12.906932933,5,7,7,1,1,0,NEW
12.906932933,5,4,7,2,2,0,ADD_BACKUP
12.906932933,5,6,7,2,2,0,NEW
12.906932933,5,8,7,2,2,0,ADD_BACKUP
12.906933418,0,7,7,1,2,0,NEW
12.906933418,0,4,7,2,3,0,REPLACE_BACKUP
12.906933418,0,6,7,2,3,0,ADD_BACKUP
12.906933418,0,8,7,2,3,0,NEW
63.270396271,1,2,2,1,1,1,REFRESH
63.270396271,1,5,2,2,2,1,NEW
63.270396271,1,4,2,2,3,1,ADD_BACKUP
63.270396271,1,8,2,2,3,1,NEW
63.270396271,1,0,2,2,4,1,ADD_BACKUP
63.270396271,5,2,2,1,1,1,REFRESH
63.270396271,5,1,2,2,2,1,NEW
63.270396271,5,0,2,2,4,1,NEW
63.270396516,4,2,2,1,1,1,SWITCH_PRIMARY
63.270396516,4,1,2,2,2,1,ADD_BACKUP
63.270396516,4,5,2,2,2,1,ADD_BACKUP
63.270396862,0,2,2,1,1,1,REFRESH
63.270396862,0,1,2,2,2,1,ADD_BACKUP
63.270396862,0,5,2,2,2,1,NEW
63.270396862,0,4,2,2,3,1,REPLACE_BACKUP
63.270396862,0,8,2,2,3,1,SWITCH_PRIMARY
63.270397001,3,2,2,1,1,1,UPDATE
63.270397001,3,1,2,2,2,1,NEW
63.270397001,3,5,2,2,2,1,NEW
63.270397001,3,8,2,2,3,1,ADD_BACKUP
63.270397001,3,0,2,2,4,1,ADD_BACKUP
66.140293070,1,4,4,1,1,1,REFRESH
66.140293070,1,2,4,2,2,1,REFRESH_BACKUP
66.140293070,1,3,4,2,2,1,NEW
66.140293070,1,5,4,2,2,1,ADD_BACKUP
66.140293070,1,6,4,2,3,1,NEW
66.140293070,1,8,4,2,3,1,SWITCH_PRIMARY
66.140293070,1,0,4,2,3,1,REPLACE_BACKUP
66.140293070,1,7,4,2,3,1,NEW
66.140293070,3,4,4,1,1,1,SWITCH_PRIMARY
66.140293070,3,1,4,2,2,1,SWITCH_PRIMARY
66.140293070,3,2,4,2,2,1,REPLACE_BACKUP
66.140293070,3,5,4,2,2,1,SWITCH_PRIMARY
66.140293070,3,8,4,2,3,1,REPLACE_BACKUP
66.140293070,3,0,4,2,3,1,REPLACE_BACKUP
66.140293070,3,7,4,2,3,1,ADD_BACKUP
66.140293070,5,4,4,1,1,1,REFRESH
66.140293070,5,1,4,2,2,1,SWITCH_PRIMARY
66.140293070,5,2,4,2,2,1,REFRESH_BACKUP
66.140293070,5,3,4,2,2,1,NEW
66.140293070,5,6,4,2,3,1,ADD_BACKUP
66.140293070,5,0,4,2,3,1,SWITCH_PRIMARY
66.140293070,5,7,4,2,3,1,ADD_BACKUP
66.140293070,7,4,4,1,1,1,REFRESH
66.140293070,7,1,4,2,2,1,NEW
66.140293070,7,2,4,2,2,1,UPDATE
66.140293070,7,3,4,2,2,1,NEW
66.140293070,7,5,4,2,2,1,NEW
66.140293070,7,6,4,2,3,1,ADD_BACKUP
66.140293070,7,8,4,2,3,1,ADD_BACKUP
66.140293070,7,0,4,2,3,1,NEW
66.140293315,2,4,4,1,1,1,SWITCH_PRIMARY
66.140293315,2,1,4,2,2,1,ADD_BACKUP
66.140293315,2,3,4,2,2,1,NEW
66.140293315,2,5,4,2,2,1,ADD_BACKUP
66.140293315,2,6,4,2,3,1,NEW
66.140293315,2,8,4,2,3,1,ADD_BACKUP
66.140293315,2,0,4,2,3,1,SWITCH_PRIMARY
66.140293315,2,7,4,2,3,1,NEW
66.140293316,8,4,4,1,1,1,SWITCH_PRIMARY
66.140293316,8,1,4,2,2,1,NEW
66.140293316,8,2,4,2,2,1,SWITCH_PRIMARY
66.140293316,8,3,4,2,2,1,NEW
66.140293316,8,5,4,2,2,1,ADD_BACKUP
66.140293316,8,6,4,2,3,1,NEW
66.140293316,8,0,4,2,3,1,NEW
66.140293316,8,7,4,2,3,1,NEW
66.502979985,1,0,0,1,1,1,UPDATE
66.502979985,1,2,0,2,2,1,REPLACE_BACKUP
66.502979985,1,3,0,2,2,1,SWITCH_PRIMARY
66.502979985,1,4,0,2,3,1,REPLACE_BACKUP
66.502979985,1,6,0,2,3,1,SWITCH_PRIMARY
66.502979985,1,7,0,2,3,1,ADD_BACKUP
66.502979985,3,0,0,1,1,1,UPDATE
66.502979985,3,1,0,2,2,1,SWITCH_PRIMARY
66.502979985,3,2,0,2,2,1,REPLACE_BACKUP
67.878276302,3,6,6,1,1,1,REFRESH
67.878276302,7,6,6,1,1,1,REFRESH
67.878276302,7,3,6,2,2,1,ADD_BACKUP
67.878276302,7,4,6,2,3,1,REFRESH_BACKUP
67.878276302,7,0,6,2,4,1,ADD_BACKUP
67.878276547,4,6,6,1,1,1,SWITCH_PRIMARY
67.878276547,4,3,6,2,2,1,ADD_BACKUP
67.878276893,0,6,6,1,2,1,REPLACE_BACKUP
67.878276893,0,3,6,2,3,1,ADD_BACKUP
67.878276893,8,6,6,1,1,1,SWITCH_PRIMARY
67.878276893,8,3,6,2,2,1,ADD_BACKUP
67.878276893,8,0,6,2,4,1,ADD_BACKUP
67.878277032,5,6,6,1,2,1,REPLACE_BACKUP
67.878277032,5,3,6,2,3,1,ADD_BACKUP
68.011305903,0,1,1,1,1,1,REFRESH
68.011305903,0,2,1,2,2,1,REFRESH_BACKUP
68.011305903,0,4,1,2,2,1,REFRESH
68.011305903,0,3,1,2,3,1,REPLACE_BACKUP
68.011305903,0,5,1,2,3,1,ADD_BACKUP
68.011305903,0,7,1,2,4,1,ADD_BACKUP
68.011305903,2,1,1,1,1,1,REFRESH
68.011305903,2,0,1,2,2,1,SWITCH_PRIMARY
68.011305903,2,3,1,2,3,1,ADD_BACKUP
68.011305903,2,6,1,2,4,1,ADD_BACKUP
68.011305903,2,7,1,2,4,1,ADD_BACKUP
68.011305903,4,1,1,1,1,1,REFRESH
68.011305903,4,0,1,2,2,1,SWITCH_PRIMARY
68.011305903,4,7,1,2,4,1,ADD_BACKUP
68.011306148,5,1,1,1,1,1,SWITCH_PRIMARY
68.011306148,5,0,1,2,2,1,SWITCH_PRIMARY
68.011306148,5,3,1,2,3,1,REPLACE_BACKUP
68.269499271,5,8,8,1,1,1,REFRESH
68.269499271,5,4,8,2,2,1,REPLACE_BACKUP
68.269499271,5,6,8,2,2,1,SWITCH_PRIMARY
68.269499271,5,3,8,2,3,1,REPLACE_BACKUP
68.269499271,7,8,8,1,2,1,REFRESH
68.269499271,7,5,8,2,3,1,ADD_BACKUP
68.269499271,7,1,8,2,4,1,ADD_BACKUP
68.269499271,7,2,8,2,4,1,REFRESH_BACKUP
68.269499515,4,8,8,1,2,1,REFRESH_BACKUP
68.269499860,2,8,8,1,2,1,REPLACE_BACKUP
68.269499860,2,6,8,2,3,1,REPLACE_BACKUP
68.269500000,1,8,8,1,2,1,SWITCH_PRIMARY
70.319457112,2,5,5,1,1,1,REFRESH
70.319457112,2,1,5,2,2,1,REPLACE_BACKUP
70.319457112,2,4,5,2,2,1,REFRESH_BACKUP
70.319457112,2,7,5,2,2,1,SWITCH_PRIMARY
70.319457112,2,8,5,2,2,1,REFRESH
70.319457112,2,3,5,2,3,1,REPLACE_BACKUP
70.319457112,2,6,5,2,3,1,SWITCH_PRIMARY
70.319457112,4,5,5,1,1,1,REFRESH
70.319457112,4,2,5,2,2,1,REFRESH_BACKUP
70.319457112,4,7,5,2,2,1,SWITCH_PRIMARY
70.319457112,4,8,5,2,2,1,REFRESH
70.319457114,8,5,5,1,1,1,REFRESH
70.319457114,8,1,5,2,2,1,SWITCH_PRIMARY
70.319457114,8,2,5,2,2,1,REFRESH_BACKUP
70.319457114,8,4,5,2,2,1,REFRESH_BACKUP
70.319457114,8,7,5,2,2,1,SWITCH_PRIMARY
70.319457114,8,0,5,2,3,1,REPLACE_BACKUP
70.319457357,1,5,5,1,1,1,SWITCH_PRIMARY
70.319457357,1,2,5,2,2,1,REPLACE_BACKUP
70.319457357,1,4,5,2,2,1,REPLACE_BACKUP
70.319457357,1,7,5,2,2,1,SWITCH_PRIMARY
70.319457357,1,8,5,2,2,1,SWITCH_PRIMARY
70.319457357,1,6,5,2,3,1,REPLACE_BACKUP
70.319457357,7,5,5,1,2,1,REPLACE_BACKUP
70.319457357,7,1,5,2,3,1,REPLACE_BACKUP
70.319457357,7,2,5,2,3,1,REPLACE_BACKUP
70.319457842,6,5,5,1,2,1,NEW
70.319457842,6,1,5,2,3,1,NEW
70.319457842,6,2,5,2,3,1,REPLACE_BACKUP
70.319457842,6,4,5,2,3,1,REPLACE_BACKUP
70.319457842,6,7,5,2,3,1,NEW
70.319457842,6,8,5,2,3,1,NEW
70.319457842,6,0,5,2,4,1,ADD_BACKUP
70.319457842,6,3,5,2,4,1,ADD_BACKUP
71.080524407,0,3,3,1,1,1,REFRESH
71.080524407,0,2,3,2,2,1,REPLACE_BACKUP
71.080524407,0,4,3,2,2,1,REPLACE_BACKUP
71.080524407,0,6,3,2,2,1,REFRESH
71.080524407,0,7,3,2,2,1,SWITCH_PRIMARY
71.080524407,0,5,3,2,3,1,REPLACE_BACKUP
71.080524407,0,8,3,2,3,1,SWITCH_PRIMARY
71.080524407,4,3,3,1,1,1,REFRESH
71.080524407,4,0,3,2,2,1,SWITCH_PRIMARY
71.080524407,4,2,3,2,2,1,REPLACE_BACKUP
71.080524407,4,6,3,2,2,1,REFRESH_BACKUP
71.080524407,4,7,3,2,2,1,REPLACE_BACKUP
71.080524407,6,3,3,1,1,1,REFRESH
71.080524407,6,0,3,2,2,1,UPDATE
71.080524407,6,2,3,2,2,1,UPDATE
71.080524407,6,4,3,2,2,1,SWITCH_PRIMARY
71.080524407,6,7,3,2,2,1,SWITCH_PRIMARY
71.080524407,6,1,3,2,3,1,SWITCH_PRIMARY
71.080524407,6,5,3,2,3,1,ADD_BACKUP
71.080524407,6,8,3,2,3,1,SWITCH_PRIMARY
71.080524652,1,3,3,1,1,1,SWITCH_PRIMARY
71.080524652,1,0,3,2,2,1,REPLACE_BACKUP
71.080524652,1,4,3,2,2,1,REPLACE_BACKUP
71.080524652,1,6,3,2,2,1,SWITCH_PRIMARY
71.080524652,1,7,3,2,2,1,REPLACE_BACKUP
71.080524652,7,3,3,1,1,1,SWITCH_PRIMARY
71.080524652,7,0,3,2,2,1,SWITCH_PRIMARY
71.080524652,7,2,3,2,2,1,SWITCH_PRIMARY
71.080524652,7,4,3,2,2,1,REPLACE_BACKUP
71.080524652,7,6,3,2,2,1,REPLACE_BACKUP
71.080524652,7,1,3,2,3,1,REPLACE_BACKUP
71.080525138,8,3,3,1,1,1,SWITCH_PRIMARY
71.080525138,8,0,3,2,2,1,SWITCH_PRIMARY
71.080525138,8,2,3,2,2,1,SWITCH_PRIMARY
71.080525138,8,6,3,2,2,1,REPLACE_BACKUP
71.080525138,8,7,3,2,2,1,SWITCH_PRIMARY
72.987060688,4,7,7,1,1,1,SWITCH_PRIMARY
72.987060688,4,6,7,2,2,1,REPLACE_BACKUP
72.987060688,6,7,7,1,2,1,REPLACE_BACKUP
72.987060688,6,3,7,2,3,1,REPLACE_BACKUP
72.987060688,6,0,7,2,4,1,REPLACE_BACKUP
72.987060933,3,7,7,1,1,1,REFRESH
72.987060933,3,4,7,2,2,1,REFRESH_BACKUP
72.987060933,3,6,7,2,2,1,REFRESH_BACKUP
72.987060933,3,8,7,2,3,1,REFRESH
72.987060933,5,7,7,1,2,1,REFRESH
72.987060933,5,6,7,2,3,1,REFRESH_BACKUP
72.987060933,5,8,7,2,4,1,REFRESH_BACKUP
72.987061418,2,7,7,1,1,1,SWITCH_PRIMARY
72.987061418,2,3,7,2,2,1,REPLACE_BACKUP
72.987061418,2,4,7,2,2,1,REPLACE_BACKUP
72.987061418,2,6,7,2,2,1,SWITCH_PRIMARY
123.285756271,1,2,2,1,2,2,REFRESH
123.285756271,1,5,2,2,3,2,REFRESH_BACKUP
123.285756862,0,2,2,1,1,2,REFRESH
123.285756862,0,1,2,2,2,2,REFRESH_BACKUP
123.285756862,0,4,2,2,2,2,SWITCH_PRIMARY
123.285756862,0,5,2,2,2,2,REFRESH
123.285756862,0,7,2,2,2,2,REPLACE_BACKUP
123.285756862,0,3,2,2,3,2,REPLACE_BACKUP
123.285756862,0,8,2,2,3,2,REFRESH_BACKUP
126.140293070,1,4,4,1,1,2,REFRESH
126.140293070,1,2,4,2,2,2,SWITCH_PRIMARY
126.140293070,1,5,4,2,2,2,REPLACE_BACKUP
126.140293070,1,6,4,2,2,2,REPLACE_BACKUP
126.140293070,1,7,4,2,2,2,SWITCH_PRIMARY
126.140293070,3,4,4,1,2,2,REFRESH
126.140293070,3,1,4,2,3,2,REFRESH_BACKUP
126.140293070,3,5,4,2,3,2,REFRESH
126.140293070,3,7,4,2,3,2,REFRESH_BACKUP
126.140293070,3,0,4,2,4,2,REFRESH_BACKUP
126.140293070,3,8,4,2,4,2,REFRESH_BACKUP
126.140293070,5,4,4,1,1,2,REFRESH
126.140293070,5,1,4,2,2,2,REFRESH_BACKUP
126.140293070,5,2,4,2,2,2,REFRESH_BACKUP
126.140293070,5,3,4,2,2,2,REFRESH
126.140293070,5,6,4,2,2,2,REPLACE_BACKUP
126.140293070,5,7,4,2,2,2,SWITCH_PRIMARY
126.140293070,5,0,4,2,3,2,REFRESH_BACKUP
126.140293070,5,8,4,2,3,2,REPLACE_BACKUP
126.140293070,7,4,4,1,1,2,REFRESH
126.140293070,7,1,4,2,2,2,REFRESH
126.140293070,7,2,4,2,2,2,REFRESH_BACKUP
126.140293070,7,3,4,2,2,2,REFRESH_BACKUP
126.140293070,7,5,4,2,2,2,REFRESH
126.140293070,7,6,4,2,2,2,REPLACE_BACKUP
126.140293070,7,0,4,2,3,2,REFRESH_BACKUP
126.140293070,7,8,4,2,3,2,REFRESH_BACKUP
126.140293315,6,4,4,1,1,2,SWITCH_PRIMARY
126.140293315,6,1,4,2,2,2,SWITCH_PRIMARY
126.140293315,6,2,4,2,2,2,REPLACE_BACKUP
126.140293315,6,3,4,2,2,2,REPLACE_BACKUP
126.140293315,6,5,4,2,2,2,SWITCH_PRIMARY
126.140293315,6,7,4,2,2,2,SWITCH_PRIMARY
126.140293315,6,0,4,2,3,2,REPLACE_BACKUP
126.140293315,6,8,4,2,3,2,SWITCH_PRIMARY
126.502979985,1,0,0,1,1,2,REFRESH
126.502979985,1,2,0,2,2,2,REPLACE_BACKUP
126.502979985,1,3,0,2,2,2,REFRESH_BACKUP
126.502980230,4,0,0,1,1,2,SWITCH_PRIMARY
126.502980230,4,2,0,2,2,2,REPLACE_BACKUP
127.908996302,3,6,6,1,2,2,REFRESH
127.908996302,3,0,6,2,4,2,REPLACE_BACKUP
127.908996302,7,6,6,1,1,2,REFRESH
127.908996302,7,3,6,2,2,2,REPLACE_BACKUP
127.908996302,7,1,6,2,3,2,REPLACE_BACKUP
127.908996547,4,6,6,1,1,2,REFRESH
127.908996547,4,3,6,2,2,2,REFRESH_BACKUP
127.908996893,8,6,6,1,2,2,REFRESH
128.070953903,0,1,1,1,1,2,REFRESH
128.070953903,0,3,1,2,2,2,REPLACE_BACKUP
128.070953903,0,4,1,2,2,2,REFRESH_BACKUP
128.070953903,0,5,1,2,2,2,REPLACE_BACKUP
128.070953903,0,8,1,2,3,2,REPLACE_BACKUP
128.070953903,2,1,1,1,1,2,REFRESH
128.070953903,2,0,1,2,2,2,REFRESH
128.070953903,2,5,1,2,2,2,REPLACE_BACKUP
128.070953903,2,6,1,2,3,2,REPLACE_BACKUP
128.070953903,4,1,1,1,2,2,REFRESH
128.070954148,3,1,1,1,1,2,SWITCH_PRIMARY
128.070954148,3,0,1,2,2,2,REPLACE_BACKUP
128.070954148,3,4,1,2,2,2,SWITCH_PRIMARY
128.070954148,3,5,1,2,2,2,SWITCH_PRIMARY
128.070954148,3,7,1,2,3,2,REPLACE_BACKUP
128.070954148,3,8,1,2,3,2,REPLACE_BACKUP
128.070954148,5,1,1,1,1,2,REFRESH
128.070954148,5,0,1,2,2,2,REFRESH
128.070954148,5,3,1,2,2,2,REPLACE_BACKUP
128.070954148,5,4,1,2,2,2,REPLACE_BACKUP
128.070954148,5,8,1,2,3,2,REPLACE_BACKUP
128.070954494,7,1,1,1,2,2,REPLACE_BACKUP
128.070954633,6,1,1,1,2,2,REPLACE_BACKUP
128.269499271,5,8,8,1,1,2,REFRESH
128.269499271,5,3,8,2,2,2,SWITCH_PRIMARY
128.269499271,5,6,8,2,3,2,REFRESH
128.269499271,7,8,8,1,1,2,UPDATE
128.269499271,7,4,8,2,2,2,REPLACE_BACKUP
128.269499271,7,5,8,2,2,2,SWITCH_PRIMARY
128.269499515,4,8,8,1,2,2,REFRESH_BACKUP
130.319457112,2,5,5,1,2,2,REFRESH
130.319457112,2,1,5,2,3,2,REFRESH_BACKUP
130.319457112,2,8,5,2,3,2,REFRESH
130.319457112,2,7,5,2,4,2,REFRESH_BACKUP
130.319457112,4,5,5,1,2,2,REFRESH
130.319457112,4,8,5,2,3,2,REFRESH
130.319457112,4,7,5,2,4,2,REFRESH_BACKUP
130.319457114,8,5,5,1,1,2,REFRESH
130.319457114,8,1,5,2,2,2,REFRESH
130.319457114,8,2,5,2,2,2,SWITCH_PRIMARY
130.319457114,8,4,5,2,2,2,REFRESH_BACKUP
130.319457114,8,0,5,2,3,2,REPLACE_BACKUP
130.319457114,8,7,5,2,3,2,REFRESH_BACKUP
130.319457703,3,5,5,1,2,2,REPLACE_BACKUP
131.080524407,0,3,3,1,1,2,REFRESH
131.080524407,0,2,3,2,2,2,REFRESH_BACKUP
131.080524407,0,7,3,2,2,2,REFRESH
131.080524407,0,6,3,2,3,2,REFRESH
131.080524407,0,8,3,2,4,2,REFRESH
131.080524407,4,3,3,1,1,2,REFRESH
131.080524407,4,0,3,2,2,2,REFRESH_BACKUP
131.080524407,4,1,3,2,2,2,SWITCH_PRIMARY
131.080524407,4,7,3,2,2,2,REPLACE_BACKUP
131.080524407,6,3,3,1,1,2,REFRESH
131.080524407,6,0,3,2,2,2,REFRESH
131.080524407,6,1,3,2,2,2,SWITCH_PRIMARY
131.080524407,6,2,3,2,2,2,REFRESH
131.080524407,6,7,3,2,2,2,SWITCH_PRIMARY
131.080524407,6,4,3,2,3,2,REFRESH_BACKUP
131.080524407,6,8,3,2,4,2,REFRESH_BACKUP
131.080524652,1,3,3,1,1,2,REFRESH
131.080524652,1,0,3,2,2,2,REFRESH_BACKUP
131.080524652,1,2,3,2,2,2,REPLACE_BACKUP
131.080524652,1,7,3,2,2,2,SWITCH_PRIMARY
131.080524652,1,4,3,2,3,2,REFRESH_BACKUP
131.080524652,1,6,3,2,3,2,REFRESH
131.080524652,7,3,3,1,1,2,REFRESH
131.080524652,7,0,3,2,2,2,REFRESH
131.080524652,7,1,3,2,2,2,REPLACE_BACKUP
131.080524652,7,2,3,2,2,2,REFRESH
132.927412688,4,7,7,1,1,2,REFRESH
132.927412688,4,6,7,2,2,2,REFRESH_BACKUP
132.927412688,4,8,7,2,2,2,SWITCH_PRIMARY
132.927412688,6,7,7,1,1,2,SWITCH_PRIMARY
132.927412688,6,4,7,2,2,2,REPLACE_BACKUP
132.927412688,6,8,7,2,2,2,SWITCH_PRIMARY
132.927412690,8,7,7,1,1,2,SWITCH_PRIMARY
132.927412690,8,4,7,2,2,2,REPLACE_BACKUP
132.927412690,8,6,7,2,2,2,SWITCH_PRIMARY
132.927412690,8,0,7,2,3,2,REPLACE_BACKUP
132.927413279,1,7,7,1,1,2,SWITCH_PRIMARY
132.927413279,1,4,7,2,2,2,REPLACE_BACKUP
132.927413279,1,6,7,2,2,2,SWITCH_PRIMARY
132.927413279,1,8,7,2,2,2,REPLACE_BACKUP
183.345404271,1,2,2,1,1,3,SWITCH_PRIMARY
183.345404271,1,4,2,2,2,3,REPLACE_BACKUP
183.345404271,1,7,2,2,2,3,REPLACE_BACKUP
183.345404271,5,2,2,1,1,3,REFRESH
183.345404271,5,4,2,2,2,3,REPLACE_BACKUP
183.345404271,5,7,2,2,2,3,REPLACE_BACKUP
183.345404271,5,8,2,2,3,3,REPLACE_BACKUP
183.345404516,4,2,2,1,1,3,REFRESH
183.345404516,4,1,2,2,2,3,REPLACE_BACKUP
183.345404516,4,7,2,2,2,3,REPLACE_BACKUP
183.345404516,4,5,2,2,3,3,REFRESH_BACKUP
183.345404516,4,8,2,2,3,3,REPLACE_BACKUP
183.345404862,0,2,2,1,2,3,REFRESH
183.345404862,0,1,2,2,3,3,REFRESH_BACKUP
183.345404862,0,4,2,2,3,3,REFRESH
183.345404862,0,7,2,2,3,3,REFRESH_BACKUP
183.345404862,0,5,2,2,4,3,REFRESH
183.345405001,3,2,2,1,2,3,REFRESH
186.140293070,3,4,4,1,1,3,SWITCH_PRIMARY
186.140293070,3,2,4,2,2,3,SWITCH_PRIMARY
186.140293070,3,6,4,2,2,3,SWITCH_PRIMARY
186.140293070,3,7,4,2,2,3,REPLACE_BACKUP
186.140293070,3,8,4,2,3,3,SWITCH_PRIMARY
186.140293070,5,4,4,1,1,3,REFRESH
186.140293070,5,0,4,2,2,3,REFRESH_BACKUP
186.140293070,5,2,4,2,2,3,REFRESH_BACKUP
186.140293070,5,3,4,2,2,3,SWITCH_PRIMARY
186.140293070,5,6,4,2,2,3,SWITCH_PRIMARY
186.140293070,5,7,4,2,2,3,REFRESH
186.140293070,5,1,4,2,3,3,REFRESH_BACKUP
186.140293070,5,8,4,2,3,3,REPLACE_BACKUP
186.140293070,7,4,4,1,1,3,REFRESH
186.140293070,7,0,4,2,2,3,SWITCH_PRIMARY
186.140293070,7,2,4,2,2,3,REFRESH_BACKUP
186.140293070,7,3,4,2,2,3,REPLACE_BACKUP
186.140293070,7,6,4,2,2,3,REFRESH_BACKUP
186.140293070,7,1,4,2,3,3,REFRESH
186.140293070,7,8,4,2,3,3,REFRESH_BACKUP
186.140293070,7,5,4,2,3,3,REFRESH_BACKUP
186.140293315,0,4,4,1,2,3,SWITCH_PRIMARY
186.140293315,0,7,4,2,3,3,REPLACE_BACKUP
186.140293315,0,5,4,2,4,3,SWITCH_PRIMARY
186.140293315,2,4,4,1,1,3,REFRESH
186.140293315,2,0,4,2,2,3,REFRESH_BACKUP
186.140293315,2,3,4,2,2,3,REFRESH
186.140293315,2,6,4,2,2,3,SWITCH_PRIMARY
186.140293315,2,7,4,2,2,3,REPLACE_BACKUP
186.140293315,2,1,4,2,3,3,REPLACE_BACKUP
186.140293315,2,8,4,2,3,3,SWITCH_PRIMARY
186.140293315,6,4,4,1,1,3,REFRESH
186.140293315,6,0,4,2,2,3,SWITCH_PRIMARY
186.140293315,6,2,4,2,2,3,SWITCH_PRIMARY
186.140293315,6,3,4,2,2,3,REFRESH_BACKUP
186.140293315,6,1,4,2,3,3,REFRESH_BACKUP
186.140293315,6,8,4,2,3,3,REFRESH_BACKUP
186.140293315,6,5,4,2,3,3,REFRESH
186.562627985,1,0,0,1,1,3,REFRESH
186.562627985,1,3,0,2,2,3,REFRESH_BACKUP
186.562627985,3,0,0,1,1,3,REFRESH
186.562627985,3,1,0,2,2,3,REFRESH_BACKUP
186.562628230,4,0,0,1,2,3,REFRESH
186.562628230,4,2,0,2,4,3,REFRESH_BACKUP
186.562628576,2,0,0,1,1,3,SWITCH_PRIMARY
186.562628576,2,1,0,2,2,3,REPLACE_BACKUP
187.849348302,3,6,6,1,1,3,SWITCH_PRIMARY
187.849348302,3,7,6,2,2,3,REPLACE_BACKUP
187.849348302,7,6,6,1,1,3,REFRESH
187.849348302,7,3,6,2,2,3,REPLACE_BACKUP
187.849348302,7,4,6,2,2,3,REPLACE_BACKUP
187.849348302,7,8,6,2,3,3,REPLACE_BACKUP
187.849348302,7,5,6,2,3,3,REPLACE_BACKUP
188.070953903,0,1,1,1,2,3,REFRESH
188.070953903,0,3,1,2,3,3,REFRESH_BACKUP
188.070953903,0,5,1,2,3,3,SWITCH_PRIMARY
188.070953903,0,8,1,2,4,3,REFRESH_BACKUP
188.070953903,2,1,1,1,1,3,REFRESH
188.070953903,2,0,1,2,2,3,REFRESH_BACKUP
188.070953903,2,5,1,2,2,3,SWITCH_PRIMARY
188.070953903,2,8,1,2,3,3,REPLACE_BACKUP
188.070953903,4,1,1,1,1,3,SWITCH_PRIMARY
188.070953903,4,0,1,2,2,3,SWITCH_PRIMARY
188.070953903,4,2,1,2,2,3,REPLACE_BACKUP
188.070953903,4,3,1,2,2,3,REPLACE_BACKUP
188.070953903,4,5,1,2,2,3,SWITCH_PRIMARY
188.070954148,3,1,1,1,1,3,REFRESH
188.070954148,3,0,1,2,2,3,REFRESH_BACKUP
188.070954148,3,2,1,2,2,3,SWITCH_PRIMARY
188.070954148,3,4,1,2,2,3,REFRESH_BACKUP
188.070954148,3,5,1,2,2,3,REFRESH
188.070954148,3,7,1,2,2,3,REPLACE_BACKUP
188.070954148,5,1,1,1,1,3,REFRESH
188.070954148,5,0,1,2,2,3,REFRESH
188.070954148,5,4,1,2,2,3,REPLACE_BACKUP
188.070954148,5,7,1,2,2,3,SWITCH_PRIMARY
188.070954148,5,6,1,2,3,3,REPLACE_BACKUP
188.070954494,7,1,1,1,1,3,SWITCH_PRIMARY
188.070954494,7,0,1,2,2,3,SWITCH_PRIMARY
188.070954494,7,2,1,2,2,3,SWITCH_PRIMARY
188.070954494,7,4,1,2,2,3,REPLACE_BACKUP
188.070954494,7,5,1,2,2,3,REPLACE_BACKUP
188.070954633,6,1,1,1,2,3,REPLACE_BACKUP
188.209851271,7,8,8,1,1,3,REFRESH
188.209851271,7,3,8,2,2,3,REPLACE_BACKUP
188.209851271,7,4,8,2,2,3,REPLACE_BACKUP
188.209851271,7,5,8,2,2,3,REFRESH
188.209851271,7,1,8,2,3,3,REPLACE_BACKUP
188.209851515,4,8,8,1,1,3,SWITCH_PRIMARY
188.209851515,4,3,8,2,2,3,REPLACE_BACKUP
188.209851515,4,5,8,2,2,3,REPLACE_BACKUP
188.209851515,4,7,8,2,2,3,REPLACE_BACKUP
188.209851860,2,8,8,1,2,3,SWITCH_PRIMARY
190.259809112,2,5,5,1,1,3,SWITCH_PRIMARY
190.259809112,2,8,5,2,2,3,SWITCH_PRIMARY
190.259809112,4,5,5,1,1,3,SWITCH_PRIMARY
190.259809112,4,1,5,2,2,3,REPLACE_BACKUP
190.259809114,8,5,5,1,1,3,REFRESH
190.259809114,8,1,5,2,2,3,REFRESH
190.259809114,8,2,5,2,2,3,REFRESH
190.259809114,8,4,5,2,2,3,REPLACE_BACKUP
190.259809114,8,0,5,2,3,3,REPLACE_BACKUP
190.259809357,7,5,5,1,1,3,SWITCH_PRIMARY
190.259809357,7,1,5,2,2,3,REPLACE_BACKUP
190.259809357,7,2,5,2,2,3,SWITCH_PRIMARY
190.259809357,7,4,5,2,2,3,REPLACE_BACKUP
190.259809357,7,8,5,2,2,3,REPLACE_BACKUP
190.259809842,6,5,5,1,1,3,SWITCH_PRIMARY
190.259809842,6,1,5,2,2,3,REPLACE_BACKUP
190.259809842,6,4,5,2,2,3,REPLACE_BACKUP
190.259809842,6,8,5,2,2,3,SWITCH_PRIMARY
191.140172407,0,3,3,1,2,3,REFRESH
191.140172407,0,4,3,2,3,3,REPLACE_BACKUP
191.140172407,0,6,3,2,3,3,REFRESH
191.140172407,0,7,3,2,3,3,REFRESH
191.140172407,0,2,3,2,4,3,REFRESH_BACKUP
191.140172407,0,5,3,2,4,3,REPLACE_BACKUP
191.140172407,0,8,3,2,5,3,REFRESH
191.140172407,4,3,3,1,1,3,REFRESH
191.140172407,4,0,3,2,2,3,SWITCH_PRIMARY
191.140172407,4,6,3,2,2,3,REPLACE_BACKUP
191.140172407,4,7,3,2,2,3,REPLACE_BACKUP
191.140172407,6,3,3,1,1,3,REFRESH
191.140172407,6,0,3,2,2,3,SWITCH_PRIMARY
191.140172407,6,1,3,2,2,3,REFRESH
191.140172407,6,4,3,2,2,3,REPLACE_BACKUP
191.140172407,6,7,3,2,2,3,REFRESH_BACKUP
191.140172407,6,2,3,2,3,3,REFRESH_BACKUP
191.140172652,1,3,3,1,2,3,REFRESH
191.140172652,1,0,3,2,3,3,REFRESH_BACKUP
191.140172652,1,6,3,2,3,3,REFRESH_BACKUP
191.140172652,7,3,3,1,1,3,REFRESH
191.140172652,7,0,3,2,2,3,SWITCH_PRIMARY
192.927412688,4,7,7,1,1,3,REFRESH
192.927412688,4,6,7,2,2,3,REPLACE_BACKUP
192.927412688,4,8,7,2,2,3,REFRESH_BACKUP
192.927412688,6,7,7,1,1,3,REFRESH
192.927412688,6,1,7,2,2,3,SWITCH_PRIMARY
192.927412688,6,5,7,2,2,3,REPLACE_BACKUP
192.927412688,6,8,7,2,2,3,SWITCH_PRIMARY
192.927412690,8,7,7,1,1,3,REFRESH
192.927412690,8,1,7,2,2,3,SWITCH_PRIMARY
192.927412690,8,5,7,2,2,3,REPLACE_BACKUP
192.927412690,8,6,7,2,2,3,REFRESH
243.345404271,5,2,2,1,1,4,REFRESH
243.345404271,5,0,2,2,2,4,REPLACE_BACKUP
243.345404271,5,1,2,2,2,4,REPLACE_BACKUP
243.345404271,5,4,2,2,2,4,REPLACE_BACKUP
243.345404271,5,7,2,2,2,4,REPLACE_BACKUP
243.345404516,4,2,2,1,2,4,REFRESH
246.140293070,1,4,4,1,1,4,REFRESH
246.140293070,1,3,4,2,2,4,SWITCH_PRIMARY
246.140293070,1,5,4,2,2,4,REFRESH_BACKUP
246.140293070,1,6,4,2,2,4,REPLACE_BACKUP
246.140293070,1,0,4,2,3,4,REPLACE_BACKUP
246.140293070,1,2,4,2,3,4,REFRESH_BACKUP
246.140293070,3,4,4,1,1,4,REFRESH
246.140293070,3,5,4,2,2,4,SWITCH_PRIMARY
246.140293070,3,6,4,2,2,4,REFRESH_BACKUP
246.140293070,3,8,4,2,2,4,UPDATE
246.140293070,3,2,4,2,3,4,REFRESH_BACKUP
246.140293070,5,4,4,1,2,4,REFRESH
246.140293070,5,3,4,2,3,4,REFRESH
246.140293070,5,6,4,2,3,4,REFRESH
246.140293070,5,8,4,2,3,4,REFRESH_BACKUP
246.140293070,5,2,4,2,4,4,REFRESH_BACKUP
246.140293070,7,4,4,1,1,4,REFRESH
246.140293070,7,1,4,2,2,4,REPLACE_BACKUP
246.140293070,7,3,4,2,2,4,REPLACE_BACKUP
246.140293070,7,5,4,2,2,4,REPLACE_BACKUP
246.140293070,7,6,4,2,2,4,REFRESH_BACKUP
246.140293315,0,4,4,1,1,4,UPDATE
246.140293315,0,1,4,2,2,4,SWITCH_PRIMARY
246.140293315,0,3,4,2,2,4,SWITCH_PRIMARY
246.140293315,0,5,4,2,2,4,SWITCH_PRIMARY
246.140293315,0,6,4,2,2,4,SWITCH_PRIMARY
246.140293315,0,7,4,2,2,4,SWITCH_PRIMARY
246.140293315,0,8,4,2,2,4,SWITCH_PRIMARY
246.140293315,0,2,4,2,3,4,REPLACE_BACKUP
246.140293315,2,4,4,1,2,4,REFRESH
246.140293315,2,3,4,2,3,4,REFRESH
246.140293315,2,6,4,2,3,4,REFRESH
246.140293315,2,7,4,2,3,4,REFRESH_BACKUP
246.562627985,1,0,0,1,2,4,REFRESH
246.562628230,4,0,0,1,1,4,SWITCH_PRIMARY
246.562628576,2,0,0,1,2,4,REFRESH
246.562628576,2,1,0,2,4,4,REFRESH_BACKUP
246.562628715,5,0,0,1,1,4,SWITCH_PRIMARY
246.562628715,5,4,0,2,2,4,SWITCH_PRIMARY
246.562628715,5,3,0,2,3,4,SWITCH_PRIMARY
246.562628715,5,6,0,2,3,4,SWITCH_PRIMARY
246.562628715,5,8,0,2,3,4,REPLACE_BACKUP
246.562628715,5,2,0,2,3,4,REPLACE_BACKUP
246.562629065,8,0,0,1,2,4,REPLACE_BACKUP
247.908996302,3,6,6,1,1,4,REFRESH
247.908996302,3,4,6,2,2,4,REPLACE_BACKUP
247.908996302,3,7,6,2,2,4,REPLACE_BACKUP
247.908996302,3,2,6,2,3,4,REPLACE_BACKUP
247.908996302,3,8,6,2,3,4,REPLACE_BACKUP
247.908996302,7,6,6,1,1,4,REFRESH
247.908996302,7,4,6,2,2,4,REPLACE_BACKUP
247.908996547,4,6,6,1,1,4,REFRESH
247.908996547,4,3,6,2,2,4,REPLACE_BACKUP
247.908997382,2,6,6,1,2,4,SWITCH_PRIMARY
247.908997382,2,3,6,2,3,4,SWITCH_PRIMARY
247.908997382,2,7,6,2,3,4,REPLACE_BACKUP
248.070953903,0,1,1,1,1,4,SWITCH_PRIMARY
248.070953903,0,2,1,2,2,4,SWITCH_PRIMARY
248.070953903,0,4,1,2,2,4,REPLACE_BACKUP
248.070953903,0,5,1,2,2,4,REFRESH_BACKUP
248.070953903,0,7,1,2,2,4,SWITCH_PRIMARY
248.070953903,0,6,1,2,3,4,REPLACE_BACKUP
248.070953903,0,8,1,2,3,4,REPLACE_BACKUP
248.070953903,2,1,1,1,2,4,REFRESH
248.070953903,2,5,1,2,3,4,REFRESH_BACKUP
248.070953903,2,0,1,2,4,4,REFRESH_BACKUP
248.070953903,4,1,1,1,1,4,REFRESH
248.070953903,4,2,1,2,2,4,SWITCH_PRIMARY
248.070953903,4,5,1,2,2,4,REFRESH_BACKUP
248.070954148,5,1,1,1,1,4,REFRESH
248.070954148,5,2,1,2,2,4,REPLACE_BACKUP
248.070954148,5,4,1,2,2,4,REPLACE_BACKUP
248.070954148,5,7,1,2,2,4,REFRESH
248.070954148,5,3,1,2,3,4,REPLACE_BACKUP
248.070954148,5,6,1,2,3,4,SWITCH_PRIMARY
248.070954148,5,8,1,2,3,4,REPLACE_BACKUP
248.070954148,5,0,1,2,3,4,REFRESH_BACKUP
248.269499271,5,8,8,1,1,4,REFRESH
248.269499271,5,3,8,2,2,4,SWITCH_PRIMARY
248.269499271,5,4,8,2,2,4,SWITCH_PRIMARY
248.269499271,5,7,8,2,2,4,SWITCH_PRIMARY
248.269499271,5,0,8,2,3,4,REPLACE_BACKUP
248.269499271,5,6,8,2,3,4,SWITCH_PRIMARY
248.269499271,7,8,8,1,1,4,REFRESH
248.269499271,7,4,8,2,2,4,REPLACE_BACKUP
248.269499515,4,8,8,1,2,4,REFRESH
248.269499860,6,8,8,1,1,4,SWITCH_PRIMARY
248.269499860,6,3,8,2,2,4,REPLACE_BACKUP
250.259809112,2,5,5,1,1,4,REFRESH
250.259809112,2,0,5,2,2,4,SWITCH_PRIMARY
250.259809112,2,1,5,2,2,4,SWITCH_PRIMARY
250.259809112,2,8,5,2,2,4,REFRESH
250.259809112,2,3,5,2,3,4,SWITCH_PRIMARY
250.259809112,2,7,5,2,3,4,REPLACE_BACKUP
250.259809112,2,6,5,2,3,4,REPLACE_BACKUP
250.259809112,4,5,5,1,1,4,REFRESH
250.259809112,4,0,5,2,2,4,REPLACE_BACKUP
250.259809112,4,1,5,2,2,4,REFRESH_BACKUP
250.259809112,4,2,5,2,2,4,REPLACE_BACKUP
250.259809112,4,8,5,2,2,4,SWITCH_PRIMARY
250.259809114,8,5,5,1,1,4,REFRESH
250.259809114,8,0,5,2,2,4,REPLACE_BACKUP
250.259809114,8,1,5,2,2,4,SWITCH_PRIMARY
250.259809114,8,2,5,2,2,4,REFRESH
250.259809114,8,4,5,2,3,4,REFRESH_BACKUP
250.259809357,7,5,5,1,1,4,REFRESH
250.259809357,7,0,5,2,2,4,SWITCH_PRIMARY
250.259809357,7,1,5,2,2,4,REPLACE_BACKUP
250.259809357,7,2,5,2,2,4,REFRESH
250.259809357,7,8,5,2,2,4,REFRESH_BACKUP
251.080524407,0,3,3,1,1,4,SWITCH_PRIMARY
251.080524407,0,1,3,2,2,4,REPLACE_BACKUP
251.080524407,0,6,3,2,2,4,REPLACE_BACKUP
251.080524407,0,7,3,2,2,4,REPLACE_BACKUP
251.080524407,0,8,3,2,3,4,REPLACE_BACKUP
251.080524407,4,3,3,1,1,4,REFRESH
251.080524407,4,0,3,2,2,4,REPLACE_BACKUP
251.080524407,4,1,3,2,2,4,REPLACE_BACKUP
251.080524407,4,6,3,2,2,4,REPLACE_BACKUP
251.080524407,4,7,3,2,2,4,REFRESH_BACKUP
251.080524407,6,3,3,1,1,4,REFRESH
251.080524407,6,0,3,2,2,4,REFRESH
251.080524407,6,1,3,2,2,4,SWITCH_PRIMARY
251.080524407,6,4,3,2,2,4,REFRESH_BACKUP
251.080524407,6,7,3,2,2,4,REFRESH_BACKUP
251.080524407,6,2,3,2,3,4,REFRESH_BACKUP
251.080524652,1,3,3,1,1,4,SWITCH_PRIMARY
251.080524652,1,0,3,2,2,4,SWITCH_PRIMARY
251.080524652,1,6,3,2,2,4,SWITCH_PRIMARY
251.080524652,1,2,3,2,3,4,REPLACE_BACKUP
252.927412688,4,7,7,1,1,4,REFRESH
252.927412688,4,3,7,2,2,4,REPLACE_BACKUP
252.927412688,4,5,7,2,2,4,REPLACE_BACKUP
252.927412688,4,6,7,2,2,4,REPLACE_BACKUP
252.927412688,4,8,7,2,2,4,REPLACE_BACKUP
252.927412688,6,7,7,1,1,4,REFRESH
252.927412688,6,1,7,2,2,4,SWITCH_PRIMARY
252.927412688,6,3,7,2,2,4,REPLACE_BACKUP
252.927412688,6,4,7,2,2,4,REPLACE_BACKUP
252.927412688,6,5,7,2,2,4,REFRESH_BACKUP
252.927412688,6,8,7,2,2,4,REFRESH_BACKUP
252.927412933,3,7,7,1,2,4,REFRESH
252.927413418,0,7,7,1,1,4,SWITCH_PRIMARY
252.927413418,0,1,7,2,2,4,REPLACE_BACKUP
252.927413418,0,3,7,2,2,4,REPLACE_BACKUP
252.927413418,0,4,7,2,2,4,REPLACE_BACKUP
252.927413418,0,5,7,2,2,4,SWITCH_PRIMARY
252.927413418,0,8,7,2,2,4,REPLACE_BACKUP
303.285756271,1,2,2,1,2,5,REFRESH
303.285756271,1,7,2,2,3,5,REFRESH_BACKUP
303.285756271,1,4,2,2,4,5,REFRESH_BACKUP
303.285756271,5,2,2,1,1,5,REFRESH
303.285756271,5,0,2,2,3,5,REPLACE_BACKUP
303.285756271,5,1,2,2,3,5,REFRESH_BACKUP
303.285756271,5,8,2,2,3,5,REPLACE_BACKUP
303.285756271,5,6,2,2,3,5,SWITCH_PRIMARY
303.285756516,4,2,2,1,1,5,SWITCH_PRIMARY
303.285756516,4,7,2,2,2,5,REPLACE_BACKUP
303.285757001,3,2,2,1,1,5,SWITCH_PRIMARY
303.285757001,3,7,2,2,2,5,SWITCH_PRIMARY
303.285757001,3,8,2,2,3,5,REPLACE_BACKUP
306.140293070,1,4,4,1,1,5,REFRESH
306.140293070,1,0,4,2,2,5,REPLACE_BACKUP
306.140293070,1,2,4,2,2,5,SWITCH_PRIMARY
306.140293070,1,3,4,2,2,5,REFRESH_BACKUP
306.140293070,1,5,4,2,2,5,REFRESH_BACKUP
306.140293070,1,6,4,2,2,5,SWITCH_PRIMARY
306.140293070,1,7,4,2,2,5,REPLACE_BACKUP
306.140293070,3,4,4,1,1,5,REFRESH
306.140293070,3,0,4,2,2,5,REPLACE_BACKUP
306.140293070,3,5,4,2,2,5,REFRESH
306.140293070,3,6,4,2,2,5,REFRESH_BACKUP
306.140293070,3,7,4,2,2,5,SWITCH_PRIMARY
306.140293070,3,8,4,2,3,5,REFRESH
306.140293070,5,4,4,1,1,5,SWITCH_PRIMARY
306.140293070,5,0,4,2,2,5,REPLACE_BACKUP
306.140293070,5,1,4,2,2,5,REPLACE_BACKUP
306.140293070,5,2,4,2,2,5,REPLACE_BACKUP
306.140293070,5,3,4,2,2,5,SWITCH_PRIMARY
306.140293070,5,6,4,2,2,5,SWITCH_PRIMARY
306.140293070,5,7,4,2,2,5,REPLACE_BACKUP
306.140293070,5,8,4,2,3,5,REPLACE_BACKUP
306.140293315,0,4,4,1,1,5,REFRESH
306.140293315,0,1,4,2,2,5,REPLACE_BACKUP
306.140293315,0,2,4,2,2,5,SWITCH_PRIMARY
306.140293315,0,3,4,2,2,5,REPLACE_BACKUP
306.140293315,0,5,4,2,2,5,REFRESH_BACKUP
306.140293315,0,6,4,2,2,5,REFRESH
306.140293315,0,7,4,2,2,5,REPLACE_BACKUP
306.140293315,0,8,4,2,3,5,REFRESH
306.140293315,2,4,4,1,1,5,UPDATE
306.140293315,2,0,4,2,2,5,SWITCH_PRIMARY
306.140293315,2,1,4,2,2,5,REPLACE_BACKUP
306.140293315,2,3,4,2,2,5,SWITCH_PRIMARY
306.140293315,2,5,4,2,2,5,REPLACE_BACKUP
306.140293315,2,6,4,2,2,5,SWITCH_PRIMARY
306.140293315,2,7,4,2,2,5,REPLACE_BACKUP
306.140293315,6,4,4,1,1,5,REFRESH
306.140293315,6,0,4,2,2,5,SWITCH_PRIMARY
306.140293315,6,1,4,2,2,5,SWITCH_PRIMARY
306.140293315,6,2,4,2,2,5,REFRESH
306.140293315,6,5,4,2,2,5,REPLACE_BACKUP
306.140293315,6,7,4,2,2,5,REPLACE_BACKUP
306.502979985,3,0,0,1,1,5,REFRESH
306.502979985,3,1,0,2,2,5,REFRESH_BACKUP
306.502980576,6,0,0,1,1,5,SWITCH_PRIMARY
306.502980576,6,1,0,2,2,5,SWITCH_PRIMARY
306.502980576,6,3,0,2,2,5,REPLACE_BACKUP
306.502980576,6,4,0,2,2,5,REPLACE_BACKUP
306.502980576,6,2,0,2,3,5,REPLACE_BACKUP
307.895938447,3,6,6,1,1,5,REFRESH
307.895938447,3,0,6,2,2,5,REPLACE_BACKUP
307.895938447,3,4,6,2,2,5,REFRESH_BACKUP
307.895938447,3,5,6,2,2,5,SWITCH_PRIMARY
307.895938447,3,7,6,2,2,5,SWITCH_PRIMARY
307.895938447,3,8,6,2,2,5,SWITCH_PRIMARY
307.895938692,4,6,6,1,1,5,REFRESH
307.895938692,4,0,6,2,2,5,REPLACE_BACKUP
307.895938692,4,3,6,2,2,5,REPLACE_BACKUP
307.895938692,4,8,6,2,2,5,REPLACE_BACKUP
308.070953903,0,1,1,1,1,5,REFRESH
308.070953903,0,4,1,2,2,5,REPLACE_BACKUP
308.070953903,0,2,1,2,3,5,REFRESH_BACKUP
308.070953903,0,8,1,2,3,5,SWITCH_PRIMARY
308.070953903,2,1,1,1,1,5,SWITCH_PRIMARY
308.070953903,2,3,1,2,2,5,REPLACE_BACKUP
308.070953903,2,7,1,2,2,5,REPLACE_BACKUP
308.070953903,4,1,1,1,1,5,REFRESH
308.070953903,4,5,1,2,2,5,REPLACE_BACKUP
308.070953903,4,2,1,2,3,5,REFRESH_BACKUP
308.070954148,3,1,1,1,1,5,REFRESH
308.070954148,3,4,1,2,2,5,REPLACE_BACKUP
308.070954148,3,5,1,2,2,5,REPLACE_BACKUP
308.070954148,3,7,1,2,2,5,REPLACE_BACKUP
308.070954148,3,2,1,2,3,5,REFRESH_BACKUP
308.070954148,3,8,1,2,3,5,REPLACE_BACKUP
308.070954148,5,1,1,1,2,5,REFRESH
308.070954494,7,1,1,1,2,5,REFRESH
308.070954494,7,2,1,2,4,5,REFRESH_BACKUP
308.209851515,4,8,8,1,1,5,SWITCH_PRIMARY
308.209851515,4,3,8,2,2,5,REPLACE_BACKUP
310.259809112,2,5,5,1,2,5,REFRESH
310.259809112,2,0,5,2,3,5,REFRESH_BACKUP
310.259809112,2,8,5,2,3,5,REFRESH
310.259809112,2,1,5,2,4,5,REFRESH_BACKUP
310.259809112,4,5,5,1,1,5,REFRESH
310.259809112,4,2,5,2,2,5,REPLACE_BACKUP
310.259809112,4,8,5,2,2,5,REFRESH_BACKUP
310.259809114,8,5,5,1,1,5,REFRESH
310.259809114,8,0,5,2,2,5,SWITCH_PRIMARY
310.259809114,8,2,5,2,2,5,REFRESH
310.259809114,8,4,5,2,2,5,REFRESH_BACKUP
310.259809114,8,1,5,2,3,5,REFRESH
310.259809357,1,5,5,1,1,5,REFRESH
310.259809357,1,0,5,2,2,5,REPLACE_BACKUP
310.259809357,1,2,5,2,2,5,REPLACE_BACKUP
310.259809357,1,4,5,2,2,5,REPLACE_BACKUP
310.259809357,1,8,5,2,2,5,REFRESH
310.259809842,6,5,5,1,2,5,REFRESH
311.080524407,0,3,3,1,1,5,REFRESH
311.080524407,0,1,3,2,2,5,REPLACE_BACKUP
311.080524407,0,2,3,2,2,5,SWITCH_PRIMARY
311.080524407,0,4,3,2,2,5,REPLACE_BACKUP
311.080524407,0,6,3,2,2,5,SWITCH_PRIMARY
311.080524407,0,8,3,2,3,5,REPLACE_BACKUP
311.080524407,4,3,3,1,1,5,REFRESH
311.080524407,4,1,3,2,2,5,REFRESH_BACKUP
311.080524407,4,2,3,2,2,5,REPLACE_BACKUP
311.080524407,4,6,3,2,2,5,REPLACE_BACKUP
311.080524407,6,3,3,1,1,5,REFRESH
311.080524407,6,0,3,2,2,5,REPLACE_BACKUP
311.080524407,6,2,3,2,2,5,SWITCH_PRIMARY
311.080524652,1,3,3,1,1,5,REFRESH
311.080524652,1,0,3,2,2,5,REFRESH
311.080524652,1,2,3,2,2,5,REPLACE_BACKUP
311.080524652,1,4,3,2,2,5,REPLACE_BACKUP
311.080524652,1,6,3,2,2,5,REFRESH_BACKUP
311.080524652,7,3,3,1,1,5,REFRESH
311.080524652,7,0,3,2,2,5,SWITCH_PRIMARY
311.080524652,7,1,3,2,2,5,SWITCH_PRIMARY
311.080524652,7,2,3,2,2,5,REPLACE_BACKUP
311.080524652,7,4,3,2,2,5,REPLACE_BACKUP
312.927412688,4,7,7,1,1,5,REFRESH
312.927412688,4,3,7,2,2,5,REPLACE_BACKUP
312.927412688,4,5,7,2,2,5,REPLACE_BACKUP
312.927412688,6,7,7,1,2,5,REFRESH
312.927412688,6,8,7,2,3,5,REFRESH_BACKUP
366.140293070,1,4,4,1,1,6,REFRESH
366.140293070,1,2,4,2,2,6,REFRESH
366.140293070,1,3,4,2,2,6,REFRESH_BACKUP
366.140293070,1,5,4,2,2,6,REFRESH_BACKUP
366.140293070,1,6,4,2,2,6,REFRESH
366.140293070,1,7,4,2,2,6,REFRESH_BACKUP
366.502979985,3,0,0,1,1,6,REFRESH
366.502979985,3,1,0,2,2,6,REFRESH_BACKUP
366.502979985,3,4,0,2,2,6,REPLACE_BACKUP
366.502979985,3,7,0,2,2,6,REPLACE_BACKUP
367.895938447,3,6,6,1,2,6,REFRESH
367.895938447,3,0,6,2,3,6,REFRESH_BACKUP
367.895938447,3,8,6,2,3,6,REFRESH
367.895938447,3,5,6,2,4,6,REFRESH
367.895938447,3,7,6,2,4,6,REFRESH
367.895938447,7,6,6,1,2,6,REFRESH
367.895939038,0,6,6,1,1,6,SWITCH_PRIMARY
367.895939038,0,3,6,2,2,6,REPLACE_BACKUP
367.895939038,0,4,6,2,2,6,REPLACE_BACKUP
367.895939038,0,8,6,2,2,6,SWITCH_PRIMARY
368.209851271,5,8,8,1,2,6,REFRESH
368.209851271,5,3,8,2,3,6,REFRESH_BACKUP
368.209851271,5,4,8,2,3,6,REFRESH_BACKUP
368.209851271,5,7,8,2,3,6,REFRESH
368.209851271,7,8,8,1,2,6,REFRESH
368.209851515,4,8,8,1,1,6,REFRESH
368.209851515,4,5,8,2,2,6,REPLACE_BACKUP
368.209852000,3,8,8,1,2,6,SWITCH_PRIMARY
368.209852000,3,5,8,2,3,6,SWITCH_PRIMARY
368.209852000,3,7,8,2,3,6,SWITCH_PRIMARY
370.259809357,1,5,5,1,2,6,REFRESH
370.259809357,1,0,5,2,3,6,REFRESH_BACKUP
370.259809357,1,8,5,2,4,6,REFRESH
370.259809357,7,5,5,1,1,6,REFRESH
370.259809357,7,0,5,2,2,6,SWITCH_PRIMARY
370.259809357,7,2,5,2,2,6,REFRESH
370.259809357,7,4,5,2,2,6,REPLACE_BACKUP
370.259809357,7,8,5,2,3,6,REFRESH_BACKUP
371.140172407,0,3,3,1,1,6,REFRESH
371.140172407,0,1,3,2,2,6,REFRESH_BACKUP
371.140172407,0,2,3,2,2,6,REFRESH
371.140172407,0,4,3,2,2,6,REPLACE_BACKUP
371.140172407,0,6,3,2,3,6,REFRESH_BACKUP
371.140172407,0,8,3,2,3,6,REPLACE_BACKUP
371.140172407,4,3,3,1,1,6,REFRESH
371.140172407,4,0,3,2,2,6,REPLACE_BACKUP
371.140172407,4,1,3,2,2,6,REFRESH_BACKUP
371.140172407,4,2,3,2,2,6,REFRESH_BACKUP
371.140172407,4,6,3,2,3,6,REFRESH_BACKUP
372.927412688,4,7,7,1,1,6,REFRESH
372.927412688,4,3,7,2,2,6,REFRESH_BACKUP
372.927412688,4,6,7,2,3,6,REPLACE_BACKUP
372.927412688,6,7,7,1,1,6,UPDATE
372.927412688,6,4,7,2,2,6,REPLACE_BACKUP
372.927412688,6,5,7,2,2,6,SWITCH_PRIMARY
372.927412688,6,8,7,2,3,6,REFRESH_BACKUP
372.927412690,8,7,7,1,1,6,REFRESH
372.927412690,8,3,7,2,2,6,REPLACE_BACKUP
372.927412690,8,4,7,2,2,6,REPLACE_BACKUP
372.927412690,8,5,7,2,2,6,REFRESH_BACKUP
372.927412690,8,1,7,2,3,6,REFRESH_BACKUP
372.927412690,8,6,7,2,3,6,REFRESH
426.199941070,1,4,4,1,1,7,REFRESH
426.199941070,1,0,4,2,2,7,SWITCH_PRIMARY
426.199941070,1,2,4,2,2,7,REFRESH
426.199941070,1,3,4,2,2,7,REFRESH_BACKUP
426.199941070,1,5,4,2,2,7,SWITCH_PRIMARY
426.199941070,1,6,4,2,2,7,REFRESH
426.199941070,1,7,4,2,2,7,REFRESH_BACKUP
426.199941070,1,8,4,2,2,7,SWITCH_PRIMARY
427.895938447,3,6,6,1,1,7,UPDATE
427.895938447,3,0,6,2,2,7,REFRESH_BACKUP
427.895938447,3,4,6,2,2,7,REPLACE_BACKUP
427.895938447,3,7,6,2,2,7,SWITCH_PRIMARY
427.895938447,3,8,6,2,2,7,SWITCH_PRIMARY
427.895938447,3,5,6,2,3,7,SWITCH_PRIMARY
427.895938447,7,6,6,1,1,7,UPDATE
427.895938447,7,0,6,2,2,7,SWITCH_PRIMARY
427.895938447,7,4,6,2,2,7,REPLACE_BACKUP
427.895938447,7,8,6,2,2,7,SWITCH_PRIMARY
428.070953903,0,1,1,1,1,7,REFRESH
428.070953903,0,3,1,2,2,7,REPLACE_BACKUP
428.070953903,0,7,1,2,2,7,REPLACE_BACKUP
428.070953903,0,8,1,2,3,7,REPLACE_BACKUP
428.070953903,4,1,1,1,1,7,REFRESH
428.070953903,4,7,1,2,2,7,REPLACE_BACKUP
428.209851271,5,8,8,1,1,7,UPDATE
428.209851271,5,3,8,2,2,7,SWITCH_PRIMARY
428.209851271,5,4,8,2,2,7,REFRESH_BACKUP
428.209851271,5,7,8,2,2,7,UPDATE
428.209851271,7,8,8,1,1,7,SWITCH_PRIMARY
428.209851271,7,4,8,2,2,7,REPLACE_BACKUP
431.080524407,0,3,3,1,2,7,REFRESH
431.080524407,0,1,3,2,3,7,REFRESH_BACKUP
431.080524407,0,2,3,2,3,7,REFRESH
431.080524407,0,4,3,2,3,7,REFRESH_BACKUP
431.080524407,0,6,3,2,3,7,REFRESH_BACKUP
432.927412688,4,7,7,1,1,7,REFRESH
432.927412688,4,3,7,2,2,7,REFRESH_BACKUP
432.927412688,4,6,7,2,2,7,REFRESH_BACKUP
432.927412688,4,8,7,2,2,7,REPLACE_BACKUP
432.927412690,8,7,7,1,2,7,REFRESH
432.927412690,8,3,7,2,3,7,REFRESH_BACKUP
432.927412690,8,4,7,2,3,7,REFRESH_BACKUP
432.927412690,8,5,7,2,3,7,REFRESH_BACKUP
432.927412690,8,6,7,2,3,7,REFRESH
432.927412690,8,1,7,2,4,7,REFRESH_BACKUP
432.927412933,3,7,7,1,2,7,REPLACE_BACKUP
432.927412933,3,5,7,2,3,7,REPLACE_BACKUP
486.140293070,1,4,4,1,1,8,REFRESH
486.140293070,1,0,4,2,2,8,REFRESH
486.140293070,1,2,4,2,2,8,REFRESH
486.140293070,1,3,4,2,2,8,REFRESH_BACKUP
486.140293070,1,5,4,2,2,8,REFRESH
486.140293070,1,6,4,2,2,8,REFRESH
486.140293070,1,7,4,2,2,8,REFRESH_BACKUP
486.140293070,1,8,4,2,2,8,REFRESH
486.502980576,6,0,0,1,1,8,REFRESH
486.502980576,6,1,0,2,2,8,REFRESH
486.502980576,6,3,0,2,3,8,REFRESH_BACKUP
487.955586447,3,6,6,1,1,8,REFRESH
487.955586447,3,0,6,2,2,8,REFRESH_BACKUP
487.955586447,3,4,6,2,2,8,REFRESH_BACKUP
487.955586447,3,7,6,2,2,8,REFRESH
487.955586447,3,8,6,2,2,8,REFRESH
487.955586447,3,5,6,2,3,8,REFRESH
487.955586447,7,6,6,1,1,8,REFRESH
487.955586447,7,0,6,2,2,8,REFRESH
487.955586447,7,8,6,2,2,8,REFRESH_BACKUP
488.011305903,2,1,1,1,1,8,REFRESH
488.011305903,2,3,1,2,2,8,REFRESH_BACKUP
488.011305903,2,7,1,2,2,8,REFRESH_BACKUP
488.011305903,2,0,1,2,3,8,REPLACE_BACKUP
488.011305903,2,8,1,2,3,8,SWITCH_PRIMARY
490.259809112,2,5,5,1,1,8,UPDATE
490.259809112,2,0,5,2,2,8,SWITCH_PRIMARY
490.259809112,2,4,5,2,2,8,REPLACE_BACKUP
490.259809112,2,8,5,2,2,8,SWITCH_PRIMARY
490.259809112,2,1,5,2,3,8,REFRESH_BACKUP
490.259809112,4,5,5,1,1,8,REFRESH
490.259809112,4,2,5,2,2,8,REPLACE_BACKUP
490.259809112,4,8,5,2,2,8,REPLACE_BACKUP
490.259809357,7,5,5,1,1,8,REFRESH
490.259809357,7,0,5,2,2,8,REFRESH_BACKUP
490.259809357,7,2,5,2,2,8,REFRESH
490.259809357,7,4,5,2,2,8,REPLACE_BACKUP
491.140172407,0,3,3,1,1,8,UPDATE
491.140172407,0,1,3,2,2,8,REFRESH_BACKUP
491.140172407,0,2,3,2,2,8,UPDATE
491.140172407,0,4,3,2,2,8,REFRESH_BACKUP
491.140172407,0,6,3,2,2,8,REFRESH_BACKUP
491.140172407,0,8,3,2,3,8,REPLACE_BACKUP
492.927412688,6,7,7,1,1,8,REFRESH
492.927412688,6,3,7,2,2,8,REPLACE_BACKUP
492.927412688,6,4,7,2,2,8,REFRESH_BACKUP
492.927412688,6,5,7,2,2,8,REFRESH
492.927412688,6,8,7,2,2,8,REFRESH_BACKUP
492.927412690,8,7,7,1,1,8,UPDATE
492.927412690,8,3,7,2,2,8,REFRESH_BACKUP
492.927412690,8,4,7,2,2,8,REFRESH_BACKUP
492.927412690,8,5,7,2,2,8,REFRESH_BACKUP
492.927412690,8,6,7,2,2,8,UPDATE
492.927412690,8,1,7,2,3,8,REFRESH_BACKUP
546.199941316,8,4,4,1,2,9,REFRESH
547.895938447,7,6,6,1,1,9,REFRESH
547.895938447,7,0,6,2,2,9,REFRESH
547.895938447,7,3,6,2,2,9,REPLACE_BACKUP
547.895938447,7,4,6,2,2,9,REPLACE_BACKUP
547.895938447,7,8,6,2,2,9,REFRESH_BACKUP
548.011305903,0,1,1,1,1,9,REFRESH
548.011305903,0,3,1,2,2,9,REFRESH_BACKUP
548.011305903,0,4,1,2,2,9,REPLACE_BACKUP
548.011305903,0,7,1,2,2,9,REFRESH_BACKUP
548.011305903,2,1,1,1,1,9,REFRESH
548.011305903,2,3,1,2,2,9,SWITCH_PRIMARY
548.011305903,2,4,1,2,2,9,REPLACE_BACKUP
548.011305903,2,7,1,2,2,9,REFRESH_BACKUP
548.011305903,2,8,1,2,3,9,REFRESH_BACKUP
548.011305903,4,1,1,1,1,9,REFRESH
548.011305903,4,7,1,2,2,9,REFRESH_BACKUP
548.209851271,5,8,8,1,1,9,REFRESH
548.209851271,5,3,8,2,2,9,REFRESH
548.209851271,5,7,8,2,2,9,REFRESH
548.209851271,5,4,8,2,3,9,REFRESH_BACKUP
548.209851271,7,8,8,1,1,9,REFRESH
548.209851271,7,5,8,2,2,9,REPLACE_BACKUP
548.209851860,6,8,8,1,1,9,REFRESH
548.209851860,6,3,8,2,2,9,REPLACE_BACKUP
548.209851860,6,5,8,2,2,9,REPLACE_BACKUP
550.259809112,2,5,5,1,1,9,REFRESH
550.259809112,2,0,5,2,2,9,REFRESH
550.259809112,2,4,5,2,2,9,REPLACE_BACKUP
550.259809112,2,8,5,2,2,9,REFRESH
550.259809112,2,1,5,2,3,9,REFRESH_BACKUP
550.259809112,4,5,5,1,1,9,REFRESH
550.259809112,4,2,5,2,2,9,REFRESH_BACKUP
550.259809112,4,8,5,2,2,9,REFRESH_BACKUP
550.259809357,1,5,5,1,2,9,REFRESH_BACKUP
550.259809357,1,8,5,2,3,9,REFRESH_BACKUP
551.080524407,0,3,3,1,1,9,REFRESH
551.080524407,0,1,3,2,2,9,REFRESH_BACKUP
551.080524407,0,2,3,2,2,9,REFRESH
551.080524407,0,4,3,2,2,9,REPLACE_BACKUP
551.080524407,0,6,3,2,2,9,REFRESH_BACKUP
551.080524407,0,8,3,2,3,9,REFRESH_BACKUP
552.927412688,4,7,7,1,1,9,REFRESH
552.927412688,4,3,7,2,2,9,REFRESH_BACKUP
552.927412688,4,6,7,2,2,9,REFRESH_BACKUP
552.927412688,4,8,7,2,2,9,REPLACE_BACKUP
552.927412688,6,7,7,1,1,9,REFRESH
552.927412688,6,3,7,2,2,9,REPLACE_BACKUP
552.927412688,6,4,7,2,2,9,REFRESH_BACKUP
552.927412688,6,5,7,2,2,9,REFRESH
552.927412688,6,8,7,2,2,9,REFRESH_BACKUP
552.927412690,8,7,7,1,1,9,REFRESH
552.927412690,8,3,7,2,2,9,REFRESH_BACKUP
552.927412690,8,4,7,2,2,9,SWITCH_PRIMARY
552.927412690,8,5,7,2,2,9,REFRESH_BACKUP
552.927412690,8,6,7,2,2,9,REFRESH
552.927412690,8,1,7,2,3,9,SWITCH_PRIMARY
552.927412933,3,7,7,1,1,9,SWITCH_PRIMARY
552.927412933,3,5,7,2,2,9,SWITCH_PRIMARY
552.927412933,3,8,7,2,2,9,REPLACE_BACKUP
603.285756271,1,2,2,1,1,10,SWITCH_PRIMARY
603.285756271,1,4,2,2,2,10,REPLACE_BACKUP
603.285756271,1,5,2,2,2,10,REPLACE_BACKUP
603.285756271,1,7,2,2,2,10,REPLACE_BACKUP
603.285756271,1,8,2,2,3,10,REPLACE_BACKUP
606.140293070,1,4,4,1,1,10,REFRESH
606.140293070,1,0,4,2,2,10,REFRESH
606.140293070,1,2,4,2,2,10,REFRESH_BACKUP
606.140293070,1,3,4,2,2,10,REFRESH_BACKUP
606.140293070,1,5,4,2,2,10,REFRESH
606.140293070,1,6,4,2,2,10,REFRESH
606.140293070,1,7,4,2,2,10,REPLACE_BACKUP
606.140293070,1,8,4,2,2,10,REFRESH
607.955586447,3,6,6,1,1,10,REFRESH
607.955586447,3,0,6,2,2,10,REFRESH_BACKUP
607.955586447,3,4,6,2,2,10,REFRESH_BACKUP
607.955586447,3,7,6,2,2,10,REFRESH_BACKUP
607.955586447,3,8,6,2,2,10,REFRESH
607.955586447,3,5,6,2,3,10,REFRESH_BACKUP
608.011305903,2,1,1,1,1,10,REFRESH
608.011305903,2,3,1,2,2,10,REFRESH
608.011305903,2,4,1,2,2,10,REPLACE_BACKUP
608.011305903,2,7,1,2,2,10,REFRESH_BACKUP
608.011305903,2,8,1,2,3,10,REFRESH_BACKUP
608.011306148,5,1,1,1,2,10,REFRESH
608.269499271,5,8,8,1,1,10,REFRESH
608.269499271,5,3,8,2,2,10,REFRESH
608.269499271,5,7,8,2,2,10,REFRESH
608.269499271,5,4,8,2,3,10,REFRESH_BACKUP
608.269499271,5,6,8,2,3,10,REPLACE_BACKUP
610.259809112,4,5,5,1,2,10,REFRESH
610.259809112,4,2,5,2,3,10,REFRESH_BACKUP
610.259809357,1,5,5,1,1,10,SWITCH_PRIMARY
610.259809357,1,0,5,2,2,10,SWITCH_PRIMARY
610.259809357,1,2,5,2,2,10,REPLACE_BACKUP
610.259809357,1,8,5,2,2,10,SWITCH_PRIMARY
611.080524407,0,3,3,1,1,10,REFRESH
611.080524407,0,1,3,2,2,10,REFRESH_BACKUP
611.080524407,0,2,3,2,2,10,REFRESH
611.080524407,0,4,3,2,2,10,REFRESH_BACKUP
611.080524407,0,6,3,2,2,10,REFRESH_BACKUP
611.080524407,0,7,3,2,2,10,REPLACE_BACKUP
611.080524407,0,8,3,2,3,10,REFRESH_BACKUP
612.927412688,6,7,7,1,2,10,REFRESH
612.927412688,6,3,7,2,3,10,REFRESH_BACKUP
612.927412688,6,4,7,2,3,10,REFRESH_BACKUP
612.927412688,6,5,7,2,3,10,REFRESH
612.927412688,6,8,7,2,3,10,REFRESH_BACKUP
612.927412690,8,7,7,1,1,10,REFRESH
612.927412690,8,3,7,2,2,10,REFRESH_BACKUP
612.927412690,8,4,7,2,2,10,REFRESH
612.927412690,8,5,7,2,2,10,REFRESH_BACKUP
612.927412690,8,6,7,2,2,10,REFRESH
612.927412690,8,1,7,2,3,10,REFRESH
612.927412933,3,7,7,1,2,10,REFRESH
612.927412933,3,5,7,2,3,10,REFRESH
612.927412933,3,8,7,2,3,10,REFRESH_BACKUP
663.285756271,1,2,2,1,1,11,REFRESH
663.285756271,1,4,2,2,2,11,REFRESH_BACKUP
663.285756271,1,7,2,2,2,11,REPLACE_BACKUP
666.140293070,1,4,4,1,1,11,REFRESH
666.140293070,1,0,4,2,2,11,SWITCH_PRIMARY
666.140293070,1,2,4,2,2,11,REPLACE_BACKUP
666.140293070,1,3,4,2,2,11,REFRESH_BACKUP
666.140293070,1,6,4,2,2,11,REFRESH
666.140293070,1,8,4,2,2,11,REFRESH_BACKUP
666.140293070,1,5,4,2,3,11,REFRESH_BACKUP
666.140293315,2,4,4,1,1,11,REFRESH
666.140293315,2,0,4,2,2,11,REFRESH_BACKUP
666.140293315,2,1,4,2,2,11,REPLACE_BACKUP
666.140293315,2,3,4,2,2,11,SWITCH_PRIMARY
666.140293315,2,6,4,2,2,11,REFRESH
666.140293315,2,7,4,2,2,11,REPLACE_BACKUP
666.140293315,2,8,4,2,2,11,REPLACE_BACKUP
666.140293315,2,5,4,2,3,11,REFRESH_BACKUP
666.502979985,3,0,0,1,1,11,REFRESH
666.502979985,3,1,0,2,2,11,REFRESH_BACKUP
666.502979985,3,4,0,2,2,11,REPLACE_BACKUP
666.502979985,3,6,0,2,2,11,REPLACE_BACKUP
666.502979985,3,7,0,2,2,11,SWITCH_PRIMARY
666.502979985,3,2,0,2,3,11,REPLACE_BACKUP
666.502979985,3,5,0,2,3,11,SWITCH_PRIMARY
666.502979985,3,8,0,2,3,11,REPLACE_BACKUP
668.011305903,0,1,1,1,1,11,REFRESH
668.011305903,0,2,1,2,2,11,REPLACE_BACKUP
668.011305903,0,3,1,2,2,11,REFRESH_BACKUP
668.011305903,0,4,1,2,2,11,REPLACE_BACKUP
668.011305903,0,8,1,2,3,11,REPLACE_BACKUP
668.011305903,2,1,1,1,1,11,REFRESH
668.011305903,2,3,1,2,2,11,SWITCH_PRIMARY
668.011305903,2,4,1,2,2,11,REFRESH_BACKUP
668.011305903,2,5,1,2,2,11,REPLACE_BACKUP
668.011305903,2,7,1,2,2,11,REPLACE_BACKUP
668.011305903,4,1,1,1,1,11,REFRESH
668.011305903,4,2,1,2,2,11,REPLACE_BACKUP
668.011305903,4,3,1,2,2,11,REPLACE_BACKUP
668.011305903,4,5,1,2,2,11,SWITCH_PRIMARY
668.011305903,4,7,1,2,2,11,REFRESH_BACKUP
668.011306148,5,1,1,1,1,11,UPDATE
668.011306148,5,3,1,2,2,11,REPLACE_BACKUP
668.011306148,5,4,1,2,2,11,REPLACE_BACKUP
668.011306148,5,7,1,2,2,11,REPLACE_BACKUP
668.011306148,5,6,1,2,3,11,REPLACE_BACKUP
668.011306148,5,8,1,2,3,11,REPLACE_BACKUP
668.209851271,5,8,8,1,1,11,REFRESH
668.209851271,5,3,8,2,2,11,REFRESH
668.209851271,5,7,8,2,2,11,REFRESH
668.209851271,5,6,8,2,3,11,REPLACE_BACKUP
668.209851271,7,8,8,1,1,11,REFRESH
668.209851271,7,3,8,2,2,11,REPLACE_BACKUP
668.209851271,7,5,8,2,2,11,REFRESH_BACKUP
668.209851860,2,8,8,1,1,11,SWITCH_PRIMARY
668.209851860,2,3,8,2,2,11,SWITCH_PRIMARY
670.319457112,2,5,5,1,1,11,REFRESH
670.319457112,2,0,5,2,2,11,REFRESH
670.319457112,2,4,5,2,2,11,REPLACE_BACKUP
670.319457112,2,8,5,2,2,11,REFRESH_BACKUP
672.927412688,6,7,7,1,1,11,UPDATE
672.927412688,6,3,7,2,2,11,REFRESH_BACKUP
672.927412688,6,4,7,2,2,11,REFRESH_BACKUP
672.927412688,6,5,7,2,2,11,UPDATE
672.927412688,6,8,7,2,2,11,REFRESH_BACKUP
673.203851437,8,3,3,1,0,1,POISON
673.203851437,8,3,7,2,2,10,PROMOTE_BACKUP
690.400000000,2,7,7,1,0,1,POISON
691.600000000,8,0,3,2,0,1,POISON_BACKUP
691.600000000,8,2,3,2,0,1,POISON_BACKUP
691.600000000,8,7,3,2,0,1,POISON_BACKUP
693.366040199,2,7,1,2,2,11,PROMOTE_BACKUP
723.285756516,4,2,2,1,1,12,REFRESH
723.285756516,4,5,2,2,2,12,REPLACE_BACKUP
726.140293315,2,4,4,1,1,12,REFRESH
726.140293315,2,0,4,2,2,12,SWITCH_PRIMARY
726.140293315,2,1,4,2,2,12,REFRESH_BACKUP
726.140293315,2,6,4,2,2,12,REFRESH
726.140293315,2,7,4,2,2,12,SWITCH_PRIMARY
726.140293315,2,8,4,2,2,12,REPLACE_BACKUP
728.011305903,2,1,1,1,2,12,REFRESH
728.011305903,2,3,1,2,3,12,REFRESH_BACKUP
728.011305903,2,5,1,2,3,12,REFRESH_BACKUP
728.011305903,2,7,1,2,3,12,REFRESH_BACKUP
728.011306148,5,1,1,1,1,12,REFRESH
728.011306148,5,2,1,2,2,12,REPLACE_BACKUP
728.011306148,5,3,1,2,2,12,SWITCH_PRIMARY
728.011306148,5,4,1,2,2,12,REFRESH_BACKUP
728.011306148,5,7,1,2,2,12,SWITCH_PRIMARY
728.011306148,5,8,1,2,3,12,REFRESH_BACKUP
728.209851271,5,8,8,1,1,12,REFRESH
728.209851271,5,7,8,2,2,12,REFRESH_BACKUP
728.209851271,5,3,8,2,3,12,REFRESH_BACKUP
728.209851271,5,6,8,2,3,12,REFRESH_BACKUP
728.209851271,7,8,8,1,1,12,REFRESH
728.209851271,7,5,8,2,2,12,REFRESH_BACKUP
728.209851271,7,3,8,2,3,12,REFRESH_BACKUP
728.209851515,4,8,8,1,1,12,REFRESH
728.209851515,4,5,8,2,2,12,SWITCH_PRIMARY
728.209851860,2,8,8,1,1,12,REFRESH
728.209851860,2,5,8,2,2,12,REPLACE_BACKUP
728.209851860,2,7,8,2,2,12,SWITCH_PRIMARY
728.209851860,2,3,8,2,3,12,REFRESH
728.209851860,6,8,8,1,1,12,REFRESH
728.209851860,6,5,8,2,2,12,SWITCH_PRIMARY
731.080524407,6,3,3,1,1,12,REFRESH
731.080524407,6,0,3,2,2,12,REFRESH_BACKUP
731.080524407,6,1,3,2,2,12,REPLACE_BACKUP
731.080524407,6,2,3,2,2,12,REFRESH
731.080524407,6,4,3,2,2,12,REPLACE_BACKUP
732.987060688,4,7,7,1,1,12,REFRESH
732.987060688,4,3,7,2,2,12,REPLACE_BACKUP
732.987060688,4,5,7,2,2,12,SWITCH_PRIMARY
732.987060688,4,6,7,2,2,12,REFRESH_BACKUP
732.987060688,4,8,7,2,2,12,REFRESH_BACKUP
732.987060688,6,7,7,1,1,12,REFRESH
732.987060688,6,3,7,2,2,12,REFRESH_BACKUP
732.987060688,6,5,7,2,2,12,SWITCH_PRIMARY
732.987060688,6,8,7,2,2,12,REFRESH_BACKUP
734.486059863,1,7,7,1,0,2,POISON
734.486059863,1,7,2,2,2,11,PROMOTE_BACKUP
751.600000000,8,6,6,1,0,2,POISON_BACKUP
788.209851271,5,8,8,1,1,13,REFRESH
788.209851271,5,7,8,2,2,13,SWITCH_PRIMARY
788.209851271,5,3,8,2,3,13,REFRESH_BACKUP
788.209851271,5,6,8,2,3,13,REFRESH_BACKUP
788.209851271,7,8,8,1,2,13,REFRESH
788.209851271,7,5,8,2,3,13,REFRESH_BACKUP
788.209851271,7,3,8,2,4,13,REFRESH_BACKUP
790.259809112,2,5,5,1,1,13,REFRESH
790.259809112,2,0,5,2,2,13,REFRESH_BACKUP
790.259809112,2,1,5,2,2,13,SWITCH_PRIMARY
790.259809112,2,4,5,2,2,13,REFRESH_BACKUP
790.259809112,2,8,5,2,2,13,REPLACE_BACKUP
790.259809112,2,3,5,2,3,13,REPLACE_BACKUP
791.080524652,1,3,3,1,2,13,REFRESH
791.080524652,1,6,3,2,3,13,REFRESH_BACKUP
791.080524652,1,7,3,2,4,13,ADD_BACKUP
792.927412688,6,7,7,1,1,13,REFRESH
792.927412688,6,3,7,2,2,13,REFRESH_BACKUP
792.927412688,6,4,7,2,2,13,REPLACE_BACKUP
792.927412688,6,5,7,2,2,13,REFRESH
792.927412688,6,8,7,2,3,13,REFRESH_BACKUP
792.927412690,8,7,7,1,1,13,REFRESH
792.927412690,8,3,7,2,2,13,REFRESH
792.927412690,8,4,7,2,2,13,REFRESH
792.927412690,8,5,7,2,2,13,REFRESH_BACKUP
792.927412690,8,6,7,2,2,13,REFRESH
792.927412690,8,0,7,2,3,13,REPLACE_BACKUP
792.927412690,8,1,7,2,3,13,REFRESH
792.927412690,8,2,7,2,3,13,REPLACE_BACKUP
792.927412933,3,7,7,1,2,13,REFRESH_BACKUP
792.927412933,3,5,7,2,3,13,REFRESH_BACKUP
843.285756516,4,2,2,1,1,14,REFRESH
843.285756516,4,5,2,2,2,14,REPLACE_BACKUP
846.199941070,1,4,4,1,1,14,REFRESH
846.199941070,1,0,4,2,2,14,REFRESH
846.199941070,1,2,4,2,2,14,REFRESH_BACKUP
846.199941070,1,3,4,2,2,14,SWITCH_PRIMARY
846.199941070,1,6,4,2,2,14,REFRESH
846.199941070,1,7,4,2,2,14,REPLACE_BACKUP
846.199941070,1,8,4,2,2,14,REFRESH_BACKUP
846.199941070,1,5,4,2,3,14,REFRESH_BACKUP
846.199941315,0,4,4,1,1,14,REFRESH
846.199941315,0,1,4,2,2,14,REPLACE_BACKUP
846.199941315,0,2,4,2,2,14,REPLACE_BACKUP
846.199941315,0,7,4,2,2,14,REPLACE_BACKUP
846.199941315,0,8,4,2,2,14,REPLACE_BACKUP
846.199941315,0,5,4,2,3,14,REFRESH_BACKUP
846.199941315,2,4,4,1,1,14,REFRESH
846.199941315,2,0,4,2,2,14,REFRESH
846.199941315,2,1,4,2,2,14,REPLACE_BACKUP
846.199941315,2,3,4,2,2,14,SWITCH_PRIMARY
846.199941315,2,6,4,2,2,14,REFRESH
846.199941315,2,7,4,2,2,14,SWITCH_PRIMARY
846.199941315,2,8,4,2,2,14,REPLACE_BACKUP
846.502979985,3,0,0,1,1,14,REFRESH
846.502979985,3,1,0,2,2,14,REFRESH_BACKUP
846.502979985,3,4,0,2,2,14,REFRESH_BACKUP
846.502979985,3,6,0,2,2,14,REFRESH_BACKUP
846.502979985,3,7,0,2,2,14,REFRESH
846.502979985,3,2,0,2,3,14,REFRESH_BACKUP
846.502979985,3,5,0,2,3,14,REFRESH
846.502979985,3,8,0,2,3,14,REFRESH_BACKUP
847.460710825,4,0,0,1,0,4,POISON
847.460710825,4,0,3,2,2,6,PROMOTE_BACKUP
847.895938447,3,6,6,1,1,14,REFRESH
847.895938447,3,0,6,2,2,14,REFRESH_BACKUP
847.895938447,3,4,6,2,2,14,REPLACE_BACKUP
847.895938447,3,7,6,2,2,14,REPLACE_BACKUP
847.895938447,3,8,6,2,2,14,REFRESH
847.895938447,3,2,6,2,3,14,REPLACE_BACKUP
847.895938447,3,5,6,2,3,14,REPLACE_BACKUP
847.895938447,7,6,6,1,1,14,REFRESH
847.895938447,7,0,6,2,2,14,REFRESH
847.895938447,7,3,6,2,2,14,REPLACE_BACKUP
847.895938447,7,4,6,2,2,14,REFRESH_BACKUP
847.895938447,7,8,6,2,2,14,SWITCH_PRIMARY
847.895938447,7,5,6,2,3,14,REPLACE_BACKUP
848.011305903,0,1,1,1,1,14,REFRESH
848.011305903,0,2,1,2,2,14,SWITCH_PRIMARY
848.011305903,0,4,1,2,2,14,REFRESH_BACKUP
848.011305903,0,5,1,2,2,14,SWITCH_PRIMARY
848.011305903,0,3,1,2,3,14,REFRESH_BACKUP
848.011305903,2,1,1,1,1,14,SWITCH_PRIMARY
848.011305903,2,5,1,2,2,14,REPLACE_BACKUP
848.011305903,2,3,1,2,3,14,REPLACE_BACKUP
848.011306148,3,1,1,1,2,14,REFRESH
848.011306148,5,1,1,1,1,14,REFRESH
848.011306148,5,2,1,2,2,14,REFRESH_BACKUP
848.011306148,5,4,1,2,2,14,REFRESH_BACKUP
848.011306148,5,3,1,2,3,14,REFRESH
848.011306148,5,7,1,2,3,14,REFRESH_BACKUP
848.011306148,5,8,1,2,3,14,REFRESH_BACKUP
848.209851271,5,8,8,1,1,14,REFRESH
848.209851271,5,7,8,2,2,14,REFRESH
848.209851271,5,3,8,2,3,14,REFRESH_BACKUP
848.209851271,5,6,8,2,3,14,REFRESH_BACKUP
848.209851515,4,8,8,1,2,14,REFRESH
848.209851860,2,8,8,1,2,14,REFRESH
848.209851860,2,7,8,2,3,14,REFRESH_BACKUP
850.254689112,2,5,5,1,1,14,REFRESH
850.254689112,2,1,5,2,2,14,REFRESH_BACKUP
850.254689112,2,4,5,2,2,14,REFRESH_BACKUP
850.254689112,2,8,5,2,2,14,SWITCH_PRIMARY
850.254689112,2,7,5,2,3,14,REPLACE_BACKUP
850.254689357,1,5,5,1,2,14,REFRESH
850.254689357,1,8,5,2,3,14,REFRESH
852.922292688,6,7,7,1,1,14,REFRESH
852.922292688,6,3,7,2,2,14,REFRESH_BACKUP
852.922292688,6,5,7,2,2,14,REFRESH
852.922292688,6,8,7,2,3,14,REFRESH_BACKUP
854.241123005,0,7,7,1,0,4,POISON
854.241123005,0,7,4,2,2,14,PROMOTE_BACKUP
855.759718254,5,0,0,1,0,4,POISON
855.759718254,5,0,4,2,2,5,PROMOTE_BACKUP
870.000000000,0,5,7,2,0,4,POISON_BACKUP
870.400000000,2,6,6,1,0,4,POISON_BACKUP
871.400000000,7,4,4,1,0,4,POISON
871.400000000,7,6,4,2,0,4,POISON_BACKUP
881.343628029,7,4,6,2,2,14,PROMOTE_BACKUP
904.795330447,3,2,2,1,0,5,POISON
904.795330447,3,2,6,2,3,14,PROMOTE_BACKUP
906.098559366,5,2,2,1,0,5,POISON
906.098559366,5,2,1,2,2,14,PROMOTE_BACKUP
906.140293070,1,4,4,1,1,15,REFRESH
906.140293070,1,2,4,2,2,15,REFRESH_BACKUP
906.140293070,1,3,4,2,2,15,REFRESH
906.140293070,1,6,4,2,2,15,REFRESH
906.140293070,1,7,4,2,2,15,SWITCH_PRIMARY
906.140293070,1,0,4,2,3,15,REFRESH
906.140293070,1,5,4,2,3,15,REFRESH_BACKUP
906.140293070,1,8,4,2,3,15,SWITCH_PRIMARY
906.502979985,3,0,0,1,1,15,REFRESH
906.502979985,3,1,0,2,2,15,SWITCH_PRIMARY
906.502979985,3,6,0,2,2,15,REFRESH_BACKUP
906.502979985,3,5,0,2,3,15,REFRESH
906.502979985,3,7,0,2,3,15,REFRESH
906.502979985,3,8,0,2,3,15,REFRESH_BACKUP
906.502980576,6,0,0,1,1,15,REFRESH
906.502980576,6,1,0,2,2,15,REFRESH
906.502980576,6,3,0,2,2,15,REPLACE_BACKUP
906.502980576,6,8,0,2,3,15,REPLACE_BACKUP
907.955587038,0,6,6,1,2,15,REFRESH
907.955587038,0,7,6,2,3,15,ADD_BACKUP
907.955587038,0,8,6,2,3,15,REFRESH
907.955587038,0,5,6,2,4,15,REPLACE_BACKUP
908.011305903,2,1,1,1,1,15,REFRESH
908.011305903,2,4,1,2,2,15,REPLACE_BACKUP
908.011305903,2,3,1,2,3,15,REFRESH_BACKUP
908.011305903,2,6,1,2,3,15,REPLACE_BACKUP
908.011305903,2,5,1,2,3,15,REFRESH_BACKUP
908.011306148,5,1,1,1,1,15,REFRESH
908.011306148,5,4,1,2,2,15,REFRESH_BACKUP
908.011306148,5,3,1,2,3,15,REFRESH
908.011306148,5,6,1,2,3,15,REPLACE_BACKUP
908.011306148,5,7,1,2,3,15,REFRESH_BACKUP
908.011306148,5,0,1,2,4,15,ADD_BACKUP
908.011306148,5,8,1,2,4,15,REFRESH_BACKUP
910.244449112,2,5,5,1,1,15,REFRESH
910.244449112,2,1,5,2,2,15,REFRESH_BACKUP
910.244449112,2,8,5,2,2,15,REFRESH
910.244449112,2,7,5,2,3,15,REFRESH_BACKUP
910.759718254,5,4,4,1,0,5,POISON
910.759718254,5,4,1,2,2,15,PROMOTE_BACKUP
911.203851437,8,2,5,2,0,5,POISON
911.203851437,8,2,7,2,3,13,PROMOTE_BACKUP
911.759718254,5,6,4,2,0,5,POISON
911.759718254,5,6,1,2,3,15,PROMOTE_BACKUP
912.039271679,4,6,6,1,0,5,POISON
912.039271679,4,6,7,2,2,12,PROMOTE_BACKUP
912.917172688,4,7,7,1,1,15,REFRESH
912.917172688,4,5,7,2,2,15,REFRESH
912.917172688,4,0,7,2,3,15,ADD_BACKUP
912.917172688,4,8,7,2,3,15,REFRESH_BACKUP
912.917172688,6,7,7,1,1,15,REFRESH
912.917172688,6,5,7,2,2,15,REFRESH
912.917172688,6,4,7,2,3,15,REFRESH_BACKUP
912.917172688,6,8,7,2,3,15,REPLACE_BACKUP
912.917172933,3,7,7,1,1,15,SWITCH_PRIMARY
912.917172933,3,5,7,2,2,15,SWITCH_PRIMARY
912.917172933,3,6,7,2,2,15,REPLACE_BACKUP
912.917172933,3,8,7,2,3,15,REPLACE_BACKUP
912.958782531,7,3,3,1,0,5,POISON
912.958782531,7,3,6,2,2,14,PROMOTE_BACKUP
916.098559121,6,4,4,1,0,5,POISON
916.098559121,6,4,7,2,3,15,PROMOTE_BACKUP
916.203851437,8,5,5,1,0,5,POISON
916.203851437,8,5,7,2,2,13,PROMOTE_BACKUP
916.958782531,7,1,3,2,0,5,POISON
918.203851437,8,0,5,2,0,5,POISON
918.203851437,8,0,7,2,3,13,PROMOTE_BACKUP
919.759718254,5,0,4,2,0,5,POISON
919.759718254,5,0,1,2,4,15,PROMOTE_BACKUP
930.600000000,3,4,4,1,0,5,POISON
931.000000000,5,1,4,2,0,5,POISON_BACKUP
931.200000000,6,2,4,2,0,5,POISON_BACKUP
931.200000000,6,7,4,2,0,5,POISON_BACKUP
931.226146913,3,4,6,2,2,14,PROMOTE_BACKUP
931.400000000,7,2,3,2,0,5,POISON_BACKUP
931.600000000,8,1,5,2,0,5,POISON_BACKUP
966.199941070,1,4,4,1,1,16,REFRESH
966.199941070,1,2,4,2,2,16,REFRESH_BACKUP
966.199941070,1,3,4,2,2,16,REFRESH
966.199941070,1,7,4,2,2,16,REFRESH
966.199941070,1,0,4,2,3,16,REFRESH
966.199941070,1,5,4,2,3,16,REFRESH_BACKUP
966.199941070,1,6,4,2,3,16,REFRESH
966.199941070,1,8,4,2,3,16,REFRESH
966.199941070,5,4,4,1,1,16,SWITCH_PRIMARY
966.199941070,5,1,4,2,2,16,REFRESH_BACKUP
966.199941070,5,2,4,2,2,16,ADD_BACKUP
966.199941070,5,3,4,2,2,16,SWITCH_PRIMARY
966.199941070,5,7,4,2,2,16,SWITCH_PRIMARY
966.199941070,5,0,4,2,3,16,SWITCH_PRIMARY
966.199941070,5,6,4,2,3,16,ADD_BACKUP
966.199941070,5,8,4,2,3,16,REPLACE_BACKUP
967.895938447,3,6,6,1,1,16,REFRESH
967.895938447,3,0,6,2,2,16,REFRESH_BACKUP
967.895938447,3,7,6,2,2,16,REPLACE_BACKUP
967.895938447,3,8,6,2,2,16,REFRESH
967.895938447,3,2,6,2,3,16,REFRESH
967.895938447,3,5,6,2,3,16,REPLACE_BACKUP
967.895938447,3,4,6,2,4,16,REFRESH
967.895938447,7,6,6,1,1,16,REFRESH
967.895938447,7,0,6,2,2,16,REFRESH
967.895938447,7,3,6,2,2,16,REFRESH
967.895938447,7,8,6,2,2,16,REFRESH
967.895938447,7,1,6,2,3,16,NEW
967.895938447,7,2,6,2,3,16,REPLACE_BACKUP
967.895938447,7,5,6,2,3,16,REFRESH_BACKUP
967.895938447,7,4,6,2,4,16,REFRESH
967.895938692,4,6,6,1,1,16,SWITCH_PRIMARY
967.895938692,4,0,6,2,2,16,REPLACE_BACKUP
967.895938692,4,3,6,2,2,16,REPLACE_BACKUP
967.895938692,4,8,6,2,2,16,SWITCH_PRIMARY
967.895939038,0,6,6,1,1,16,UPDATE
967.895939038,0,3,6,2,2,16,REPLACE_BACKUP
967.895939038,0,7,6,2,2,16,SWITCH_PRIMARY
967.895939038,0,8,6,2,2,16,UPDATE
967.895939038,0,5,6,2,3,16,REFRESH_BACKUP
968.011305903,0,1,1,1,1,16,REFRESH
968.011305903,0,2,1,2,2,16,REFRESH
968.011305903,0,4,1,2,2,16,REFRESH_BACKUP
968.011305903,0,5,1,2,3,16,REFRESH
968.011305903,2,1,1,1,1,16,REFRESH
968.011305903,2,4,1,2,2,16,REFRESH_BACKUP
968.011305903,2,3,1,2,3,16,REFRESH_BACKUP
968.011305903,2,7,1,2,3,16,REPLACE_BACKUP
968.011305903,2,5,1,2,3,16,REFRESH_BACKUP
968.011305903,2,6,1,2,4,16,REFRESH_BACKUP
968.011305903,4,1,1,1,1,16,REFRESH
968.011305903,4,2,1,2,2,16,REFRESH_BACKUP
968.011305903,4,7,1,2,3,16,REFRESH_BACKUP
968.011306148,3,1,1,1,2,16,REFRESH_BACKUP
968.011306148,3,2,1,2,3,16,ADD_BACKUP
968.011306148,3,4,1,2,3,16,SWITCH_PRIMARY
971.140172998,5,3,3,1,1,16,SWITCH_PRIMARY
971.140172998,5,0,3,2,2,16,SWITCH_PRIMARY
971.140172998,5,6,3,2,2,16,SWITCH_PRIMARY
971.140172998,5,7,3,2,2,16,SWITCH_PRIMARY
971.140172998,5,8,3,2,3,16,REPLACE_BACKUP
971.460710825,4,3,3,1,0,6,POISON
971.460710825,4,3,6,2,2,16,PROMOTE_BACKUP
972.987060688,6,7,7,1,2,16,REFRESH
972.987060688,6,5,7,2,3,16,REFRESH
972.987060688,6,2,7,2,4,16,REPLACE_BACKUP
972.987060688,6,8,7,2,4,16,REFRESH_BACKUP
972.987060688,6,4,7,2,6,16,REFRESH
974.460710825,4,0,3,2,0,6,POISON
974.460710825,4,0,6,2,2,16,PROMOTE_BACKUP
990.800000000,4,1,3,2,0,6,POISON_BACKUP
1023.285756271,1,2,2,1,1,17,REFRESH
1023.285756271,1,4,2,2,2,17,REFRESH_BACKUP
1023.285756271,1,5,2,2,2,17,SWITCH_PRIMARY
1023.285756271,1,0,2,2,3,17,SWITCH_PRIMARY
1023.285756271,1,6,2,2,3,17,SWITCH_PRIMARY
1023.285756271,1,7,2,2,3,17,REFRESH_BACKUP
1023.285756271,1,8,2,2,3,17,SWITCH_PRIMARY
1026.140293070,1,4,4,1,1,17,REFRESH
1026.140293070,1,2,4,2,2,17,REFRESH_BACKUP
1026.140293070,1,6,4,2,2,17,SWITCH_PRIMARY
1026.140293070,1,7,4,2,2,17,REFRESH
1026.140293070,1,0,4,2,3,17,SWITCH_PRIMARY
1026.140293070,1,3,4,2,3,17,REFRESH
1026.140293070,1,8,4,2,3,17,REFRESH_BACKUP
1026.140293315,0,4,4,1,1,17,REFRESH
1026.140293315,0,1,4,2,2,17,REFRESH_BACKUP
1026.140293315,0,2,4,2,2,17,SWITCH_PRIMARY
1026.140293315,0,6,4,2,2,17,REPLACE_BACKUP
1026.140293315,0,7,4,2,2,17,REFRESH_BACKUP
1026.140293315,0,8,4,2,3,17,REFRESH_BACKUP
1028.011305903,2,1,1,1,1,17,REFRESH
1028.011305903,2,4,1,2,2,17,REFRESH_BACKUP
1028.011305903,2,5,1,2,3,17,REFRESH_BACKUP
1028.011305903,2,6,1,2,3,17,REFRESH_BACKUP
1028.011305903,2,7,1,2,3,17,REFRESH_BACKUP
1028.011305903,2,3,1,2,3,17,REFRESH_BACKUP
1028.011306148,5,1,1,1,1,17,REFRESH
1028.011306148,5,2,1,2,2,17,REFRESH
1028.011306148,5,4,1,2,2,17,REFRESH_BACKUP
1028.011306148,5,6,1,2,3,17,REFRESH_BACKUP
1028.209851271,5,8,8,1,1,17,REFRESH
1028.209851271,5,7,8,2,2,17,SWITCH_PRIMARY
1028.209851271,5,6,8,2,3,17,REPLACE_BACKUP
1028.209851271,7,8,8,1,1,17,SWITCH_PRIMARY
1028.209851271,7,3,8,2,3,17,ADD_BACKUP
1028.209851271,7,4,8,2,3,17,SWITCH_PRIMARY
1028.209851271,7,5,8,2,3,17,REPLACE_BACKUP
1028.209851271,7,6,8,2,3,17,REPLACE_BACKUP
1028.209851271,7,1,8,2,4,17,ADD_BACKUP
1028.209851515,4,8,8,1,1,17,SWITCH_PRIMARY
1028.209851515,4,7,8,2,2,17,REPLACE_BACKUP
1028.209851515,4,3,8,2,3,17,ADD_BACKUP
1028.209851515,4,0,8,2,4,17,ADD_BACKUP
1028.209851515,4,1,8,2,4,17,REPLACE_BACKUP
1030.259809112,2,5,5,1,1,17,REFRESH
1030.259809112,2,1,5,2,2,17,REFRESH_BACKUP
1030.259809112,2,3,5,2,2,17,SWITCH_PRIMARY
1030.259809112,2,4,5,2,2,17,REPLACE_BACKUP
1030.259809112,2,8,5,2,2,17,REFRESH
1030.259809112,2,0,5,2,3,17,REFRESH_BACKUP
1031.080524407,0,3,3,1,2,17,REFRESH
1083.285756271,1,2,2,1,1,18,REFRESH
1083.285756271,1,4,2,2,2,18,REFRESH_BACKUP
1083.285756271,1,5,2,2,2,18,REFRESH
1083.285756271,1,0,2,2,3,18,SWITCH_PRIMARY
1083.285756271,1,6,2,2,3,18,REFRESH_BACKUP
1083.285756271,1,7,2,2,3,18,REFRESH_BACKUP
1083.285756271,1,8,2,2,3,18,REFRESH
1088.209851271,5,8,8,1,1,18,REFRESH
1088.209851271,5,7,8,2,2,18,REFRESH
1088.209851271,5,6,8,2,3,18,REFRESH_BACKUP
1088.209851271,7,8,8,1,2,18,REFRESH
1088.209851271,7,3,8,2,4,18,REFRESH_BACKUP
1088.209851271,7,4,8,2,4,18,REFRESH
1088.209851271,7,5,8,2,4,18,REFRESH_BACKUP
1088.209851271,7,6,8,2,4,18,REFRESH_BACKUP
1088.209851271,7,1,8,2,5,18,REFRESH_BACKUP
1088.209851515,4,8,8,1,1,18,REFRESH
1088.209851515,4,7,8,2,2,18,REFRESH_BACKUP
1088.209851515,4,3,8,2,3,18,REFRESH_BACKUP
1088.209851515,4,0,8,2,4,18,REFRESH_BACKUP
1088.209851515,4,1,8,2,4,18,REFRESH_BACKUP
1090.259809112,2,5,5,1,1,18,REFRESH
1090.259809112,2,1,5,2,2,18,REFRESH_BACKUP
1090.259809112,2,3,5,2,2,18,REFRESH
1090.259809112,2,4,5,2,2,18,REFRESH_BACKUP
1090.259809112,2,8,5,2,2,18,REFRESH
1090.259809112,2,0,5,2,3,18,REFRESH_BACKUP
1090.259809112,2,7,5,2,3,18,REPLACE_BACKUP
1090.259809112,4,1,5,2,3,18,REPLACE_BACKUP
1091.140172407,0,3,3,1,1,18,UPDATE
1091.140172407,0,6,3,2,2,18,REPLACE_BACKUP
1091.140172407,0,7,3,2,2,18,SWITCH_PRIMARY
1091.140172407,0,5,3,2,3,18,SWITCH_PRIMARY
1092.795330447,7,5,5,1,0,8,POISON
1092.795330447,7,5,8,2,4,18,PROMOTE_BACKUP
1093.030595037,4,7,7,1,1,18,REFRESH
1093.030595037,4,6,7,2,2,18,REFRESH_BACKUP
1093.030595037,4,0,7,2,3,18,REPLACE_BACKUP
1093.030595037,4,3,7,2,3,18,REPLACE_BACKUP
1093.030595037,4,5,7,2,5,18,REFRESH
1093.030595037,6,7,7,1,1,18,UPDATE
1093.030595037,6,8,7,2,3,18,REFRESH_BACKUP
1093.030595037,6,4,7,2,5,18,UPDATE
1093.030595037,6,5,7,2,5,18,REFRESH
1093.030595039,8,7,7,1,1,18,REFRESH
1093.030595039,8,6,7,2,2,18,REFRESH
1093.030595039,8,0,7,2,3,18,REFRESH
1093.030595039,8,3,7,2,3,18,REFRESH
1093.030595039,8,1,7,2,4,18,REFRESH
1093.030595039,8,4,7,2,5,18,REFRESH
1093.030595039,8,5,7,2,5,18,REFRESH
1093.030595282,3,7,7,1,1,18,REFRESH
1093.030595282,3,6,7,2,2,18,REFRESH_BACKUP
1093.030595282,3,8,7,2,3,18,REFRESH_BACKUP
1093.030595282,3,5,7,2,5,18,REFRESH
1093.030595282,5,7,7,1,1,18,SWITCH_PRIMARY
1093.030595282,5,6,7,2,2,18,SWITCH_PRIMARY
1093.030595282,5,0,7,2,3,18,REPLACE_BACKUP
1099.958782531,7,2,5,2,0,8,POISON
1099.958782531,7,2,6,2,3,16,PROMOTE_BACKUP
1111.400000000,7,0,5,2,0,8,POISON_BACKUP
1143.345404271,1,2,2,1,1,19,REFRESH
1143.345404271,1,4,2,2,2,19,REFRESH_BACKUP
1143.345404271,1,5,2,2,2,19,REFRESH
1143.345404271,1,0,2,2,3,19,REFRESH
1143.345404271,1,3,2,2,3,19,SWITCH_PRIMARY
1143.345404271,1,6,2,2,3,19,REFRESH_BACKUP
1143.345404271,1,7,2,2,3,19,REFRESH_BACKUP
1143.345404271,1,8,2,2,3,19,REFRESH
1143.345404516,4,2,2,1,1,19,REFRESH
1143.345404516,4,1,2,2,2,19,REPLACE_BACKUP
1143.345404516,4,5,2,2,2,19,SWITCH_PRIMARY
1143.345404862,8,2,2,1,2,19,SWITCH_PRIMARY
1143.345404862,8,1,2,2,3,19,SWITCH_PRIMARY
1143.345404862,8,4,2,2,3,19,SWITCH_PRIMARY
1143.345404862,8,5,2,2,3,19,SWITCH_PRIMARY
1143.345404862,8,0,2,2,4,19,ADD_BACKUP
1143.345404862,8,3,2,2,4,19,ADD_BACKUP
1143.345404862,8,6,2,2,4,19,REPLACE_BACKUP
1143.345404862,8,7,2,2,4,19,REPLACE_BACKUP
1143.345405001,3,2,2,1,2,19,SWITCH_PRIMARY
1143.345405001,3,4,2,2,3,19,REPLACE_BACKUP
1143.345405001,3,5,2,2,3,19,SWITCH_PRIMARY
1146.140293070,3,4,4,1,1,19,SWITCH_PRIMARY
1146.140293070,3,1,4,2,2,19,SWITCH_PRIMARY
1146.140293070,3,2,4,2,2,19,SWITCH_PRIMARY
1146.140293070,3,7,4,2,2,19,REPLACE_BACKUP
1146.140293070,3,8,4,2,2,19,SWITCH_PRIMARY
1146.140293070,3,5,4,2,3,19,SWITCH_PRIMARY
1146.140293070,5,4,4,1,1,19,REFRESH
1146.140293070,5,1,4,2,2,19,REFRESH_BACKUP
1146.140293070,5,2,4,2,2,19,SWITCH_PRIMARY
1146.140293070,5,6,4,2,2,19,REPLACE_BACKUP
1146.140293070,5,8,4,2,2,19,REPLACE_BACKUP
1146.140293070,5,0,4,2,3,19,REPLACE_BACKUP
1146.140293070,5,3,4,2,3,19,REFRESH_BACKUP
1146.140293070,7,4,4,1,1,19,SWITCH_PRIMARY
1146.140293070,7,1,4,2,2,19,SWITCH_PRIMARY
1146.140293070,7,2,4,2,2,19,SWITCH_PRIMARY
1146.140293070,7,6,4,2,2,19,REPLACE_BACKUP
1146.140293070,7,8,4,2,2,19,SWITCH_PRIMARY
1146.140293070,7,0,4,2,3,19,REPLACE_BACKUP
1146.140293070,7,3,4,2,3,19,REPLACE_BACKUP
1146.140293070,7,5,4,2,3,19,SWITCH_PRIMARY
1146.140293315,2,4,4,1,1,19,REFRESH
1146.140293315,2,1,4,2,2,19,REPLACE_BACKUP
1146.140293315,2,6,4,2,2,19,REFRESH
1146.140293315,2,7,4,2,2,19,REFRESH
1146.140293315,2,8,4,2,2,19,SWITCH_PRIMARY
1146.140293315,2,0,4,2,3,19,REFRESH
1146.140293315,2,3,4,2,3,19,REFRESH_BACKUP
1146.140293315,2,5,4,2,3,19,REPLACE_BACKUP
1146.140293315,6,4,4,1,2,19,SWITCH_PRIMARY
1146.140293315,6,2,4,2,3,19,REPLACE_BACKUP
1146.140293315,6,7,4,2,3,19,REFRESH_BACKUP
1146.140293315,6,5,4,2,4,19,SWITCH_PRIMARY
1147.849348302,3,6,6,1,1,19,REFRESH
1147.849348302,3,0,6,2,2,19,REFRESH_BACKUP
1147.849348302,3,8,6,2,2,19,SWITCH_PRIMARY
1147.849348302,3,4,6,2,3,19,REPLACE_BACKUP
1147.849348302,7,6,6,1,2,19,REFRESH
1147.849348302,7,0,6,2,3,19,REFRESH
1147.849348302,7,3,6,2,3,19,REFRESH
1147.849348302,7,1,6,2,4,19,REFRESH_BACKUP
1147.849348302,7,2,6,2,4,19,REFRESH_BACKUP
1147.849349032,1,6,6,1,1,19,SWITCH_PRIMARY
1147.849349032,1,0,6,2,2,19,SWITCH_PRIMARY
1147.849349032,1,3,6,2,2,19,SWITCH_PRIMARY
1147.849349032,1,7,6,2,2,19,REPLACE_BACKUP
1147.849349032,1,8,6,2,2,19,SWITCH_PRIMARY
1148.011305903,2,1,1,1,1,19,REFRESH
1148.011305903,2,6,1,2,2,19,REFRESH_BACKUP
1148.011305903,2,0,1,2,3,19,SWITCH_PRIMARY
1148.011305903,2,3,1,2,3,19,REPLACE_BACKUP
1148.011305903,4,1,1,1,1,19,REFRESH
1148.011305903,4,2,1,2,2,19,REFRESH_BACKUP
1148.011305903,4,6,1,2,2,19,REPLACE_BACKUP
1148.011305903,4,0,1,2,3,19,REPLACE_BACKUP
1148.011305903,4,5,1,2,3,19,REPLACE_BACKUP
1148.011306148,5,1,1,1,1,19,REFRESH
1148.011306148,5,2,1,2,2,19,SWITCH_PRIMARY
1148.011306148,5,4,1,2,2,19,REFRESH_BACKUP
1148.209851271,5,8,8,1,1,19,REFRESH
1148.209851271,5,7,8,2,2,19,REFRESH_BACKUP
1148.209851271,7,8,8,1,1,19,SWITCH_PRIMARY
1148.209851271,7,2,8,2,3,19,REPLACE_BACKUP
1148.209851271,7,1,8,2,4,19,REPLACE_BACKUP
1148.209851271,7,4,8,2,4,19,REFRESH_BACKUP
1148.209851271,7,5,8,2,4,19,REFRESH_BACKUP
1150.319457112,2,5,5,1,1,19,REFRESH
1150.319457112,2,3,5,2,2,19,REFRESH
1150.319457112,2,4,5,2,2,19,REFRESH_BACKUP
1150.319457112,2,7,5,2,2,19,REFRESH_BACKUP
1150.319457112,2,8,5,2,2,19,REFRESH_BACKUP
1150.319457112,2,0,5,2,3,19,REPLACE_BACKUP
1150.319457112,4,5,5,1,1,19,SWITCH_PRIMARY
1150.319457112,4,1,5,2,2,19,REPLACE_BACKUP
1150.319457112,4,3,5,2,2,19,SWITCH_PRIMARY
1150.319457112,4,0,5,2,3,19,REPLACE_BACKUP
1150.319457114,8,5,5,1,1,19,SWITCH_PRIMARY
1150.319457114,8,1,5,2,2,19,SWITCH_PRIMARY
1150.319457114,8,3,5,2,2,19,SWITCH_PRIMARY
1150.319457114,8,4,5,2,2,19,SWITCH_PRIMARY
1150.319457114,8,7,5,2,2,19,REPLACE_BACKUP
1150.319457114,8,0,5,2,3,19,SWITCH_PRIMARY
1150.319457114,8,2,5,2,3,19,REPLACE_BACKUP
1150.319457114,8,6,5,2,3,19,REPLACE_BACKUP
1150.319457357,1,5,5,1,2,19,REFRESH_BACKUP
1151.080524407,4,3,3,1,1,19,SWITCH_PRIMARY
1151.080524407,4,0,3,2,2,19,REPLACE_BACKUP
1151.080524652,1,3,3,1,1,19,SWITCH_PRIMARY
1151.080524652,1,0,3,2,2,19,REPLACE_BACKUP
1151.080524652,1,6,3,2,2,19,REPLACE_BACKUP
1151.080524652,1,7,3,2,2,19,SWITCH_PRIMARY
1151.080524652,1,8,3,2,3,19,REPLACE_BACKUP
1151.080524998,5,3,3,1,2,19,REFRESH
1151.080524998,5,0,3,2,3,19,REFRESH
1152.987060688,4,7,7,1,1,19,REFRESH
1152.987060688,6,7,7,1,1,19,REFRESH
1152.987060688,6,4,7,2,2,19,SWITCH_PRIMARY
1152.987060688,6,8,7,2,2,19,REFRESH_BACKUP
1152.987060688,6,2,7,2,3,19,REPLACE_BACKUP
1152.987060688,6,5,7,2,4,19,SWITCH_PRIMARY
1152.987060690,8,7,7,1,2,19,REFRESH
1152.987060690,8,6,7,2,4,19,REFRESH
1152.987060690,8,0,7,2,5,19,REFRESH_BACKUP
1152.987060690,8,3,7,2,5,19,REFRESH_BACKUP
1152.987060933,3,7,7,1,2,19,REFRESH
1152.987060933,3,6,7,2,4,19,REFRESH_BACKUP
1152.987060933,5,7,7,1,2,19,REFRESH
1152.987060933,5,6,7,2,4,19,REFRESH
1203.285756271,1,2,2,1,2,20,REFRESH
1203.285756271,1,4,2,2,3,20,REFRESH_BACKUP
1203.285756271,1,5,2,2,3,20,REFRESH
1203.285756271,5,2,2,1,1,20,SWITCH_PRIMARY
1203.285756271,5,1,2,2,2,20,REPLACE_BACKUP
1203.285756271,5,4,2,2,2,20,REPLACE_BACKUP
1203.285756271,5,6,2,2,3,20,SWITCH_PRIMARY
1203.285756516,4,2,2,1,1,20,REFRESH
1203.285756516,4,1,2,2,2,20,REPLACE_BACKUP
1203.285756516,4,5,2,2,2,20,REFRESH_BACKUP
1206.140293070,1,4,4,1,1,20,REFRESH
1206.140293070,1,2,4,2,2,20,SWITCH_PRIMARY
1206.140293070,1,5,4,2,2,20,SWITCH_PRIMARY
1206.140293070,1,6,4,2,2,20,REPLACE_BACKUP
1206.140293070,1,7,4,2,2,20,SWITCH_PRIMARY
1206.140293070,1,8,4,2,2,20,SWITCH_PRIMARY
1206.140293070,3,4,4,1,2,20,REFRESH
1206.140293070,3,1,4,2,3,20,REFRESH
1206.140293070,3,2,4,2,3,20,REFRESH
1206.140293070,3,5,4,2,3,20,REFRESH
1206.140293070,3,6,4,2,3,20,REPLACE_BACKUP
1206.140293070,3,7,4,2,3,20,REFRESH_BACKUP
1206.140293070,3,8,4,2,3,20,REFRESH_BACKUP
1206.140293070,5,4,4,1,1,20,REFRESH
1206.140293070,5,3,4,2,2,20,SWITCH_PRIMARY
1206.140293070,5,6,4,2,2,20,SWITCH_PRIMARY
1206.140293070,5,7,4,2,2,20,SWITCH_PRIMARY
1206.140293070,5,8,4,2,2,20,REFRESH_BACKUP
1206.140293070,5,0,4,2,3,20,SWITCH_PRIMARY
1206.140293070,7,4,4,1,1,20,REFRESH
1206.140293070,7,1,4,2,2,20,REFRESH
1206.140293070,7,2,4,2,2,20,REFRESH
1206.140293070,7,3,4,2,2,20,SWITCH_PRIMARY
1206.140293070,7,5,4,2,2,20,UPDATE
1206.140293070,7,6,4,2,2,20,SWITCH_PRIMARY
1206.140293070,7,8,4,2,2,20,REFRESH_BACKUP
1206.140293070,7,0,4,2,3,20,SWITCH_PRIMARY
1206.140293315,0,4,4,1,1,20,REFRESH
1206.140293315,0,1,4,2,2,20,REFRESH_BACKUP
1206.140293315,0,2,4,2,2,20,REFRESH
1206.140293315,0,5,4,2,2,20,SWITCH_PRIMARY
1206.140293315,0,7,4,2,2,20,REPLACE_BACKUP
1206.140293315,0,8,4,2,2,20,SWITCH_PRIMARY
1206.140293315,6,4,4,1,1,20,SWITCH_PRIMARY
1206.140293315,6,1,4,2,2,20,SWITCH_PRIMARY
1206.140293315,6,2,4,2,2,20,SWITCH_PRIMARY
1206.140293315,6,5,4,2,2,20,SWITCH_PRIMARY
1206.140293315,6,7,4,2,2,20,REFRESH_BACKUP
1206.140293316,8,4,4,1,2,20,REPLACE_BACKUP
1206.140293316,8,3,4,2,3,20,REPLACE_BACKUP
1206.140293316,8,6,4,2,3,20,SWITCH_PRIMARY
1206.140293316,8,0,4,2,4,20,REPLACE_BACKUP
1206.562627985,1,0,0,1,1,20,SWITCH_PRIMARY
1206.562627985,1,3,0,2,2,20,REPLACE_BACKUP
1206.562627985,1,4,0,2,2,20,REPLACE_BACKUP
1206.562627985,1,6,0,2,2,20,REPLACE_BACKUP
1206.562627985,1,5,0,2,3,20,REPLACE_BACKUP
1206.562627985,3,0,0,1,1,20,REFRESH
1206.562627985,3,1,0,2,2,20,SWITCH_PRIMARY
1206.562627985,3,4,0,2,2,20,SWITCH_PRIMARY
1206.562627985,3,6,0,2,2,20,REPLACE_BACKUP
1206.562627985,3,2,0,2,3,20,SWITCH_PRIMARY
1206.562627985,3,5,0,2,3,20,SWITCH_PRIMARY
1206.562627985,3,7,0,2,3,20,REPLACE_BACKUP
1206.562627985,3,8,0,2,3,20,REPLACE_BACKUP
1206.562628576,2,0,0,1,2,20,SWITCH_PRIMARY
1207.908996302,3,6,6,1,1,20,REFRESH
1207.908996302,3,0,6,2,2,20,REFRESH_BACKUP
1207.908996302,3,4,6,2,2,20,REPLACE_BACKUP
1207.908996302,3,7,6,2,2,20,SWITCH_PRIMARY
1207.908996302,3,8,6,2,2,20,REFRESH
1207.908996302,3,1,6,2,3,20,REPLACE_BACKUP
1207.908996302,3,2,6,2,3,20,SWITCH_PRIMARY
1207.908996302,3,5,6,2,3,20,SWITCH_PRIMARY
1207.908996302,7,6,6,1,1,20,SWITCH_PRIMARY
1207.908996302,7,0,6,2,2,20,SWITCH_PRIMARY
1207.908996302,7,3,6,2,2,20,SWITCH_PRIMARY
1207.908996302,7,4,6,2,2,20,REPLACE_BACKUP
1207.908996302,7,1,6,2,3,20,REPLACE_BACKUP
1207.908996302,7,2,6,2,3,20,REPLACE_BACKUP
1207.908996302,7,5,6,2,3,20,REPLACE_BACKUP
1207.908996893,0,6,6,1,2,20,REFRESH
1207.908996893,0,3,6,2,3,20,REFRESH_BACKUP
1207.908996893,0,8,6,2,3,20,REFRESH_BACKUP
1207.908996893,8,6,6,1,2,20,SWITCH_PRIMARY
1207.908996893,8,0,6,2,3,20,REPLACE_BACKUP
1207.908996893,8,3,6,2,3,20,REPLACE_BACKUP
1207.908997032,1,6,6,1,2,20,REFRESH
1207.908997032,1,0,6,2,3,20,REFRESH_BACKUP
1207.908997032,1,8,6,2,3,20,REFRESH_BACKUP
1207.908997032,5,6,6,1,2,20,REPLACE_BACKUP
1208.070953903,0,1,1,1,2,20,REFRESH
1208.070953903,0,3,1,2,3,20,REPLACE_BACKUP
1208.070953903,0,4,1,2,3,20,REFRESH_BACKUP
1208.070953903,0,2,1,2,4,20,REFRESH_BACKUP
1208.070953903,2,1,1,1,1,20,REFRESH
1208.070953903,2,0,1,2,2,20,SWITCH_PRIMARY
1208.070953903,2,3,1,2,2,20,REFRESH_BACKUP
1208.070953903,2,6,1,2,3,20,REFRESH_BACKUP
1208.070953903,4,1,1,1,2,20,REFRESH
1208.070953903,4,2,1,2,4,20,REFRESH_BACKUP
1208.070953903,4,6,1,2,4,20,REFRESH_BACKUP
1208.070954148,3,1,1,1,2,20,REPLACE_BACKUP
1208.070954148,5,1,1,1,2,20,REFRESH
1208.070954148,5,2,1,2,4,20,REFRESH_BACKUP
1208.070954634,8,1,1,1,2,20,REPLACE_BACKUP
1208.070954634,8,0,1,2,3,20,REPLACE_BACKUP
1208.070954634,8,3,1,2,3,20,REPLACE_BACKUP
1208.269499271,5,8,8,1,1,20,REFRESH
1208.269499271,5,2,8,2,3,20,REPLACE_BACKUP
1208.269499271,7,8,8,1,2,20,REFRESH
1208.269499515,4,8,8,1,2,20,REFRESH
1208.269499515,4,2,8,2,4,20,REPLACE_BACKUP
1208.269499515,4,6,8,2,4,20,REPLACE_BACKUP
1208.269499515,4,7,8,2,4,20,REFRESH_BACKUP
1208.269499860,6,8,8,1,2,20,REFRESH
1208.269499860,6,5,8,2,3,20,REPLACE_BACKUP
1210.259809112,2,5,5,1,1,20,REFRESH
1210.259809112,2,4,5,2,2,20,REFRESH_BACKUP
1210.259809112,2,8,5,2,2,20,SWITCH_PRIMARY
1210.259809112,2,3,5,2,3,20,REFRESH
1210.259809112,2,7,5,2,3,20,REFRESH_BACKUP
1210.259809112,4,5,5,1,1,20,REFRESH
1210.259809112,4,2,5,2,2,20,REPLACE_BACKUP
1210.259809112,4,8,5,2,2,20,SWITCH_PRIMARY
1210.259809112,4,3,5,2,3,20,REFRESH_BACKUP
1210.259809112,4,6,5,2,3,20,REPLACE_BACKUP
1210.259809112,4,7,5,2,3,20,REPLACE_BACKUP
1210.259809114,8,5,5,1,1,20,REFRESH
1210.259809114,8,2,5,2,2,20,SWITCH_PRIMARY
1210.259809114,8,4,5,2,2,20,REFRESH
1210.259809114,8,3,5,2,3,20,REFRESH
1210.259809114,8,6,5,2,3,20,REPLACE_BACKUP
1210.259809114,8,7,5,2,3,20,REFRESH_BACKUP
1210.259809114,8,1,5,2,3,20,REFRESH
1210.259809114,8,0,5,2,4,20,REFRESH
1210.259809357,1,5,5,1,2,20,REPLACE_BACKUP
1211.080524407,0,3,3,1,1,20,REFRESH
1211.080524407,0,6,3,2,2,20,SWITCH_PRIMARY
1211.080524407,0,4,3,2,3,20,REPLACE_BACKUP
1211.080524407,0,7,3,2,3,20,REFRESH
1211.080524407,0,8,3,2,3,20,REPLACE_BACKUP
1211.080524407,0,2,3,2,3,20,REPLACE_BACKUP
1211.080524407,0,5,3,2,4,20,REFRESH_BACKUP
1211.080524407,4,3,3,1,1,20,REFRESH
1211.080524407,4,0,3,2,2,20,REFRESH_BACKUP
1211.080524407,4,6,3,2,2,20,REPLACE_BACKUP
1211.080524407,6,3,3,1,1,20,REFRESH
1211.080524407,6,0,3,2,2,20,REFRESH_BACKUP
1211.080524407,6,2,3,2,3,20,REFRESH_BACKUP
1212.927412688,4,7,7,1,2,20,REFRESH
1212.927412688,6,7,7,1,1,20,REFRESH
1212.927412688,6,4,7,2,2,20,REFRESH_BACKUP
1212.927412688,6,5,7,2,3,20,REPLACE_BACKUP
1212.927412688,6,8,7,2,3,20,REFRESH_BACKUP
1212.927412690,8,7,7,1,1,20,UPDATE
1212.927412690,8,4,7,2,2,20,SWITCH_PRIMARY
1212.927412690,8,6,7,2,2,20,SWITCH_PRIMARY
1212.927412690,8,0,7,2,3,20,SWITCH_PRIMARY
1212.927412690,8,1,7,2,3,20,SWITCH_PRIMARY
1212.927412690,8,3,7,2,3,20,REPLACE_BACKUP
1212.927412690,8,5,7,2,3,20,REPLACE_BACKUP
1212.927412933,5,7,7,1,1,20,SWITCH_PRIMARY
1212.927412933,5,6,7,2,2,20,SWITCH_PRIMARY
1212.927412933,5,0,7,2,3,20,REPLACE_BACKUP
1212.927412933,5,2,7,2,3,20,REPLACE_BACKUP
1263.285756271,5,2,2,1,1,21,REFRESH
1263.285756271,5,1,2,2,2,21,SWITCH_PRIMARY
1263.285756271,5,4,2,2,2,21,REFRESH_BACKUP
1263.285756271,5,0,2,2,3,21,SWITCH_PRIMARY
1266.140293070,1,4,4,1,1,21,REFRESH
1266.140293070,1,2,4,2,2,21,REFRESH
1266.140293070,1,5,4,2,2,21,REFRESH
1266.140293070,1,6,4,2,2,21,SWITCH_PRIMARY
1266.140293070,1,0,4,2,3,21,REPLACE_BACKUP
1266.140293070,1,8,4,2,3,21,REFRESH
1266.140293070,1,7,4,2,3,21,REFRESH
1266.140293070,3,4,4,1,1,21,SWITCH_PRIMARY
1266.140293070,3,2,4,2,2,21,SWITCH_PRIMARY
1266.140293070,3,5,4,2,2,21,SWITCH_PRIMARY
1266.140293070,3,6,4,2,2,21,REPLACE_BACKUP
1266.140293070,3,8,4,2,3,21,REPLACE_BACKUP
1266.140293070,5,4,4,1,2,21,REFRESH
1266.140293070,5,3,4,2,3,21,REFRESH
1266.140293070,5,6,4,2,3,21,REFRESH_BACKUP
1266.140293070,5,0,4,2,4,21,REFRESH_BACKUP
1266.140293070,5,8,4,2,4,21,REFRESH_BACKUP
1266.140293070,5,7,4,2,4,21,REFRESH_BACKUP
1266.140293070,7,4,4,1,1,21,REFRESH
1266.140293070,7,2,4,2,2,21,REFRESH
1266.140293070,7,3,4,2,2,21,SWITCH_PRIMARY
1266.140293070,7,5,4,2,2,21,REFRESH
1266.140293070,7,6,4,2,2,21,REFRESH_BACKUP
1266.140293070,7,0,4,2,3,21,REFRESH_BACKUP
1266.140293070,7,8,4,2,3,21,REFRESH_BACKUP
1266.140293070,7,1,4,2,3,21,REFRESH
1266.140293315,6,4,4,1,1,21,REFRESH
1266.140293315,6,2,4,2,2,21,REFRESH
1266.140293315,6,3,4,2,2,21,REPLACE_BACKUP
1266.140293315,6,5,4,2,2,21,REFRESH
1266.140293315,6,1,4,2,3,21,REFRESH
1266.140293315,6,7,4,2,3,21,REFRESH_BACKUP
1266.502979985,1,0,0,1,1,21,REFRESH
1266.502979985,1,3,0,2,2,21,REFRESH_BACKUP
1266.502979985,1,4,0,2,2,21,REFRESH_BACKUP
1266.502979985,1,8,0,2,3,21,REPLACE_BACKUP
1266.502979985,3,0,0,1,1,21,REFRESH
1266.502979985,3,4,0,2,2,21,REFRESH_BACKUP
1266.502979985,3,2,0,2,3,21,REPLACE_BACKUP
1266.502979985,3,1,0,2,3,21,REFRESH
1266.502980230,4,0,0,1,1,21,SWITCH_PRIMARY
1266.502980230,4,3,0,2,2,21,REPLACE_BACKUP
1266.502980715,7,0,0,1,1,21,SWITCH_PRIMARY
1266.502980715,7,3,0,2,2,21,REPLACE_BACKUP
1266.502980715,7,8,0,2,3,21,REPLACE_BACKUP
1266.502980715,7,1,0,2,3,21,SWITCH_PRIMARY
1267.849348302,3,6,6,1,2,21,REFRESH
1267.849348302,3,0,6,2,3,21,REFRESH_BACKUP
1267.849348302,3,7,6,2,3,21,REFRESH
1267.849348302,3,5,6,2,4,21,REFRESH_BACKUP
1267.849348302,3,8,6,2,4,21,REFRESH
1268.070953903,0,1,1,1,1,21,UPDATE
1268.070953903,0,3,1,2,2,21,REFRESH_BACKUP
1268.070953903,0,4,1,2,2,21,REPLACE_BACKUP
1268.070953903,0,5,1,2,3,21,REPLACE_BACKUP
1268.070953903,0,7,1,2,3,21,SWITCH_PRIMARY
1268.070953903,2,1,1,1,1,21,REFRESH
1268.070953903,2,0,1,2,2,21,REFRESH
1268.070953903,2,3,1,2,2,21,SWITCH_PRIMARY
1268.070953903,2,5,1,2,3,21,REPLACE_BACKUP
1268.070953903,2,6,1,2,3,21,REFRESH_BACKUP
1268.070954148,3,1,1,1,1,21,SWITCH_PRIMARY
1268.070954148,3,0,1,2,2,21,REPLACE_BACKUP
1268.070954148,3,2,1,2,3,21,REPLACE_BACKUP
1268.070954148,3,5,1,2,3,21,REPLACE_BACKUP
1268.070954148,3,7,1,2,3,21,SWITCH_PRIMARY
1268.070954148,3,8,1,2,4,21,SWITCH_PRIMARY
1268.209851271,7,8,8,1,1,21,UPDATE
1268.209851271,7,5,8,2,2,21,REPLACE_BACKUP
1268.209851271,7,2,8,2,3,21,REPLACE_BACKUP
1268.209851271,7,1,8,2,3,21,REPLACE_BACKUP
1268.209851515,4,8,8,1,1,21,SWITCH_PRIMARY
1268.209851515,4,5,8,2,2,21,REPLACE_BACKUP
1268.209851515,4,7,8,2,2,21,SWITCH_PRIMARY
1270.259809112,2,5,5,1,1,21,REFRESH
1270.259809112,2,7,5,2,2,21,REFRESH_BACKUP
1270.259809112,2,8,5,2,2,21,REFRESH
1270.259809112,2,3,5,2,3,21,REFRESH_BACKUP
1270.259809112,2,4,5,2,3,21,REFRESH_BACKUP
1270.259809112,4,5,5,1,1,21,REFRESH
1270.259809112,4,2,5,2,2,21,REFRESH_BACKUP
1270.259809112,4,7,5,2,2,21,REPLACE_BACKUP
1270.259809112,4,8,5,2,2,21,REFRESH_BACKUP
1270.259809114,8,5,5,1,1,21,REFRESH
1270.259809114,8,2,5,2,2,21,REFRESH
1270.259809114,8,7,5,2,2,21,REFRESH_BACKUP
1270.259809114,8,1,5,2,3,21,REFRESH_BACKUP
1270.259809114,8,3,5,2,3,21,REFRESH
1270.259809114,8,4,5,2,3,21,REFRESH_BACKUP
1270.259809114,8,0,5,2,4,21,REFRESH_BACKUP
1270.259809357,1,5,5,1,1,21,SWITCH_PRIMARY
1270.259809357,1,2,5,2,2,21,SWITCH_PRIMARY
1270.259809357,1,7,5,2,2,21,SWITCH_PRIMARY
1270.259809357,1,8,5,2,2,21,SWITCH_PRIMARY
1271.080524407,0,3,3,1,1,21,REFRESH
1271.080524407,0,1,3,2,2,21,REPLACE_BACKUP
1271.080524407,0,2,3,2,3,21,REFRESH_BACKUP
1271.080524407,0,5,3,2,3,21,REPLACE_BACKUP
1271.080524407,0,6,3,2,3,21,REFRESH
1271.080524407,0,7,3,2,3,21,REFRESH_BACKUP
1271.080524407,0,8,3,2,5,21,REFRESH_BACKUP
1271.080524407,4,3,3,1,1,21,REFRESH
1271.080524407,4,0,3,2,2,21,REPLACE_BACKUP
1271.080524407,4,1,3,2,2,21,SWITCH_PRIMARY
1271.080524407,4,6,3,2,3,21,REFRESH_BACKUP
1271.080524407,6,3,3,1,1,21,REFRESH
1271.080524407,6,0,3,2,2,21,REFRESH_BACKUP
1271.080524407,6,1,3,2,2,21,SWITCH_PRIMARY
1271.080524407,6,2,3,2,3,21,REFRESH_BACKUP
1271.080524407,6,5,3,2,3,21,REPLACE_BACKUP
1271.080525138,8,3,3,1,2,21,SWITCH_PRIMARY
1271.080525138,8,0,3,2,3,21,REPLACE_BACKUP
1272.987060688,6,7,7,1,1,21,REFRESH
1272.987060688,6,4,7,2,2,21,REFRESH_BACKUP
1272.987060688,6,8,7,2,2,21,SWITCH_PRIMARY
1272.987060690,8,7,7,1,2,21,REFRESH
1272.987060690,8,0,7,2,3,21,REFRESH
1272.987060690,8,4,7,2,3,21,REFRESH
1272.987060690,8,6,7,2,3,21,REFRESH
1272.987060690,8,5,7,2,4,21,REFRESH_BACKUP
1272.987060690,8,1,7,2,5,21,REFRESH
1272.987060933,3,7,7,1,1,21,SWITCH_PRIMARY
1272.987060933,3,0,7,2,2,21,REPLACE_BACKUP
1272.987060933,3,6,7,2,2,21,SWITCH_PRIMARY
1272.987060933,3,8,7,2,2,21,SWITCH_PRIMARY
1272.987061418,0,7,7,1,2,21,SWITCH_PRIMARY
1272.987061418,0,8,7,2,3,21,REPLACE_BACKUP
1272.987061418,2,7,7,1,1,21,SWITCH_PRIMARY
1272.987061418,2,0,7,2,2,21,REPLACE_BACKUP
1272.987061418,2,4,7,2,2,21,REPLACE_BACKUP
1272.987061418,2,6,7,2,2,21,REPLACE_BACKUP
1272.987061418,2,8,7,2,2,21,REPLACE_BACKUP
1272.987061418,2,3,7,2,3,21,REPLACE_BACKUP
1323.285756271,1,2,2,1,1,22,SWITCH_PRIMARY
1323.285756271,1,4,2,2,2,22,REPLACE_BACKUP
1323.285756271,1,5,2,2,2,22,REPLACE_BACKUP
1323.285756271,1,7,2,2,2,22,SWITCH_PRIMARY
1323.285756271,1,8,2,2,3,22,REPLACE_BACKUP
1323.285756271,5,2,2,1,1,22,REFRESH
1323.285756271,5,1,2,2,2,22,REFRESH
1323.285756271,5,4,2,2,2,22,SWITCH_PRIMARY
1323.285756271,5,7,2,2,2,22,REPLACE_BACKUP
1323.285756271,5,0,2,2,3,22,REFRESH
1323.285756271,5,3,2,2,3,22,SWITCH_PRIMARY
1323.285756271,5,6,2,2,3,22,REPLACE_BACKUP
1323.285756271,5,8,2,2,3,22,REPLACE_BACKUP
1323.285756516,4,2,2,1,1,22,REFRESH
1323.285756516,4,1,2,2,2,22,REPLACE_BACKUP
1323.285756516,4,7,2,2,2,22,SWITCH_PRIMARY
1323.285756516,4,6,2,2,3,22,REPLACE_BACKUP
1326.140293070,1,4,4,1,1,22,REFRESH
1326.140293070,1,0,4,2,2,22,REFRESH_BACKUP
1326.140293070,1,6,4,2,2,22,REFRESH
1326.140293070,1,8,4,2,2,22,SWITCH_PRIMARY
1326.140293070,3,4,4,1,1,22,REFRESH
1326.140293070,3,0,4,2,2,22,REPLACE_BACKUP
1326.140293070,3,2,4,2,2,22,REFRESH
1326.140293070,3,5,4,2,2,22,REFRESH
1326.140293070,3,6,4,2,2,22,REPLACE_BACKUP
1326.140293070,3,8,4,2,2,22,SWITCH_PRIMARY
1326.140293070,3,1,4,2,3,22,REPLACE_BACKUP
1326.140293070,5,4,4,1,2,22,REFRESH_BACKUP
1326.140293070,5,0,4,2,3,22,REFRESH_BACKUP
1326.140293070,5,3,4,2,3,22,REFRESH_BACKUP
1326.140293070,7,4,4,1,1,22,REFRESH
1326.140293070,7,0,4,2,2,22,REPLACE_BACKUP
1326.140293070,7,2,4,2,2,22,REFRESH
1326.140293070,7,3,4,2,2,22,REFRESH
1326.140293070,7,5,4,2,2,22,REFRESH
1326.140293070,7,6,4,2,2,22,REFRESH_BACKUP
1326.140293070,7,8,4,2,2,22,REPLACE_BACKUP
1326.140293070,7,1,4,2,3,22,SWITCH_PRIMARY
1326.140293315,2,4,4,1,1,22,REFRESH
1326.140293315,2,0,4,2,2,22,REPLACE_BACKUP
1326.140293315,2,3,4,2,2,22,SWITCH_PRIMARY
1326.140293315,2,5,4,2,2,22,REPLACE_BACKUP
1326.140293315,2,6,4,2,2,22,REFRESH
1326.140293315,2,8,4,2,2,22,SWITCH_PRIMARY
1326.140293315,2,1,4,2,3,22,REFRESH_BACKUP
1326.140293315,2,7,4,2,3,22,REFRESH_BACKUP
1326.562627985,1,0,0,1,2,22,REFRESH
1326.562627985,1,3,0,2,3,22,REFRESH_BACKUP
1326.562627985,3,0,0,1,1,22,REFRESH
1326.562627985,3,1,0,2,2,22,REPLACE_BACKUP
1326.562627985,3,4,0,2,2,22,REFRESH_BACKUP
1326.562627985,3,2,0,2,3,22,REPLACE_BACKUP
1326.562627985,3,5,0,2,3,22,REPLACE_BACKUP
1326.562627985,3,7,0,2,3,22,REPLACE_BACKUP
1326.562628230,4,0,0,1,1,22,REFRESH
1326.562628230,4,1,0,2,2,22,SWITCH_PRIMARY
1326.562628230,4,3,0,2,2,22,REFRESH_BACKUP
1326.562628715,5,0,0,1,2,22,SWITCH_PRIMARY
1326.562628715,5,3,0,2,3,22,REPLACE_BACKUP
1327.849348302,3,6,6,1,1,22,SWITCH_PRIMARY
1327.849348302,3,7,6,2,2,22,REPLACE_BACKUP
1327.849348302,3,2,6,2,3,22,REPLACE_BACKUP
1327.849348547,4,6,6,1,1,22,REFRESH
1327.849348547,4,0,6,2,2,22,REPLACE_BACKUP
1327.849348547,4,3,6,2,2,22,REPLACE_BACKUP
1327.849348547,4,7,6,2,2,22,SWITCH_PRIMARY
1327.849348893,8,6,6,1,1,22,SWITCH_PRIMARY
1327.849348893,8,0,6,2,2,22,SWITCH_PRIMARY
1327.849348893,8,3,6,2,2,22,SWITCH_PRIMARY
1327.849348893,8,4,6,2,2,22,SWITCH_PRIMARY
1327.849348893,8,7,6,2,2,22,SWITCH_PRIMARY
1327.849348893,8,1,6,2,3,22,SWITCH_PRIMARY
1327.849348893,8,5,6,2,3,22,REPLACE_BACKUP
1328.011305903,0,1,1,1,1,22,REFRESH
1328.011305903,0,2,1,2,2,22,SWITCH_PRIMARY
1328.011305903,0,3,1,2,2,22,REFRESH_BACKUP
1328.011305903,0,4,1,2,2,22,REFRESH_BACKUP
1328.011305903,0,5,1,2,2,22,REPLACE_BACKUP
1328.011305903,0,6,1,2,3,22,SWITCH_PRIMARY
1328.011305903,0,7,1,2,3,22,REFRESH_BACKUP
1328.011305903,0,8,1,2,3,22,REPLACE_BACKUP
1328.209851271,5,8,8,1,1,22,REFRESH
1328.209851271,5,6,8,2,2,22,REPLACE_BACKUP
1328.209851271,5,2,8,2,3,22,REPLACE_BACKUP
1328.209851271,5,3,8,2,3,22,REPLACE_BACKUP
1328.209851271,7,8,8,1,1,22,REFRESH
1328.209851271,7,5,8,2,2,22,REFRESH_BACKUP
1328.209851271,7,2,8,2,3,22,REFRESH_BACKUP
1328.209851271,7,1,8,2,3,22,SWITCH_PRIMARY
1330.259809112,2,5,5,1,1,22,REFRESH
1330.259809112,2,7,5,2,2,22,REPLACE_BACKUP
1330.259809112,2,8,5,2,2,22,REFRESH_BACKUP
1330.259809112,4,5,5,1,1,22,REFRESH
1330.259809112,4,2,5,2,2,22,REFRESH_BACKUP
1330.259809112,4,7,5,2,2,22,REPLACE_BACKUP
1330.259809112,4,8,5,2,2,22,REFRESH_BACKUP
1330.259809112,4,6,5,2,3,22,REPLACE_BACKUP
1330.259809114,8,5,5,1,1,22,REFRESH
1330.259809114,8,2,5,2,2,22,REFRESH
1330.259809114,8,7,5,2,2,22,REPLACE_BACKUP
1330.259809114,8,1,5,2,3,22,REPLACE_BACKUP
1330.259809114,8,4,5,2,3,22,REPLACE_BACKUP
1330.259809114,8,6,5,2,3,22,REPLACE_BACKUP
1330.259809114,8,0,5,2,3,22,REPLACE_BACKUP
1331.080524407,0,3,3,1,1,22,REFRESH
1331.080524407,0,1,3,2,2,22,REFRESH_BACKUP
1331.080524407,0,4,3,2,2,22,REPLACE_BACKUP
1331.080524407,0,6,3,2,2,22,SWITCH_PRIMARY
1331.080524407,0,7,3,2,2,22,SWITCH_PRIMARY
1331.080524407,4,3,3,1,1,22,REFRESH
1331.080524407,4,0,3,2,2,22,REPLACE_BACKUP
1331.080524407,4,1,3,2,2,22,REFRESH_BACKUP
1331.080524407,4,6,3,2,2,22,REPLACE_BACKUP
1331.080524407,4,7,3,2,2,22,REPLACE_BACKUP
1331.080524407,6,3,3,1,1,22,REFRESH
1331.080524407,6,0,3,2,2,22,REFRESH_BACKUP
1331.080524407,6,1,3,2,2,22,REFRESH
1331.080524407,6,7,3,2,2,22,REPLACE_BACKUP
1331.080524407,6,2,3,2,3,22,REFRESH_BACKUP
1331.080524407,6,5,3,2,3,22,REFRESH_BACKUP
1331.080524652,1,3,3,1,1,22,REFRESH
1331.080524652,1,0,3,2,2,22,SWITCH_PRIMARY
1331.080524652,1,4,3,2,2,22,REPLACE_BACKUP
1331.080524652,1,6,3,2,2,22,REPLACE_BACKUP
1331.080524652,1,7,3,2,2,22,SWITCH_PRIMARY
1331.080524652,7,3,3,1,1,22,SWITCH_PRIMARY
1331.080524652,7,1,3,2,2,22,SWITCH_PRIMARY
1331.080524652,7,4,3,2,2,22,REPLACE_BACKUP
1331.080524652,7,6,3,2,2,22,REPLACE_BACKUP
1332.927412688,4,7,7,1,1,22,SWITCH_PRIMARY
1332.927412688,4,0,7,2,2,22,REPLACE_BACKUP
1332.927412688,4,3,7,2,2,22,REPLACE_BACKUP
1332.927412688,4,6,7,2,2,22,REPLACE_BACKUP
1332.927412688,4,8,7,2,2,22,REPLACE_BACKUP
1332.927412688,6,7,7,1,1,22,REFRESH
1332.927412688,6,4,7,2,2,22,REFRESH_BACKUP
1332.927412688,6,8,7,2,2,22,REFRESH
1332.927412688,6,1,7,2,3,22,REPLACE_BACKUP
1332.927412688,6,2,7,2,3,22,REPLACE_BACKUP
1332.927412690,8,7,7,1,1,22,SWITCH_PRIMARY
1332.927412690,8,0,7,2,2,22,REPLACE_BACKUP
1332.927412690,8,3,7,2,2,22,SWITCH_PRIMARY
1332.927412690,8,4,7,2,2,22,REPLACE_BACKUP
1332.927412690,8,6,7,2,2,22,REPLACE_BACKUP
1332.927412690,8,1,7,2,3,22,SWITCH_PRIMARY
1332.927412690,8,5,7,2,3,22,REPLACE_BACKUP
1332.927412933,3,7,7,1,1,22,REFRESH
1332.927412933,3,0,7,2,2,22,REPLACE_BACKUP
1332.927412933,3,4,7,2,2,22,REPLACE_BACKUP
1332.927412933,3,6,7,2,2,22,REFRESH_BACKUP
1332.927412933,3,8,7,2,2,22,REFRESH_BACKUP
1332.927412933,3,2,7,2,3,22,REPLACE_BACKUP
1332.927412933,5,7,7,1,1,22,REFRESH
1332.927412933,5,0,7,2,2,22,SWITCH_PRIMARY
1332.927412933,5,3,7,2,2,22,SWITCH_PRIMARY
1332.927412933,5,4,7,2,2,22,REPLACE_BACKUP
1332.927412933,5,6,7,2,2,22,REFRESH
1332.927412933,5,8,7,2,2,22,REPLACE_BACKUP
1332.927413279,1,7,7,1,1,22,SWITCH_PRIMARY
1332.927413279,1,0,7,2,2,22,REPLACE_BACKUP
1332.927413279,1,3,7,2,2,22,REPLACE_BACKUP
1332.927413279,1,4,7,2,2,22,REPLACE_BACKUP
1332.927413279,1,6,7,2,2,22,SWITCH_PRIMARY
1332.927413279,1,8,7,2,2,22,SWITCH_PRIMARY
1383.345404271,1,2,2,1,1,23,REFRESH
1383.345404271,1,4,2,2,2,23,REPLACE_BACKUP
1383.345404271,1,5,2,2,2,23,REFRESH_BACKUP
1383.345404271,5,2,2,1,1,23,REFRESH
1383.345404271,5,1,2,2,2,23,REFRESH
1383.345404271,5,4,2,2,2,23,REFRESH
1383.345404271,5,7,2,2,2,23,REFRESH_BACKUP
1383.345404271,5,3,2,2,3,23,REFRESH_BACKUP
1383.345404516,4,2,2,1,2,23,REFRESH
1383.345404862,8,2,2,1,2,23,REFRESH_BACKUP
1383.345405001,3,2,2,1,2,23,REPLACE_BACKUP
1386.140293070,1,4,4,1,1,23,REFRESH
1386.140293070,1,0,4,2,2,23,REPLACE_BACKUP
1386.140293070,1,3,4,2,2,23,REPLACE_BACKUP
1386.140293070,1,6,4,2,2,23,REFRESH_BACKUP
1386.140293070,1,8,4,2,2,23,SWITCH_PRIMARY
1386.140293070,7,4,4,1,1,23,REFRESH
1386.140293070,7,0,4,2,2,23,REFRESH_BACKUP
1386.140293070,7,3,4,2,2,23,REFRESH_BACKUP
1386.140293070,7,5,4,2,2,23,REFRESH
1386.140293070,7,6,4,2,2,23,REPLACE_BACKUP
1386.140293070,7,8,4,2,2,23,REFRESH_BACKUP
1386.140293070,7,2,4,2,3,23,REFRESH
1386.140293315,0,4,4,1,1,23,REFRESH
1386.140293315,0,5,4,2,2,23,REFRESH
1386.140293315,0,6,4,2,2,23,REPLACE_BACKUP
1386.140293315,0,7,4,2,2,23,REPLACE_BACKUP
1386.140293315,0,8,4,2,2,23,REFRESH
1386.140293315,0,2,4,2,3,23,REFRESH_BACKUP
1386.140293315,2,4,4,1,1,23,REFRESH
1386.140293315,2,0,4,2,2,23,REFRESH_BACKUP
1386.140293315,2,3,4,2,2,23,REFRESH
1386.140293315,2,5,4,2,2,23,REFRESH_BACKUP
1386.140293315,2,6,4,2,2,23,REFRESH
1386.140293315,2,8,4,2,2,23,REFRESH
1386.140293315,2,1,4,2,3,23,REFRESH_BACKUP
1386.502979985,3,0,0,1,1,23,REFRESH
1386.502979985,3,1,0,2,2,23,REFRESH_BACKUP
1386.502979985,3,5,0,2,3,23,REFRESH_BACKUP
1386.502980715,5,0,0,1,1,23,SWITCH_PRIMARY
1386.502980715,5,1,0,2,2,23,REPLACE_BACKUP
1386.502980715,5,3,0,2,2,23,SWITCH_PRIMARY
1386.502980715,5,4,0,2,2,23,SWITCH_PRIMARY
1387.849348302,3,6,6,1,1,23,REFRESH
1387.849348302,3,4,6,2,2,23,REPLACE_BACKUP
1387.849348302,3,7,6,2,2,23,REFRESH_BACKUP
1387.849348302,3,5,6,2,3,23,REPLACE_BACKUP
1387.849348302,7,6,6,1,1,23,REFRESH
1387.849348302,7,3,6,2,2,23,REPLACE_BACKUP
1387.849348302,7,4,6,2,2,23,REPLACE_BACKUP
1387.849348302,7,1,6,2,3,23,REPLACE_BACKUP
1387.849348302,7,2,6,2,3,23,SWITCH_PRIMARY
1388.011305903,0,1,1,1,2,23,REFRESH
1388.011305903,0,2,1,2,3,23,REFRESH
1388.011305903,0,3,1,2,3,23,REFRESH_BACKUP
1388.011305903,0,5,1,2,3,23,REFRESH_BACKUP
1388.011305903,0,8,1,2,4,23,REFRESH_BACKUP
1388.011305903,2,1,1,1,1,23,REFRESH
1388.011305903,2,3,1,2,2,23,SWITCH_PRIMARY
1388.011305903,2,4,1,2,2,23,REPLACE_BACKUP
1388.011305903,2,5,1,2,2,23,REPLACE_BACKUP
1388.011305903,2,7,1,2,2,23,REPLACE_BACKUP
1388.011305903,2,0,1,2,3,23,REFRESH
1388.011305903,4,1,1,1,1,23,SWITCH_PRIMARY
1388.011305903,4,2,1,2,2,23,SWITCH_PRIMARY
1388.011305903,4,5,1,2,2,23,REPLACE_BACKUP
1388.011305903,4,7,1,2,2,23,REPLACE_BACKUP
1388.011306148,3,1,1,1,2,23,REFRESH
1388.209851271,5,8,8,1,1,23,REFRESH
1388.209851271,5,6,8,2,2,23,SWITCH_PRIMARY
1388.209851271,5,2,8,2,3,23,REFRESH_BACKUP
1388.209851515,4,8,8,1,2,23,REFRESH
1388.209852000,1,8,8,1,1,23,SWITCH_PRIMARY
1388.209852000,1,7,8,2,2,23,REPLACE_BACKUP
1390.259809112,2,5,5,1,1,23,REFRESH
1390.259809112,2,0,5,2,2,23,SWITCH_PRIMARY
1390.259809112,2,7,5,2,2,23,REPLACE_BACKUP
1390.259809112,2,8,5,2,2,23,SWITCH_PRIMARY
1390.259809112,4,5,5,1,1,23,REFRESH
1390.259809112,4,0,5,2,2,23,REPLACE_BACKUP
1390.259809112,4,2,5,2,2,23,REPLACE_BACKUP
1390.259809112,4,7,5,2,2,23,REPLACE_BACKUP
1390.259809112,4,8,5,2,2,23,SWITCH_PRIMARY
1390.259809114,8,5,5,1,1,23,REFRESH
1390.259809114,8,0,5,2,2,23,SWITCH_PRIMARY
1390.259809114,8,2,5,2,2,23,REFRESH
1390.259809114,8,1,5,2,3,23,SWITCH_PRIMARY
1390.259809842,6,5,5,1,1,23,SWITCH_PRIMARY
1390.259809842,6,0,5,2,2,23,REPLACE_BACKUP
1390.259809842,6,2,5,2,2,23,REPLACE_BACKUP
1390.259809842,6,7,5,2,2,23,REPLACE_BACKUP
1390.259809842,6,8,5,2,2,23,REPLACE_BACKUP
1390.259809842,6,1,5,2,3,23,REPLACE_BACKUP
1391.080524407,0,3,3,1,1,23,REFRESH
1391.080524407,0,4,3,2,2,23,REFRESH_BACKUP
1391.080524407,0,6,3,2,2,23,REFRESH
1391.080524407,0,7,3,2,2,23,REFRESH
1391.080524407,0,2,3,2,3,23,SWITCH_PRIMARY
1391.080524407,0,5,3,2,3,23,REPLACE_BACKUP
1391.080524407,0,8,3,2,3,23,REPLACE_BACKUP
1391.080524407,0,1,3,2,3,23,REFRESH_BACKUP
1391.080524407,6,3,3,1,1,23,REFRESH
1391.080524407,6,1,3,2,3,23,REFRESH
1391.080524652,7,3,3,1,2,23,REFRESH
1391.080524652,7,1,3,2,4,23,REFRESH
1392.987060688,4,7,7,1,1,23,REFRESH
1392.987060688,4,6,7,2,2,23,REFRESH_BACKUP
1392.987060688,4,8,7,2,2,23,SWITCH_PRIMARY
1392.987060688,4,3,7,2,3,23,REFRESH_BACKUP
1392.987060688,6,7,7,1,1,23,REFRESH
1392.987060688,6,0,7,2,2,23,REPLACE_BACKUP
1392.987060688,6,4,7,2,2,23,REFRESH_BACKUP
1392.987060688,6,8,7,2,2,23,REFRESH
1392.987060690,8,7,7,1,1,23,REFRESH
1392.987060690,8,0,7,2,2,23,SWITCH_PRIMARY
1392.987060690,8,4,7,2,2,23,REFRESH_BACKUP
1392.987060690,8,6,7,2,2,23,REFRESH_BACKUP
1392.987060690,8,5,7,2,3,23,REFRESH_BACKUP
1392.987060690,8,3,7,2,3,23,REFRESH
1392.987060690,8,1,7,2,5,23,REFRESH_BACKUP
1392.987060933,5,7,7,1,2,23,REFRESH
1392.987060933,5,0,7,2,3,23,REFRESH_BACKUP
1392.987060933,5,6,7,2,3,23,REFRESH_BACKUP
1392.987060933,5,8,7,2,3,23,REFRESH_BACKUP
1392.987060933,5,3,7,2,4,23,REFRESH_BACKUP
1392.987061418,2,7,7,1,2,23,REFRESH
1392.987061418,2,6,7,2,3,23,REFRESH_BACKUP
1443.285756271,1,2,2,1,1,24,REFRESH
1443.285756271,1,4,2,2,2,24,REFRESH_BACKUP
1443.285756271,1,5,2,2,2,24,REFRESH_BACKUP
1443.285756271,5,2,2,1,1,24,REFRESH
1443.285756271,5,1,2,2,2,24,REFRESH
1443.285756271,5,4,2,2,2,24,SWITCH_PRIMARY
1443.285756271,5,0,2,2,3,24,REPLACE_BACKUP
1443.285756271,5,3,2,2,3,24,REPLACE_BACKUP
1443.285756271,5,6,2,2,3,24,REPLACE_BACKUP
1443.285756271,5,8,2,2,3,24,REPLACE_BACKUP
1443.285756271,5,7,2,2,3,24,REFRESH_BACKUP
1443.285756516,4,2,2,1,1,24,SWITCH_PRIMARY
1443.285756516,4,5,2,2,2,24,REPLACE_BACKUP
1446.140293070,1,4,4,1,2,24,REFRESH
1446.140293070,1,0,4,2,3,24,REFRESH_BACKUP
1446.140293070,1,3,4,2,3,24,REFRESH_BACKUP
1446.140293070,1,6,4,2,3,24,REFRESH_BACKUP
1446.140293070,1,8,4,2,4,24,REFRESH_BACKUP
1446.140293070,3,4,4,1,1,24,REFRESH
1446.140293070,3,0,4,2,2,24,REPLACE_BACKUP
1446.140293070,3,1,4,2,2,24,SWITCH_PRIMARY
1446.140293070,3,2,4,2,2,24,REFRESH
1446.140293070,3,5,4,2,2,24,REFRESH
1446.140293070,3,6,4,2,2,24,REPLACE_BACKUP
1446.140293070,3,8,4,2,3,24,REFRESH
1446.140293070,5,4,4,1,1,24,SWITCH_PRIMARY
1446.140293070,5,0,4,2,2,24,REPLACE_BACKUP
1446.140293070,5,2,4,2,2,24,REPLACE_BACKUP
1446.140293070,5,3,4,2,2,24,SWITCH_PRIMARY
1446.140293070,5,6,4,2,2,24,SWITCH_PRIMARY
1446.140293070,5,7,4,2,2,24,SWITCH_PRIMARY
1446.140293070,7,4,4,1,1,24,REFRESH
1446.140293070,7,0,4,2,2,24,REFRESH_BACKUP
1446.140293070,7,1,4,2,2,24,SWITCH_PRIMARY
1446.140293070,7,2,4,2,2,24,SWITCH_PRIMARY
1446.140293070,7,3,4,2,2,24,SWITCH_PRIMARY
1446.140293070,7,5,4,2,2,24,REFRESH
1446.140293070,7,6,4,2,2,24,REFRESH_BACKUP
1446.140293070,7,8,4,2,3,24,REFRESH_BACKUP
1446.140293315,2,4,4,1,1,24,REFRESH
1446.140293315,2,0,4,2,2,24,SWITCH_PRIMARY
1446.140293315,2,1,4,2,2,24,REFRESH_BACKUP
1446.140293315,2,3,4,2,2,24,REFRESH_BACKUP
1446.140293315,2,5,4,2,2,24,REPLACE_BACKUP
1446.140293315,2,6,4,2,2,24,REFRESH
1446.140293315,2,7,4,2,2,24,SWITCH_PRIMARY
1446.140293315,2,8,4,2,3,24,REFRESH_BACKUP
1446.140293315,6,4,4,1,2,24,REFRESH
1446.140293315,6,2,4,2,3,24,REFRESH
1446.140293315,6,3,4,2,3,24,REFRESH_BACKUP
1446.140293315,6,5,4,2,3,24,REFRESH_BACKUP
1446.562627985,1,0,0,1,1,24,SWITCH_PRIMARY
1446.562627985,1,3,0,2,2,24,REPLACE_BACKUP
1446.562627985,1,4,0,2,2,24,SWITCH_PRIMARY
1446.562627985,1,6,0,2,3,24,REPLACE_BACKUP
1446.562627985,1,8,0,2,3,24,REPLACE_BACKUP
1446.562627985,3,0,0,1,1,24,REFRESH
1446.562627985,3,4,0,2,2,24,REPLACE_BACKUP
1446.562627985,3,8,0,2,3,24,SWITCH_PRIMARY
1446.562628576,6,0,0,1,2,24,REFRESH
1446.562628576,6,3,0,2,3,24,REPLACE_BACKUP
1446.562628715,5,0,0,1,2,24,REFRESH
1446.562628715,5,3,0,2,3,24,REFRESH_BACKUP
1446.562628715,5,1,0,2,4,24,REFRESH_BACKUP
1447.849348302,3,6,6,1,1,24,REFRESH
1447.849348302,3,5,6,2,2,24,SWITCH_PRIMARY
1447.849348302,3,7,6,2,2,24,REFRESH_BACKUP
1447.849348302,3,8,6,2,3,24,SWITCH_PRIMARY
1448.070953903,0,1,1,1,1,24,UPDATE
1448.070953903,0,2,1,2,2,24,SWITCH_PRIMARY
1448.070953903,0,3,1,2,2,24,REFRESH_BACKUP
1448.070953903,0,5,1,2,2,24,REPLACE_BACKUP
1448.070953903,0,8,1,2,2,24,SWITCH_PRIMARY
1448.070953903,2,1,1,1,2,24,REFRESH
1448.070953903,2,3,1,2,3,24,REFRESH
1448.070953903,2,4,1,2,4,24,REFRESH_BACKUP
1448.070953903,4,1,1,1,1,24,REFRESH
1448.070953903,4,0,1,2,2,24,REPLACE_BACKUP
1448.070953903,4,2,1,2,2,24,REFRESH_BACKUP
1448.070953903,4,3,1,2,2,24,REPLACE_BACKUP
1448.070953903,4,8,1,2,2,24,SWITCH_PRIMARY
1448.070954148,3,1,1,1,2,24,REFRESH_BACKUP
1448.070954148,5,1,1,1,1,24,SWITCH_PRIMARY
1448.070954148,5,0,1,2,2,24,SWITCH_PRIMARY
1448.070954148,5,3,1,2,2,24,SWITCH_PRIMARY
1448.070954148,5,7,1,2,2,24,REPLACE_BACKUP
1448.070954148,5,8,1,2,2,24,REPLACE_BACKUP
1448.209851271,5,8,8,1,1,24,REFRESH
1448.209851271,5,6,8,2,2,24,REFRESH_BACKUP
1448.209851271,5,7,8,2,2,24,SWITCH_PRIMARY
1448.209851860,6,8,8,1,1,24,SWITCH_PRIMARY
1448.209851860,6,5,8,2,2,24,REPLACE_BACKUP
1448.209851860,6,2,8,2,3,24,SWITCH_PRIMARY
1448.209851860,6,1,8,2,3,24,SWITCH_PRIMARY
1448.209851860,6,3,8,2,3,24,REPLACE_BACKUP
1450.319457112,2,5,5,1,1,24,REFRESH
1450.319457112,2,1,5,2,2,24,SWITCH_PRIMARY
1450.319457112,2,4,5,2,2,24,REPLACE_BACKUP
1450.319457112,2,8,5,2,2,24,REFRESH
1450.319457112,2,0,5,2,3,24,REFRESH_BACKUP
1450.319457112,2,3,5,2,3,24,SWITCH_PRIMARY
1450.319457112,2,6,5,2,3,24,REPLACE_BACKUP
1450.319457112,4,5,5,1,1,24,REFRESH
1450.319457112,4,1,5,2,2,24,REPLACE_BACKUP
1450.319457112,4,2,5,2,2,24,REPLACE_BACKUP
1450.319457112,4,8,5,2,2,24,SWITCH_PRIMARY
1450.319457112,4,7,5,2,3,24,REFRESH_BACKUP
1450.319457114,8,5,5,1,2,24,REFRESH
1450.319457114,8,1,5,2,3,24,REFRESH
1450.319457114,8,2,5,2,3,24,REFRESH
1450.319457114,8,0,5,2,4,24,REFRESH_BACKUP
1450.319457357,1,5,5,1,1,24,REFRESH
1450.319457357,1,2,5,2,2,24,REFRESH_BACKUP
1450.319457357,1,4,5,2,2,24,SWITCH_PRIMARY
1450.319457357,1,8,5,2,2,24,REPLACE_BACKUP
1450.319457357,7,5,5,1,1,24,SWITCH_PRIMARY
1450.319457357,7,1,5,2,2,24,REPLACE_BACKUP
1450.319457357,7,2,5,2,2,24,SWITCH_PRIMARY
1450.319457357,7,8,5,2,2,24,REPLACE_BACKUP
1451.140172407,4,3,3,1,1,24,REFRESH
1451.140172407,4,7,3,2,2,24,REPLACE_BACKUP
1451.140172407,6,3,3,1,1,24,REFRESH
1451.140172407,6,0,3,2,2,24,SWITCH_PRIMARY
1451.140172407,6,4,3,2,2,24,SWITCH_PRIMARY
1451.140172407,6,7,3,2,2,24,REPLACE_BACKUP
1451.140172407,6,1,3,2,3,24,REFRESH_BACKUP
1451.140172407,6,2,3,2,3,24,REPLACE_BACKUP
1451.140172652,1,3,3,1,2,24,REFRESH
1451.140172652,1,0,3,2,3,24,REFRESH_BACKUP
1451.140172652,7,3,3,1,1,24,SWITCH_PRIMARY
1451.140172652,7,6,3,2,2,24,REPLACE_BACKUP
1451.140172998,5,3,3,1,1,24,SWITCH_PRIMARY
1451.140172998,5,0,3,2,2,24,REPLACE_BACKUP
1451.140172998,5,4,3,2,2,24,REPLACE_BACKUP
1451.140172998,5,6,3,2,2,24,SWITCH_PRIMARY
1451.140172998,5,7,3,2,2,24,REPLACE_BACKUP
1452.987060688,4,7,7,1,2,24,REFRESH
1452.987060688,4,6,7,2,3,24,REFRESH_BACKUP
1452.987060688,6,7,7,1,2,24,REFRESH
1452.987060688,6,8,7,2,3,24,REFRESH_BACKUP
1452.987060690,8,7,7,1,2,24,REFRESH
1452.987060690,8,0,7,2,3,24,REFRESH
1452.987060690,8,3,7,2,3,24,REFRESH
1452.987060690,8,4,7,2,3,24,REFRESH_BACKUP
1452.987060690,8,5,7,2,3,24,REFRESH_BACKUP
1452.987060690,8,6,7,2,3,24,REFRESH_BACKUP
1452.987060690,8,1,7,2,4,24,REFRESH_BACKUP
1452.987060933,3,7,7,1,2,24,REFRESH
1452.987061279,1,7,7,1,2,24,REFRESH
1452.987061279,1,6,7,2,3,24,REFRESH
1503.285756271,1,2,2,1,1,25,REFRESH
1503.285756271,1,4,2,2,2,25,SWITCH_PRIMARY
1503.285756271,1,5,2,2,2,25,REFRESH_BACKUP
1503.285756271,1,0,2,2,3,25,REPLACE_BACKUP
1503.285756271,1,6,2,2,3,25,SWITCH_PRIMARY
1503.285756271,5,2,2,1,1,25,REFRESH
1503.285756271,5,4,2,2,2,25,REPLACE_BACKUP
1503.285756271,5,1,2,2,3,25,REFRESH_BACKUP
1503.285756862,8,2,2,1,1,25,SWITCH_PRIMARY
1503.285756862,8,4,2,2,2,25,SWITCH_PRIMARY
1503.285756862,8,5,2,2,2,25,SWITCH_PRIMARY
1503.285756862,8,0,2,2,3,25,SWITCH_PRIMARY
1503.285756862,8,1,2,2,3,25,SWITCH_PRIMARY
1503.285756862,8,6,2,2,3,25,REPLACE_BACKUP
1506.199941070,3,4,4,1,1,25,REFRESH
1506.199941070,3,0,4,2,2,25,REFRESH_BACKUP
1506.199941070,3,1,4,2,2,25,REFRESH
1506.199941070,3,2,4,2,2,25,REFRESH
1506.199941070,3,5,4,2,2,25,REFRESH_BACKUP
1506.199941070,3,6,4,2,2,25,REFRESH_BACKUP
1506.199941070,3,8,4,2,3,25,SWITCH_PRIMARY
1506.199941070,5,4,4,1,1,25,REFRESH
1506.199941070,5,0,4,2,2,25,SWITCH_PRIMARY
1506.199941070,5,1,4,2,2,25,REPLACE_BACKUP
1506.199941070,5,2,4,2,2,25,REFRESH_BACKUP
1506.199941070,5,6,4,2,2,25,SWITCH_PRIMARY
1506.199941070,7,4,4,1,2,25,REFRESH
1506.199941070,7,0,4,2,3,25,REFRESH_BACKUP
1506.199941070,7,1,4,2,3,25,REFRESH
1506.199941070,7,2,4,2,3,25,REFRESH_BACKUP
1506.199941070,7,3,4,2,3,25,REFRESH_BACKUP
1506.199941070,7,5,4,2,3,25,REFRESH_BACKUP
1506.199941315,0,4,4,1,2,25,REFRESH
1506.199941315,0,5,4,2,3,25,REFRESH
1506.199941315,0,6,4,2,3,25,REFRESH_BACKUP
1506.199941315,0,8,4,2,4,25,REFRESH_BACKUP
1506.199941315,0,7,4,2,4,25,REFRESH_BACKUP
1506.199941315,2,4,4,1,1,25,REFRESH
1506.199941315,2,0,4,2,2,25,REFRESH
1506.199941315,2,1,4,2,2,25,REPLACE_BACKUP
1506.199941315,2,3,4,2,2,25,SWITCH_PRIMARY
1506.199941315,2,5,4,2,2,25,REFRESH_BACKUP
1506.199941315,2,6,4,2,2,25,REFRESH
1506.199941315,2,8,4,2,3,25,REFRESH_BACKUP
1506.199941315,2,7,4,2,3,25,REFRESH
1506.199941315,6,4,4,1,2,25,REFRESH_BACKUP
1506.502979985,1,0,0,1,1,25,REFRESH
1506.502979985,1,3,0,2,2,25,SWITCH_PRIMARY
1506.502979985,1,6,0,2,3,25,SWITCH_PRIMARY
1506.502979985,3,0,0,1,1,25,REFRESH
1506.502979985,3,1,0,2,2,25,REPLACE_BACKUP
1506.502979985,3,8,0,2,3,25,SWITCH_PRIMARY
1506.502979985,3,4,0,2,3,25,REFRESH_BACKUP
1507.849348302,7,6,6,1,1,25,REFRESH
1507.849348302,7,3,6,2,2,25,REPLACE_BACKUP
1507.849348302,7,5,6,2,2,25,REPLACE_BACKUP
1507.849348302,7,0,6,2,3,25,REPLACE_BACKUP
1507.849348302,7,4,6,2,3,25,REFRESH_BACKUP
1507.849348302,7,1,6,2,3,25,SWITCH_PRIMARY
1507.849348547,4,6,6,1,2,25,REFRESH
1508.011305903,2,1,1,1,1,25,SWITCH_PRIMARY
1508.011305903,2,0,1,2,2,25,REPLACE_BACKUP
1508.011305903,2,5,1,2,2,25,REPLACE_BACKUP
1508.011305903,2,8,1,2,2,25,REPLACE_BACKUP
1508.011305903,2,6,1,2,3,25,REPLACE_BACKUP
1508.011305903,4,1,1,1,1,25,REFRESH
1508.011305903,4,0,1,2,2,25,REFRESH_BACKUP
1508.011305903,4,2,1,2,2,25,REPLACE_BACKUP
1508.011305903,4,8,1,2,2,25,REFRESH_BACKUP
1508.011305903,4,3,1,2,3,25,REFRESH_BACKUP
1508.011305903,4,6,1,2,3,25,REPLACE_BACKUP
1508.011306148,3,1,1,1,1,25,SWITCH_PRIMARY
1508.011306148,3,0,1,2,2,25,REPLACE_BACKUP
1508.011306148,3,2,1,2,2,25,REPLACE_BACKUP
1508.011306148,3,5,1,2,2,25,SWITCH_PRIMARY
1508.011306148,3,8,1,2,2,25,SWITCH_PRIMARY
1508.209851271,5,8,8,1,1,25,REFRESH
1508.209851271,5,6,8,2,2,25,SWITCH_PRIMARY
1508.209851271,5,7,8,2,3,25,REFRESH
1508.209851271,7,8,8,1,1,25,REFRESH
1508.209851271,7,2,8,2,2,25,SWITCH_PRIMARY
1508.209851271,7,4,8,2,3,25,REPLACE_BACKUP
1508.209851271,7,1,8,2,3,25,REPLACE_BACKUP
1510.319457112,2,5,5,1,1,25,REFRESH
1510.319457112,2,1,5,2,2,25,REFRESH_BACKUP
1510.319457112,2,3,5,2,2,25,SWITCH_PRIMARY
1510.319457112,2,4,5,2,2,25,REFRESH_BACKUP
1510.319457112,2,8,5,2,2,25,REFRESH
1510.319457112,2,6,5,2,3,25,REPLACE_BACKUP
1510.319457112,4,5,5,1,1,25,REFRESH
1510.319457112,4,1,5,2,2,25,REFRESH_BACKUP
1510.319457112,4,2,5,2,2,25,REPLACE_BACKUP
1510.319457112,4,3,5,2,2,25,REPLACE_BACKUP
1510.319457112,4,8,5,2,2,25,REFRESH
1510.319457112,4,6,5,2,3,25,REPLACE_BACKUP
1510.319457114,8,5,5,1,1,25,SWITCH_PRIMARY
1510.319457114,8,1,5,2,2,25,SWITCH_PRIMARY
1510.319457114,8,2,5,2,2,25,REFRESH_BACKUP
1510.319457114,8,3,5,2,2,25,SWITCH_PRIMARY
1510.319457114,8,4,5,2,2,25,SWITCH_PRIMARY
1510.319457114,8,0,5,2,3,25,SWITCH_PRIMARY
1510.319457357,7,5,5,1,1,25,REFRESH
1510.319457357,7,1,5,2,2,25,SWITCH_PRIMARY
1510.319457357,7,2,5,2,2,25,SWITCH_PRIMARY
1510.319457357,7,3,5,2,2,25,REPLACE_BACKUP
1510.319457357,7,4,5,2,2,25,SWITCH_PRIMARY
1510.319457357,7,8,5,2,2,25,REFRESH_BACKUP
1510.319457357,7,0,5,2,3,25,REPLACE_BACKUP
1510.319457842,6,5,5,1,1,25,REFRESH
1510.319457842,6,1,5,2,2,25,SWITCH_PRIMARY
1510.319457842,6,2,5,2,2,25,SWITCH_PRIMARY
1510.319457842,6,3,5,2,2,25,REPLACE_BACKUP
1510.319457842,6,4,5,2,2,25,SWITCH_PRIMARY
1510.319457842,6,8,5,2,2,25,REPLACE_BACKUP
1511.080524407,0,3,3,1,1,25,REFRESH
1511.080524407,0,1,3,2,2,25,REFRESH_BACKUP
1511.080524407,0,4,3,2,2,25,SWITCH_PRIMARY
1511.080524407,0,6,3,2,2,25,REFRESH
1511.080524407,0,2,3,2,3,25,REFRESH_BACKUP
1511.080524407,0,5,3,2,3,25,SWITCH_PRIMARY
1511.080524407,0,8,3,2,3,25,REPLACE_BACKUP
1511.080524407,0,7,3,2,3,25,REFRESH
1511.080524407,4,3,3,1,2,25,REFRESH
1511.080524407,4,7,3,2,4,25,REFRESH_BACKUP
1511.080524407,6,3,3,1,1,25,REFRESH
1511.080524407,6,0,3,2,2,25,REFRESH
1511.080524407,6,1,3,2,2,25,SWITCH_PRIMARY
1511.080524407,6,4,3,2,2,25,REFRESH_BACKUP
1511.080524407,6,2,3,2,3,25,REPLACE_BACKUP
1511.080524407,6,7,3,2,3,25,REFRESH_BACKUP
1512.927412688,4,7,7,1,1,25,UPDATE
1512.927412688,4,0,7,2,2,25,REPLACE_BACKUP
1512.927412688,4,3,7,2,2,25,SWITCH_PRIMARY
1512.927412688,4,5,7,2,2,25,REPLACE_BACKUP
1512.927412688,4,6,7,2,2,25,SWITCH_PRIMARY
1512.927412688,4,8,7,2,2,25,SWITCH_PRIMARY
1512.927412933,3,7,7,1,2,25,REFRESH
1512.927412933,5,7,7,1,1,25,SWITCH_PRIMARY
1512.927412933,5,3,7,2,2,25,REPLACE_BACKUP
1512.927412933,5,8,7,2,2,25,REPLACE_BACKUP
1512.927413418,0,7,7,1,1,25,SWITCH_PRIMARY
1512.927413418,0,3,7,2,2,25,REPLACE_BACKUP
1512.927413418,0,5,7,2,2,25,SWITCH_PRIMARY
1512.927413418,0,6,7,2,2,25,REPLACE_BACKUP
1512.927413418,0,8,7,2,2,25,SWITCH_PRIMARY
1512.927413418,0,2,7,2,3,25,REPLACE_BACKUP
1563.285756271,1,2,2,1,1,26,REFRESH
1563.285756271,1,4,2,2,2,26,REFRESH
1563.285756271,1,5,2,2,2,26,REFRESH_BACKUP
1563.285756271,1,0,2,2,3,26,REFRESH_BACKUP
1563.285756271,1,6,2,2,3,26,SWITCH_PRIMARY
1563.285756271,5,2,2,1,2,26,REFRESH
1563.285756271,5,4,2,2,3,26,REFRESH_BACKUP
1563.285756516,4,2,2,1,1,26,REFRESH
1563.285756516,4,7,2,2,3,26,REPLACE_BACKUP
1563.285757351,6,2,2,1,2,26,REPLACE_BACKUP
1566.140293070,3,4,4,1,1,26,REFRESH
1566.140293070,3,1,4,2,2,26,REFRESH_BACKUP
1566.140293070,3,2,4,2,2,26,REFRESH
1566.140293070,3,5,4,2,2,26,SWITCH_PRIMARY
1566.140293070,3,7,4,2,2,26,SWITCH_PRIMARY
1566.140293070,3,6,4,2,3,26,REFRESH_BACKUP
1566.140293070,5,4,4,1,1,26,REFRESH
1566.140293070,5,0,4,2,2,26,REFRESH
1566.140293070,5,1,4,2,2,26,REFRESH_BACKUP
1566.140293070,5,2,4,2,2,26,SWITCH_PRIMARY
1566.140293070,5,7,4,2,2,26,REPLACE_BACKUP
1566.140293070,5,6,4,2,3,26,REFRESH_BACKUP
1566.140293070,7,4,4,1,1,26,SWITCH_PRIMARY
1566.140293070,7,0,4,2,2,26,REPLACE_BACKUP
1566.140293070,7,1,4,2,2,26,SWITCH_PRIMARY
1566.140293070,7,2,4,2,2,26,SWITCH_PRIMARY
1566.140293315,0,4,4,1,1,26,SWITCH_PRIMARY
1566.140293315,0,1,4,2,2,26,REPLACE_BACKUP
1566.140293315,0,2,4,2,2,26,SWITCH_PRIMARY
1566.140293315,0,5,4,2,2,26,REPLACE_BACKUP
1566.140293315,0,7,4,2,2,26,REPLACE_BACKUP
1566.140293315,2,4,4,1,2,26,REFRESH
1566.140293315,2,0,4,2,3,26,REFRESH
1566.140293315,2,7,4,2,3,26,REFRESH
1566.140293315,2,3,4,2,4,26,REFRESH_BACKUP
1566.140293315,2,6,4,2,4,26,REFRESH
1566.502979985,3,0,0,1,1,26,REFRESH
1566.502979985,3,1,0,2,2,26,REPLACE_BACKUP
1566.502979985,3,4,0,2,2,26,REFRESH_BACKUP
1566.502979985,3,7,0,2,2,26,SWITCH_PRIMARY
1566.502979985,3,8,0,2,3,26,REFRESH_BACKUP
1566.502980230,4,0,0,1,1,26,REFRESH
1566.502980230,4,1,0,2,2,26,REPLACE_BACKUP
1566.502980230,4,3,0,2,2,26,REPLACE_BACKUP
1566.502980230,4,7,0,2,2,26,REPLACE_BACKUP
1566.502980715,7,0,0,1,1,26,REFRESH
1566.502980715,7,1,0,2,2,26,SWITCH_PRIMARY
1566.502980715,7,3,0,2,2,26,REPLACE_BACKUP
1567.849348302,3,6,6,1,1,26,REFRESH
1567.849348302,3,5,6,2,2,26,SWITCH_PRIMARY
1567.849348302,3,8,6,2,2,26,REPLACE_BACKUP
1567.849348302,7,6,6,1,2,26,REFRESH
1567.849348302,7,5,6,2,3,26,REFRESH_BACKUP
1567.849349032,1,6,6,1,2,26,SWITCH_PRIMARY
1568.011305903,0,1,1,1,1,26,REFRESH
1568.011305903,0,2,1,2,2,26,REFRESH_BACKUP
1568.011305903,0,8,1,2,2,26,REFRESH_BACKUP
1568.011305903,2,1,1,1,1,26,REFRESH
1568.011305903,2,0,1,2,2,26,SWITCH_PRIMARY
1568.011305903,2,5,1,2,2,26,REFRESH_BACKUP
1568.011305903,2,8,1,2,2,26,REFRESH_BACKUP
1568.011305903,2,3,1,2,3,26,REPLACE_BACKUP
1568.011305903,2,6,1,2,3,26,SWITCH_PRIMARY
1568.011305903,2,7,1,2,3,26,SWITCH_PRIMARY
1568.011305903,4,1,1,1,1,26,REFRESH
1568.011305903,4,0,1,2,2,26,REPLACE_BACKUP
1568.011305903,4,5,1,2,2,26,REPLACE_BACKUP
1568.011305903,4,8,1,2,2,26,REPLACE_BACKUP
1568.011306148,3,1,1,1,1,26,REFRESH
1568.011306148,3,0,1,2,2,26,REFRESH_BACKUP
1568.011306148,3,2,1,2,2,26,SWITCH_PRIMARY
1568.011306148,3,5,1,2,2,26,SWITCH_PRIMARY
1568.011306148,3,8,1,2,2,26,REFRESH
1568.209851271,5,8,8,1,1,26,REFRESH
1568.209851271,5,2,8,2,2,26,REPLACE_BACKUP
1568.209851271,5,6,8,2,2,26,REFRESH
1568.209851271,5,4,8,2,3,26,REPLACE_BACKUP
1568.209851271,7,8,8,1,1,26,REFRESH
1568.209851271,7,5,8,2,2,26,REPLACE_BACKUP
1568.209851271,7,6,8,2,2,26,SWITCH_PRIMARY
1570.259809112,2,5,5,1,2,26,REFRESH
1570.259809112,2,1,5,2,3,26,REFRESH_BACKUP
1570.259809112,2,3,5,2,3,26,REFRESH
1570.259809112,2,4,5,2,3,26,REFRESH_BACKUP
1570.259809112,2,8,5,2,3,26,REFRESH
1571.140172407,0,3,3,1,2,26,REFRESH
1571.140172407,0,4,3,2,3,26,REFRESH_BACKUP
1571.140172407,0,6,3,2,3,26,REFRESH
1571.140172407,4,3,3,1,1,26,SWITCH_PRIMARY
1571.140172407,4,0,3,2,2,26,REPLACE_BACKUP
1571.140172407,4,1,3,2,2,26,REPLACE_BACKUP
1571.140172407,4,6,3,2,2,26,SWITCH_PRIMARY
1571.140172407,6,3,3,1,1,26,REFRESH
1571.140172407,6,0,3,2,2,26,REFRESH
1571.140172407,6,1,3,2,2,26,REFRESH
1571.140172407,6,4,3,2,2,26,REFRESH_BACKUP
1571.140172407,6,7,3,2,3,26,REFRESH_BACKUP
1571.140172652,1,3,3,1,2,26,REFRESH_BACKUP
1571.140173137,2,3,3,1,2,26,SWITCH_PRIMARY
1571.140173137,2,0,3,2,3,26,REPLACE_BACKUP
1571.140173137,2,6,3,2,3,26,REPLACE_BACKUP
1572.927412688,6,7,7,1,1,26,UPDATE
1572.927412688,6,0,7,2,2,26,REPLACE_BACKUP
1572.927412688,6,4,7,2,2,26,SWITCH_PRIMARY
1572.927412690,8,7,7,1,1,26,UPDATE
1572.927412690,8,0,7,2,2,26,SWITCH_PRIMARY
1572.927412690,8,3,7,2,2,26,SWITCH_PRIMARY
1572.927412690,8,4,7,2,2,26,SWITCH_PRIMARY
1572.927412933,5,7,7,1,1,26,REFRESH
1572.927412933,5,0,7,2,2,26,SWITCH_PRIMARY
1572.927412933,5,3,7,2,2,26,REFRESH_BACKUP
1572.927412933,5,4,7,2,2,26,REPLACE_BACKUP
1572.927412933,5,8,7,2,2,26,REFRESH_BACKUP
1572.927412933,5,6,7,2,3,26,REPLACE_BACKUP
1623.285756271,5,2,2,1,1,27,SWITCH_PRIMARY
1623.285756271,5,1,2,2,2,27,REPLACE_BACKUP
1623.285756516,4,2,2,1,1,27,REFRESH
1623.285756516,4,1,2,2,2,27,REPLACE_BACKUP
1626.140293070,1,4,4,1,1,27,SWITCH_PRIMARY
1626.140293070,1,0,4,2,2,27,REPLACE_BACKUP
1626.140293070,1,2,4,2,2,27,REPLACE_BACKUP
1626.140293070,1,3,4,2,2,27,REPLACE_BACKUP
1626.140293070,1,5,4,2,2,27,REPLACE_BACKUP
1626.140293070,1,7,4,2,2,27,SWITCH_PRIMARY
1626.140293070,3,4,4,1,1,27,REFRESH
1626.140293070,3,0,4,2,2,27,REPLACE_BACKUP
1626.140293070,3,1,4,2,2,27,REPLACE_BACKUP
1626.140293070,3,2,4,2,2,27,REFRESH_BACKUP
1626.140293070,3,5,4,2,2,27,SWITCH_PRIMARY
1626.140293070,3,7,4,2,2,27,SWITCH_PRIMARY
1626.140293070,3,6,4,2,3,27,REFRESH_BACKUP
1626.140293070,7,4,4,1,1,27,REFRESH
1626.140293070,7,0,4,2,2,27,REFRESH_BACKUP
1626.140293070,7,1,4,2,2,27,REFRESH_BACKUP
1626.140293070,7,2,4,2,2,27,REFRESH
1626.140293070,7,5,4,2,2,27,REPLACE_BACKUP
1626.140293315,0,4,4,1,1,27,REFRESH
1626.140293315,0,1,4,2,2,27,REFRESH_BACKUP
1626.140293315,0,2,4,2,2,27,REFRESH
1626.140293315,0,3,4,2,2,27,SWITCH_PRIMARY
1626.140293315,0,5,4,2,2,27,REFRESH_BACKUP
1626.140293315,0,7,4,2,2,27,REFRESH_BACKUP
1626.140293315,0,6,4,2,3,27,SWITCH_PRIMARY
1626.140293315,6,4,4,1,1,27,SWITCH_PRIMARY
1626.140293315,6,0,4,2,2,27,SWITCH_PRIMARY
1626.140293315,6,1,4,2,2,27,SWITCH_PRIMARY
1626.140293315,6,2,4,2,2,27,REPLACE_BACKUP
1626.140293315,6,7,4,2,2,27,REPLACE_BACKUP
1626.502980230,4,0,0,1,2,27,REFRESH
1626.502980230,4,7,0,2,3,27,REFRESH_BACKUP
1627.849348302,3,6,6,1,1,27,REFRESH
1627.849348302,3,7,6,2,2,27,SWITCH_PRIMARY
1627.849348302,3,8,6,2,2,27,REFRESH_BACKUP
1627.849348893,8,6,6,1,1,27,REFRESH
1627.849348893,8,3,6,2,2,27,SWITCH_PRIMARY
1627.849348893,8,4,6,2,2,27,REPLACE_BACKUP
1627.849348893,8,5,6,2,2,27,REPLACE_BACKUP
1627.849348893,8,7,6,2,2,27,REFRESH_BACKUP
1627.849348893,8,1,6,2,3,27,REPLACE_BACKUP
1628.011305903,0,1,1,1,1,27,REFRESH
1628.011305903,0,2,1,2,2,27,SWITCH_PRIMARY
1628.011305903,0,4,1,2,2,27,REPLACE_BACKUP
1628.011305903,0,8,1,2,2,27,REFRESH_BACKUP
1628.011305903,0,6,1,2,3,27,SWITCH_PRIMARY
1628.011305903,2,1,1,1,2,27,REFRESH
1628.011305903,2,0,1,2,3,27,REFRESH
1628.011305903,2,4,1,2,3,27,REPLACE_BACKUP
1628.011305903,2,5,1,2,3,27,REFRESH_BACKUP
1628.011305903,2,8,1,2,3,27,REFRESH_BACKUP
1628.011305903,2,7,1,2,4,27,REFRESH
1628.011305903,2,6,1,2,4,27,REFRESH
1628.011305903,4,1,1,1,1,27,REFRESH
1628.011305903,4,0,1,2,2,27,SWITCH_PRIMARY
1628.011305903,4,5,1,2,2,27,REFRESH_BACKUP
1628.011305903,4,8,1,2,2,27,SWITCH_PRIMARY
1628.011305903,4,7,1,2,3,27,REPLACE_BACKUP
1628.011306148,3,1,1,1,1,27,REFRESH
1628.011306148,3,0,1,2,2,27,REPLACE_BACKUP
1628.011306148,3,2,1,2,2,27,REFRESH
1628.011306148,3,4,1,2,2,27,REPLACE_BACKUP
1628.011306148,3,5,1,2,2,27,SWITCH_PRIMARY
1628.011306148,3,8,1,2,2,27,REFRESH
1628.011306148,3,6,1,2,3,27,REPLACE_BACKUP
1628.269499271,5,8,8,1,1,27,REFRESH
1628.269499271,5,6,8,2,2,27,REFRESH
1628.269499271,7,8,8,1,1,27,REFRESH
1628.269499271,7,6,8,2,2,27,REFRESH
1628.269499860,2,8,8,1,2,27,SWITCH_PRIMARY
1628.269499860,2,6,8,2,3,27,SWITCH_PRIMARY
1628.269499860,2,7,8,2,3,27,SWITCH_PRIMARY
1628.269499860,6,8,8,1,1,27,REFRESH
1628.269499860,6,2,8,2,2,27,REPLACE_BACKUP
1628.269499860,6,5,8,2,2,27,REFRESH_BACKUP
1628.269499860,6,7,8,2,2,27,REPLACE_BACKUP
1628.269500000,1,8,8,1,2,27,REFRESH
1630.259809112,2,5,5,1,1,27,UPDATE
1630.259809112,2,1,5,2,2,27,SWITCH_PRIMARY
1630.259809112,2,3,5,2,2,27,SWITCH_PRIMARY
1630.259809112,2,4,5,2,2,27,SWITCH_PRIMARY
1630.259809112,2,7,5,2,2,27,SWITCH_PRIMARY
1630.259809112,2,8,5,2,2,27,SWITCH_PRIMARY
1630.259809112,2,0,5,2,3,27,SWITCH_PRIMARY
1630.259809112,2,6,5,2,3,27,SWITCH_PRIMARY
1630.259809112,4,5,5,1,1,27,REFRESH
1630.259809112,4,1,5,2,2,27,REPLACE_BACKUP
1630.259809112,4,2,5,2,2,27,REFRESH_BACKUP
1630.259809112,4,3,5,2,2,27,REPLACE_BACKUP
1630.259809112,4,7,5,2,2,27,REPLACE_BACKUP
1630.259809112,4,8,5,2,2,27,REPLACE_BACKUP
1630.259809114,8,5,5,1,1,27,REFRESH
1630.259809114,8,1,5,2,2,27,REFRESH
1630.259809114,8,2,5,2,2,27,REFRESH_BACKUP
1630.259809114,8,3,5,2,2,27,SWITCH_PRIMARY
1630.259809114,8,4,5,2,2,27,SWITCH_PRIMARY
1630.259809114,8,7,5,2,2,27,REPLACE_BACKUP
1630.259809114,8,0,5,2,3,27,REFRESH_BACKUP
1630.259809357,1,5,5,1,1,27,REFRESH
1630.259809357,1,3,5,2,2,27,REPLACE_BACKUP
1630.259809357,1,4,5,2,2,27,REPLACE_BACKUP
1630.259809357,1,7,5,2,2,27,SWITCH_PRIMARY
1630.259809357,1,8,5,2,2,27,SWITCH_PRIMARY
1630.259809357,1,6,5,2,3,27,REPLACE_BACKUP
1630.259809357,7,5,5,1,2,27,REFRESH
1630.259809357,7,2,5,2,3,27,REFRESH_BACKUP
1630.259809357,7,4,5,2,3,27,REFRESH_BACKUP
1630.259809357,7,8,5,2,3,27,REFRESH_BACKUP
1631.080524407,0,3,3,1,1,27,SWITCH_PRIMARY
1631.080524407,0,1,3,2,2,27,REPLACE_BACKUP
1631.080524407,0,4,3,2,2,27,REPLACE_BACKUP
1631.080524407,0,6,3,2,2,27,SWITCH_PRIMARY
1631.080524407,4,3,3,1,1,27,REFRESH
1631.080524407,4,0,3,2,2,27,SWITCH_PRIMARY
1631.080524407,4,1,3,2,2,27,REPLACE_BACKUP
1631.080524407,4,6,3,2,2,27,REFRESH
1631.080524407,6,3,3,1,1,27,REFRESH
1631.080524407,6,0,3,2,2,27,REFRESH_BACKUP
1631.080524407,6,1,3,2,2,27,REFRESH_BACKUP
1631.080524652,1,3,3,1,1,27,SWITCH_PRIMARY
1631.080524652,1,6,3,2,2,27,SWITCH_PRIMARY
1631.080524652,7,3,3,1,2,27,REFRESH
1631.080524652,7,4,3,2,3,27,REPLACE_BACKUP
1631.080525138,8,3,3,1,1,27,SWITCH_PRIMARY
1631.080525138,8,0,3,2,2,27,REPLACE_BACKUP
1631.080525138,8,1,3,2,2,27,SWITCH_PRIMARY
1631.080525138,8,6,3,2,2,27,REPLACE_BACKUP
1632.927412690,8,7,7,1,1,27,REFRESH
1632.927412690,8,0,7,2,2,27,REFRESH
1632.927412690,8,4,7,2,2,27,SWITCH_PRIMARY
1632.927413279,1,7,7,1,1,27,SWITCH_PRIMARY
1632.927413279,1,0,7,2,2,27,REPLACE_BACKUP
1632.927413279,1,8,7,2,2,27,SWITCH_PRIMARY
1683.285756516,4,2,2,1,1,28,REFRESH
1686.140293070,1,4,4,1,1,28,REFRESH
1686.140293070,1,2,4,2,2,28,REFRESH_BACKUP
1686.140293070,1,5,4,2,2,28,REFRESH_BACKUP
1686.140293070,3,4,4,1,1,28,REFRESH
1686.140293070,3,1,4,2,2,28,REFRESH_BACKUP
1686.140293070,3,2,4,2,2,28,SWITCH_PRIMARY
1686.140293070,3,5,4,2,2,28,REFRESH_BACKUP
1686.140293070,3,7,4,2,2,28,REFRESH_BACKUP
1686.140293070,3,6,4,2,3,28,REPLACE_BACKUP
1686.140293070,7,4,4,1,2,28,REFRESH
1686.140293070,7,1,4,2,3,28,REFRESH_BACKUP
1686.140293070,7,2,4,2,3,28,REFRESH
1686.140293070,7,5,4,2,3,28,REFRESH_BACKUP
1686.140293070,7,0,4,2,4,28,REFRESH_BACKUP
1686.140293315,0,4,4,1,1,28,REFRESH
1686.140293315,0,1,4,2,2,28,REPLACE_BACKUP
1686.140293315,0,2,4,2,2,28,SWITCH_PRIMARY
1686.140293315,0,3,4,2,2,28,REFRESH_BACKUP
1686.140293315,0,5,4,2,2,28,SWITCH_PRIMARY
1686.140293315,0,7,4,2,2,28,REFRESH_BACKUP
1686.140293315,0,6,4,2,3,28,REPLACE_BACKUP
1686.140293315,2,4,4,1,1,28,SWITCH_PRIMARY
1686.140293315,2,1,4,2,2,28,REPLACE_BACKUP
1686.140293315,2,3,4,2,2,28,SWITCH_PRIMARY
1686.140293315,2,5,4,2,2,28,REPLACE_BACKUP
1686.140293315,2,7,4,2,2,28,SWITCH_PRIMARY
1686.140293315,2,0,4,2,3,28,SWITCH_PRIMARY
1686.140293315,2,6,4,2,3,28,SWITCH_PRIMARY
1686.140293315,6,4,4,1,1,28,REFRESH
1686.140293315,6,1,4,2,2,28,REFRESH
1686.140293315,6,2,4,2,2,28,REPLACE_BACKUP
1686.140293315,6,7,4,2,2,28,REPLACE_BACKUP
1686.140293315,6,0,4,2,3,28,REFRESH
1686.502979985,1,0,0,1,1,28,REFRESH
1686.502979985,1,3,0,2,2,28,REFRESH_BACKUP
1686.502979985,1,4,0,2,2,28,REPLACE_BACKUP
1686.502979985,3,0,0,1,2,28,REFRESH
1686.502980576,2,0,0,1,2,28,SWITCH_PRIMARY
1686.502980576,6,0,0,1,1,28,SWITCH_PRIMARY
1686.502980576,6,1,0,2,2,28,SWITCH_PRIMARY
1686.502980576,6,4,0,2,2,28,REPLACE_BACKUP
1687.849348302,3,6,6,1,1,28,REFRESH
1687.849348302,3,0,6,2,2,28,SWITCH_PRIMARY
1687.849348302,3,5,6,2,2,28,SWITCH_PRIMARY
1687.849348302,3,7,6,2,2,28,REFRESH
1687.849348302,3,8,6,2,2,28,REFRESH_BACKUP
1687.849348302,7,6,6,1,1,28,SWITCH_PRIMARY
1687.849348302,7,0,6,2,2,28,REPLACE_BACKUP
1687.849348302,7,3,6,2,2,28,SWITCH_PRIMARY
1687.849348302,7,4,6,2,2,28,SWITCH_PRIMARY
1687.849348302,7,5,6,2,2,28,SWITCH_PRIMARY
1687.849348302,7,8,6,2,2,28,REPLACE_BACKUP
1687.849348302,7,1,6,2,3,28,REPLACE_BACKUP
1687.849348302,7,2,6,2,3,28,SWITCH_PRIMARY
1687.849348547,4,6,6,1,1,28,SWITCH_PRIMARY
1687.849348547,4,0,6,2,2,28,REPLACE_BACKUP
1687.849348547,4,3,6,2,2,28,REPLACE_BACKUP
1687.849348547,4,8,6,2,2,28,SWITCH_PRIMARY
1688.011305903,2,1,1,1,1,28,SWITCH_PRIMARY
1688.011305903,2,0,1,2,2,28,SWITCH_PRIMARY
1688.011305903,2,3,1,2,2,28,REPLACE_BACKUP
1688.011305903,2,7,1,2,2,28,SWITCH_PRIMARY
1688.011305903,2,6,1,2,3,28,SWITCH_PRIMARY
1688.011305903,4,1,1,1,1,28,REFRESH
1688.011305903,4,2,1,2,2,28,REPLACE_BACKUP
1688.011305903,4,3,1,2,2,28,REPLACE_BACKUP
1688.011305903,4,5,1,2,2,28,REFRESH_BACKUP
1688.011305903,4,8,1,2,3,28,REFRESH_BACKUP
1688.011306148,5,1,1,1,2,28,REFRESH
1688.209851271,5,8,8,1,1,28,REFRESH
1688.209851271,5,6,8,2,2,28,REFRESH
1688.209851271,7,8,8,1,1,28,REFRESH
1688.209851271,7,2,8,2,2,28,SWITCH_PRIMARY
1688.209851271,7,3,8,2,2,28,SWITCH_PRIMARY
1688.209851271,7,5,8,2,2,28,REPLACE_BACKUP
1688.209851271,7,6,8,2,2,28,REFRESH_BACKUP
1688.209851271,7,1,8,2,3,28,REPLACE_BACKUP
1688.209851860,6,8,8,1,1,28,REFRESH
1688.209851860,6,3,8,2,2,28,REPLACE_BACKUP
1688.209851860,6,5,8,2,2,28,REFRESH_BACKUP
1688.209851860,6,7,8,2,2,28,REPLACE_BACKUP
1688.209852000,1,8,8,1,1,28,SWITCH_PRIMARY
1688.209852000,1,3,8,2,2,28,REPLACE_BACKUP
1688.209852000,1,5,8,2,2,28,REPLACE_BACKUP
1688.209852000,1,6,8,2,2,28,REPLACE_BACKUP
1688.209852000,1,7,8,2,2,28,REPLACE_BACKUP
1690.319457112,2,5,5,1,1,28,REFRESH
1690.319457112,2,3,5,2,2,28,SWITCH_PRIMARY
1690.319457112,2,4,5,2,2,28,REFRESH_BACKUP
1690.319457112,2,7,5,2,2,28,REPLACE_BACKUP
1690.319457112,2,8,5,2,2,28,REFRESH
1690.319457112,2,6,5,2,3,28,SWITCH_PRIMARY
1690.319457112,2,1,5,2,3,28,REFRESH_BACKUP
1690.319457112,4,5,5,1,1,28,REFRESH
1690.319457112,4,7,5,2,2,28,REFRESH_BACKUP
1690.319457112,4,8,5,2,2,28,REPLACE_BACKUP
1690.319457114,8,5,5,1,1,28,REFRESH
1690.319457114,8,2,5,2,2,28,REFRESH_BACKUP
1690.319457114,8,3,5,2,2,28,REFRESH_BACKUP
1690.319457114,8,4,5,2,2,28,REFRESH_BACKUP
1690.319457114,8,7,5,2,2,28,REFRESH_BACKUP
1690.319457114,8,1,5,2,3,28,REFRESH_BACKUP
1691.140172407,0,3,3,1,2,28,REFRESH
1691.140172407,0,4,3,2,3,28,REFRESH_BACKUP
1691.140172407,0,6,3,2,3,28,REFRESH
1691.140172407,4,3,3,1,1,28,REFRESH
1691.140172407,4,1,3,2,2,28,REFRESH_BACKUP
1691.140172407,4,6,3,2,2,28,REFRESH_BACKUP
1691.140172407,4,0,3,2,3,28,REFRESH
1691.140172407,6,3,3,1,2,28,REFRESH
1691.140172652,7,3,3,1,1,28,SWITCH_PRIMARY
1691.140172652,7,1,3,2,2,28,SWITCH_PRIMARY
1691.140172652,7,4,3,2,2,28,SWITCH_PRIMARY
1691.140172652,7,6,3,2,2,28,REPLACE_BACKUP
1691.140173138,8,3,3,1,1,28,REFRESH
1691.140173138,8,1,3,2,2,28,REFRESH
1691.140173138,8,4,3,2,2,28,REPLACE_BACKUP
1691.140173138,8,6,3,2,2,28,REFRESH_BACKUP
1691.140173138,8,0,3,2,3,28,REFRESH_BACKUP
1692.987060688,4,7,7,1,2,28,REFRESH
1692.987060688,6,7,7,1,1,28,REFRESH
1692.987060688,6,0,7,2,2,28,REPLACE_BACKUP
1692.987060688,6,3,7,2,2,28,SWITCH_PRIMARY
1692.987060688,6,8,7,2,2,28,REPLACE_BACKUP
1692.987060690,8,7,7,1,1,28,REFRESH
1692.987060690,8,0,7,2,2,28,REFRESH
1692.987060690,8,6,7,2,2,28,REPLACE_BACKUP
1692.987060690,8,1,7,2,3,28,REPLACE_BACKUP
1692.987060690,8,4,7,2,3,28,REFRESH
1692.987060933,5,7,7,1,2,28,REFRESH
1692.987060933,5,0,7,2,3,28,REFRESH
1692.987060933,5,3,7,2,3,28,REFRESH_BACKUP
1692.987060933,5,6,7,2,3,28,REFRESH_BACKUP
1692.987060933,5,8,7,2,3,28,REFRESH_BACKUP
1692.987060933,5,4,7,2,4,28,REFRESH_BACKUP
1692.987061279,1,7,7,1,2,28,REFRESH
1692.987061279,1,0,7,2,3,28,REFRESH_BACKUP
1692.987061279,1,8,7,2,3,28,REFRESH_BACKUP
1743.345404271,1,2,2,1,1,29,REFRESH
1743.345404271,1,5,2,2,2,29,REPLACE_BACKUP
1743.345404271,1,0,2,2,3,29,REPLACE_BACKUP
1743.345404271,1,8,2,2,3,29,REPLACE_BACKUP
1743.345404271,5,2,2,1,1,29,REFRESH
1743.345404271,5,1,2,2,2,29,SWITCH_PRIMARY
1743.345404271,5,4,2,2,2,29,REPLACE_BACKUP
1743.345404271,5,0,2,2,3,29,SWITCH_PRIMARY
1743.345404271,5,3,2,2,3,29,REPLACE_BACKUP
1743.345404271,5,8,2,2,3,29,REPLACE_BACKUP
1746.140293070,5,4,4,1,1,29,REFRESH
1746.140293070,5,1,4,2,2,29,SWITCH_PRIMARY
1746.140293070,5,2,4,2,2,29,REFRESH_BACKUP
1746.140293070,5,3,4,2,2,29,REPLACE_BACKUP
1746.140293070,5,6,4,2,2,29,SWITCH_PRIMARY
1746.140293070,5,8,4,2,3,29,REPLACE_BACKUP
1746.140293070,5,0,4,2,3,29,REPLACE_BACKUP
1746.140293070,5,7,4,2,3,29,REFRESH_BACKUP
1746.140293070,7,4,4,1,1,29,SWITCH_PRIMARY
1746.140293070,7,1,4,2,2,29,REPLACE_BACKUP
1746.140293070,7,2,4,2,2,29,SWITCH_PRIMARY
1746.140293070,7,5,4,2,2,29,SWITCH_PRIMARY
1746.140293070,7,6,4,2,2,29,REPLACE_BACKUP
1746.140293315,0,4,4,1,2,29,REFRESH
1746.140293315,0,1,4,2,3,29,REFRESH_BACKUP
1746.140293315,0,2,4,2,3,29,REFRESH
1746.140293315,0,3,4,2,3,29,REFRESH_BACKUP
1746.140293315,0,5,4,2,3,29,REFRESH
1746.140293315,0,6,4,2,3,29,REFRESH_BACKUP
1746.140293315,0,7,4,2,4,29,REFRESH_BACKUP
1746.140293315,2,4,4,1,2,29,REFRESH
1746.140293315,2,3,4,2,3,29,REFRESH_BACKUP
1746.140293315,2,5,4,2,3,29,REFRESH_BACKUP
1746.502979985,3,0,0,1,1,29,SWITCH_PRIMARY
1746.502979985,3,7,0,2,2,29,REPLACE_BACKUP
1746.502980230,4,0,0,1,1,29,SWITCH_PRIMARY
1746.502980230,4,1,0,2,2,29,REPLACE_BACKUP
1746.502980230,4,7,0,2,2,29,SWITCH_PRIMARY
1746.502980576,6,0,0,1,2,29,REFRESH
1746.502980576,6,1,0,2,3,29,REFRESH
1746.502980576,6,4,0,2,4,29,REFRESH_BACKUP
1747.849348302,3,6,6,1,1,29,REFRESH
1747.849348302,3,5,6,2,2,29,REFRESH
1747.849348302,3,7,6,2,2,29,REFRESH
1747.849348302,3,8,6,2,2,29,SWITCH_PRIMARY
1747.849348302,3,0,6,2,3,29,REFRESH_BACKUP
1747.849348302,7,6,6,1,1,29,REFRESH
1747.849348302,7,5,6,2,2,29,SWITCH_PRIMARY
1747.849348302,7,8,6,2,2,29,REFRESH_BACKUP
1747.849348302,7,0,6,2,3,29,REFRESH_BACKUP
1748.070953903,0,1,1,1,1,29,REFRESH
1748.070953903,0,2,1,2,2,29,SWITCH_PRIMARY
1748.070953903,0,3,1,2,2,29,SWITCH_PRIMARY
1748.070953903,0,4,1,2,2,29,SWITCH_PRIMARY
1748.070953903,0,5,1,2,2,29,SWITCH_PRIMARY
1748.070953903,0,8,1,2,2,29,REFRESH_BACKUP
1748.070953903,0,6,1,2,3,29,SWITCH_PRIMARY
1748.070953903,0,7,1,2,3,29,REPLACE_BACKUP
1748.070953903,2,1,1,1,2,29,REFRESH
1748.070953903,2,0,1,2,3,29,REFRESH
1748.070953903,2,6,1,2,4,29,REFRESH_BACKUP
1748.070953903,2,7,1,2,4,29,REFRESH
1748.070953903,4,1,1,1,2,29,REFRESH
1748.070953903,4,2,1,2,3,29,REFRESH_BACKUP
1748.070953903,4,3,1,2,3,29,REFRESH_BACKUP
1748.070953903,4,5,1,2,3,29,REFRESH_BACKUP
1748.070954148,3,1,1,1,1,29,REFRESH
1748.070954148,3,0,1,2,2,29,REPLACE_BACKUP
1748.070954148,3,2,1,2,2,29,REFRESH_BACKUP
1748.070954148,3,4,1,2,2,29,REFRESH_BACKUP
1748.070954148,3,5,1,2,2,29,REFRESH_BACKUP
1748.070954148,3,8,1,2,2,29,SWITCH_PRIMARY
1748.070954148,5,1,1,1,1,29,SWITCH_PRIMARY
1748.070954148,5,0,1,2,2,29,SWITCH_PRIMARY
1748.070954148,5,8,1,2,2,29,REPLACE_BACKUP
1748.070954148,5,7,1,2,3,29,REPLACE_BACKUP
1748.209851271,7,8,8,1,1,29,REFRESH
1748.209851271,7,2,8,2,2,29,SWITCH_PRIMARY
1748.209851271,7,3,8,2,2,29,REFRESH_BACKUP
1748.209851271,7,5,8,2,2,29,SWITCH_PRIMARY
1748.209851515,4,8,8,1,1,29,SWITCH_PRIMARY
1748.209851515,4,2,8,2,2,29,REPLACE_BACKUP
1748.209851515,4,3,8,2,2,29,REPLACE_BACKUP
1748.209851515,4,5,8,2,2,29,REPLACE_BACKUP
1748.209851515,4,6,8,2,2,29,REPLACE_BACKUP
1748.209851515,4,7,8,2,2,29,SWITCH_PRIMARY
1748.209851860,2,8,8,1,2,29,REFRESH_BACKUP
1748.209851860,2,6,8,2,3,29,REPLACE_BACKUP
1748.209851860,2,7,8,2,3,29,SWITCH_PRIMARY
1750.259809112,2,5,5,1,1,29,REFRESH
1750.259809112,2,1,5,2,2,29,SWITCH_PRIMARY
1750.259809112,2,3,5,2,2,29,REFRESH
1750.259809112,2,4,5,2,2,29,SWITCH_PRIMARY
1750.259809112,2,8,5,2,2,29,REFRESH
1750.259809112,2,0,5,2,3,29,SWITCH_PRIMARY
1750.259809112,2,6,5,2,3,29,REFRESH
1750.259809112,2,7,5,2,3,29,SWITCH_PRIMARY
1750.259809112,4,5,5,1,1,29,REFRESH
1750.259809112,4,1,5,2,2,29,SWITCH_PRIMARY
1750.259809112,4,2,5,2,2,29,REPLACE_BACKUP
1750.259809114,8,5,5,1,1,29,REFRESH
1750.259809114,8,1,5,2,2,29,REPLACE_BACKUP
1750.259809114,8,2,5,2,2,29,REFRESH_BACKUP
1750.259809114,8,3,5,2,2,29,REFRESH_BACKUP
1750.259809114,8,4,5,2,2,29,SWITCH_PRIMARY
1750.259809114,8,0,5,2,3,29,REPLACE_BACKUP
1750.259809114,8,7,5,2,3,29,REFRESH_BACKUP
1750.259809357,1,5,5,1,1,29,REFRESH
1750.259809357,1,2,5,2,2,29,REPLACE_BACKUP
1750.259809357,1,4,5,2,2,29,REPLACE_BACKUP
1750.259809357,1,8,5,2,2,29,REPLACE_BACKUP
1750.259809703,3,5,5,1,1,29,SWITCH_PRIMARY
1750.259809703,3,4,5,2,2,29,REPLACE_BACKUP
1750.259809703,3,8,5,2,2,29,SWITCH_PRIMARY
1751.080524407,0,3,3,1,1,29,SWITCH_PRIMARY
1751.080524407,0,1,3,2,2,29,REPLACE_BACKUP
1751.080524407,0,4,3,2,2,29,SWITCH_PRIMARY
1751.080524407,0,5,3,2,2,29,REPLACE_BACKUP
1751.080524407,0,6,3,2,2,29,SWITCH_PRIMARY
1751.080524407,0,2,3,2,3,29,REPLACE_BACKUP
1751.080524407,0,7,3,2,3,29,REPLACE_BACKUP
1751.080524407,4,3,3,1,1,29,REFRESH
1751.080524407,4,0,3,2,2,29,REFRESH_BACKUP
1751.080524407,4,1,3,2,2,29,SWITCH_PRIMARY
1751.080524407,4,5,3,2,2,29,REPLACE_BACKUP
1751.080524407,6,3,3,1,1,29,SWITCH_PRIMARY
1751.080524407,6,0,3,2,2,29,SWITCH_PRIMARY
1751.080524407,6,1,3,2,2,29,SWITCH_PRIMARY
1751.080524407,6,4,3,2,2,29,REPLACE_BACKUP
1751.080524407,6,5,3,2,2,29,REPLACE_BACKUP
1751.080525137,2,3,3,1,1,29,SWITCH_PRIMARY
1751.080525137,2,0,3,2,2,29,SWITCH_PRIMARY
1751.080525137,2,1,3,2,2,29,REPLACE_BACKUP
1751.080525137,2,4,3,2,2,29,REPLACE_BACKUP
1751.080525137,2,5,3,2,2,29,REPLACE_BACKUP
1751.080525137,2,6,3,2,2,29,SWITCH_PRIMARY
1751.080525137,2,7,3,2,3,29,REPLACE_BACKUP
1752.927412688,6,7,7,1,1,29,REFRESH
1752.927412688,6,0,7,2,2,29,REPLACE_BACKUP
1752.927412688,6,3,7,2,2,29,REFRESH_BACKUP
1752.927412688,6,4,7,2,2,29,REPLACE_BACKUP
1752.927412688,6,8,7,2,2,29,REFRESH_BACKUP
1752.927412688,6,1,7,2,3,29,REPLACE_BACKUP
1752.927412690,8,7,7,1,1,29,REFRESH
1752.927412690,8,0,7,2,2,29,REFRESH
1752.927412690,8,4,7,2,2,29,SWITCH_PRIMARY
1752.927412690,8,6,7,2,2,29,REFRESH_BACKUP
1752.927412933,5,7,7,1,1,29,UPDATE
1752.927412933,5,0,7,2,2,29,SWITCH_PRIMARY
1752.927412933,5,6,7,2,2,29,REPLACE_BACKUP
1752.927412933,5,8,7,2,2,29,REPLACE_BACKUP
1771.000000000,5,3,3,1,0,24,POISON
