timestamp(s),nodeId,src,seq,dst,ttl,hops,rssi(dBm),battery(mV),score,sf,energyJ,energyFrac,forwarded,ok
2.414766730,0,0,1,65535,63,0,0,4200,0,7,38879.982210108,0.999999542,0,1
2.807546093,1,1,1,65535,63,0,0,4200,0,8,38879.965220131,0.999999105,0,1
3.595940747,3,3,1,65535,63,0,0,4200,0,8,38879.955873525,0.999998865,0,1
8.473097285,2,2,1,65535,63,0,0,4200,0,8,38879.944286005,0.999998567,0,1
8.722219627,5,5,1,65535,63,0,0,4200,0,7,38879.973304481,0.999999313,0,1
8.970359947,8,8,1,65535,63,0,0,4200,0,7,38879.968551278,0.999999191,0,1
9.754940824,4,4,1,65535,63,0,0,4200,0,8,38879.923343133,0.999998028,0,1
11.363189829,6,6,1,65535,63,0,0,4200,0,8,38879.925106180,0.999998074,0,1
12.813150705,7,7,1,65535,63,0,0,4200,0,7,38879.936060994,0.999998355,0,1
62.414766730,0,0,2,65535,63,0,0,4200,0,8,38879.881094460,0.999996942,0,1
62.807546093,1,1,2,65535,63,0,0,4200,0,8,38879.858754595,0.999996367,0,1
63.595940747,3,3,2,65535,63,0,0,4200,0,8,38879.857135605,0.999996326,0,1
68.473097285,2,2,2,65535,63,0,0,4200,0,8,38879.825572405,0.999995514,0,1
68.722219627,5,5,2,65535,63,0,0,4200,0,8,38879.862138785,0.999996454,0,1
68.970359947,8,8,2,65535,63,0,0,4200,0,7,38879.888586350,0.999997134,0,1
69.754940824,4,4,2,65535,63,0,0,4200,0,7,38879.805445149,0.999994996,0,1
71.363189829,6,6,2,65535,63,0,0,4200,0,7,38879.842376452,0.999995946,0,1
72.813150705,7,7,2,65535,63,0,0,4200,0,7,38879.849280834,0.999996123,0,1
114.600531278,5,5,1,1,63,0,0,4200,75,8,38879.769770305,0.999994078,0,1
122.414766730,0,0,3,65535,63,0,0,4200,0,8,38879.771490876,0.999994123,0,1
122.807546093,1,1,3,65535,63,0,0,4200,0,8,38879.748045091,0.999993520,0,1
123.595940747,3,3,3,65535,63,0,0,4200,0,7,38879.774405877,0.999994198,0,1
124.600531278,5,5,2,3,63,0,0,4200,75,8,38879.696580289,0.999992196,0,1
124.740307868,4,5,2,3,62,1,0,4200,72,8,38879.693596401,0.999992119,1,1
128.473097285,2,2,3,65535,63,0,0,4200,0,8,38879.690007349,0.999992027,0,1
128.722219627,5,5,3,65535,63,0,0,4200,0,7,38879.654039201,0.999991102,0,1
128.970359947,8,8,3,65535,63,0,0,4200,0,8,38879.761122158,0.999993856,0,1
129.754940824,4,4,3,65535,63,0,0,4200,0,7,38879.650180893,0.999991003,0,1
131.363189829,6,6,3,65535,63,0,0,4200,0,7,38879.760199684,0.999993832,0,1
132.813150705,7,7,3,65535,63,0,0,4200,0,8,38879.716107330,0.999992698,0,1
134.600531278,5,5,3,0,63,0,0,4200,75,8,38879.567969857,0.999988888,0,1
134.740307868,4,5,3,0,62,1,0,4200,72,8,38879.564985969,0.999988811,1,1
144.600531278,5,5,4,6,63,0,0,4200,75,8,38879.495332801,0.999987020,0,1
144.686673106,8,8,1,7,63,0,0,4200,75,8,38879.663410270,0.999991343,0,1
150.493470961,1,1,1,0,63,0,0,4200,75,8,38879.617850830,0.999990171,0,1
152.144748858,2,2,1,7,63,0,0,4200,75,8,38879.580777714,0.999989218,0,1
152.284525448,1,2,1,7,62,1,0,4200,72,8,38879.548168995,0.999988379,1,1
154.600531278,5,5,5,2,63,0,0,4200,75,8,38879.422695745,0.999985152,0,1
154.686673106,8,8,2,0,63,0,0,4200,75,8,38879.599427038,0.999989697,0,1
155.285564319,4,4,1,7,63,0,0,4200,75,8,38879.462591149,0.999986178,0,1
159.035127545,7,7,1,3,63,0,0,4200,75,8,38879.611668890,0.999990012,0,1
160.493470961,1,1,2,7,63,0,0,4200,75,8,38879.458869070,0.999986082,0,1
162.144748858,2,2,2,7,63,0,0,4200,75,8,38879.499486834,0.999987127,0,1
162.284525448,1,2,2,7,62,1,0,4200,72,8,38879.389187235,0.999984290,1,1
164.213289177,6,6,1,1,63,0,0,4200,75,8,38879.626860688,0.999990403,0,1
164.353065767,3,6,1,1,62,1,0,4200,72,8,38879.583532608,0.999989288,1,1
164.600531278,5,5,6,4,63,0,0,4200,75,8,38879.315443393,0.999982393,0,1
164.686673106,8,8,3,4,63,0,0,4200,75,8,38879.492174686,0.999986939,0,1
165.285564319,4,4,2,6,63,0,0,4200,75,8,38879.338031149,0.999982974,0,1
169.035127545,7,7,2,4,63,0,0,4200,75,8,38879.513070362,0.999987476,0,1
169.264742471,3,3,1,1,63,0,0,4200,75,8,38879.504073525,0.999987245,0,1
170.493470961,1,1,3,5,63,0,0,4200,75,8,38879.282579662,0.999981548,0,1
172.144748858,2,2,3,1,63,0,0,4200,75,8,38879.409542130,0.999984813,0,1
174.213289177,6,6,2,8,63,0,0,4200,75,8,38879.528262160,0.999987867,0,1
174.353065767,7,6,2,8,62,1,0,4200,72,8,38879.424811200,0.999985206,1,1
174.600531278,5,5,7,1,63,0,0,4200,75,8,38879.208191041,0.999979635,0,1
174.686673106,8,8,4,1,63,0,0,4200,75,8,38879.402229982,0.999984625,0,1
175.285564319,4,4,3,0,63,0,0,4200,75,8,38879.222124973,0.999979993,0,1
179.035127545,7,7,3,0,63,0,0,4200,75,8,38879.354088602,0.999983387,0,1
179.174904135,6,7,3,0,62,1,0,4200,72,8,38879.448785098,0.999985823,1,1
179.264742471,3,3,2,4,63,0,0,4200,75,8,38879.396821173,0.999984486,0,1
180.493470961,1,1,4,5,63,0,0,4200,75,8,38879.175327310,0.999978789,0,1
181.877940882,0,0,1,3,63,0,0,4200,75,8,38879.548474917,0.999988387,0,1
182.144748858,2,2,4,6,63,0,0,4200,75,8,38879.328251250,0.999982723,0,1
182.284525448,1,2,4,6,62,1,0,4200,72,8,38879.105645475,0.999976997,1,1
182.414766730,0,0,4,65535,63,0,0,4200,0,7,38879.515878204,0.999987548,0,1
182.807546093,1,1,4,65535,63,0,0,4200,0,7,38879.073053731,0.999976159,0,1
183.595940747,3,3,4,65535,63,0,0,4200,0,7,38879.331740661,0.999982812,0,1
184.213289177,6,6,3,8,63,0,0,4200,75,8,38879.367621520,0.999983735,0,1
184.353065767,7,6,3,8,62,1,0,4200,72,8,38879.257175616,0.999980894,1,1
184.600531278,5,5,8,7,63,0,0,4200,75,8,38879.092284865,0.999976653,0,1
184.686673106,8,8,5,5,63,0,0,4200,75,8,38879.272513630,0.999981289,0,1
185.285564319,4,4,4,0,63,0,0,4200,75,8,38879.104559917,0.999976969,0,1
188.473097285,2,2,4,65535,63,0,0,4200,0,7,38879.262451765,0.999981030,0,1
188.722219627,5,5,4,65535,63,0,0,4200,0,7,38879.049743777,0.999975559,0,1
188.970359947,8,8,4,65535,63,0,0,4200,0,7,38879.224757870,0.999980061,0,1
189.035127545,7,7,4,6,63,0,0,4200,75,8,38879.186453018,0.999979075,0,1
189.264742471,3,3,3,4,63,0,0,4200,75,8,38879.238198837,0.999980406,0,1
189.754940824,4,4,4,65535,63,0,0,4200,0,7,38879.051580957,0.999975607,0,1
190.493470961,1,1,5,3,63,0,0,4200,75,8,38878.956321742,0.999973156,0,1
191.363189829,6,6,4,65535,63,0,0,4200,0,8,38879.256238852,0.999980870,0,1
191.877940882,0,0,2,6,63,0,0,4200,75,8,38879.407160229,0.999984752,0,1
192.017717717,4,0,2,6,62,1,0,4200,72,8,38878.963868694,0.999973351,1,1
192.144748858,2,2,5,7,63,0,0,4200,75,8,38879.169628914,0.999978643,0,1
192.813150705,7,7,4,65535,63,0,0,4200,0,7,38879.129672514,0.999977615,0,1
194.213289177,6,6,4,3,63,0,0,4200,75,8,38879.181019408,0.999978936,0,1
194.600531278,5,5,9,1,63,0,0,4200,75,8,38878.947472705,0.999972929,0,1
194.686673106,8,8,6,1,63,0,0,4200,75,8,38879.125489630,0.999977507,0,1
195.285564319,4,4,5,5,63,0,0,4200,75,8,38878.885001389,0.999971322,0,1
195.425341155,8,4,5,5,62,1,0,4200,72,8,38879.056186653,0.999975725,1,1
199.035127545,7,7,5,3,63,0,0,4200,75,8,38879.041087898,0.999975337,0,1
199.264742471,3,3,4,7,63,0,0,4200,75,8,38879.107929525,0.999977056,0,1
200.493470961,1,1,6,4,63,0,0,4200,75,8,38878.839862606,0.999970161,0,1
201.877940882,0,0,3,6,63,0,0,4200,75,8,38879.308561701,0.999982216,0,1
202.144748858,2,2,6,4,63,0,0,4200,75,8,38879.074527858,0.999976197,0,1
204.213289177,6,6,5,3,63,0,0,4200,75,8,38879.082420880,0.999976400,0,1
204.600531278,5,5,10,6,63,0,0,4200,75,8,38878.840220353,0.999970170,0,1
204.686673106,8,8,7,5,63,0,0,4200,75,8,38878.957854046,0.999973196,0,1
205.285564319,4,4,6,7,63,0,0,4200,75,8,38878.786402861,0.999968786,0,1
209.035127545,7,7,6,0,63,0,0,4200,75,8,38878.942489370,0.999972801,0,1
209.174904135,6,7,6,0,62,1,0,4200,72,8,38879.002943818,0.999974356,1,1
209.264742471,3,3,5,7,63,0,0,4200,75,8,38878.992023349,0.999974075,0,1
210.493470961,1,1,7,3,63,0,0,4200,75,8,38878.741264078,0.999967625,0,1
211.877940882,0,0,4,4,63,0,0,4200,75,8,38879.209963173,0.999979680,0,1
212.144748858,2,2,7,7,63,0,0,4200,75,8,38878.975929330,0.999973661,0,1
214.213289177,6,6,6,0,63,0,0,4200,75,8,38878.923439120,0.999972311,0,1
214.600531278,5,5,11,1,63,0,0,4200,75,8,38878.732968001,0.999967412,0,1
214.686673106,8,8,8,6,63,0,0,4200,75,8,38878.867909342,0.999970882,0,1
215.285564319,4,4,7,8,63,0,0,4200,75,8,38878.679150509,0.999966028,0,1
219.035127545,7,7,7,0,63,0,0,4200,75,8,38878.852544666,0.999970487,0,1
219.174904135,6,7,7,0,62,1,0,4200,72,8,38878.835308234,0.999970044,1,1
219.264742471,3,3,6,8,63,0,0,4200,75,8,38878.884770997,0.999971316,0,1
220.493470961,1,1,8,3,63,0,0,4200,75,8,38878.625357902,0.999964644,0,1
221.877940882,0,0,5,1,63,0,0,4200,75,8,38879.120018469,0.999977367,0,1
222.017717472,3,0,5,1,62,1,0,4200,72,8,38878.806089046,0.999969292,1,1
222.144748858,2,2,8,7,63,0,0,4200,75,8,38878.877330802,0.999971125,0,1
224.213289177,6,6,7,3,63,0,0,4200,75,8,38878.764457360,0.999968222,0,1
224.600531278,5,5,12,7,63,0,0,4200,75,8,38878.634369473,0.999964876,0,1
224.686673106,8,8,9,0,63,0,0,4200,75,8,38878.769310814,0.999968346,0,1
225.285564319,4,4,8,7,63,0,0,4200,75,8,38878.571898157,0.999963269,0,1
229.035127545,7,7,8,1,63,0,0,4200,75,8,38878.762599962,0.999968174,0,1
229.174904135,4,7,8,1,62,1,0,4200,72,8,38878.501460938,0.999961457,1,1
229.264742471,3,3,7,2,63,0,0,4200,75,8,38878.725789237,0.999967227,0,1
230.493470961,1,1,9,5,63,0,0,4200,75,8,38878.526759374,0.999962108,0,1
231.877940882,0,0,6,4,63,0,0,4200,75,8,38879.012766117,0.999974608,0,1
232.144748858,2,2,9,7,63,0,0,4200,75,8,38878.787386098,0.999968811,0,1
234.213289177,6,6,8,5,63,0,0,4200,75,8,38878.665858832,0.999965686,0,1
234.600531278,5,5,13,1,63,0,0,4200,75,8,38878.527117121,0.999962117,0,1
234.686673106,8,8,10,0,63,0,0,4200,75,8,38878.653404638,0.999965365,0,1
235.285564319,4,4,9,1,63,0,0,4200,75,8,38878.404262573,0.999958957,0,1
239.035127545,7,7,9,1,63,0,0,4200,75,8,38878.646693786,0.999965193,0,1
239.174904135,4,7,9,1,62,1,0,4200,72,8,38878.333825354,0.999957146,1,1
239.264742471,3,3,8,1,63,0,0,4200,75,8,38878.609883061,0.999964246,0,1
240.493470961,1,1,10,7,63,0,0,4200,75,8,38878.436814670,0.999959795,0,1
240.633247551,4,1,10,7,62,1,0,4200,72,8,38878.264263295,0.999955357,1,1
241.877940882,0,0,7,7,63,0,0,4200,75,8,38878.914167589,0.999972072,0,1
242.017717717,4,0,7,7,62,1,0,4200,72,8,38878.194727829,0.999953568,1,1
242.144748858,2,2,10,6,63,0,0,4200,75,8,38878.671479922,0.999965830,0,1
242.414766730,0,0,5,65535,63,0,0,4200,0,7,38878.881570876,0.999971234,0,1
242.807546093,1,1,5,65535,63,0,0,4200,0,7,38878.381114147,0.999958362,0,1
243.595940747,3,3,5,65535,63,0,0,4200,0,8,38878.516822773,0.999961852,0,1
244.213289177,6,6,9,4,63,0,0,4200,75,8,38878.549399696,0.999962690,0,1
244.353065767,3,6,9,4,62,1,0,4200,72,8,38878.447513152,0.999960070,1,1
244.600531278,5,5,14,3,63,0,0,4200,75,8,38878.423362241,0.999959449,0,1
244.686673106,8,8,11,4,63,0,0,4200,75,8,38878.537498462,0.999962384,0,1
245.285564319,4,4,10,0,63,0,0,4200,75,8,38878.110151213,0.999951393,0,1
248.473097285,2,2,5,65535,63,0,0,4200,0,8,38878.568493877,0.999963181,0,1
248.722219627,5,5,5,65535,63,0,0,4200,0,7,38878.371614369,0.999958118,0,1
248.970359947,8,8,5,65535,63,0,0,4200,0,8,38878.466919278,0.999960569,0,1
249.035127545,7,7,10,0,63,0,0,4200,75,8,38878.542385946,0.999962510,0,1
249.264742471,3,3,9,8,63,0,0,4200,75,8,38878.376707893,0.999958249,0,1
249.404519791,2,3,9,8,62,1,0,4200,72,8,38878.499121509,0.999961397,1,1
249.754940824,4,4,5,65535,63,0,0,4200,0,7,38878.035814173,0.999949481,0,1
250.493470961,1,1,11,7,63,0,0,4200,75,8,38878.251677902,0.999955033,0,1
250.633247551,4,1,11,7,62,1,0,4200,72,8,38877.966460927,0.999947697,1,1
251.363189829,6,6,5,65535,63,0,0,4200,0,7,38878.461946371,0.999960441,0,1
251.877940882,0,0,8,5,63,0,0,4200,75,8,38878.745785509,0.999967741,0,1
252.017717717,4,0,8,5,62,1,0,4200,72,8,38877.896925461,0.999945909,1,1
252.144748858,2,2,11,1,63,0,0,4200,75,8,38878.415287794,0.999959241,0,1
252.813150705,7,7,5,65535,63,0,0,4200,0,8,38878.435714626,0.999959766,0,1
254.213289177,6,6,10,2,63,0,0,4200,75,8,38878.382676496,0.999958402,0,1
254.353065767,3,6,10,2,62,1,0,4200,72,8,38878.251704256,0.999955034,1,1
254.600531278,5,5,15,2,63,0,0,4200,75,8,38878.246326337,0.999954895,0,1
254.686673106,8,8,12,1,63,0,0,4200,75,8,38878.364153565,0.999957926,0,1
255.285564319,4,4,11,6,63,0,0,4200,75,8,38877.808851373,0.999943643,0,1
259.035127545,7,7,11,3,63,0,0,4200,75,8,38878.347130010,0.999957488,0,1
259.174904135,6,7,11,3,62,1,0,4200,72,8,38878.303199434,0.999956358,1,1
259.264742471,3,3,10,6,63,0,0,4200,75,8,38878.172245172,0.999952990,0,1
260.493470961,1,1,12,4,63,0,0,4200,75,8,38878.126564942,0.999951815,0,1
261.877940882,0,0,9,3,63,0,0,4200,75,8,38878.655840805,0.999965428,0,1
262.017717717,4,0,9,3,62,1,0,4200,72,8,38877.720083093,0.999941360,1,1
262.144748858,2,2,12,8,63,0,0,4200,75,8,38878.316689266,0.999956705,0,1
264.213289177,6,6,11,2,63,0,0,4200,75,8,38878.215040912,0.999954091,0,1
264.353065767,3,6,11,2,62,1,0,4200,72,8,38878.075414848,0.999950499,1,1
264.600531278,5,5,16,7,63,0,0,4200,75,8,38878.147727809,0.999952359,0,1
264.686673106,8,8,13,5,63,0,0,4200,75,8,38878.274208861,0.999955612,0,1
265.285564319,4,4,12,6,63,0,0,4200,75,8,38877.641215789,0.999939332,0,1
269.035127545,7,7,12,1,63,0,0,4200,75,8,38878.257185306,0.999955175,0,1
269.174904380,5,7,12,1,62,1,0,4200,72,8,38878.068390154,0.999950319,1,1
269.264742471,3,3,11,0,63,0,0,4200,75,8,38877.987301940,0.999948233,0,1
270.493470961,1,1,13,8,63,0,0,4200,75,8,38878.019312590,0.999949056,0,1
270.633247551,4,1,13,8,62,1,0,4200,72,8,38877.561599743,0.999937284,1,1
271.877940882,0,0,10,3,63,0,0,4200,75,8,38878.557242277,0.999962892,0,1
272.144748858,2,2,13,4,63,0,0,4200,75,8,38878.218090738,0.999954169,0,1
274.213289177,6,6,12,0,63,0,0,4200,75,8,38878.099134736,0.999951109,0,1
274.600531278,5,5,17,1,63,0,0,4200,75,8,38877.988746049,0.999948270,0,1
274.686673106,8,8,14,0,63,0,0,4200,75,8,38878.175610333,0.999953076,0,1
275.285564319,4,4,13,7,63,0,0,4200,75,8,38877.482234029,0.999935243,0,1
279.035127545,7,7,13,2,63,0,0,4200,75,8,38878.167240602,0.999952861,0,1
279.174904135,4,7,13,2,62,1,0,4200,72,8,38877.411796810,0.999933431,1,1
279.264742471,3,3,12,2,63,0,0,4200,75,8,38877.871395764,0.999945252,0,1
280.493470961,1,1,14,5,63,0,0,4200,75,8,38877.903406414,0.999946075,0,1
281.877940882,0,0,11,6,63,0,0,4200,75,8,38878.467297573,0.999960579,0,1
282.017717717,4,0,11,6,62,1,0,4200,72,8,38877.333082517,0.999931406,1,1
282.144748858,2,2,14,1,63,0,0,4200,75,8,38878.102184562,0.999951188,0,1
284.213289177,6,6,13,2,63,0,0,4200,75,8,38878.000536208,0.999948573,0,1
284.353065767,3,6,13,2,62,1,0,4200,72,8,38877.783219264,0.999942984,1,1
284.600531278,5,5,18,2,63,0,0,4200,75,8,38877.898801345,0.999945957,0,1
284.686673106,8,8,15,3,63,0,0,4200,75,8,38878.085665629,0.999950763,0,1
285.285564319,4,4,14,2,63,0,0,4200,75,8,38877.254215213,0.999929378,0,1
289.035127545,7,7,14,3,63,0,0,4200,75,8,38878.051334426,0.999949880,0,1
289.174904135,6,7,14,3,62,1,0,4200,72,8,38877.903751498,0.999946084,1,1
289.264742471,3,3,13,4,63,0,0,4200,75,8,38877.703760180,0.999940940,0,1
290.493470961,1,1,15,7,63,0,0,4200,75,8,38877.804807886,0.999943539,0,1
290.633247551,4,1,15,7,62,1,0,4200,72,8,38877.174599167,0.999927330,1,1
291.877940882,0,0,12,8,63,0,0,4200,75,8,38878.360045221,0.999957820,0,1
292.144748858,2,2,15,3,63,0,0,4200,75,8,38877.986278386,0.999948207,0,1
294.213289177,6,6,14,4,63,0,0,4200,75,8,38877.832900624,0.999944262,0,1
294.353065767,7,6,14,4,62,1,0,4200,72,8,38877.980382912,0.999948055,1,1
294.600531278,5,5,19,3,63,0,0,4200,75,8,38877.774241345,0.999942753,0,1
294.686673106,8,8,16,3,63,0,0,4200,75,8,38877.987067101,0.999948227,0,1
295.285564319,4,4,15,3,63,0,0,4200,75,8,38877.086579629,0.999925066,0,1
299.035127545,7,7,15,4,63,0,0,4200,75,8,38877.909660314,0.999946236,0,1
299.264742471,3,3,14,7,63,0,0,4200,75,8,38877.570546356,0.999937514,0,1
300.493470961,1,1,16,2,63,0,0,4200,75,8,38877.688901710,0.999940558,0,1
301.877940882,0,0,13,5,63,0,0,4200,75,8,38878.252792869,0.999955062,0,1
302.144748858,2,2,16,8,63,0,0,4200,75,8,38877.887679858,0.999945671,0,1
302.414766730,0,0,6,65535,63,0,0,4200,0,7,38878.220196156,0.999954223,0,1
302.807546093,1,1,6,65535,63,0,0,4200,0,7,38877.638357539,0.999939258,0,1
303.595940747,3,3,6,65535,63,0,0,4200,0,7,38877.514119669,0.999936063,0,1
304.213289177,6,6,15,2,63,0,0,4200,75,8,38877.720491920,0.999941371,0,1
304.353065767,3,6,15,2,62,1,0,4200,72,8,38877.444810048,0.999934280,1,1
304.600531278,5,5,20,3,63,0,0,4200,75,8,38877.653178816,0.999939639,0,1
304.686673106,8,8,17,3,63,0,0,4200,75,8,38877.874658397,0.999945336,0,1
305.285564319,4,4,16,7,63,0,0,4200,75,8,38876.955204397,0.999921687,0,1
308.473097285,2,2,6,65535,63,0,0,4200,0,8,38877.811208245,0.999943704,0,1
308.722219627,5,5,6,65535,63,0,0,4200,0,8,38877.573451169,0.999937589,0,1
308.970359947,8,8,6,65535,63,0,0,4200,0,8,38877.794872430,0.999943284,0,1
309.035127545,7,7,16,1,63,0,0,4200,75,8,38877.788044826,0.999943108,0,1
309.264742471,3,3,15,4,63,0,0,4200,75,8,38877.365350964,0.999932236,0,1
309.754940824,4,4,6,65535,63,0,0,4200,0,8,38876.866144797,0.999919397,0,1
310.493470961,1,1,17,7,63,0,0,4200,75,8,38877.525675982,0.999936360,0,1
310.633247551,4,1,17,7,62,1,0,4200,72,8,38876.796791551,0.999917613,1,1
311.363189829,6,6,6,65535,63,0,0,4200,0,7,38877.641692419,0.999939344,0,1
311.877940882,0,0,14,8,63,0,0,4200,75,8,38878.093064613,0.999950953,0,1
312.017717717,4,0,14,8,62,1,0,4200,72,8,38876.727256085,0.999915824,1,1
312.144748858,2,2,17,5,63,0,0,4200,75,8,38877.713782002,0.999941198,0,1
312.813150705,7,7,6,65535,63,0,0,4200,0,8,38877.677323074,0.999940260,0,1
314.213289177,6,6,16,2,63,0,0,4200,75,8,38877.553768720,0.999937083,0,1
314.353065767,3,6,16,2,62,1,0,4200,72,8,38877.241453248,0.999929050,1,1
314.600531278,5,5,21,7,63,0,0,4200,75,8,38877.443559744,0.999934248,0,1
314.686673106,8,8,18,4,63,0,0,4200,75,8,38877.679402461,0.999940314,0,1
315.285564319,4,4,17,2,63,0,0,4200,75,8,38876.639181997,0.999913559,0,1
319.035127545,7,7,17,5,63,0,0,4200,75,8,38877.597392282,0.999938205,0,1
319.264742471,3,3,16,1,63,0,0,4200,75,8,38877.161994164,0.999927006,0,1
320.493470961,1,1,18,5,63,0,0,4200,75,8,38877.400563022,0.999933142,0,1
321.877940882,0,0,15,8,63,0,0,4200,75,8,38878.003119909,0.999948640,0,1
322.017717717,4,0,15,8,62,1,0,4200,72,8,38876.541759893,0.999911053,1,1
322.144748858,2,2,18,8,63,0,0,4200,75,8,38877.632491122,0.999939107,0,1
324.213289177,6,6,17,2,63,0,0,4200,75,8,38877.446516368,0.999934324,0,1
324.353065767,3,6,17,2,62,1,0,4200,72,8,38877.065163840,0.999924516,1,1
324.600531278,5,5,22,7,63,0,0,4200,75,8,38877.344961216,0.999931712,0,1
324.686673106,8,8,19,6,63,0,0,4200,75,8,38877.580803933,0.999937778,0,1
325.285564319,4,4,18,8,63,0,0,4200,75,8,38876.471546413,0.999909248,0,1
329.035127545,7,7,18,0,63,0,0,4200,75,8,38877.490139930,0.999935446,0,1
329.174904135,6,7,18,0,62,1,0,4200,72,8,38877.367039306,0.999932280,1,1
329.264742471,3,3,17,5,63,0,0,4200,75,8,38876.985704756,0.999922472,0,1
330.493470961,1,1,19,6,63,0,0,4200,75,8,38877.301964494,0.999930606,0,1
331.877940882,0,0,16,5,63,0,0,4200,75,8,38877.913175205,0.999946327,0,1
332.017717472,1,0,16,5,62,1,0,4200,72,8,38877.232378709,0.999928816,1,1
332.144748858,2,2,19,6,63,0,0,4200,75,8,38877.525238770,0.999936349,0,1
334.213289177,6,6,18,0,63,0,0,4200,75,8,38877.287534608,0.999930235,0,1
334.600531278,5,5,23,1,63,0,0,4200,75,8,38877.246362688,0.999929176,0,1
334.686673106,8,8,20,5,63,0,0,4200,75,8,38877.473551581,0.999935019,0,1
335.285564319,4,4,19,6,63,0,0,4200,75,8,38876.364294061,0.999906489,0,1
339.035127545,7,7,19,6,63,0,0,4200,75,8,38877.408849050,0.999933355,0,1
339.264742471,3,3,18,6,63,0,0,4200,75,8,38876.887106228,0.999919936,0,1
340.493470961,1,1,20,2,63,0,0,4200,75,8,38877.142982734,0.999926517,0,1
341.877940882,0,0,17,2,63,0,0,4200,75,8,38877.823230501,0.999944013,0,1
342.017717472,1,0,17,2,62,1,0,4200,72,8,38877.073396949,0.999924727,1,1
342.144748858,2,2,20,7,63,0,0,4200,75,8,38877.417986418,0.999933590,0,1
344.213289177,6,6,19,5,63,0,0,4200,75,8,38877.197589904,0.999927922,0,1
344.353065767,7,6,19,5,62,1,0,4200,72,8,38877.329243712,0.999931308,1,1
344.600531278,5,5,24,4,63,0,0,4200,75,8,38877.147764160,0.999926640,0,1
344.686673106,8,8,21,0,63,0,0,4200,75,8,38877.366299229,0.999932261,0,1
344.826449942,4,8,21,0,62,1,0,4200,72,8,38876.239899342,0.999903290,1,1
345.285564319,4,4,20,6,63,0,0,4200,75,8,38876.179350829,0.999901732,0,1
349.035127545,7,7,20,1,63,0,0,4200,75,8,38877.249867290,0.999929266,0,1
349.264742471,3,3,19,8,63,0,0,4200,75,8,38876.771200052,0.999916955,0,1
349.404519791,2,3,19,8,62,1,0,4200,72,8,38877.329028197,0.999931302,1,1
350.493470961,1,1,21,5,63,0,0,4200,75,8,38876.966693326,0.999921983,0,1
351.877940882,0,0,18,2,63,0,0,4200,75,8,38877.698670501,0.999940809,0,1
352.017717472,1,0,18,2,62,1,0,4200,72,8,38876.897107541,0.999920193,1,1
352.144748858,2,2,21,5,63,0,0,4200,75,8,38877.259004658,0.999929501,0,1
354.213289177,6,6,20,0,63,0,0,4200,75,8,38877.081683728,0.999924940,0,1
354.600531278,5,5,25,3,63,0,0,4200,75,8,38877.040511808,0.999923881,0,1
354.686673106,8,8,22,1,63,0,0,4200,75,8,38877.259046877,0.999929502,0,1
355.285564319,4,4,21,8,63,0,0,4200,75,8,38876.072098477,0.999898974,0,1
359.035127545,7,7,21,4,63,0,0,4200,75,8,38877.159922586,0.999926953,0,1
359.264742471,3,3,20,4,63,0,0,4200,75,8,38876.672601524,0.999914419,0,1
360.493470961,1,1,22,0,63,0,0,4200,75,8,38876.799057742,0.999917671,0,1
361.877940882,0,0,19,2,63,0,0,4200,75,8,38877.617379621,0.999938719,0,1
362.017717472,1,0,19,2,62,1,0,4200,72,8,38876.729471957,0.999915881,1,1
362.144748858,2,2,22,7,63,0,0,4200,75,8,38877.177713778,0.999927410,0,1
362.414766730,0,0,7,65535,63,0,0,4200,0,7,38877.576129084,0.999937658,0,1
362.807546093,1,1,7,65535,63,0,0,4200,0,7,38876.691627811,0.999914908,0,1
363.595940747,3,3,7,65535,63,0,0,4200,0,7,38876.607521013,0.999912745,0,1
364.213289177,6,6,21,4,63,0,0,4200,75,8,38876.977928848,0.999922272,0,1
364.353065767,7,6,21,4,62,1,0,4200,72,8,38877.070004544,0.999924640,1,1
364.600531278,5,5,26,6,63,0,0,4200,75,8,38876.919449280,0.999920768,0,1
364.686673106,8,8,23,7,63,0,0,4200,75,8,38877.143140701,0.999926521,0,1
365.285564319,4,4,22,0,63,0,0,4200,75,8,38875.940723245,0.999895595,0,1
368.473097285,2,2,7,65535,63,0,0,4200,0,7,38877.120568117,0.999925941,0,1
368.722219627,5,5,7,65535,63,0,0,4200,0,8,38876.843772065,0.999918821,0,1
368.970359947,8,8,7,65535,63,0,0,4200,0,7,38877.091334510,0.999925189,0,1
369.035127545,7,7,22,5,63,0,0,4200,75,8,38876.990075162,0.999922584,0,1
369.264742471,3,3,21,1,63,0,0,4200,75,8,38876.509928756,0.999910235,0,1
369.754940824,4,4,7,65535,63,0,0,4200,0,8,38875.847060253,0.999893186,0,1
370.493470961,1,1,23,5,63,0,0,4200,75,8,38876.565136078,0.999911655,0,1
371.363189829,6,6,7,65535,63,0,0,4200,0,7,38876.899682307,0.999920259,0,1
371.877940882,0,0,20,2,63,0,0,4200,75,8,38877.461148837,0.999934700,0,1
372.144748858,2,2,23,3,63,0,0,4200,75,8,38877.023141874,0.999923435,0,1
372.813150705,7,7,7,65535,63,0,0,4200,0,7,38876.907333185,0.999920456,0,1
374.213289177,6,6,22,4,63,0,0,4200,75,8,38876.829619216,0.999918457,0,1
374.353065767,7,6,22,4,62,1,0,4200,72,8,38876.837741760,0.999918666,1,1
374.600531278,5,5,27,6,63,0,0,4200,75,8,38876.732294208,0.999915954,0,1
374.686673106,8,8,24,4,63,0,0,4200,75,8,38876.997222621,0.999922768,0,1
375.285564319,4,4,23,1,63,0,0,4200,75,8,38875.739757996,0.999890426,0,1
379.035127545,7,7,23,4,63,0,0,4200,75,8,38876.767019162,0.999916847,0,1
379.264742471,3,3,22,6,63,0,0,4200,75,8,38876.365849268,0.999906529,0,1
379.404519306,7,3,22,6,62,1,0,4200,72,8,38876.697849125,0.999915068,1,1
380.493470961,1,1,24,6,63,0,0,4200,75,8,38876.426765902,0.999908096,0,1
381.877940882,0,0,21,4,63,0,0,4200,75,8,38877.362550309,0.999932164,0,1
382.144748858,2,2,24,7,63,0,0,4200,75,8,38876.924543346,0.999920899,0,1
384.213289177,6,6,23,1,63,0,0,4200,75,8,38876.722366864,0.999915699,0,1
384.353065767,3,6,23,1,62,1,0,4200,72,8,38876.277672768,0.999904261,1,1
384.600531278,5,5,28,3,63,0,0,4200,75,8,38876.599080384,0.999912528,0,1
384.686673106,8,8,25,4,63,0,0,4200,75,8,38876.889970269,0.999920010,0,1
385.285564319,4,4,24,3,63,0,0,4200,75,8,38875.615197996,0.999887222,0,1
389.035127545,7,7,24,3,63,0,0,4200,75,8,38876.582075930,0.999912090,0,1
389.174904135,6,7,24,3,62,1,0,4200,72,8,38876.634235978,0.999913432,1,1
389.264742471,3,3,23,8,63,0,0,4200,75,8,38876.198213684,0.999902217,0,1
390.493470961,1,1,25,4,63,0,0,4200,75,8,38876.319513550,0.999905337,0,1
390.633248142,7,1,25,4,62,1,0,4200,72,8,38876.512463550,0.999910300,1,1
391.877940882,0,0,22,3,63,0,0,4200,75,8,38877.272605605,0.999929851,0,1
392.144748858,2,2,25,7,63,0,0,4200,75,8,38876.808637170,0.999917918,0,1
394.213289177,6,6,24,8,63,0,0,4200,75,8,38876.563385104,0.999911610,0,1
394.353065767,7,6,24,8,62,1,0,4200,72,8,38876.433433536,0.999908267,1,1
394.600531278,5,5,29,2,63,0,0,4200,75,8,38876.509135680,0.999910214,0,1
394.686673106,8,8,26,4,63,0,0,4200,75,8,38876.774064093,0.999917028,0,1
395.285564319,4,4,25,2,63,0,0,4200,75,8,38875.490637996,0.999884018,0,1
399.035127545,7,7,25,2,63,0,0,4200,75,8,38876.354057114,0.999906226,0,1
399.174904135,4,7,25,2,62,1,0,4200,72,8,38875.420200778,0.999882207,1,1
399.264742471,3,3,24,8,63,0,0,4200,75,8,38876.082307508,0.999899236,0,1
400.493470961,1,1,26,3,63,0,0,4200,75,8,38876.212261198,0.999902579,0,1
401.877940882,0,0,23,2,63,0,0,4200,75,8,38877.174007077,0.999927315,0,1
402.144748858,2,2,26,0,63,0,0,4200,75,8,38876.710038642,0.999915382,0,1
404.213289177,6,6,25,2,63,0,0,4200,75,8,38876.456132752,0.999908851,0,1
404.353065767,3,6,25,2,62,1,0,4200,72,8,38875.994131008,0.999896968,1,1
404.600531278,5,5,30,2,63,0,0,4200,75,8,38876.401883328,0.999907456,0,1
404.686673106,8,8,27,0,63,0,0,4200,75,8,38876.701427037,0.999915160,0,1
405.285564319,4,4,26,1,63,0,0,4200,75,8,38875.305694764,0.999879262,0,1
409.035127545,7,7,26,3,63,0,0,4200,75,8,38876.238150938,0.999903245,0,1
409.174904135,6,7,26,3,62,1,0,4200,72,8,38876.368001866,0.999906584,1,1
409.264742471,3,3,25,2,63,0,0,4200,75,8,38875.923325748,0.999895147,0,1
410.493470961,1,1,27,5,63,0,0,4200,75,8,38876.105008846,0.999899820,0,1
410.633248142,7,1,27,5,62,1,0,4200,72,8,38876.168538558,0.999901454,1,1
411.877940882,0,0,24,6,63,0,0,4200,75,8,38877.075408549,0.999924779,0,1
412.017717472,3,0,24,6,62,1,0,4200,72,8,38875.844643797,0.999893124,1,1
412.144748858,2,2,27,7,63,0,0,4200,75,8,38876.620093938,0.999913068,0,1
412.157494307,7,0,24,6,61,2,0,4200,69,8,38876.090298950,0.999899442,1,1
414.213289177,6,6,26,2,63,0,0,4200,75,8,38876.297150992,0.999904762,0,1
414.353065767,3,6,26,2,62,1,0,4200,72,8,38875.774766016,0.999891326,1,1
414.600531278,5,5,31,7,63,0,0,4200,75,8,38876.303284800,0.999904920,0,1
414.686673106,8,8,28,2,63,0,0,4200,75,8,38876.594174685,0.999912402,0,1
415.285564319,4,4,27,3,63,0,0,4200,75,8,38875.189788588,0.999876281,0,1
419.035127545,7,7,27,4,63,0,0,4200,75,8,38875.992824474,0.999896935,0,1
419.264742471,3,3,26,1,63,0,0,4200,75,8,38875.695306932,0.999889283,0,1
420.493470961,1,1,28,8,63,0,0,4200,75,8,38875.997756494,0.999897062,0,1
420.633248142,7,1,28,8,62,1,0,4200,72,8,38875.914558270,0.999894922,1,1
421.877940882,0,0,25,3,63,0,0,4200,75,8,38876.950848549,0.999921575,0,1
422.144748858,2,2,28,5,63,0,0,4200,75,8,38876.530149234,0.999910755,0,1
422.414766730,0,0,8,65535,63,0,0,4200,0,8,38876.890272060,0.999920017,0,1
422.807546093,1,1,8,65535,63,0,0,4200,0,7,38875.938005539,0.999895525,0,1
423.595940747,3,3,8,65535,63,0,0,4200,0,7,38875.617522165,0.999887282,0,1
424.213289177,6,6,27,2,63,0,0,4200,75,8,38876.166881679,0.999901412,0,1
424.353065767,3,6,27,2,62,1,0,4200,72,8,38875.548212544,0.999885499,1,1
424.600531278,5,5,32,6,63,0,0,4200,75,8,38876.159758272,0.999901228,0,1
424.686673106,8,8,29,7,63,0,0,4200,75,8,38876.495576157,0.999909866,0,1
425.285564319,4,4,28,7,63,0,0,4200,75,8,38875.054915884,0.999872812,0,1
428.473097285,2,2,8,65535,63,0,0,4200,0,7,38876.455695925,0.999908840,0,1
428.722219627,5,5,8,65535,63,0,0,4200,0,7,38876.117217184,0.999900134,0,1
428.970359947,8,8,8,65535,63,0,0,4200,0,7,38876.452976750,0.999908770,0,1
429.035127545,7,7,28,2,63,0,0,4200,75,8,38875.811378714,0.999892268,0,1
429.264742471,3,3,27,0,63,0,0,4200,75,8,38875.468753460,0.999883456,0,1
429.754940824,4,4,8,65535,63,0,0,4200,0,7,38875.001936925,0.999871449,0,1
430.493470961,1,1,29,3,63,0,0,4200,75,8,38875.828268494,0.999892702,0,1
431.363189829,6,6,8,65535,63,0,0,4200,0,8,38876.055499011,0.999898547,0,1
431.877940882,0,0,26,3,63,0,0,4200,75,8,38876.776397733,0.999917088,0,1
432.144748858,2,2,29,4,63,0,0,4200,75,8,38876.371526898,0.999906675,0,1
432.813150705,7,7,8,65535,63,0,0,4200,0,7,38875.739502401,0.999890419,0,1
434.213289177,6,6,28,7,63,0,0,4200,75,8,38875.989209871,0.999896842,0,1
434.600531278,5,5,33,2,63,0,0,4200,75,8,38876.013010752,0.999897454,0,1
434.686673106,8,8,30,1,63,0,0,4200,75,8,38876.363191773,0.999906461,0,1
435.285564319,4,4,29,2,63,0,0,4200,75,8,38874.900067500,0.999868829,0,1
439.035127545,7,7,29,5,63,0,0,4200,75,8,38875.659571610,0.999888363,0,1
439.264742471,3,3,28,0,63,0,0,4200,75,8,38875.342258100,0.999880202,0,1
440.493470961,1,1,30,2,63,0,0,4200,75,8,38875.703155534,0.999889484,0,1
441.877940882,0,0,27,8,63,0,0,4200,75,8,38876.677799205,0.999914552,0,1
442.017718063,2,0,27,8,62,1,0,4200,72,8,38876.272974101,0.999904140,1,1
442.177974063,2,2,30,7,63,0,0,4200,75,8,38876.212533177,0.999902586,0,1
444.213289177,6,6,29,0,63,0,0,4200,75,8,38875.881957519,0.999894083,0,1
444.353065767,7,6,29,0,62,1,0,4200,72,8,38875.571312448,0.999886093,1,1
444.600531278,5,5,34,1,63,0,0,4200,75,8,38875.897104576,0.999894473,0,1
444.686673106,8,8,31,2,63,0,0,4200,75,8,38876.273247069,0.999904147,0,1
445.285564319,4,4,30,3,63,0,0,4200,75,8,38874.775507500,0.999865625,0,1
449.035127545,7,7,30,0,63,0,0,4200,75,8,38875.500589850,0.999884274,0,1
449.264742471,3,3,29,6,63,0,0,4200,75,8,38875.235005748,0.999877444,0,1
449.404519306,7,3,29,6,62,1,0,4200,72,8,38875.431419813,0.999882495,1,1
450.493470961,1,1,31,8,63,0,0,4200,75,8,38875.569941710,0.999886058,0,1
450.633247796,5,1,31,8,62,1,0,4200,72,8,38875.791280446,0.999891751,1,1
451.877940882,0,0,28,7,63,0,0,4200,75,8,38876.579200677,0.999912016,0,1
452.144748858,2,2,31,1,63,0,0,4200,75,8,38876.096638962,0.999899605,0,1
454.213289177,6,6,30,7,63,0,0,4200,75,8,38875.774705167,0.999891325,0,1
454.600531278,5,5,35,4,63,0,0,4200,75,8,38875.712161344,0.999889716,0,1
454.686673106,8,8,32,4,63,0,0,4200,75,8,38876.157340893,0.999901166,0,1
455.285564319,4,4,31,1,63,0,0,4200,75,8,38874.650947500,0.999862421,0,1
459.035127545,7,7,31,4,63,0,0,4200,75,8,38875.341608090,0.999880185,0,1
459.264742471,3,3,30,6,63,0,0,4200,75,8,38875.119099572,0.999874462,0,1
459.404519306,7,3,30,6,62,1,0,4200,72,8,38875.272438053,0.999878406,1,1
460.493470961,1,1,32,2,63,0,0,4200,75,8,38875.454035534,0.999883077,0,1
461.877940882,0,0,29,5,63,0,0,4200,75,8,38876.463294501,0.999909035,0,1
462.017718063,2,0,29,5,62,1,0,4200,72,8,38875.989432341,0.999896848,1,1
462.177974063,2,2,32,3,63,0,0,4200,75,8,38875.928991417,0.999895293,0,1
464.213289177,6,6,31,4,63,0,0,4200,75,8,38875.667452815,0.999888566,0,1
464.600531278,5,5,36,6,63,0,0,4200,75,8,38875.596255168,0.999886735,0,1
464.686673106,8,8,33,6,63,0,0,4200,75,8,38876.050088541,0.999898408,0,1
465.285564319,4,4,32,8,63,0,0,4200,75,8,38874.543695148,0.999859663,0,1
469.035127545,7,7,32,1,63,0,0,4200,75,8,38875.182626330,0.999876096,0,1
469.264742471,3,3,31,4,63,0,0,4200,75,8,38875.003193396,0.999871481,0,1
470.493470961,1,1,33,6,63,0,0,4200,75,8,38875.346783182,0.999880318,0,1
471.877940882,0,0,30,3,63,0,0,4200,75,8,38876.347388325,0.999906054,0,1
472.144748858,2,2,33,6,63,0,0,4200,75,8,38875.830404850,0.999892757,0,1
472.284525448,1,2,33,6,62,1,0,4200,72,8,38875.268447522,0.999878304,1,1
474.213289177,6,6,32,3,63,0,0,4200,75,8,38875.586161935,0.999886475,0,1
474.600531278,5,5,37,2,63,0,0,4200,75,8,38875.489002816,0.999883976,0,1
474.686673106,8,8,34,4,63,0,0,4200,75,8,38875.960143837,0.999896094,0,1
475.285564319,4,4,33,2,63,0,0,4200,75,8,38874.436442796,0.999856904,0,1
479.035127545,7,7,33,1,63,0,0,4200,75,8,38875.066720154,0.999873115,0,1
479.264742471,3,3,32,7,63,0,0,4200,75,8,38874.895941044,0.999868723,0,1
480.493470961,1,1,34,4,63,0,0,4200,75,8,38875.187801422,0.999876229,0,1
481.877940882,0,0,31,4,63,0,0,4200,75,8,38876.248789797,0.999903518,0,1
482.017717472,3,0,31,4,62,1,0,4200,72,8,38874.817259093,0.999866699,1,1
482.144748858,2,2,34,5,63,0,0,4200,75,8,38875.723152498,0.999889999,0,1
482.414766730,0,0,9,65535,63,0,0,4200,0,7,38876.207539259,0.999902457,0,1
482.807546093,1,1,9,65535,63,0,0,4200,0,7,38875.140754723,0.999875019,0,1
483.595940747,3,3,9,65535,63,0,0,4200,0,7,38874.779131125,0.999865718,0,1
484.213289177,6,6,33,7,63,0,0,4200,75,8,38875.491060879,0.999884029,0,1
484.600531278,5,5,38,7,63,0,0,4200,75,8,38875.381750464,0.999881218,0,1
484.686673106,8,8,35,2,63,0,0,4200,75,8,38875.873696605,0.999893871,0,1
485.285564319,4,4,34,0,63,0,0,4200,75,8,38874.305067564,0.999853525,0,1
488.473097285,2,2,9,65535,63,0,0,4200,0,8,38875.651837237,0.999888165,0,1
488.722219627,5,5,9,65535,63,0,0,4200,0,7,38875.330002592,0.999879887,0,1
488.970359947,8,8,9,65535,63,0,0,4200,0,7,38875.816734062,0.999892406,0,1
489.035127545,7,7,34,0,63,0,0,4200,75,8,38874.966462746,0.999870537,0,1
489.264742471,3,3,33,2,63,0,0,4200,75,8,38874.694243124,0.999863535,0,1
489.754940824,4,4,9,65535,63,0,0,4200,0,8,38874.224108829,0.999851443,0,1
490.493470961,1,1,35,7,63,0,0,4200,75,8,38875.040224462,0.999872434,0,1
491.363189829,6,6,9,65535,63,0,0,4200,0,7,38875.403607555,0.999881780,0,1
491.877940882,0,0,32,6,63,0,0,4200,75,8,38876.093664933,0.999899528,0,1
492.017717472,1,0,32,6,62,1,0,4200,72,8,38874.970638677,0.999870644,1,1
492.144748858,2,2,35,0,63,0,0,4200,75,8,38875.567115250,0.999885985,0,1
492.813150705,7,7,9,65535,63,0,0,4200,0,8,38874.878204993,0.999868267,0,1
494.213289177,6,6,34,4,63,0,0,4200,75,8,38875.333544463,0.999879978,0,1
494.600531278,5,5,39,0,63,0,0,4200,75,8,38875.226625600,0.999877228,0,1
494.686673106,8,8,36,4,63,0,0,4200,75,8,38875.718571741,0.999889881,0,1
495.285564319,4,4,35,3,63,0,0,4200,75,8,38874.112756140,0.999848579,0,1
499.035127545,7,7,35,0,63,0,0,4200,75,8,38874.789620378,0.999865988,0,1
499.264742471,3,3,34,4,63,0,0,4200,75,8,38874.563973812,0.999860185,0,1
500.493470961,1,1,36,7,63,0,0,4200,75,8,38874.881242702,0.999868345,0,1
501.877940882,0,0,33,1,63,0,0,4200,75,8,38875.985859621,0.999896756,0,1
502.144748858,2,2,36,8,63,0,0,4200,75,8,38875.468516722,0.999883450,0,1
502.284525693,4,2,36,8,62,1,0,4200,72,8,38874.006584162,0.999845848,1,1
504.213289177,6,6,35,2,63,0,0,4200,75,8,38875.234945935,0.999877442,0,1
504.600531278,5,5,40,8,63,0,0,4200,75,8,38875.110719424,0.999874247,0,1
504.686673106,8,8,37,0,63,0,0,4200,75,8,38875.611319389,0.999887122,0,1
505.285564319,4,4,36,8,63,0,0,4200,75,8,38873.936466732,0.999844045,0,1
509.035127545,7,7,36,5,63,0,0,4200,75,8,38874.691021850,0.999863452,0,1
509.264742471,3,3,35,5,63,0,0,4200,75,8,38874.465375284,0.999857649,0,1
510.493470961,1,1,37,5,63,0,0,4200,75,8,38874.782644174,0.999865809,0,1
511.877940882,0,0,34,1,63,0,0,4200,75,8,38875.878607269,0.999893997,0,1
512.144748858,2,2,37,6,63,0,0,4200,75,8,38875.361264370,0.999880691,0,1
512.284525448,1,2,37,6,62,1,0,4200,72,8,38874.704308514,0.999863794,1,1
514.213289177,6,6,36,4,63,0,0,4200,75,8,38875.127693583,0.999874683,0,1
514.600531278,5,5,41,6,63,0,0,4200,75,8,38874.994813248,0.999871266,0,1
514.686673106,8,8,38,4,63,0,0,4200,75,8,38875.530028509,0.999885032,0,1
515.285564319,4,4,37,1,63,0,0,4200,75,8,38873.811906732,0.999840841,0,1
519.035127545,7,7,37,3,63,0,0,4200,75,8,38874.583769498,0.999860694,0,1
519.264742471,3,3,36,5,63,0,0,4200,75,8,38874.358122932,0.999854890,0,1
519.404519306,7,3,36,5,62,1,0,4200,72,8,38874.514599461,0.999858915,1,1
520.493470961,1,1,38,3,63,0,0,4200,75,8,38874.606354766,0.999861275,0,1
521.877940882,0,0,35,4,63,0,0,4200,75,8,38875.762701093,0.999891016,0,1
522.017718202,5,0,35,4,62,1,0,4200,72,8,38874.905798357,0.999868976,1,1
522.144748858,2,2,38,5,63,0,0,4200,75,8,38875.254012018,0.999877932,0,1
524.213289177,6,6,37,7,63,0,0,4200,75,8,38875.020441231,0.999871925,0,1
524.600531278,5,5,42,0,63,0,0,4200,75,8,38874.835831488,0.999867177,0,1
524.686673106,8,8,39,2,63,0,0,4200,75,8,38875.440083805,0.999882718,0,1
525.285564319,4,4,38,2,63,0,0,4200,75,8,38873.696000556,0.999837860,0,1
529.035127545,7,7,38,2,63,0,0,4200,75,8,38874.424787738,0.999856605,0,1
529.174904726,1,7,38,2,62,1,0,4200,72,8,38874.499577098,0.999858528,1,1
529.264742471,3,3,37,6,63,0,0,4200,75,8,38874.224909108,0.999851464,0,1
530.493470961,1,1,39,7,63,0,0,4200,75,8,38874.438719182,0.999856963,0,1
531.877940882,0,0,36,8,63,0,0,4200,75,8,38875.672756389,0.999888703,0,1
532.144748858,2,2,39,3,63,0,0,4200,75,8,38875.146759666,0.999875174,0,1
534.213289177,6,6,38,0,63,0,0,4200,75,8,38874.921842703,0.999869389,0,1
534.353065767,7,6,38,0,62,1,0,4200,72,8,38874.345182400,0.999854557,1,1
534.600531278,5,5,43,2,63,0,0,4200,75,8,38874.728579136,0.999864418,0,1
534.686673106,8,8,40,2,63,0,0,4200,75,8,38875.332831453,0.999879960,0,1
535.285564319,4,4,39,2,63,0,0,4200,75,8,38873.580094380,0.999834879,0,1
539.035127545,7,7,39,0,63,0,0,4200,75,8,38874.274459802,0.999852738,0,1
539.264742471,3,3,38,0,63,0,0,4200,75,8,38874.109002932,0.999848483,0,1
540.493470961,1,1,40,2,63,0,0,4200,75,8,38874.340120654,0.999854427,0,1
541.877940882,0,0,37,3,63,0,0,4200,75,8,38875.582811685,0.999886389,0,1
542.144748858,2,2,40,8,63,0,0,4200,75,8,38875.048161138,0.999872638,0,1
542.284525693,4,2,40,8,62,1,0,4200,72,8,38873.482576226,0.999832371,1,1
542.414766730,0,0,10,65535,63,0,0,4200,0,7,38875.550214971,0.999885551,0,1
542.807546093,1,1,10,65535,63,0,0,4200,0,8,38874.252942883,0.999852185,0,1
543.595940747,3,3,10,65535,63,0,0,4200,0,7,38874.049078773,0.999846941,0,1
544.213289177,6,6,39,1,63,0,0,4200,75,8,38874.791573391,0.999866038,0,1
544.353065767,3,6,39,1,62,1,0,4200,72,8,38873.979769152,0.999845159,1,1
544.600531278,5,5,44,0,63,0,0,4200,75,8,38874.598309824,0.999861068,0,1
544.686673106,8,8,41,0,63,0,0,4200,75,8,38875.234232925,0.999877424,0,1
545.285564319,4,4,40,5,63,0,0,4200,75,8,38873.380788012,0.999829753,0,1
545.425340909,7,4,40,5,62,1,0,4200,72,8,38874.159300189,0.999849776,1,1
548.473097285,2,2,10,65535,63,0,0,4200,0,7,38874.990462517,0.999871154,0,1
548.722219627,5,5,10,65535,63,0,0,4200,0,8,38874.513978784,0.999858899,0,1
548.970359947,8,8,10,65535,63,0,0,4200,0,7,38875.168616558,0.999875736,0,1
549.035127545,7,7,40,5,63,0,0,4200,75,8,38874.088410650,0.999847953,0,1
549.264742471,3,3,39,7,63,0,0,4200,75,8,38873.895153716,0.999842982,0,1
549.754940824,4,4,10,65535,63,0,0,4200,0,8,38873.287125021,0.999827344,0,1
550.493470961,1,1,41,0,63,0,0,4200,75,8,38874.122953678,0.999848841,0,1
550.633247551,4,1,41,0,62,1,0,4200,72,8,38873.217771774,0.999825560,1,1
551.363189829,6,6,10,65535,63,0,0,4200,0,7,38874.704120067,0.999863789,0,1
551.877940882,0,0,38,3,63,0,0,4200,75,8,38875.428239781,0.999882414,0,1
552.144748858,2,2,41,6,63,0,0,4200,75,8,38874.893036274,0.999868648,0,1
552.284525693,4,2,41,6,62,1,0,4200,72,8,38873.134330082,0.999823414,1,1
552.813150705,7,7,10,65535,63,0,0,4200,0,8,38873.994996545,0.999845550,0,1
554.213289177,6,6,40,1,63,0,0,4200,75,8,38874.624850191,0.999861750,0,1
554.353065767,3,6,40,1,62,1,0,4200,72,8,38873.779909824,0.999840018,1,1
554.600531278,5,5,45,8,63,0,0,4200,75,8,38874.362176320,0.999854994,0,1
554.686673106,8,8,42,1,63,0,0,4200,75,8,38875.039336413,0.999872411,0,1
555.285564319,4,4,41,8,63,0,0,4200,75,8,38873.046352044,0.999821151,0,1
559.035127545,7,7,41,1,63,0,0,4200,75,8,38873.906411930,0.999843272,0,1
559.264742471,3,3,40,6,63,0,0,4200,75,8,38873.700450740,0.999837975,0,1
560.493470961,1,1,42,0,63,0,0,4200,75,8,38873.980533070,0.999845178,0,1
560.633247551,4,1,42,0,62,1,0,4200,72,8,38872.958082174,0.999818881,1,1
561.877940882,0,0,39,4,63,0,0,4200,75,8,38875.338295077,0.999880100,0,1
562.144748858,2,2,42,5,63,0,0,4200,75,8,38874.767923314,0.999865430,0,1
564.213289177,6,6,41,1,63,0,0,4200,75,8,38874.517597839,0.999858992,0,1
564.353065767,3,6,41,1,62,1,0,4200,72,8,38873.603620416,0.999835484,1,1
564.600531278,5,5,46,0,63,0,0,4200,75,8,38874.246270144,0.999852013,0,1
564.686673106,8,8,43,4,63,0,0,4200,75,8,38874.932084061,0.999869652,0,1
565.285564319,4,4,42,7,63,0,0,4200,75,8,38872.870062636,0.999816617,0,1
569.035127545,7,7,42,4,63,0,0,4200,75,8,38873.790505754,0.999840291,0,1
569.264742471,3,3,41,8,63,0,0,4200,75,8,38873.532815156,0.999833663,0,1
570.493470961,1,1,43,8,63,0,0,4200,75,8,38873.855973070,0.999841975,0,1
570.633247551,4,1,43,8,62,1,0,4200,72,8,38872.781792766,0.999814347,1,1
571.877940882,0,0,40,2,63,0,0,4200,75,8,38875.222388901,0.999877119,0,1
572.144748858,2,2,43,1,63,0,0,4200,75,8,38874.643363314,0.999862226,0,1
572.284525693,4,2,43,1,62,1,0,4200,72,8,38872.703507426,0.999812333,1,1
574.213289177,6,6,42,3,63,0,0,4200,75,8,38874.401691663,0.999856011,0,1
574.600531278,5,5,47,7,63,0,0,4200,75,8,38874.121710144,0.999848809,0,1
574.686673106,8,8,44,2,63,0,0,4200,75,8,38874.807524061,0.999866449,0,1
575.285564319,4,4,43,7,63,0,0,4200,75,8,38872.633389996,0.999810530,0,1
579.035127545,7,7,43,0,63,0,0,4200,75,8,38873.674599578,0.999837310,0,1
579.264742471,3,3,42,0,63,0,0,4200,75,8,38873.425562804,0.999830904,0,1
580.493470961,1,1,44,4,63,0,0,4200,75,8,38873.748720718,0.999839216,0,1
581.877940882,0,0,41,2,63,0,0,4200,75,8,38875.106482725,0.999874138,0,1
582.144748858,2,2,44,3,63,0,0,4200,75,8,38874.562072434,0.999860136,0,1
584.213289177,6,6,43,3,63,0,0,4200,75,8,38874.303093135,0.999853475,0,1
584.600531278,5,5,48,4,63,0,0,4200,75,8,38874.014457792,0.999846051,0,1
584.686673106,8,8,45,0,63,0,0,4200,75,8,38874.700271709,0.999863690,0,1
585.285564319,4,4,44,1,63,0,0,4200,75,8,38872.526137644,0.999807771,0,1
589.035127545,7,7,44,0,63,0,0,4200,75,8,38873.576001050,0.999834774,0,1
589.264742471,3,3,43,6,63,0,0,4200,75,8,38873.309656628,0.999827923,0,1
590.493470961,1,1,45,6,63,0,0,4200,75,8,38873.641468366,0.999836458,0,1
591.877940882,0,0,42,8,63,0,0,4200,75,8,38875.007884197,0.999871602,0,1
592.017717717,4,0,42,8,62,1,0,4200,72,8,38872.428715541,0.999805265,1,1
592.144748858,2,2,45,1,63,0,0,4200,75,8,38874.480781554,0.999858045,0,1
594.213289177,6,6,44,2,63,0,0,4200,75,8,38874.213148431,0.999851161,0,1
594.353066012,4,6,44,2,62,1,0,4200,72,8,38872.358837760,0.999803468,1,1
594.600531278,5,5,49,3,63,0,0,4200,75,8,38873.924513088,0.999843737,0,1
594.686673106,8,8,46,6,63,0,0,4200,75,8,38874.601673181,0.999861154,0,1
595.285564319,4,4,45,2,63,0,0,4200,75,8,38872.298118828,0.999801906,0,1
599.035127545,7,7,45,1,63,0,0,4200,75,8,38873.468748698,0.999832015,0,1
599.264742471,3,3,44,2,63,0,0,4200,75,8,38873.185096628,0.999824720,0,1
600.493470961,1,1,46,5,63,0,0,4200,75,8,38873.542869838,0.999833922,0,1
600.633247551,2,1,46,5,62,1,0,4200,72,8,38874.408688638,0.999856191,1,1
601.877940882,0,0,43,1,63,0,0,4200,75,8,38874.891978021,0.999868621,0,1
602.144748858,2,2,46,0,63,0,0,4200,75,8,38874.347761266,0.999854623,0,1
602.284525448,5,2,46,0,62,1,0,4200,72,8,38873.809440674,0.999840778,1,1
602.414766730,0,0,11,65535,63,0,0,4200,0,8,38874.822747707,0.999866840,0,1
602.807546093,1,1,11,65535,63,0,0,4200,0,7,38873.483671843,0.999832399,0,1
603.595940747,3,3,11,65535,63,0,0,4200,0,7,38873.133826293,0.999823401,0,1
604.213289177,6,6,45,4,63,0,0,4200,75,8,38874.114549903,0.999848625,0,1
604.600531278,5,5,50,1,63,0,0,4200,75,8,38873.739569856,0.999838981,0,1
604.686673106,8,8,47,2,63,0,0,4200,75,8,38874.511728477,0.999858841,0,1
605.285564319,4,4,46,1,63,0,0,4200,75,8,38872.167849516,0.999798556,0,1
608.473097285,2,2,11,65535,63,0,0,4200,0,7,38874.276805428,0.999852798,0,1
608.722219627,5,5,11,65535,63,0,0,4200,0,7,38873.691872416,0.999837754,0,1
608.970359947,8,8,11,65535,63,0,0,4200,0,7,38874.458816366,0.999857480,0,1
609.035127545,7,7,46,3,63,0,0,4200,75,8,38873.364993817,0.999829347,0,1
609.264742471,3,3,45,7,63,0,0,4200,75,8,38873.045440820,0.999821128,0,1
609.754940824,4,4,11,65535,63,0,0,4200,0,8,38872.083393309,0.999796384,0,1
610.493470961,1,1,47,8,63,0,0,4200,75,8,38873.372096206,0.999829529,0,1
610.633247551,4,1,47,8,62,1,0,4200,72,8,38872.014040062,0.999794600,1,1
611.363189829,6,6,11,65535,63,0,0,4200,0,8,38873.990462979,0.999845434,0,1
611.877940882,0,0,44,3,63,0,0,4200,75,8,38874.694510245,0.999863542,0,1
612.144748858,2,2,47,3,63,0,0,4200,75,8,38874.169619442,0.999850042,0,1
612.813150705,7,7,11,65535,63,0,0,4200,0,7,38873.286855233,0.999827337,0,1
614.213289177,6,6,46,8,63,0,0,4200,75,8,38873.923897359,0.999843722,0,1
614.353065767,7,6,46,8,62,1,0,4200,72,8,38873.217263808,0.999825547,1,1
614.492842357,4,6,46,8,61,2,0,4200,69,8,38871.903288944,0.999791751,1,1
614.600531278,5,5,51,2,63,0,0,4200,75,8,38873.580394560,0.999834887,0,1
614.686673106,8,8,48,6,63,0,0,4200,75,8,38874.338743005,0.999854392,0,1
615.285564319,4,4,47,0,63,0,0,4200,75,8,38871.833966508,0.999789968,0,1
619.035127545,7,7,47,4,63,0,0,4200,75,8,38873.137887385,0.999823505,0,1
619.264742471,3,3,46,1,63,0,0,4200,75,8,38872.897310900,0.999817318,0,1
620.493470961,1,1,48,4,63,0,0,4200,75,8,38873.251033678,0.999826415,0,1
621.877940882,0,0,45,6,63,0,0,4200,75,8,38874.587257893,0.999860783,0,1
622.144748858,2,2,48,5,63,0,0,4200,75,8,38874.062367090,0.999847283,0,1
624.213289177,6,6,47,3,63,0,0,4200,75,8,38873.799337359,0.999840518,0,1
624.600531278,5,5,52,0,63,0,0,4200,75,8,38873.481796032,0.999832351,0,1
624.686673106,8,8,49,7,63,0,0,4200,75,8,38874.257452125,0.999852301,0,1
625.285564319,4,4,48,2,63,0,0,4200,75,8,38871.726714156,0.999787210,0,1
629.035127545,7,7,48,0,63,0,0,4200,75,8,38873.039288857,0.999820969,0,1
629.264742471,3,3,47,6,63,0,0,4200,75,8,38872.790058548,0.999814559,0,1
629.404519306,7,3,47,6,62,1,0,4200,72,8,38872.970118820,0.999819190,1,1
630.493470961,1,1,49,5,63,0,0,4200,75,8,38873.143781326,0.999823657,0,1
630.633247551,2,1,49,5,62,1,0,4200,72,8,38873.981620350,0.999845206,1,1
631.877940882,0,0,46,7,63,0,0,4200,75,8,38874.462697893,0.999857580,0,1
632.144748858,2,2,49,3,63,0,0,4200,75,8,38873.912039154,0.999843417,0,1
634.213289177,6,6,48,2,63,0,0,4200,75,8,38873.700738831,0.999837982,0,1
634.353065767,7,6,48,2,62,1,0,4200,72,8,38872.890646464,0.999817146,1,1
634.492842357,4,6,48,2,61,2,0,4200,69,8,38871.593785712,0.999783791,1,1
634.600531278,5,5,53,6,63,0,0,4200,75,8,38873.348582208,0.999828924,0,1
634.686673106,8,8,50,4,63,0,0,4200,75,8,38874.150199773,0.999849542,0,1
635.285564319,4,4,49,0,63,0,0,4200,75,8,38871.524463276,0.999782008,0,1
639.035127545,7,7,49,0,63,0,0,4200,75,8,38872.819923865,0.999815327,0,1
639.264742471,3,3,48,5,63,0,0,4200,75,8,38872.665498548,0.999811355,0,1
639.404519061,4,3,48,5,62,1,0,4200,72,8,38871.445289572,0.999779971,1,1
640.493470961,1,1,50,4,63,0,0,4200,75,8,38873.010567502,0.999820231,0,1
641.877940882,0,0,47,7,63,0,0,4200,75,8,38874.355445541,0.999854821,0,1
642.017718202,5,0,47,7,62,1,0,4200,72,8,38873.250913493,0.999826412,1,1
642.144748858,2,2,50,0,63,0,0,4200,75,8,38873.804786802,0.999840658,0,1
644.213289177,6,6,49,3,63,0,0,4200,75,8,38873.576178831,0.999834778,0,1
644.600531278,5,5,54,2,63,0,0,4200,75,8,38873.189600448,0.999824835,0,1
644.686673106,8,8,51,3,63,0,0,4200,75,8,38874.042947421,0.999846784,0,1
645.285564319,4,4,50,5,63,0,0,4200,75,8,38871.356827692,0.999777696,0,1
649.035127545,7,7,50,8,63,0,0,4200,75,8,38872.712671513,0.999812569,0,1
649.174904135,4,7,50,8,62,1,0,4200,72,8,38871.286390474,0.999775885,1,1
649.264742471,3,3,49,4,63,0,0,4200,75,8,38872.549592372,0.999808374,0,1
650.493470961,1,1,51,2,63,0,0,4200,75,8,38872.911968974,0.999817695,0,1
651.877940882,0,0,48,5,63,0,0,4200,75,8,38874.256847013,0.999852285,0,1
652.144748858,2,2,51,3,63,0,0,4200,75,8,38873.714842098,0.999838345,0,1
654.213289177,6,6,50,1,63,0,0,4200,75,8,38873.486234127,0.999832465,0,1
654.353065767,3,6,50,1,62,1,0,4200,72,8,38872.461415871,0.999806106,1,1
654.600531278,5,5,55,3,63,0,0,4200,75,8,38873.065040448,0.999821632,0,1
654.686673106,8,8,52,5,63,0,0,4200,75,8,38873.927041245,0.999843803,0,1
655.285564319,4,4,51,3,63,0,0,4200,75,8,38871.189192108,0.999773385,0,1
659.035127545,7,7,51,8,63,0,0,4200,75,8,38872.605419161,0.999809810,0,1
659.174904135,4,7,51,8,62,1,0,4200,72,8,38871.118754890,0.999771573,1,1
659.264742471,3,3,50,2,63,0,0,4200,75,8,38872.373302964,0.999803840,0,1
660.493470961,1,1,52,3,63,0,0,4200,75,8,38872.804716622,0.999814936,0,1
661.877940882,0,0,49,3,63,0,0,4200,75,8,38874.166902309,0.999849972,0,1
662.144748858,2,2,52,5,63,0,0,4200,75,8,38873.616243570,0.999835809,0,1
662.414766730,0,0,12,65535,63,0,0,4200,0,8,38874.106325819,0.999848414,0,1
662.807546093,1,1,12,65535,63,0,0,4200,0,8,38872.716985891,0.999812680,0,1
663.595940747,3,3,12,65535,63,0,0,4200,0,8,38872.266985460,0.999801106,0,1
664.213289177,6,6,51,1,63,0,0,4200,75,8,38873.377875855,0.999829678,0,1
664.353065767,3,6,51,1,62,1,0,4200,72,8,38872.197675839,0.999799323,1,1
664.600531278,5,5,56,8,63,0,0,4200,75,8,38872.940480448,0.999818428,0,1
664.686673106,8,8,53,4,63,0,0,4200,75,8,38873.819235933,0.999841030,0,1
665.285564319,4,4,52,1,63,0,0,4200,75,8,38871.002589996,0.999768585,0,1
668.473097285,2,2,12,65535,63,0,0,4200,0,7,38873.527980084,0.999833539,0,1
668.722219627,5,5,12,65535,63,0,0,4200,0,7,38872.892783008,0.999817201,0,1
668.970359947,8,8,12,65535,63,0,0,4200,0,7,38873.785290350,0.999840157,0,1
669.035127545,7,7,52,0,63,0,0,4200,75,8,38872.480306201,0.999806592,0,1
669.264742471,3,3,51,2,63,0,0,4200,75,8,38872.109562932,0.999797057,0,1
669.754940824,4,4,12,65535,63,0,0,4200,0,7,38870.949611036,0.999767223,0,1
670.493470961,1,1,53,2,63,0,0,4200,75,8,38872.611852238,0.999809976,0,1
671.363189829,6,6,12,65535,63,0,0,4200,0,8,38873.297611011,0.999827613,0,1
671.877940882,0,0,50,1,63,0,0,4200,75,8,38873.984350629,0.999845277,0,1
672.144748858,2,2,53,4,63,0,0,4200,75,8,38873.452464882,0.999831596,0,1
672.813150705,7,7,12,65535,63,0,0,4200,0,7,38872.423525697,0.999805132,0,1
674.213289177,6,6,52,3,63,0,0,4200,75,8,38873.236201743,0.999826034,0,1
674.600531278,5,5,57,8,63,0,0,4200,75,8,38872.811317056,0.999815106,0,1
674.686673106,8,8,54,3,63,0,0,4200,75,8,38873.714195421,0.999838328,0,1
675.285564319,4,4,53,1,63,0,0,4200,75,8,38870.846912172,0.999764581,0,1
679.035127545,7,7,53,6,63,0,0,4200,75,8,38872.334941081,0.999802853,0,1
679.264742471,3,3,52,2,63,0,0,4200,75,8,38871.982791092,0.999793796,0,1
680.493470961,1,1,54,2,63,0,0,4200,75,8,38872.495393102,0.999806980,0,1
681.877940882,0,0,51,1,63,0,0,4200,75,8,38873.894405925,0.999842963,0,1
682.144748858,2,2,54,6,63,0,0,4200,75,8,38873.362520178,0.999829283,0,1
682.284525693,4,2,54,6,62,1,0,4200,72,8,38870.740740194,0.999761850,1,1
684.213289177,6,6,53,5,63,0,0,4200,75,8,38873.128949391,0.999823275,0,1
684.353065767,3,6,53,5,62,1,0,4200,72,8,38871.885960767,0.999791306,1,1
684.492842357,4,6,53,5,61,2,0,4200,69,8,38870.670908144,0.999760054,1,1
684.600531278,5,5,58,1,63,0,0,4200,75,8,38872.704064704,0.999812347,0,1
684.686673106,8,8,55,6,63,0,0,4200,75,8,38873.615596893,0.999835792,0,1
685.285564319,4,4,54,8,63,0,0,4200,75,8,38870.601585708,0.999758271,0,1
689.035127545,7,7,54,1,63,0,0,4200,75,8,38872.219034905,0.999799872,0,1
689.264742471,3,3,53,4,63,0,0,4200,75,8,38871.797847860,0.999789039,0,1
690.493470961,1,1,55,5,63,0,0,4200,75,8,38872.362179278,0.999803554,0,1
691.877940882,0,0,52,5,63,0,0,4200,75,8,38873.787153573,0.999840205,0,1
692.144748858,2,2,55,8,63,0,0,4200,75,8,38873.255267826,0.999826524,0,1
694.213289177,6,6,54,3,63,0,0,4200,75,8,38873.004389391,0.999820072,0,1
694.600531278,5,5,59,6,63,0,0,4200,75,8,38872.596812352,0.999809589,0,1
694.686673106,8,8,56,5,63,0,0,4200,75,8,38873.508344541,0.999833034,0,1
695.285564319,4,4,55,3,63,0,0,4200,75,8,38870.494333356,0.999755513,0,1
699.035127545,7,7,55,8,63,0,0,4200,75,8,38872.129090201,0.999797559,0,1
699.174904135,4,7,55,8,62,1,0,4200,72,8,38870.423896138,0.999753701,1,1
699.264742471,3,3,54,0,63,0,0,4200,75,8,38871.690595508,0.999786281,0,1
700.493470961,1,1,56,3,63,0,0,4200,75,8,38872.254926926,0.999800795,0,1
701.877940882,0,0,53,2,63,0,0,4200,75,8,38873.705862693,0.999838114,0,1
702.144748858,2,2,56,6,63,0,0,4200,75,8,38873.156669298,0.999823988,0,1
702.284525693,4,2,56,6,62,1,0,4200,72,8,38870.336431970,0.999751451,1,1
704.213289177,6,6,55,3,63,0,0,4200,75,8,38872.905790863,0.999817536,0,1
704.600531278,5,5,60,4,63,0,0,4200,75,8,38872.480906176,0.999806608,0,1
704.686673106,8,8,57,4,63,0,0,4200,75,8,38873.418399837,0.999830720,0,1
705.285564319,4,4,56,3,63,0,0,4200,75,8,38870.274968364,0.999749871,0,1
709.035127545,7,7,56,2,63,0,0,4200,75,8,38872.013184025,0.999794578,0,1
709.174904726,1,7,56,2,62,1,0,4200,72,8,38872.148149258,0.999798049,1,1
709.264742471,3,3,55,5,63,0,0,4200,75,8,38871.583343156,0.999783522,0,1
710.493470961,1,1,57,0,63,0,0,4200,75,8,38872.087291342,0.999796484,0,1
710.633247551,4,1,57,0,62,1,0,4200,72,8,38870.195352318,0.999747823,1,1
711.877940882,0,0,54,8,63,0,0,4200,75,8,38873.589956517,0.999835133,0,1
712.017717472,3,0,54,8,62,1,0,4200,72,8,38871.496007381,0.999781276,1,1
712.144748858,2,2,57,7,63,0,0,4200,75,8,38873.040763122,0.999821007,0,1
714.213289177,6,6,56,1,63,0,0,4200,75,8,38872.815846159,0.999815222,0,1
714.353065767,3,6,56,1,62,1,0,4200,72,8,38871.426129599,0.999779479,1,1
714.492842357,4,6,56,1,61,2,0,4200,69,8,38870.107618160,0.999745566,1,1
714.600531278,5,5,61,6,63,0,0,4200,75,8,38872.373653824,0.999803849,0,1
714.686673106,8,8,58,2,63,0,0,4200,75,8,38873.328455133,0.999828407,0,1
715.285564319,4,4,57,2,63,0,0,4200,75,8,38870.038295724,0.999743783,0,1
719.035127545,7,7,57,1,63,0,0,4200,75,8,38871.905931673,0.999791819,0,1
719.264742471,3,3,56,7,63,0,0,4200,75,8,38871.338016692,0.999777212,0,1
720.493470961,1,1,58,2,63,0,0,4200,75,8,38871.988692814,0.999793948,0,1
721.877940882,0,0,55,2,63,0,0,4200,75,8,38873.491357988,0.999832597,0,1
722.144748858,2,2,58,1,63,0,0,4200,75,8,38872.968126066,0.999819139,0,1
722.414766730,0,0,13,65535,63,0,0,4200,0,7,38873.458761275,0.999831758,0,1
722.807546093,1,1,13,65535,63,0,0,4200,0,7,38871.932992291,0.999792515,0,1
723.595940747,3,3,13,65535,63,0,0,4200,0,7,38871.281590004,0.999775761,0,1
724.213289177,6,6,57,1,63,0,0,4200,75,8,38872.689627279,0.999811976,0,1
724.600531278,5,5,62,8,63,0,0,4200,75,8,38872.261245120,0.999800958,0,1
724.686673106,8,8,59,0,63,0,0,4200,75,8,38873.233354077,0.999825961,0,1
725.285564319,4,4,58,0,63,0,0,4200,75,8,38869.920730668,0.999740760,0,1
728.473097285,2,2,13,65535,63,0,0,4200,0,7,38872.914477876,0.999817759,0,1
728.722219627,5,5,13,65535,63,0,0,4200,0,7,38872.213547680,0.999799731,0,1
728.970359947,8,8,13,65535,63,0,0,4200,0,7,38873.185598318,0.999824732,0,1
729.035127545,7,7,58,3,63,0,0,4200,75,8,38871.798679321,0.999789061,0,1
729.174904135,4,7,58,3,62,1,0,4200,72,8,38869.845137098,0.999738815,1,1
729.264742471,3,3,57,4,63,0,0,4200,75,8,38871.193204532,0.999773488,0,1
729.754940824,4,4,13,65535,63,0,0,4200,0,8,38869.784545052,0.999737257,0,1
730.493470961,1,1,59,3,63,0,0,4200,75,8,38871.846825166,0.999790299,0,1
731.363189829,6,6,13,65535,63,0,0,4200,0,8,38872.607150595,0.999809855,0,1
731.877940882,0,0,56,8,63,0,0,4200,75,8,38873.363300516,0.999829303,0,1
732.017717472,3,0,56,8,62,1,0,4200,72,8,38871.105315797,0.999771227,1,1
732.144748858,2,2,59,6,63,0,0,4200,75,8,38872.834912242,0.999815713,0,1
732.813150705,7,7,13,65535,63,0,0,4200,0,8,38871.718522433,0.999786999,0,1
734.213289177,6,6,58,2,63,0,0,4200,75,8,38872.536534543,0.999808038,0,1
734.353065767,3,6,58,2,62,1,0,4200,72,8,38871.026231231,0.999769193,1,1
734.600531278,5,5,63,8,63,0,0,4200,75,8,38872.110170688,0.999797072,0,1
734.686673106,8,8,60,1,63,0,0,4200,75,8,38873.096089821,0.999822430,0,1
735.285564319,4,4,59,2,63,0,0,4200,75,8,38869.660488108,0.999734066,0,1
739.035127545,7,7,59,3,63,0,0,4200,75,8,38871.629937817,0.999784721,0,1
739.174904135,4,7,59,3,62,1,0,4200,72,8,38869.590050890,0.999732254,1,1
739.264742471,3,3,58,2,63,0,0,4200,75,8,38870.946772148,0.999767149,0,1
740.493470961,1,1,60,5,63,0,0,4200,75,8,38871.730366030,0.999787304,0,1
741.877940882,0,0,57,5,63,0,0,4200,75,8,38873.255495204,0.999826530,0,1
742.144748858,2,2,60,7,63,0,0,4200,75,8,38872.735760754,0.999813163,0,1
744.213289177,6,6,59,7,63,0,0,4200,75,8,38872.446589839,0.999805725,0,1
744.600531278,5,5,64,8,63,0,0,4200,75,8,38872.011572160,0.999794536,0,1
744.686673106,8,8,61,4,63,0,0,4200,75,8,38872.988837469,0.999819672,0,1
745.285564319,4,4,60,0,63,0,0,4200,75,8,38869.492852524,0.999729754,0,1
749.035127545,7,7,60,4,63,0,0,4200,75,8,38871.522685465,0.999781962,0,1
749.264742471,3,3,59,7,63,0,0,4200,75,8,38870.839519796,0.999764391,0,1
750.493470961,1,1,61,6,63,0,0,4200,75,8,38871.623113678,0.999784545,0,1
751.877940882,0,0,58,6,63,0,0,4200,75,8,38873.139589028,0.999823549,0,1
752.017717717,4,0,58,6,62,1,0,4200,72,8,38869.395430421,0.999727249,1,1
752.144748858,2,2,61,0,63,0,0,4200,75,8,38872.628508402,0.999810404,0,1
754.213289177,6,6,60,5,63,0,0,4200,75,8,38872.339337487,0.999802966,0,1
754.600531278,5,5,65,2,63,0,0,4200,75,8,38871.912973632,0.999792000,0,1
754.686673106,8,8,62,7,63,0,0,4200,75,8,38872.898892765,0.999817358,0,1
755.285564319,4,4,61,2,63,0,0,4200,75,8,38869.316563116,0.999725220,0,1
759.035127545,7,7,61,5,63,0,0,4200,75,8,38871.424086937,0.999779426,0,1
759.174904135,6,7,61,5,62,1,0,4200,72,8,38872.251206602,0.999800700,1,1
759.264742471,3,3,60,6,63,0,0,4200,75,8,38870.740921268,0.999761855,0,1
760.493470961,1,1,62,5,63,0,0,4200,75,8,38871.541822798,0.999782454,0,1
761.877940882,0,0,59,6,63,0,0,4200,75,8,38873.058298148,0.999821458,0,1
762.017717717,4,0,59,6,62,1,0,4200,72,8,38869.227794837,0.999722937,1,1
762.144748858,2,2,62,0,63,0,0,4200,75,8,38872.547217522,0.999808313,0,1
764.213289177,6,6,61,8,63,0,0,4200,75,8,38872.180355727,0.999798877,0,1
764.600531278,5,5,66,6,63,0,0,4200,75,8,38871.823028928,0.999789687,0,1
764.686673106,8,8,63,7,63,0,0,4200,75,8,38872.808948061,0.999815045,0,1
765.285564319,4,4,62,6,63,0,0,4200,75,8,38869.148927532,0.999720909,0,1
769.035127545,7,7,62,6,63,0,0,4200,75,8,38871.334142233,0.999777113,0,1
769.264742471,3,3,61,8,63,0,0,4200,75,8,38870.633668916,0.999759096,0,1
770.493470961,1,1,63,7,63,0,0,4200,75,8,38871.434570446,0.999779696,0,1
771.877940882,0,0,60,5,63,0,0,4200,75,8,38872.959699620,0.999818922,0,1
772.144748858,2,2,63,7,63,0,0,4200,75,8,38872.448618994,0.999805777,0,1
774.213289177,6,6,62,5,63,0,0,4200,75,8,38872.081757199,0.999796341,0,1
774.600531278,5,5,67,6,63,0,0,4200,75,8,38871.724430400,0.999787151,0,1
774.686673106,8,8,64,0,63,0,0,4200,75,8,38872.719003357,0.999812732,0,1
775.285564319,4,4,63,8,63,0,0,4200,75,8,38869.033021356,0.999717928,0,1
779.035127545,7,7,63,5,63,0,0,4200,75,8,38871.235543705,0.999774577,0,1
779.174904135,6,7,63,5,62,1,0,4200,72,8,38872.002280138,0.999794297,1,1
779.264742471,3,3,62,2,63,0,0,4200,75,8,38870.509108916,0.999755893,0,1
780.493470961,1,1,64,3,63,0,0,4200,75,8,38871.344625742,0.999777382,0,1
781.877940882,0,0,61,7,63,0,0,4200,75,8,38872.852447268,0.999816164,0,1
782.144748858,2,2,64,8,63,0,0,4200,75,8,38872.350020466,0.999803241,0,1
782.414766730,0,0,14,65535,63,0,0,4200,0,7,38872.811196731,0.999815103,0,1
782.807546093,1,1,14,65535,63,0,0,4200,0,7,38871.288925219,0.999775950,0,1
783.595940747,3,3,14,65535,63,0,0,4200,0,7,38870.452682228,0.999754441,0,1
784.213289177,6,6,63,1,63,0,0,4200,75,8,38871.926272911,0.999792342,0,1
784.353065767,7,6,63,1,62,1,0,4200,72,8,38871.133474368,0.999771952,1,1
784.600531278,5,5,68,2,63,0,0,4200,75,8,38871.612021696,0.999784260,0,1
784.686673106,8,8,65,3,63,0,0,4200,75,8,38872.623902301,0.999810286,0,1
785.285564319,4,4,64,1,63,0,0,4200,75,8,38868.915456300,0.999714904,0,1
785.425340909,5,4,64,1,62,1,0,4200,72,8,38871.542687708,0.999782477,1,1
788.473097285,2,2,14,65535,63,0,0,4200,0,7,38872.284220980,0.999801549,0,1
788.722219627,5,5,14,65535,63,0,0,4200,0,7,38871.503941024,0.999781480,0,1
788.970359947,8,8,14,65535,63,0,0,4200,0,7,38872.567492718,0.999808835,0,1
789.035127545,7,7,64,6,63,0,0,4200,75,8,38871.048941593,0.999769777,0,1
789.264742471,3,3,63,5,63,0,0,4200,75,8,38870.355642932,0.999751946,0,1
789.404519061,4,3,63,5,62,1,0,4200,72,8,38868.827628772,0.999712645,1,1
789.754940824,4,4,14,65535,63,0,0,4200,0,8,38868.767119388,0.999711088,0,1
790.493470961,1,1,65,2,63,0,0,4200,75,8,38871.149176270,0.999772355,0,1
791.363189829,6,6,14,65535,63,0,0,4200,0,8,38871.828700419,0.999789833,0,1
791.877940882,0,0,62,8,63,0,0,4200,75,8,38872.702478756,0.999812307,0,1
792.017717472,3,0,62,8,62,1,0,4200,72,8,38870.249893589,0.999749226,1,1
792.144748858,2,2,65,4,63,0,0,4200,75,8,38872.194342642,0.999799237,0,1
792.813150705,7,7,14,65535,63,0,0,4200,0,7,38870.979456833,0.999767990,0,1
794.213289177,6,6,64,4,63,0,0,4200,75,8,38871.758637327,0.999788031,0,1
794.353065767,7,6,64,4,62,1,0,4200,72,8,38870.909865407,0.999766200,1,1
794.600531278,5,5,69,6,63,0,0,4200,75,8,38871.404614464,0.999778925,0,1
794.686673106,8,8,66,4,63,0,0,4200,75,8,38872.456073181,0.999805969,0,1
795.285564319,4,4,65,8,63,0,0,4200,75,8,38868.673074348,0.999708670,0,1
799.035127545,7,7,65,8,63,0,0,4200,75,8,38870.839142809,0.999764381,0,1
799.174904380,5,7,65,8,62,1,0,4200,72,8,38871.325276809,0.999776885,1,1
799.264742471,3,3,64,1,63,0,0,4200,75,8,38870.152286132,0.999746715,0,1
799.404519306,7,3,64,1,62,1,0,4200,72,8,38870.769972772,0.999762602,1,1
800.493470961,1,1,66,7,63,0,0,4200,75,8,38871.059231566,0.999770042,0,1
801.877940882,0,0,63,4,63,0,0,4200,75,8,38872.621187876,0.999810216,0,1
802.144748858,2,2,66,5,63,0,0,4200,75,8,38872.078436466,0.999796256,0,1
804.213289177,6,6,65,7,63,0,0,4200,75,8,38871.642731151,0.999785050,0,1
804.600531278,5,5,70,3,63,0,0,4200,75,8,38871.236978880,0.999774614,0,1
804.686673106,8,8,67,4,63,0,0,4200,75,8,38872.348820829,0.999803210,0,1
805.285564319,4,4,66,1,63,0,0,4200,75,8,38868.557168172,0.999705688,0,1
805.425340909,7,4,66,1,62,1,0,4200,72,8,38870.681460572,0.999760326,1,1
809.035127545,7,7,66,2,63,0,0,4200,75,8,38870.619777817,0.999758739,0,1
809.264742471,3,3,65,2,63,0,0,4200,75,8,38870.027726132,0.999743511,0,1
810.493470961,1,1,67,7,63,0,0,4200,75,8,38870.943325390,0.999767061,0,1
811.877940882,0,0,64,3,63,0,0,4200,75,8,38872.522589348,0.999807680,0,1
812.144748858,2,2,67,4,63,0,0,4200,75,8,38871.971184114,0.999793498,0,1
814.213289177,6,6,66,5,63,0,0,4200,75,8,38871.535478799,0.999782291,0,1
814.600531278,5,5,71,6,63,0,0,4200,75,8,38871.129726528,0.999771855,0,1
814.686673106,8,8,68,1,63,0,0,4200,75,8,38872.232914653,0.999800229,0,1
815.285564319,4,4,67,5,63,0,0,4200,75,8,38868.441261996,0.999702707,0,1
819.035127545,7,7,67,4,63,0,0,4200,75,8,38870.521179289,0.999756203,0,1
819.264742471,3,3,66,6,63,0,0,4200,75,8,38869.920473780,0.999740753,0,1
820.493470961,1,1,68,0,63,0,0,4200,75,8,38870.844726862,0.999764525,0,1
821.877940882,0,0,65,6,63,0,0,4200,75,8,38872.415336996,0.999804921,0,1
822.144748858,2,2,68,0,63,0,0,4200,75,8,38871.881239410,0.999791184,0,1
822.284525448,1,2,68,0,62,1,0,4200,72,8,38870.766391202,0.999762510,1,1
824.213289177,6,6,67,3,63,0,0,4200,75,8,38871.419572623,0.999779310,0,1
824.600531278,5,5,72,7,63,0,0,4200,75,8,38871.022474176,0.999769097,0,1
824.686673106,8,8,69,4,63,0,0,4200,75,8,38872.142969949,0.999797916,0,1
825.285564319,4,4,68,2,63,0,0,4200,75,8,38868.325355820,0.999699726,0,1
829.035127545,7,7,68,3,63,0,0,4200,75,8,38870.431234585,0.999753890,0,1
829.174904135,4,7,68,3,62,1,0,4200,72,8,38868.254918601,0.999697915,1,1
829.264742471,3,3,67,5,63,0,0,4200,75,8,38869.813221428,0.999737994,0,1
829.404519061,6,3,67,5,62,1,0,4200,72,8,38871.322705252,0.999776819,1,1
830.493470961,1,1,69,0,63,0,0,4200,75,8,38870.685745102,0.999760436,0,1
831.877940882,0,0,66,2,63,0,0,4200,75,8,38872.334046116,0.999802830,0,1
832.144748858,2,2,69,1,63,0,0,4200,75,8,38871.765333234,0.999788203,0,1
834.213289177,6,6,68,8,63,0,0,4200,75,8,38871.251937039,0.999774998,0,1
834.353066497,5,6,68,8,62,1,0,4200,72,8,38870.906657087,0.999766118,1,1
834.600531278,5,5,73,4,63,0,0,4200,75,8,38870.846184768,0.999764562,0,1
834.686673106,8,8,70,1,63,0,0,4200,75,8,38872.027063773,0.999794935,0,1
835.285564319,4,4,69,3,63,0,0,4200,75,8,38868.157720236,0.999695415,0,1
839.035127545,7,7,69,6,63,0,0,4200,75,8,38870.332636057,0.999751354,0,1
839.264742471,3,3,68,2,63,0,0,4200,75,8,38869.697315251,0.999735013,0,1
839.404519061,0,3,68,2,62,1,0,4200,72,8,38872.227684196,0.999800095,1,1
840.493470961,1,1,70,2,63,0,0,4200,75,8,38870.569838926,0.999757455,0,1
841.877940882,0,0,67,2,63,0,0,4200,75,8,38872.157756708,0.999798296,0,1
842.144748858,2,2,70,7,63,0,0,4200,75,8,38871.666734706,0.999785667,0,1
842.414766730,0,0,15,65535,63,0,0,4200,0,7,38872.125159995,0.999797458,0,1
842.807546093,1,1,15,65535,63,0,0,4200,0,7,38870.514138403,0.999756022,0,1
843.595940747,3,3,15,65535,63,0,0,4200,0,7,38869.632234740,0.999733339,0,1
844.213289177,6,6,69,3,63,0,0,4200,75,8,38871.139528335,0.999772107,0,1
844.600531278,5,5,74,6,63,0,0,4200,75,8,38870.730278592,0.999761581,0,1
844.686673106,8,8,71,1,63,0,0,4200,75,8,38871.923308893,0.999792266,0,1
845.285564319,4,4,70,2,63,0,0,4200,75,8,38868.041814060,0.999692433,0,1
848.473097285,2,2,15,65535,63,0,0,4200,0,8,38871.581609268,0.999783478,0,1
848.722219627,5,5,15,65535,63,0,0,4200,0,7,38870.678530720,0.999760250,0,1
848.970359947,8,8,15,65535,63,0,0,4200,0,7,38871.866346349,0.999790801,0,1
849.035127545,7,7,70,2,63,0,0,4200,75,8,38870.237535001,0.999748908,0,1
849.174904865,0,7,70,2,62,1,0,4200,72,8,38872.016862153,0.999794672,1,1
849.264742471,3,3,69,7,63,0,0,4200,75,8,38869.543849267,0.999731066,0,1
849.754940824,4,4,15,65535,63,0,0,4200,0,7,38867.993438492,0.999691189,0,1
850.493470961,1,1,71,2,63,0,0,4200,75,8,38870.415819982,0.999753493,0,1
851.363189829,6,6,15,65535,63,0,0,4200,0,8,38871.045453315,0.999769688,0,1
851.877940882,0,0,68,8,63,0,0,4200,75,8,38871.932488868,0.999792502,0,1
852.017717717,4,0,68,8,62,1,0,4200,72,8,38867.905726229,0.999688933,1,1
852.144748858,2,2,71,8,63,0,0,4200,75,8,38871.483630066,0.999780958,0,1
852.813150705,7,7,15,65535,63,0,0,4200,0,7,38870.180754497,0.999747447,0,1
854.213289177,6,6,70,7,63,0,0,4200,75,8,38870.970233871,0.999767753,0,1
854.600531278,5,5,75,0,63,0,0,4200,75,8,38870.565946944,0.999757355,0,1
854.686673106,8,8,72,2,63,0,0,4200,75,8,38871.772787421,0.999788395,0,1
855.285564319,4,4,71,3,63,0,0,4200,75,8,38867.844166572,0.999687350,0,1
859.035127545,7,7,71,5,63,0,0,4200,75,8,38870.100823705,0.999745392,0,1
859.264742471,3,3,70,6,63,0,0,4200,75,8,38869.439541427,0.999728383,0,1
860.493470961,1,1,72,4,63,0,0,4200,75,8,38870.290707022,0.999750275,0,1
861.877940882,0,0,69,2,63,0,0,4200,75,8,38871.833890340,0.999789966,0,1
862.144748858,2,2,72,5,63,0,0,4200,75,8,38871.376377714,0.999778199,0,1
864.213289177,6,6,71,7,63,0,0,4200,75,8,38870.854327695,0.999764772,0,1
864.600531278,5,5,76,2,63,0,0,4200,75,8,38870.467348416,0.999754819,0,1
864.686673106,8,8,73,6,63,0,0,4200,75,8,38871.682842717,0.999786081,0,1
865.285564319,4,4,72,5,63,0,0,4200,75,8,38867.736914220,0.999684591,0,1
869.035127545,7,7,72,0,63,0,0,4200,75,8,38870.002225177,0.999742856,0,1
869.264742471,3,3,71,6,63,0,0,4200,75,8,38869.332289075,0.999725625,0,1
870.493470961,1,1,73,2,63,0,0,4200,75,8,38870.192108494,0.999747739,0,1
871.877940882,0,0,70,8,63,0,0,4200,75,8,38871.717984164,0.999786985,0,1
872.017717717,4,0,70,8,62,1,0,4200,72,8,38867.648145941,0.999682308,1,1
872.144748858,2,2,73,3,63,0,0,4200,75,8,38871.295086834,0.999776108,0,1
874.213289177,6,6,72,2,63,0,0,4200,75,8,38870.747075343,0.999762013,0,1
874.353065767,3,6,72,2,62,1,0,4200,72,8,38869.244112575,0.999723357,1,1
874.492842357,0,6,72,2,61,2,0,4200,69,8,38871.648005744,0.999785185,1,1
874.600531278,5,5,77,8,63,0,0,4200,75,8,38870.342788416,0.999751615,0,1
874.686673106,8,8,74,4,63,0,0,4200,75,8,38871.575590365,0.999783323,0,1
875.285564319,4,4,73,3,63,0,0,4200,75,8,38867.569278636,0.999680280,0,1
879.035127545,7,7,73,5,63,0,0,4200,75,8,38869.877665177,0.999739652,0,1
879.264742471,3,3,72,4,63,0,0,4200,75,8,38869.155999667,0.999721091,0,1
879.404519061,0,3,72,4,62,1,0,4200,72,8,38871.568546660,0.999783142,1,1
880.493470961,1,1,74,8,63,0,0,4200,75,8,38870.067548494,0.999744536,0,1
880.633247551,4,1,74,8,62,1,0,4200,72,8,38867.472354942,0.999677787,1,1
881.877940882,0,0,71,5,63,0,0,4200,75,8,38871.489965348,0.999781121,0,1
882.144748858,2,2,74,7,63,0,0,4200,75,8,38871.196488306,0.999773572,0,1
884.213289177,6,6,73,8,63,0,0,4200,75,8,38870.631169167,0.999759032,0,1
884.353066497,5,6,73,8,62,1,0,4200,72,8,38870.218317503,0.999748414,1,1
884.600531278,5,5,78,1,63,0,0,4200,75,8,38870.157845184,0.999746858,0,1
884.686673106,8,8,75,6,63,0,0,4200,75,8,38871.459684189,0.999780342,0,1
885.285564319,4,4,74,7,63,0,0,4200,75,8,38867.384335404,0.999675523,0,1
889.035127545,7,7,74,0,63,0,0,4200,75,8,38869.753105177,0.999736448,0,1
889.264742471,3,3,73,4,63,0,0,4200,75,8,38869.031439667,0.999717887,0,1
889.404519061,0,3,73,4,62,1,0,4200,72,8,38871.383603428,0.999778385,1,1
890.493470961,1,1,75,2,63,0,0,4200,75,8,38869.942988493,0.999741332,0,1
891.877940882,0,0,72,5,63,0,0,4200,75,8,38871.313675940,0.999776586,0,1
892.144748858,2,2,75,6,63,0,0,4200,75,8,38871.106543602,0.999771259,0,1
892.284525693,4,2,75,6,62,1,0,4200,72,8,38867.269509602,0.999672570,1,1
894.213289177,6,6,74,3,63,0,0,4200,75,8,38870.515262991,0.999756051,0,1
894.600531278,5,5,79,0,63,0,0,4200,75,8,38870.050592832,0.999744100,0,1
894.686673106,8,8,76,7,63,0,0,4200,75,8,38871.352431837,0.999777583,0,1
895.285564319,4,4,75,3,63,0,0,4200,75,8,38867.199392172,0.999670766,0,1
899.035127545,7,7,75,5,63,0,0,4200,75,8,38869.628545177,0.999733244,0,1
899.264742471,3,3,74,6,63,0,0,4200,75,8,38868.898225843,0.999714461,0,1
900.493470961,1,1,76,3,63,0,0,4200,75,8,38869.809774669,0.999737906,0,1
901.877940882,0,0,73,6,63,0,0,4200,75,8,38871.197769764,0.999773605,0,1
902.017717472,3,0,73,6,62,1,0,4200,72,8,38868.819543892,0.999712437,1,1
902.144748858,2,2,76,0,63,0,0,4200,75,8,38870.999291250,0.999768500,0,1
902.284525448,1,2,76,0,62,1,0,4200,72,8,38869.731439010,0.999735891,1,1
902.414766730,0,0,16,65535,63,0,0,4200,0,7,38871.156519227,0.999772544,0,1
902.807546093,1,1,16,65535,63,0,0,4200,0,8,38869.670867490,0.999734333,0,1
903.595940747,3,3,16,65535,63,0,0,4200,0,7,38868.768711668,0.999711129,0,1
904.213289177,6,6,75,5,63,0,0,4200,75,8,38870.385546639,0.999752715,0,1
904.600531278,5,5,80,0,63,0,0,4200,75,8,38869.937631168,0.999741194,0,1
904.686673106,8,8,77,0,63,0,0,4200,75,8,38871.271140957,0.999775492,0,1
905.285564319,4,4,76,8,63,0,0,4200,75,8,38867.069122860,0.999667416,0,1
908.473097285,2,2,16,65535,63,0,0,4200,0,7,38870.946748980,0.999767149,0,1
908.722219627,5,5,16,65535,63,0,0,4200,0,8,38869.867110304,0.999739380,0,1
908.970359947,8,8,16,65535,63,0,0,4200,0,7,38871.219334765,0.999774160,0,1
909.035127545,7,7,76,1,63,0,0,4200,75,8,38869.506376729,0.999730102,0,1
909.264742471,3,3,75,8,63,0,0,4200,75,8,38868.680326195,0.999708856,0,1
909.754940824,4,4,16,65535,63,0,0,4200,0,7,38867.012093468,0.999665949,0,1
910.493470961,1,1,77,0,63,0,0,4200,75,8,38869.553582541,0.999731316,0,1
911.363189829,6,6,16,65535,63,0,0,4200,0,7,38870.315400963,0.999750911,0,1
911.877940882,0,0,74,3,63,0,0,4200,75,8,38871.043750820,0.999769644,0,1
912.144748858,2,2,77,1,63,0,0,4200,75,8,38870.844719346,0.999764525,0,1
912.813150705,7,7,16,65535,63,0,0,4200,0,7,38869.467456833,0.999729101,0,1
914.213289177,6,6,76,1,63,0,0,4200,75,8,38870.231527695,0.999748753,0,1
914.600531278,5,5,81,7,63,0,0,4200,75,8,38869.754526528,0.999736485,0,1
914.686673106,8,8,78,3,63,0,0,4200,75,8,38871.151737309,0.999772421,0,1
915.285564319,4,4,77,8,63,0,0,4200,75,8,38866.913445036,0.999663412,0,1
919.035127545,7,7,77,3,63,0,0,4200,75,8,38869.387526041,0.999727045,0,1
919.264742471,3,3,76,5,63,0,0,4200,75,8,38868.562761139,0.999705832,0,1
919.404519061,4,3,76,5,62,1,0,4200,72,8,38866.834271332,0.999661375,1,1
920.493470961,1,1,78,7,63,0,0,4200,75,8,38869.437676365,0.999728335,0,1
921.877940882,0,0,75,2,63,0,0,4200,75,8,38870.936498468,0.999766885,0,1
922.144748858,2,2,78,0,63,0,0,4200,75,8,38870.746120818,0.999761989,0,1
922.284525448,1,2,78,0,62,1,0,4200,72,8,38869.359340706,0.999726320,1,1
924.213289177,6,6,77,7,63,0,0,4200,75,8,38870.115621519,0.999745772,0,1
924.600531278,5,5,82,6,63,0,0,4200,75,8,38869.647274175,0.999733726,0,1
924.686673106,8,8,79,3,63,0,0,4200,75,8,38871.018523485,0.999768995,0,1
925.285564319,4,4,78,3,63,0,0,4200,75,8,38866.737155628,0.999658877,0,1
929.035127545,7,7,78,8,63,0,0,4200,75,8,38869.271619865,0.999724064,0,1
929.174904135,4,7,78,8,62,1,0,4200,72,8,38866.666718409,0.999657066,1,1
929.264742471,3,3,77,1,63,0,0,4200,75,8,38868.446854963,0.999702851,0,1
930.493470961,1,1,79,4,63,0,0,4200,75,8,38869.287348429,0.999724469,0,1
931.877940882,0,0,76,5,63,0,0,4200,75,8,38870.837899940,0.999764349,0,1
932.144748858,2,2,79,4,63,0,0,4200,75,8,38870.647522290,0.999759453,0,1
934.213289177,6,6,78,5,63,0,0,4200,75,8,38870.034330639,0.999743681,0,1
934.600531278,5,5,83,1,63,0,0,4200,75,8,38869.531367999,0.999730745,0,1
934.686673106,8,8,80,6,63,0,0,4200,75,8,38870.928578781,0.999766682,0,1
935.285564319,4,4,79,0,63,0,0,4200,75,8,38866.578173868,0.999654788,0,1
939.035127545,7,7,79,4,63,0,0,4200,75,8,38869.173021337,0.999721528,0,1
939.264742471,3,3,78,8,63,0,0,4200,75,8,38868.330948787,0.999699870,0,1
940.493470961,1,1,80,7,63,0,0,4200,75,8,38869.188749901,0.999721933,0,1
941.877940882,0,0,77,7,63,0,0,4200,75,8,38870.739301412,0.999761813,0,1
942.017717472,3,0,77,7,62,1,0,4200,72,8,38868.252266836,0.999697846,1,1
942.144748858,2,2,80,1,63,0,0,4200,75,8,38870.540269938,0.999756694,0,1
944.213289177,6,6,79,3,63,0,0,4200,75,8,38869.935732111,0.999741145,0,1
944.600531278,5,5,84,2,63,0,0,4200,75,8,38869.441423295,0.999728432,0,1
944.686673106,8,8,81,0,63,0,0,4200,75,8,38870.838634077,0.999764368,0,1
945.285564319,4,4,80,6,63,0,0,4200,75,8,38866.462267692,0.999651807,0,1
949.035127545,7,7,80,4,63,0,0,4200,75,8,38869.074422809,0.999718992,0,1
949.264742471,3,3,79,7,63,0,0,4200,75,8,38868.180620851,0.999696004,0,1
950.493470961,1,1,81,8,63,0,0,4200,75,8,38869.090151373,0.999719397,0,1
950.633247551,4,1,81,8,62,1,0,4200,72,8,38866.382651646,0.999649760,1,1
951.877940882,0,0,78,7,63,0,0,4200,75,8,38870.640702884,0.999759277,0,1
952.017717472,3,0,78,7,62,1,0,4200,72,8,38868.093285076,0.999693757,1,1
952.144748858,2,2,81,4,63,0,0,4200,75,8,38870.458979058,0.999754603,0,1
954.213289177,6,6,80,3,63,0,0,4200,75,8,38869.837133583,0.999738609,0,1
954.600531278,5,5,85,3,63,0,0,4200,75,8,38869.325517119,0.999725451,0,1
954.686673106,8,8,82,2,63,0,0,4200,75,8,38870.731381725,0.999761610,0,1
955.285564319,4,4,81,1,63,0,0,4200,75,8,38866.303285932,0.999647718,0,1
959.035127545,7,7,81,4,63,0,0,4200,75,8,38868.975824281,0.999716456,0,1
959.264742471,3,3,80,7,63,0,0,4200,75,8,38868.004331443,0.999691469,0,1
960.493470961,1,1,82,0,63,0,0,4200,75,8,38868.974245197,0.999716416,0,1
961.877940882,0,0,79,4,63,0,0,4200,75,8,38870.533450532,0.999756519,0,1
962.144748858,2,2,82,5,63,0,0,4200,75,8,38870.351726706,0.999751845,0,1
962.414766730,0,0,17,65535,63,0,0,4200,0,8,38870.472874043,0.999754961,0,1
962.807546093,1,1,17,65535,63,0,0,4200,0,8,38868.886514466,0.999714159,0,1
963.595940747,3,3,17,65535,63,0,0,4200,0,7,38867.934647540,0.999689677,0,1
964.213289177,6,6,81,8,63,0,0,4200,75,8,38869.729328271,0.999735837,0,1
964.353065767,7,6,81,8,62,1,0,4200,72,8,38868.873754943,0.999713831,1,1
964.492842357,4,6,81,8,61,2,0,4200,69,8,38866.160597744,0.999644048,1,1
964.600531278,5,5,86,1,63,0,0,4200,75,8,38869.217711807,0.999722678,0,1
964.686673106,8,8,83,5,63,0,0,4200,75,8,38870.615475549,0.999758628,0,1
965.285564319,4,4,82,3,63,0,0,4200,75,8,38866.091275308,0.999642265,0,1
968.473097285,2,2,17,65535,63,0,0,4200,0,7,38870.290530612,0.999750271,0,1
968.722219627,5,5,17,65535,63,0,0,4200,0,7,38869.170014368,0.999721451,0,1
968.970359947,8,8,17,65535,63,0,0,4200,0,8,38870.539740013,0.999756681,0,1
969.035127545,7,7,82,3,63,0,0,4200,75,8,38868.797875993,0.999711880,0,1
969.264742471,3,3,81,5,63,0,0,4200,75,8,38867.832451891,0.999687049,0,1
969.404519061,0,3,81,5,62,1,0,4200,72,8,38870.373147364,0.999752396,1,1
969.754940824,4,4,17,65535,63,0,0,4200,0,7,38866.020988700,0.999640458,0,1
970.493470961,1,1,83,7,63,0,0,4200,75,8,38868.773279949,0.999711247,0,1
971.363189829,6,6,17,65535,63,0,0,4200,0,7,38869.645925379,0.999733691,0,1
971.877940882,0,0,80,1,63,0,0,4200,75,8,38870.303219876,0.999750597,0,1
972.144748858,2,2,83,1,63,0,0,4200,75,8,38870.197707762,0.999747883,0,1
972.813150705,7,7,17,65535,63,0,0,4200,0,8,38868.708512321,0.999709581,0,1
974.213289177,6,6,82,0,63,0,0,4200,75,8,38869.575309327,0.999731875,0,1
974.600531278,5,5,87,0,63,0,0,4200,75,8,38869.062033983,0.999718674,0,1
974.686673106,8,8,84,6,63,0,0,4200,75,8,38870.428320477,0.999753815,0,1
975.285564319,4,4,83,7,63,0,0,4200,75,8,38865.923446188,0.999637949,0,1
979.035127545,7,7,83,5,63,0,0,4200,75,8,38868.628581529,0.999707525,0,1
979.264742471,3,3,82,1,63,0,0,4200,75,8,38867.714333875,0.999684011,0,1
980.493470961,1,1,84,3,63,0,0,4200,75,8,38868.665474637,0.999708474,0,1
981.877940882,0,0,81,2,63,0,0,4200,75,8,38870.213275172,0.999748284,0,1
982.144748858,2,2,84,6,63,0,0,4200,75,8,38870.098556274,0.999745333,0,1
982.284526039,8,2,84,6,62,1,0,4200,72,8,38870.321932897,0.999751079,1,1
984.213289177,6,6,83,0,63,0,0,4200,75,8,38869.459403151,0.999728894,0,1
984.600531278,5,5,88,2,63,0,0,4200,75,8,38868.946127807,0.999715693,0,1
984.686673106,8,8,85,0,63,0,0,4200,75,8,38870.260684893,0.999749503,0,1
985.285564319,4,4,84,0,63,0,0,4200,75,8,38865.798886188,0.999634745,0,1
985.425340909,7,4,84,0,62,1,0,4200,72,8,38868.513974876,0.999704578,1,1
989.035127545,7,7,84,0,63,0,0,4200,75,8,38868.452292121,0.999702991,0,1
989.264742471,3,3,83,5,63,0,0,4200,75,8,38867.589773875,0.999680807,0,1
989.404519061,0,3,83,5,62,1,0,4200,72,8,38870.115567076,0.999745771,1,1
990.493470961,1,1,85,2,63,0,0,4200,75,8,38868.549568461,0.999705493,0,1
991.877940882,0,0,82,3,63,0,0,4200,75,8,38870.045639588,0.999743972,0,1
992.144748858,2,2,85,3,63,0,0,4200,75,8,38869.982650098,0.999742352,0,1
992.284526039,8,2,85,3,62,1,0,4200,72,8,38870.145643489,0.999746544,1,1
994.213289177,6,6,84,3,63,0,0,4200,75,8,38869.334843151,0.999725690,0,1
994.600531278,5,5,89,4,63,0,0,4200,75,8,38868.812913983,0.999712266,0,1
994.686673106,8,8,86,3,63,0,0,4200,75,8,38870.075741661,0.999744746,0,1
995.285564319,4,4,85,0,63,0,0,4200,75,8,38865.657018540,0.999631096,0,1
995.425340909,7,4,85,0,62,1,0,4200,72,8,38868.329031644,0.999699821,1,1
999.035127545,7,7,85,3,63,0,0,4200,75,8,38868.267348889,0.999698234,0,1
999.264742471,3,3,84,7,63,0,0,4200,75,8,38867.465213875,0.999677603,0,1
1000.493470961,1,1,86,0,63,0,0,4200,75,8,38868.433662285,0.999702512,0,1
1000.633247796,3,1,86,0,62,1,0,4200,72,8,38867.395684157,0.999675815,1,1
1001.877940882,0,0,83,4,63,0,0,4200,75,8,38869.929733412,0.999740991,0,1
1002.144748858,2,2,86,1,63,0,0,4200,75,8,38869.840782449,0.999738703,0,1
1004.213289177,6,6,85,8,63,0,0,4200,75,8,38869.201629327,0.999722264,0,1
1004.353065767,7,6,85,8,62,1,0,4200,72,8,38868.170435903,0.999695742,1,1
1004.492842357,4,6,85,8,61,2,0,4200,69,8,38865.515436271,0.999627455,1,1
1004.600531278,5,5,90,0,63,0,0,4200,75,8,38868.714315455,0.999709730,0,1
1004.686673106,8,8,87,3,63,0,0,4200,75,8,38869.959835485,0.999741765,0,1
1005.285564319,4,4,86,5,63,0,0,4200,75,8,38865.454767660,0.999625894,0,1
1009.035127545,7,7,86,4,63,0,0,4200,75,8,38868.099713305,0.999693923,0,1
1009.264742471,3,3,85,6,63,0,0,4200,75,8,38867.280270643,0.999672846,0,1
1010.493470961,1,1,87,5,63,0,0,4200,75,8,38868.317756109,0.999699531,0,1
1010.633247551,4,1,87,5,62,1,0,4200,72,8,38865.375151614,0.999623846,1,1
1011.877940882,0,0,84,1,63,0,0,4200,75,8,38869.822481060,0.999738233,0,1
1012.144748858,2,2,87,3,63,0,0,4200,75,8,38869.707568625,0.999735277,0,1
1014.213289177,6,6,86,1,63,0,0,4200,75,8,38869.085723151,0.999719283,0,1
1014.353065767,7,6,86,1,62,1,0,4200,72,8,38868.011454143,0.999691653,1,1
1014.600531278,5,5,91,3,63,0,0,4200,75,8,38868.589755455,0.999706527,0,1
1014.686673106,8,8,88,3,63,0,0,4200,75,8,38869.861236957,0.999739229,0,1
1015.285564319,4,4,87,1,63,0,0,4200,75,8,38865.278478252,0.999621360,0,1
1015.425340909,7,4,87,1,62,1,0,4200,72,8,38867.942031068,0.999689867,1,1
1019.035127545,7,7,87,8,63,0,0,4200,75,8,38867.880348313,0.999688281,0,1
1019.174904135,4,7,87,8,62,1,0,4200,72,8,38865.199387209,0.999619326,1,1
1019.264742471,3,3,86,7,63,0,0,4200,75,8,38867.164364467,0.999669865,0,1
1020.493470961,1,1,88,2,63,0,0,4200,75,8,38868.193196109,0.999696327,0,1
1021.877940882,0,0,85,4,63,0,0,4200,75,8,38869.715228708,0.999735474,0,1
1022.144748858,2,2,88,6,63,0,0,4200,75,8,38869.608970097,0.999732741,0,1
1022.284526039,8,2,88,6,62,1,0,4200,72,8,38869.746195553,0.999736270,1,1
1022.414766730,0,0,18,65535,63,0,0,4200,0,7,38869.673978171,0.999734413,0,1
1022.807546093,1,1,18,65535,63,0,0,4200,0,8,38868.109515810,0.999694175,0,1
1023.595940747,3,3,18,65535,63,0,0,4200,0,8,38867.070751220,0.999667458,0,1
1024.213289177,6,6,87,3,63,0,0,4200,75,8,38868.951956367,0.999715842,0,1
1024.600531278,5,5,92,6,63,0,0,4200,75,8,38868.447334847,0.999702864,0,1
1024.686673106,8,8,89,4,63,0,0,4200,75,8,38869.667086940,0.999734236,0,1
1025.285564319,4,4,88,1,63,0,0,4200,75,8,38865.092982060,0.999616589,0,1
1028.473097285,2,2,18,65535,63,0,0,4200,0,7,38869.556427828,0.999731390,0,1
1028.722219627,5,5,18,65535,63,0,0,4200,0,7,38868.399637407,0.999701637,0,1
1028.970359947,8,8,18,65535,63,0,0,4200,0,7,38869.614174829,0.999732875,0,1
1029.035127545,7,7,88,4,63,0,0,4200,75,8,38867.740872217,0.999684693,0,1
1029.264742471,3,3,87,0,63,0,0,4200,75,8,38866.985863219,0.999665274,0,1
1029.754940824,4,4,18,65535,63,0,0,4200,0,7,38865.045159452,0.999615359,0,1
1030.493470961,1,1,89,4,63,0,0,4200,75,8,38868.010091469,0.999691618,0,1
1031.363189829,6,6,18,65535,63,0,0,4200,0,7,38868.880704770,0.999714010,0,1
1031.877940882,0,0,86,3,63,0,0,4200,75,8,38869.555500452,0.999731366,0,1
1032.144748858,2,2,89,0,63,0,0,4200,75,8,38869.470599921,0.999729182,0,1
1032.284525448,5,2,89,0,62,1,0,4200,72,8,38868.301697569,0.999699118,1,1
1032.813150705,7,7,18,65535,63,0,0,4200,0,7,38867.679488321,0.999683114,0,1
1034.213289177,6,6,88,1,63,0,0,4200,75,8,38868.805485327,0.999712075,0,1
1034.353065767,7,6,88,1,62,1,0,4200,72,8,38867.609896895,0.999681325,1,1
1034.600531278,5,5,93,4,63,0,0,4200,75,8,38868.231826751,0.999697321,0,1
1034.686673106,8,8,90,6,63,0,0,4200,75,8,38869.515459548,0.999730336,0,1
1035.285564319,4,4,89,2,63,0,0,4200,75,8,38864.925705900,0.999612287,0,1
1039.035127545,7,7,89,6,63,0,0,4200,75,8,38867.539174297,0.999679506,0,1
1039.264742471,3,3,88,8,63,0,0,4200,75,8,38866.871795635,0.999662340,0,1
1040.493470961,1,1,90,4,63,0,0,4200,75,8,38867.894185293,0.999688636,0,1
1041.877940882,0,0,87,2,63,0,0,4200,75,8,38869.448248100,0.999728607,0,1
1042.144748858,2,2,90,8,63,0,0,4200,75,8,38869.358191217,0.999726291,0,1
1044.213289177,6,6,89,1,63,0,0,4200,75,8,38868.706886799,0.999709539,0,1
1044.353065767,7,6,89,1,62,1,0,4200,72,8,38867.442261311,0.999677013,1,1
1044.600531278,5,5,94,6,63,0,0,4200,75,8,38868.124574399,0.999694562,0,1
1044.686673106,8,8,91,3,63,0,0,4200,75,8,38869.408207196,0.999727577,0,1
1045.285564319,4,4,90,5,63,0,0,4200,75,8,38864.801145900,0.999609083,0,1
1049.035127545,7,7,90,1,63,0,0,4200,75,8,38867.371538713,0.999675194,0,1
1049.264742471,3,3,89,7,63,0,0,4200,75,8,38866.747235635,0.999659137,0,1
1050.493470961,1,1,91,8,63,0,0,4200,75,8,38867.786932941,0.999685878,0,1
1050.633247551,4,1,91,8,62,1,0,4200,72,8,38864.712876030,0.999606813,1,1
1051.877940882,0,0,88,3,63,0,0,4200,75,8,38869.332341924,0.999725626,0,1
1052.144748858,2,2,91,6,63,0,0,4200,75,8,38869.259592689,0.999723755,0,1
1052.284526039,8,2,91,6,62,1,0,4200,72,8,38869.310473441,0.999725064,1,1
1054.213289177,6,6,90,7,63,0,0,4200,75,8,38868.582326799,0.999706336,0,1
1054.600531278,5,5,95,2,63,0,0,4200,75,8,38868.008668223,0.999691581,0,1
1054.686673106,8,8,92,2,63,0,0,4200,75,8,38869.240571612,0.999723266,0,1
1055.285564319,4,4,91,6,63,0,0,4200,75,8,38864.624856491,0.999604549,0,1
1059.035127545,7,7,91,1,63,0,0,4200,75,8,38867.272940185,0.999672658,0,1
1059.264742471,3,3,90,0,63,0,0,4200,75,8,38866.639983283,0.999656378,0,1
1060.493470961,1,1,92,2,63,0,0,4200,75,8,38867.671026765,0.999682897,0,1
1061.877940882,0,0,89,1,63,0,0,4200,75,8,38869.233743396,0.999723090,0,1
1062.017717717,4,0,89,1,62,1,0,4200,72,8,38864.527434388,0.999602043,1,1
1062.144748858,2,2,92,5,63,0,0,4200,75,8,38869.178301809,0.999721664,0,1
1064.213289177,6,6,91,0,63,0,0,4200,75,8,38868.483728271,0.999703800,0,1
1064.600531278,5,5,96,8,63,0,0,4200,75,8,38867.901415871,0.999688822,0,1
1064.686673106,8,8,93,2,63,0,0,4200,75,8,38869.141973084,0.999720730,0,1
1065.285564319,4,4,92,1,63,0,0,4200,75,8,38864.465874731,0.999600460,0,1
1069.035127545,7,7,92,6,63,0,0,4200,75,8,38867.174341657,0.999670122,0,1
1069.264742471,3,3,91,8,63,0,0,4200,75,8,38866.541384755,0.999653842,0,1
1070.493470961,1,1,93,4,63,0,0,4200,75,8,38867.589735885,0.999680806,0,1
1071.877940882,0,0,90,7,63,0,0,4200,75,8,38869.135144868,0.999720554,0,1
1072.144748858,2,2,93,1,63,0,0,4200,75,8,38869.079703281,0.999719128,0,1
1074.213289177,6,6,92,2,63,0,0,4200,75,8,38868.376475919,0.999701041,0,1
1074.600531278,5,5,97,8,63,0,0,4200,75,8,38867.802817343,0.999686286,0,1
1074.686673106,8,8,94,4,63,0,0,4200,75,8,38869.052028380,0.999718416,0,1
1075.285564319,4,4,93,6,63,0,0,4200,75,8,38864.367276203,0.999597924,0,1
1079.035127545,7,7,93,6,63,0,0,4200,75,8,38867.075743129,0.999667586,0,1
1079.264742471,3,3,92,8,63,0,0,4200,75,8,38866.442786227,0.999651306,0,1
1080.493470961,1,1,94,4,63,0,0,4200,75,8,38867.482483533,0.999678047,0,1
1081.877940882,0,0,91,4,63,0,0,4200,75,8,38869.027892516,0.999717796,0,1
1082.144748858,2,2,94,5,63,0,0,4200,75,8,38868.989758577,0.999716815,0,1
1082.414766730,0,0,19,65535,63,0,0,4200,0,7,38868.995295803,0.999716957,0,1
1082.807546093,1,1,19,65535,63,0,0,4200,0,7,38867.426783010,0.999676615,0,1
1083.595940747,3,3,19,65535,63,0,0,4200,0,7,38866.372549364,0.999649500,0,1
1084.213289177,6,6,93,7,63,0,0,4200,75,8,38868.277877391,0.999698505,0,1
1084.600531278,5,5,98,8,63,0,0,4200,75,8,38867.686911167,0.999683305,0,1
1084.686673106,8,8,95,6,63,0,0,4200,75,8,38868.953429852,0.999715880,0,1
1085.285564319,4,4,94,3,63,0,0,4200,75,8,38864.235900971,0.999594545,0,1
1088.473097285,2,2,19,65535,63,0,0,4200,0,8,38868.913286964,0.999714848,0,1
1088.722219627,5,5,19,65535,63,0,0,4200,0,8,38867.607183519,0.999681255,0,1
1088.970359947,8,8,19,65535,63,0,0,4200,0,8,38868.864437101,0.999713591,0,1
1089.035127545,7,7,94,1,63,0,0,4200,75,8,38866.954127641,0.999664458,0,1
1089.264742471,3,3,93,1,63,0,0,4200,75,8,38866.265750323,0.999646753,0,1
1089.754940824,4,4,19,65535,63,0,0,4200,0,7,38864.174821148,0.999592974,0,1
1090.493470961,1,1,95,2,63,0,0,4200,75,8,38867.305447629,0.999673494,0,1
1091.363189829,6,6,19,65535,63,0,0,4200,0,7,38868.202575362,0.999696568,0,1
1091.877940882,0,0,92,4,63,0,0,4200,75,8,38868.854354084,0.999713332,0,1
1092.144748858,2,2,95,3,63,0,0,4200,75,8,38868.833721329,0.999712801,0,1
1092.284525448,1,2,95,3,62,1,0,4200,72,8,38867.227111970,0.999671479,1,1
1092.813150705,7,7,19,65535,63,0,0,4200,0,8,38866.864763968,0.999662160,0,1
1094.213289177,6,6,94,1,63,0,0,4200,75,8,38868.105997839,0.999694084,0,1
1094.353065767,7,6,94,1,62,1,0,4200,72,8,38866.795172543,0.999660370,1,1
1094.600531278,5,5,99,4,63,0,0,4200,75,8,38867.504359487,0.999678610,0,1
1094.686673106,8,8,96,6,63,0,0,4200,75,8,38868.753017564,0.999710726,0,1
1095.285564319,4,4,95,3,63,0,0,4200,75,8,38864.051317163,0.999589797,0,1
1099.035127545,7,7,95,3,63,0,0,4200,75,8,38866.724449945,0.999658551,0,1
1099.174904135,6,7,95,3,62,1,0,4200,72,8,38868.017866953,0.999691818,1,1
1099.264742471,3,3,94,7,63,0,0,4200,75,8,38866.135481011,0.999643402,0,1
1100.493470961,1,1,96,4,63,0,0,4200,75,8,38867.146465869,0.999669405,0,1
1101.877940882,0,0,93,7,63,0,0,4200,75,8,38868.764409380,0.999711019,0,1
1102.017717717,4,0,93,7,62,1,0,4200,72,8,38863.962548884,0.999587514,1,1
1102.144748858,2,2,96,8,63,0,0,4200,75,8,38868.734569841,0.999710251,0,1
1104.213289177,6,6,95,7,63,0,0,4200,75,8,38867.955669903,0.999690218,0,1
1104.600531278,5,5,100,0,63,0,0,4200,75,8,38867.405760959,0.999676074,0,1
1104.686673106,8,8,97,6,63,0,0,4200,75,8,38868.671726684,0.999708635,0,1
1105.285564319,4,4,96,3,63,0,0,4200,75,8,38863.892335403,0.999585708,0,1
1109.035127545,7,7,96,1,63,0,0,4200,75,8,38866.625851417,0.999656015,0,1
1109.264742471,3,3,95,7,63,0,0,4200,75,8,38866.028228659,0.999640644,0,1
1110.493470961,1,1,97,6,63,0,0,4200,75,8,38867.039213517,0.999666646,0,1
1110.633247796,5,1,97,6,62,1,0,4200,72,8,38867.308590653,0.999673575,1,1
1111.877940882,0,0,94,6,63,0,0,4200,75,8,38868.657157028,0.999708260,0,1
1112.017717717,4,0,94,6,62,1,0,4200,72,8,38863.786259476,0.999582980,1,1
1112.144748858,2,2,97,3,63,0,0,4200,75,8,38868.618663665,0.999707270,0,1
1114.213289177,6,6,96,3,63,0,0,4200,75,8,38867.857071375,0.999687682,0,1
1114.600531278,5,5,101,2,63,0,0,4200,75,8,38867.229471551,0.999671540,0,1
1114.686673106,8,8,98,5,63,0,0,4200,75,8,38868.573128156,0.999706099,0,1
1115.285564319,4,4,97,5,63,0,0,4199,75,8,38863.716045995,0.999581174,0,1
1119.035127545,7,7,97,6,63,0,0,4200,75,8,38866.501291417,0.999652811,0,1
1119.264742471,3,3,96,4,63,0,0,4200,75,8,38865.938283955,0.999638330,0,1
1120.493470961,1,1,98,0,63,0,0,4200,75,8,38866.923307341,0.999663665,0,1
1121.877940882,0,0,95,5,63,0,0,4200,75,8,38868.558558500,0.999705724,0,1
1122.144748858,2,2,98,1,63,0,0,4200,75,8,38868.537372785,0.999705179,0,1
1124.213289177,6,6,97,8,63,0,0,4200,75,8,38867.749819023,0.999684923,0,1
1124.353065767,7,6,97,8,62,1,0,4200,72,8,38866.413032255,0.999650541,1,1
1124.492842357,4,6,97,8,61,2,0,4199,69,8,38863.591771375,0.999577978,1,1
1124.600531278,5,5,102,2,63,0,0,4200,75,8,38867.122219199,0.999668781,0,1
1124.686673106,8,8,99,6,63,0,0,4200,75,8,38868.483183452,0.999703786,0,1
1125.285564319,4,4,98,8,63,0,0,4199,75,8,38863.522448939,0.999576195,0,1
1129.035127545,7,7,98,5,63,0,0,4200,75,8,38866.342309657,0.999648722,0,1
1129.264742471,3,3,97,1,63,0,0,4200,75,8,38865.813723955,0.999635127,0,1
1130.493470961,1,1,99,0,63,0,0,4200,75,8,38866.816054989,0.999660907,0,1
1131.877940882,0,0,96,6,63,0,0,4200,75,8,38868.459959972,0.999703188,0,1
1132.017717717,4,0,96,6,62,1,0,4199,72,8,38863.425026836,0.999573689,1,1
1132.144748858,2,2,99,6,63,0,0,4200,75,8,38868.456081905,0.999703089,0,1
1134.213289177,6,6,98,3,63,0,0,4200,75,8,38867.633912847,0.999681942,0,1
1134.600531278,5,5,103,8,63,0,0,4200,75,8,38867.014966847,0.999666023,0,1
1134.686673106,8,8,100,5,63,0,0,4200,75,8,38868.384584924,0.999701250,0,1
1135.285564319,4,4,99,8,63,0,0,4199,75,8,38863.346159531,0.999571660,0,1
1139.035127545,7,7,99,3,63,0,0,4200,75,8,38866.243711129,0.999646186,0,1
1139.174904135,6,7,99,3,62,1,0,4200,72,8,38867.554435785,0.999679898,1,1
1139.264742471,3,3,98,6,63,0,0,4200,75,8,38865.706471603,0.999632368,0,1
1140.493470961,1,1,100,3,63,0,0,4200,75,8,38866.717456461,0.999658371,0,1
1141.877940882,0,0,97,5,63,0,0,4200,75,8,38868.370015268,0.999700875,0,1
1142.144748858,2,2,100,7,63,0,0,4200,75,8,38868.366137201,0.999700775,0,1
1142.414766730,0,0,20,65535,63,0,0,4200,0,8,38868.300784955,0.999699094,0,1
1142.807546093,1,1,20,65535,63,0,0,4200,0,7,38866.657705506,0.999656834,0,1
1143.595940747,3,3,20,65535,63,0,0,4200,0,7,38865.637340660,0.999630590,0,1
1144.213289177,6,6,99,0,63,0,0,4200,75,8,38867.464065423,0.999677574,0,1
1144.600531278,5,5,104,8,63,0,0,4200,75,8,38866.910659007,0.999663340,0,1
1144.686673106,8,8,101,2,63,0,0,4200,75,8,38868.268125788,0.999698254,0,1
1144.826449698,7,8,101,2,62,1,0,4200,72,8,38866.128767117,0.999643230,1,1
1144.966226288,6,8,101,2,61,2,0,4200,69,8,38867.394757309,0.999675791,1,1
1145.285564319,4,4,100,2,63,0,0,4199,75,8,38863.202080043,0.999567955,0,1
1145.425340909,1,4,100,2,62,1,0,4200,72,8,38866.582569692,0.999654901,1,1
1148.473097285,2,2,20,65535,63,0,0,4200,0,7,38868.294628404,0.999698936,0,1
1148.722219627,5,5,20,65535,63,0,0,4200,0,7,38866.854307743,0.999661891,0,1
1148.970359947,8,8,20,65535,63,0,0,4200,0,8,38868.178580077,0.999695951,0,1
1149.035127545,7,7,100,5,63,0,0,4200,75,8,38866.044404761,0.999641060,0,1
1149.264742471,3,3,99,5,63,0,0,4200,75,8,38865.540301363,0.999628094,0,1
1149.754940824,4,4,20,65535,63,0,0,4199,0,7,38863.145603612,0.999566502,0,1
1150.493470961,1,1,101,4,63,0,0,4200,75,8,38866.510049229,0.999653036,0,1
1151.363189829,6,6,20,65535,63,0,0,4200,0,7,38867.334089474,0.999674231,0,1
1151.877940882,0,0,98,2,63,0,0,4200,75,8,38868.183413156,0.999696075,0,1
1152.017717472,1,0,98,2,62,1,0,4200,72,8,38866.440463444,0.999651246,1,1
1152.144748858,2,2,101,3,63,0,0,4200,75,8,38868.219113201,0.999696994,0,1
1152.813150705,7,7,20,65535,63,0,0,4200,0,7,38865.979523392,0.999639391,0,1
1154.213289177,6,6,100,1,63,0,0,4200,75,8,38867.250216207,0.999672073,0,1
1154.600531278,5,5,105,2,63,0,0,4200,75,8,38866.772841791,0.999659795,0,1
1154.686673106,8,8,102,7,63,0,0,4200,75,8,38868.102328796,0.999693990,0,1
1155.285564319,4,4,101,2,63,0,0,4199,75,8,38863.064262827,0.999564410,0,1
1155.425340909,5,4,101,2,62,1,0,4200,72,8,38866.703507804,0.999658012,1,1
1159.035127545,7,7,101,4,63,0,0,4200,75,8,38865.899592601,0.999637335,0,1
1159.264742471,3,3,100,1,63,0,0,4200,75,8,38865.408926131,0.999624715,0,1
1160.493470961,1,1,102,7,63,0,0,4200,75,8,38866.351067469,0.999648947,0,1
1160.633247551,4,1,102,7,62,1,0,4199,72,8,38862.975992957,0.999562140,1,1
1161.877940882,0,0,99,3,63,0,0,4200,75,8,38868.084814628,0.999693539,0,1
1162.144748858,2,2,102,8,63,0,0,4200,75,8,38868.111860849,0.999694235,0,1
1164.213289177,6,6,101,5,63,0,0,4200,75,8,38867.125656207,0.999668870,0,1
1164.353065767,3,6,101,5,62,1,0,4200,72,8,38865.303441983,0.999622002,1,1
1164.600531278,5,5,106,1,63,0,0,4200,75,8,38866.613860031,0.999655706,0,1
1164.686673106,8,8,103,6,63,0,0,4200,75,8,38867.986422620,0.999691009,0,1
1165.285564319,4,4,102,5,63,0,0,4199,75,8,38862.870665771,0.999559431,0,1
1169.035127545,7,7,102,1,63,0,0,4200,75,8,38865.800994073,0.999634799,0,1
1169.264742471,3,3,101,8,63,0,0,4200,75,8,38865.223982899,0.999619958,0,1
1169.404519061,4,3,101,8,62,1,0,4199,72,8,38862.791492068,0.999557394,1,1
1170.493470961,1,1,103,3,63,0,0,4200,75,8,38866.209199821,0.999645298,0,1
1171.877940882,0,0,100,1,63,0,0,4200,75,8,38867.968908452,0.999690558,0,1
1172.144748858,2,2,103,1,63,0,0,4200,75,8,38867.995954673,0.999691254,0,1
1174.213289177,6,6,102,1,63,0,0,4200,75,8,38867.009750030,0.999665889,0,1
1174.600531278,5,5,107,7,63,0,0,4200,75,8,38866.497953855,0.999652725,0,1
1174.686673106,8,8,104,6,63,0,0,4200,75,8,38867.905131740,0.999688918,0,1
1175.285564319,4,4,103,1,63,0,0,4199,75,8,38862.694376363,0.999554897,0,1
1179.035127545,7,7,103,4,63,0,0,4200,75,8,38865.702395545,0.999632263,0,1
1179.264742471,3,3,102,1,63,0,0,4200,75,8,38865.108076723,0.999616977,0,1
1180.493470961,1,1,104,8,63,0,0,4200,75,8,38866.101947469,0.999642540,0,1
1180.633247551,4,1,104,8,62,1,0,4199,72,8,38862.606106493,0.999552626,1,1
1181.877940882,0,0,101,5,63,0,0,4200,75,8,38867.887617572,0.999688468,0,1
1182.017717472,1,0,101,5,62,1,0,4200,72,8,38866.023707860,0.999640527,1,1
1182.144748858,2,2,104,7,63,0,0,4200,75,8,38867.906009969,0.999688941,0,1
1184.213289177,6,6,103,3,63,0,0,4200,75,8,38866.893843854,0.999662908,0,1
1184.600531278,5,5,108,4,63,0,0,4200,75,8,38866.382047679,0.999649744,0,1
1184.686673106,8,8,105,6,63,0,0,4200,75,8,38867.797879388,0.999686159,0,1
1185.285564319,4,4,104,6,63,0,0,4199,75,8,38862.526740779,0.999550585,0,1
1185.425340909,7,4,104,6,62,1,0,4200,72,8,38865.596442716,0.999629538,1,1
1189.035127545,7,7,104,0,63,0,0,4200,75,8,38865.534759961,0.999627952,0,1
1189.264742471,3,3,103,7,63,0,0,4200,75,8,38864.983516723,0.999613774,0,1
1190.493470961,1,1,105,6,63,0,0,4200,75,8,38865.925658061,0.999638006,0,1
1190.633247796,3,1,105,6,62,1,0,4200,72,8,38864.913987005,0.999611985,1,1
1191.877940882,0,0,102,8,63,0,0,4200,75,8,38867.771711396,0.999685486,0,1
1192.017717472,3,0,102,8,62,1,0,4200,72,8,38864.844451540,0.999610197,1,1
1192.144748858,2,2,105,5,63,0,0,4200,75,8,38867.816065265,0.999686627,0,1
1194.213289177,6,6,104,8,63,0,0,4200,75,8,38866.786591502,0.999660149,0,1
1194.353065767,3,6,104,8,62,1,0,4200,72,8,38864.774573759,0.999608400,1,1
1194.492842357,4,6,104,8,61,2,0,4199,69,8,38862.393812335,0.999547166,1,1
1194.600531278,5,5,109,3,63,0,0,4200,75,8,38866.274795327,0.999646985,0,1
1194.686673106,8,8,106,6,63,0,0,4200,75,8,38867.707934684,0.999683846,0,1
1195.285564319,4,4,105,8,63,0,0,4199,75,8,38862.324489899,0.999545383,0,1
1199.035127545,7,7,105,3,63,0,0,4200,75,8,38865.401546137,0.999624525,0,1
1199.174904135,4,7,105,3,62,1,0,4199,72,8,38862.254052681,0.999543571,1,1
1199.264742471,3,3,104,7,63,0,0,4200,75,8,38864.686460851,0.999606133,0,1
1200.493470961,1,1,106,0,63,0,0,4200,75,8,38865.818405709,0.999635247,0,1
1200.633247796,3,1,106,0,62,1,0,4200,72,8,38864.616931133,0.999604345,1,1
1201.877940882,0,0,103,5,63,0,0,4200,75,8,38867.690420516,0.999683396,0,1
1202.017717472,1,0,103,5,62,1,0,4200,72,8,38865.748819924,0.999633457,1,1
1202.144748858,2,2,106,1,63,0,0,4200,75,8,38867.717466737,0.999684091,0,1
1202.414766730,0,0,21,65535,63,0,0,4200,0,7,38867.649169979,0.999682335,0,1
1202.807546093,1,1,21,65535,63,0,0,4200,0,7,38865.710975778,0.999632484,0,1
1203.595940747,3,3,21,65535,63,0,0,4200,0,7,38864.566153460,0.999603039,0,1
1204.213289177,6,6,105,0,63,0,0,4200,75,8,38866.674182798,0.999657258,0,1
1204.600531278,5,5,110,1,63,0,0,4200,75,8,38866.179694271,0.999644539,0,1
1204.686673106,8,8,107,1,63,0,0,4200,75,8,38867.595525980,0.999680955,0,1
1205.285564319,4,4,106,7,63,0,0,4199,75,8,38862.146541611,0.999540806,0,1
1208.473097285,2,2,21,65535,63,0,0,4200,0,7,38867.668974900,0.999682844,0,1
1208.722219627,5,5,21,65535,63,0,0,4200,0,8,38866.104017055,0.999642593,0,1
1208.970359947,8,8,21,65535,63,0,0,4200,0,7,38867.543719789,0.999679622,0,1
1209.035127545,7,7,106,4,63,0,0,4200,75,8,38865.279930649,0.999621397,0,1
1209.264742471,3,3,105,1,63,0,0,4200,75,8,38864.477767987,0.999600766,0,1
1209.754940824,4,4,21,65535,63,0,0,4199,0,8,38862.056376092,0.999538487,0,1
1210.493470961,1,1,107,2,63,0,0,4200,75,8,38865.589640397,0.999629363,0,1
1211.363189829,6,6,21,65535,63,0,0,4200,0,7,38866.604037122,0.999655454,0,1
1211.877940882,0,0,104,3,63,0,0,4200,75,8,38867.525535908,0.999679155,0,1
1212.144748858,2,2,107,7,63,0,0,4200,75,8,38867.580202481,0.999680561,0,1
1212.813150705,7,7,21,65535,63,0,0,4200,0,7,38865.223150144,0.999619937,0,1
1214.213289177,6,6,106,5,63,0,0,4200,75,8,38866.537471502,0.999653742,0,1
1214.353065767,3,6,106,5,62,1,0,4200,72,8,38864.383882174,0.999598351,1,1
1214.600531278,5,5,111,8,63,0,0,4200,75,8,38866.013344319,0.999640261,0,1
1214.686673106,8,8,108,6,63,0,0,4200,75,8,38867.440954076,0.999676979,0,1
1215.285564319,4,4,107,6,63,0,0,4199,75,8,38861.945576363,0.999535637,0,1
1215.425340909,3,4,107,6,62,1,0,4200,72,8,38864.314459099,0.999596565,1,1
1219.035127545,7,7,107,3,63,0,0,4200,75,8,38865.117257881,0.999617213,0,1
1219.264742471,3,3,106,4,63,0,0,4200,75,8,38864.244039859,0.999594754,0,1
1220.493470961,1,1,108,3,63,0,0,4200,75,8,38865.465080397,0.999626159,0,1
1221.877940882,0,0,105,3,63,0,0,4200,75,8,38867.409629732,0.999676174,0,1
1222.144748858,2,2,108,3,63,0,0,4200,75,8,38867.472950129,0.999677802,0,1
1224.213289177,6,6,107,1,63,0,0,4200,75,8,38866.421565326,0.999650760,0,1
1224.600531278,5,5,112,7,63,0,0,4200,75,8,38865.897438143,0.999637280,0,1
1224.686673106,8,8,109,5,63,0,0,4200,75,8,38867.359663196,0.999674888,0,1
1225.285564319,4,4,108,6,63,0,0,4199,75,8,38861.821016363,0.999532434,0,1
1225.425340909,3,4,108,6,62,1,0,4200,72,8,38864.146823515,0.999592254,1,1
1229.035127545,7,7,108,4,63,0,0,4200,75,8,38865.010005529,0.999614455,0,1
1229.264742471,3,3,107,0,63,0,0,4200,75,8,38864.076404275,0.999590442,0,1
1230.493470961,1,1,109,5,63,0,0,4200,75,8,38865.340520397,0.999622956,0,1
1231.877940882,0,0,106,7,63,0,0,4200,75,8,38867.293723556,0.999673192,0,1
1232.017717472,3,0,106,7,62,1,0,4200,72,8,38863.997722324,0.999588419,1,1
1232.144748858,2,2,109,7,63,0,0,4200,75,8,38867.391659249,0.999675711,0,1
1234.213289177,6,6,108,2,63,0,0,4200,75,8,38866.314312974,0.999648002,0,1
1234.600531278,5,5,113,8,63,0,0,4200,75,8,38865.807493439,0.999634966,0,1
1234.686673106,8,8,110,7,63,0,0,4200,75,8,38867.261064668,0.999672352,0,1
1235.285564319,4,4,109,5,63,0,0,4199,75,8,38861.687802539,0.999529007,0,1
1235.425341155,8,4,109,5,62,1,0,4200,72,8,38867.191761692,0.999670570,1,1
1239.035127545,7,7,109,2,63,0,0,4200,75,8,38864.894099353,0.999611474,0,1
1239.174904135,6,7,109,2,62,1,0,4200,72,8,38866.234835913,0.999645958,1,1
1239.264742471,3,3,108,0,63,0,0,4200,75,8,38863.917422515,0.999586353,0,1
1240.493470961,1,1,110,7,63,0,0,4200,75,8,38865.250575693,0.999620642,0,1
1240.633247551,2,1,110,7,62,1,0,4200,72,8,38867.310912510,0.999673635,1,1
1241.877940882,0,0,107,6,63,0,0,4200,75,8,38867.169163556,0.999669989,0,1
1242.017717472,3,0,107,6,62,1,0,4200,72,8,38863.847394388,0.999584552,1,1
1242.144748858,2,2,110,4,63,0,0,4200,75,8,38867.249985137,0.999672068,0,1
1244.213289177,6,6,109,3,63,0,0,4200,75,8,38866.172638862,0.999644358,0,1
1244.600531278,5,5,114,3,63,0,0,4200,75,8,38865.691587263,0.999631985,0,1
1244.686673106,8,8,111,7,63,0,0,4200,75,8,38867.093429084,0.999668041,0,1
1245.285564319,4,4,110,5,63,0,0,4199,75,8,38861.563242539,0.999525804,0,1
1245.425341155,8,4,110,5,62,1,0,4200,72,8,38867.024126108,0.999666258,1,1
1249.035127545,7,7,110,5,63,0,0,4200,75,8,38864.786847001,0.999608715,0,1
1249.264742471,3,3,109,7,63,0,0,4200,75,8,38863.749786931,0.999582042,0,1
1250.493470961,1,1,111,4,63,0,0,4200,75,8,38865.143323341,0.999617884,0,1
1251.877940882,0,0,108,4,63,0,0,4200,75,8,38867.070565028,0.999667453,0,1
1252.144748858,2,2,111,4,63,0,0,4200,75,8,38867.142732785,0.999669309,0,1
1254.213289177,6,6,110,3,63,0,0,4200,75,8,38866.074040334,0.999641822,0,1
1254.600531278,5,5,115,1,63,0,0,4200,75,8,38865.592988735,0.999629449,0,1
1254.686673106,8,8,112,3,63,0,0,4200,75,8,38866.917139676,0.999663507,0,1
1255.285564319,4,4,111,7,63,0,0,4199,75,8,38861.447336363,0.999522822,0,1
1259.035127545,7,7,111,3,63,0,0,4200,75,8,38864.688248473,0.999606179,0,1
1259.264742471,3,3,110,4,63,0,0,4199,75,8,38863.651188403,0.999579506,0,1
1260.493470961,1,1,112,4,63,0,0,4200,75,8,38865.036070989,0.999615125,0,1
1261.877940882,0,0,109,7,63,0,0,4200,75,8,38866.971966500,0.999664917,0,1
1262.017717472,3,0,109,7,62,1,0,4199,72,8,38863.572506452,0.999577482,1,1
1262.144748858,2,2,112,0,63,0,0,4200,75,8,38867.035480433,0.999666550,0,1
1262.414766730,0,0,22,65535,63,0,0,4200,0,8,38866.911390010,0.999663359,0,1
1262.807546093,1,1,22,65535,63,0,0,4200,0,7,38864.984973858,0.999613811,0,1
1263.595940747,3,3,22,65535,63,0,0,4199,0,8,38863.502348275,0.999575678,0,1
1264.213289177,6,6,111,8,63,0,0,4200,75,8,38865.957028238,0.999638812,0,1
1264.353065767,7,6,111,8,62,1,0,4200,72,8,38864.590782527,0.999603672,1,1
1264.492842602,5,6,111,8,61,2,0,4200,69,8,38865.476015407,0.999626441,1,1
1264.653098602,5,5,116,0,63,0,0,4200,75,8,38865.415574483,0.999624886,0,1
1264.686673106,8,8,113,5,63,0,0,4200,75,8,38866.792579676,0.999660303,0,1
1265.285564319,4,4,112,0,63,0,0,4199,75,8,38861.307860267,0.999519235,0,1
1268.473097285,2,2,22,65535,63,0,0,4200,0,8,38866.915186740,0.999663456,0,1
1268.722219627,5,5,22,65535,63,0,0,4200,0,8,38865.335865759,0.999622836,0,1
1268.970359947,8,8,22,65535,63,0,0,4200,0,7,38866.740773485,0.999658971,0,1
1269.035127545,7,7,112,5,63,0,0,4200,75,8,38864.502199321,0.999601394,0,1
1269.264742471,3,3,111,7,63,0,0,4199,75,8,38863.396102195,0.999572945,0,1
1269.754940824,4,4,22,65535,63,0,0,4199,0,8,38861.213644316,0.999516812,0,1
1270.493470961,1,1,113,2,63,0,0,4200,75,8,38864.853878733,0.999610439,0,1
1271.363189829,6,6,22,65535,63,0,0,4200,0,7,38865.869574914,0.999636563,0,1
1271.877940882,0,0,110,6,63,0,0,4200,75,8,38866.780208036,0.999659985,0,1
1272.017717717,4,0,110,6,62,1,0,4199,72,8,38861.129982484,0.999514660,1,1
1272.144748858,2,2,113,8,63,0,0,4200,75,8,38866.817760497,0.999660951,0,1
1272.813150705,7,7,22,65535,63,0,0,4200,0,8,38864.408785216,0.999598991,0,1
1274.213289177,6,6,112,8,63,0,0,4200,75,8,38865.798958862,0.999634747,0,1
1274.353065767,7,6,112,8,62,1,0,4200,72,8,38864.339193791,0.999597201,1,1
1274.492842357,4,6,112,8,61,2,0,4199,69,8,38861.050847599,0.999512625,1,1
1274.600531278,5,5,117,2,63,0,0,4200,75,8,38865.241142591,0.999620400,0,1
1274.686673106,8,8,114,1,63,0,0,4200,75,8,38866.616649692,0.999655778,0,1
1275.285564319,4,4,113,0,63,0,0,4199,75,8,38860.981525163,0.999510842,0,1
1279.035127545,7,7,113,8,63,0,0,4200,75,8,38864.268471193,0.999595382,0,1
1279.174904135,4,7,113,8,62,1,0,4199,72,8,38860.911087945,0.999509030,1,1
1279.264742471,3,3,112,5,63,0,0,4199,75,8,38863.256626099,0.999569358,0,1
1280.493470961,1,1,114,5,63,0,0,4200,75,8,38864.763934029,0.999608126,0,1
1281.877940882,0,0,111,6,63,0,0,4200,75,8,38866.672955684,0.999657226,0,1
1282.144748858,2,2,114,3,63,0,0,4200,75,8,38866.719161969,0.999658415,0,1
1284.213289177,6,6,113,0,63,0,0,4200,75,8,38865.700360334,0.999632211,0,1
1284.353065767,3,6,113,0,62,1,0,4199,72,8,38863.168449598,0.999567090,1,1
1284.600531278,5,5,118,0,63,0,0,4200,75,8,38865.151197887,0.999618086,0,1
1284.686673106,8,8,115,5,63,0,0,4200,75,8,38866.518051164,0.999653242,0,1
1285.285564319,4,4,114,2,63,0,0,4199,75,8,38860.813889579,0.999506530,0,1
1289.035127545,7,7,114,1,63,0,0,4200,75,8,38864.152565017,0.999592401,0,1
1289.264742471,3,3,113,7,63,0,0,4199,75,8,38863.097644339,0.999565269,0,1
1290.493470961,1,1,115,4,63,0,0,4200,75,8,38864.648027853,0.999605145,0,1
1291.877940882,0,0,112,4,63,0,0,4200,75,8,38866.565703332,0.999654468,0,1
1292.144748858,2,2,115,1,63,0,0,4200,75,8,38866.620563441,0.999655879,0,1
1294.213289177,6,6,114,4,63,0,0,4200,75,8,38865.584454158,0.999629230,0,1
1294.353065767,3,6,114,4,62,1,0,4199,72,8,38863.018121662,0.999563223,1,1
1294.600531278,5,5,119,4,63,0,0,4200,75,8,38865.035291711,0.999615105,0,1
1294.686673106,8,8,116,3,63,0,0,4200,75,8,38866.428106460,0.999650929,0,1
1295.285564319,4,4,115,1,63,0,0,4199,75,8,38860.680675755,0.999503104,0,1
1299.035127545,7,7,115,8,63,0,0,4200,75,8,38864.053966489,0.999589865,0,1
1299.174904135,4,7,115,8,62,1,0,4199,72,8,38860.610238537,0.999501292,1,1
1299.264742471,3,3,114,1,63,0,0,4199,75,8,38862.938662579,0.999561180,0,1
1300.493470961,1,1,116,8,63,0,0,4200,75,8,38864.549429325,0.999602609,0,1
1301.877940882,0,0,113,8,63,0,0,4200,75,8,38866.467104804,0.999651932,0,1
1302.017717472,1,0,113,8,62,1,0,4200,72,8,38864.479843540,0.999600819,1,1
1302.144748858,2,2,116,4,63,0,0,4200,75,8,38866.530618737,0.999653565,0,1
1304.213289177,6,6,115,1,63,0,0,4200,75,8,38865.494509454,0.999626916,0,1
1304.600531278,5,5,120,3,63,0,0,4200,75,8,38864.936693183,0.999612569,0,1
1304.686673106,8,8,117,4,63,0,0,4200,75,8,38866.338161756,0.999648615,0,1
1305.285564319,4,4,116,8,63,0,0,4199,75,8,38860.521693995,0.999499015,0,1
1309.035127545,7,7,116,8,63,0,0,4200,75,8,38863.964021785,0.999587552,0,1
1309.174904135,4,7,116,8,62,1,0,4199,72,8,38860.451256777,0.999497203,1,1
1309.264742471,3,3,115,8,63,0,0,4199,75,8,38862.831410227,0.999558421,0,1
1310.493470961,1,1,117,7,63,0,0,4200,75,8,38864.399101389,0.999598742,0,1
1310.633247551,4,1,117,7,62,1,0,4199,72,8,38860.381694717,0.999495414,1,1
1311.877940882,0,0,114,8,63,0,0,4200,75,8,38866.342544804,0.999648728,0,1
1312.144748858,2,2,117,8,63,0,0,4200,75,8,38866.414712561,0.999650584,0,1
1314.213289177,6,6,116,7,63,0,0,4200,75,8,38865.395910926,0.999624380,0,1
1314.600531278,5,5,121,6,63,0,0,4200,75,8,38864.820787007,0.999609588,0,1
1314.686673106,8,8,118,0,63,0,0,4200,75,8,38866.239563228,0.999646079,0,1
1315.285564319,4,4,117,0,63,0,0,4199,75,8,38860.293675179,0.999493150,0,1
1319.035127545,7,7,117,2,63,0,0,4200,75,8,38863.865423257,0.999585016,0,1
1319.174904135,6,7,117,2,62,1,0,4200,72,8,38865.307780041,0.999622114,1,1
1319.264742471,3,3,116,4,63,0,0,4199,75,8,38862.724157875,0.999555662,0,1
1320.493470961,1,1,118,4,63,0,0,4200,75,8,38864.300502861,0.999596206,0,1
1321.877940882,0,0,115,4,63,0,0,4200,75,8,38866.252600100,0.999646415,0,1
1322.144748858,2,2,118,0,63,0,0,4200,75,8,38866.324767857,0.999648271,0,1
1322.284525448,5,2,118,0,62,1,0,4200,72,8,38864.723022241,0.999607074,1,1
1322.414766730,0,0,23,65535,63,0,0,4200,0,7,38866.220003386,0.999645576,0,1
1322.807546093,1,1,23,65535,63,0,0,4200,0,8,38864.213325090,0.999593964,0,1
1323.595940747,3,3,23,65535,63,0,0,4199,0,7,38862.655026931,0.999553884,0,1
1324.213289177,6,6,117,4,63,0,0,4200,75,8,38865.222566030,0.999619922,0,1
1324.353065767,3,6,117,4,62,1,0,4199,72,8,38862.585717310,0.999552102,1,1
1324.600531278,5,5,122,0,63,0,0,4200,75,8,38864.643944639,0.999605040,0,1
1324.686673106,8,8,119,2,63,0,0,4200,75,8,38866.115003228,0.999642876,0,1
1325.285564319,4,4,118,0,63,0,0,4199,75,8,38860.159908395,0.999489710,0,1
1328.473097285,2,2,23,65535,63,0,0,4200,0,8,38866.218284340,0.999645532,0,1
1328.722219627,5,5,23,65535,63,0,0,4200,0,7,38864.592196767,0.999603709,0,1
1328.970359947,8,8,23,65535,63,0,0,4200,0,7,38866.067247469,0.999641647,0,1
1329.035127545,7,7,118,3,63,0,0,4199,75,8,38863.731103513,0.999581561,0,1
1329.264742471,3,3,117,5,63,0,0,4199,75,8,38862.501101875,0.999549925,0,1
1329.754940824,4,4,23,65535,63,0,0,4199,0,7,38860.094225179,0.999488020,0,1
1330.493470961,1,1,119,3,63,0,0,4200,75,8,38864.108191437,0.999591260,0,1
1331.363189829,6,6,23,65535,63,0,0,4200,0,7,38865.152973314,0.999618132,0,1
1331.877940882,0,0,116,2,63,0,0,4200,75,8,38866.101525668,0.999642529,0,1
1332.017717472,1,0,116,2,62,1,0,4200,72,8,38864.038605652,0.999589470,1,1
1332.144748858,2,2,119,0,63,0,0,4200,75,8,38866.142769137,0.999643590,0,1
1332.813150705,7,7,23,65535,63,0,0,4199,0,7,38863.687027264,0.999580428,0,1
1334.213289177,6,6,118,0,63,0,0,4200,75,8,38865.082910222,0.999616330,0,1
1334.353065767,3,6,118,0,62,1,0,4199,72,8,38862.416422846,0.999547748,1,1
1334.600531278,5,5,123,3,63,0,0,4200,75,8,38864.498579519,0.999601301,0,1
1334.686673106,8,8,120,3,63,0,0,4200,75,8,38865.982342364,0.999639464,0,1
1335.285564319,4,4,119,3,63,0,0,4199,75,8,38859.978269099,0.999485038,0,1
1339.035127545,7,7,119,0,63,0,0,4199,75,8,38863.598442648,0.999578149,0,1
1339.174904380,3,7,119,0,62,1,0,4199,72,8,38862.345649928,0.999545927,1,1
1339.335160380,3,3,118,4,63,0,0,4199,75,8,38862.285209004,0.999544373,0,1
1340.493470961,1,1,120,3,63,0,0,4200,75,8,38863.923248205,0.999586503,0,1
1341.877940882,0,0,117,4,63,0,0,4200,75,8,38865.976965668,0.999639325,0,1
1342.144748858,2,2,120,8,63,0,0,4200,75,8,38866.052824433,0.999641276,0,1
1344.213289177,6,6,119,3,63,0,0,4200,75,8,38864.975657870,0.999613571,0,1
1344.600531278,5,5,124,8,63,0,0,4200,75,8,38864.382673343,0.999598320,0,1
1344.686673106,8,8,121,4,63,0,0,4200,75,8,38865.857782364,0.999636260,0,1
1345.285564319,4,4,120,3,63,0,0,4199,75,8,38859.871016747,0.999482279,0,1
1349.035127545,7,7,120,8,63,0,0,4199,75,8,38863.473882648,0.999574946,0,1
1349.264742471,3,3,119,1,63,0,0,4199,75,8,38862.177982003,0.999541615,0,1
1350.493470961,1,1,121,7,63,0,0,4200,75,8,38863.815995853,0.999583745,0,1
1350.633247551,2,1,121,7,62,1,0,4200,72,8,38865.963423870,0.999638977,1,1
1351.877940882,0,0,118,1,63,0,0,4200,75,8,38865.869713316,0.999636567,0,1
1352.144748858,2,2,121,1,63,0,0,4200,75,8,38865.902496497,0.999637410,0,1
1354.213289177,6,6,120,5,63,0,0,4200,75,8,38864.868405518,0.999610813,0,1
1354.353065767,3,6,120,5,62,1,0,4199,72,8,38862.089805502,0.999539347,1,1
1354.600531278,5,5,125,6,63,0,0,4200,75,8,38864.240805695,0.999594671,0,1
1354.686673106,8,8,122,2,63,0,0,4200,75,8,38865.741876188,0.999633279,0,1
1355.285564319,4,4,121,8,63,0,0,4199,75,8,38859.755110571,0.999479298,0,1
1355.425340909,1,4,121,8,62,1,0,4199,72,8,38863.719221852,0.999581256,1,1
1359.035127545,7,7,121,3,63,0,0,4199,75,8,38863.349322648,0.999571742,0,1
1359.264742471,3,3,120,4,63,0,0,4199,75,8,38862.010346419,0.999537303,0,1
1360.493470961,1,1,122,0,63,0,0,4199,75,8,38863.648360269,0.999579433,0,1
1361.877940882,0,0,119,6,63,0,0,4200,75,8,38865.771114788,0.999634031,0,1
1362.017717472,3,0,119,6,62,1,0,4199,72,8,38861.931664468,0.999535279,1,1
1362.144748858,2,2,122,5,63,0,0,4200,75,8,38865.786590321,0.999634429,0,1
1364.213289177,6,6,121,5,63,0,0,4200,75,8,38864.743845518,0.999607609,0,1
1364.600531278,5,5,126,8,63,0,0,4200,75,8,38864.133553343,0.999591912,0,1
1364.686673106,8,8,123,6,63,0,0,4200,75,8,38865.643277660,0.999630743,0,1
1365.285564319,4,4,122,0,63,0,0,4199,75,8,38859.639204395,0.999476317,0,1
1369.035127545,7,7,122,8,63,0,0,4199,75,8,38863.233416472,0.999568761,0,1
1369.174904865,2,7,122,8,62,1,0,4200,72,8,38865.706368585,0.999632365,1,1
1369.264742471,3,3,121,2,63,0,0,4199,75,8,38861.860018483,0.999533437,0,1
1369.404519061,6,3,121,2,62,1,0,4200,72,8,38864.655631971,0.999605340,1,1
1370.493470961,1,1,123,0,63,0,0,4199,75,8,38863.549761741,0.999576897,0,1
1371.877940882,0,0,120,5,63,0,0,4200,75,8,38865.663862436,0.999631272,0,1
1372.017717717,4,0,120,5,62,1,0,4199,72,8,38859.541782292,0.999473811,1,1
1372.144748858,2,2,123,7,63,0,0,4200,75,8,38865.636262385,0.999630562,0,1
1374.213289177,6,6,122,0,63,0,0,4200,75,8,38864.584863758,0.999603520,0,1
1374.353065767,3,6,122,0,62,1,0,4199,72,8,38861.754534334,0.999530724,1,1
1374.600531278,5,5,127,1,63,0,0,4200,75,8,38864.026300991,0.999589154,0,1
1374.686673106,8,8,124,6,63,0,0,4200,75,8,38865.544679132,0.999628207,0,1
1374.740307868,4,5,127,1,62,1,0,4199,72,8,38859.454457455,0.999471565,1,1
1375.285564319,4,4,123,5,63,0,0,4199,75,8,38859.393877931,0.999470007,0,1
1379.035127545,7,7,123,5,63,0,0,4199,75,8,38863.100202648,0.999565334,0,1
1379.174904135,4,7,123,5,62,1,0,4199,72,8,38859.323440713,0.999468195,1,1
1379.264742471,3,3,122,8,63,0,0,4199,75,8,38861.683729075,0.999528902,0,1
1380.493470961,1,1,124,5,63,0,0,4199,75,8,38863.451163213,0.999574361,0,1
1381.877940882,0,0,121,1,63,0,0,4200,75,8,38865.556610084,0.999628514,0,1
1382.144748858,2,2,124,8,63,0,0,4200,75,8,38865.546317681,0.999628249,0,1
1382.414766730,0,0,24,65535,63,0,0,4200,0,7,38865.524013370,0.999627675,0,1
1382.807546093,1,1,24,65535,63,0,0,4199,0,7,38863.395462690,0.999572929,0,1
1383.595940747,3,3,24,65535,63,0,0,4199,0,8,38861.595825139,0.999526642,0,1
1384.213289177,6,6,123,7,63,0,0,4200,75,8,38864.471902094,0.999600615,0,1
1384.600531278,5,5,128,2,63,0,0,4200,75,8,38863.896584639,0.999585818,0,1
1384.686673106,8,8,125,7,63,0,0,4200,75,8,38865.428219996,0.999625211,0,1
1385.285564319,4,4,124,5,63,0,0,4199,75,8,38859.203225387,0.999465104,0,1
1388.473097285,2,2,24,65535,63,0,0,4200,0,7,38865.480518196,0.999626557,0,1
1388.722219627,5,5,24,65535,63,0,0,4200,0,7,38863.848887199,0.999584591,0,1
1388.970359947,8,8,24,65535,63,0,0,4200,0,7,38865.380464237,0.999623983,0,1
1389.035127545,7,7,124,6,63,0,0,4199,75,8,38862.987240984,0.999562429,0,1
1389.264742471,3,3,123,7,63,0,0,4199,75,8,38861.507439667,0.999524368,0,1
1389.754940824,4,4,24,65535,63,0,0,4199,0,8,38859.127423003,0.999463154,0,1
1390.493470961,1,1,125,4,63,0,0,4199,75,8,38863.268970957,0.999569675,0,1
1391.363189829,6,6,24,65535,63,0,0,4200,0,8,38864.382983426,0.999598328,0,1
1391.877940882,0,0,122,8,63,0,0,4200,75,8,38865.387675044,0.999624169,0,1
1392.144748858,2,2,125,3,63,0,0,4200,75,8,38865.387142385,0.999624155,0,1
1392.813150705,7,7,24,65535,63,0,0,4199,0,7,38862.926410048,0.999560864,0,1
1394.213289177,6,6,124,4,63,0,0,4200,75,8,38864.299110158,0.999596171,0,1
1394.353065767,3,6,124,4,62,1,0,4199,72,8,38861.392195774,0.999521404,1,1
1394.600531278,5,5,129,7,63,0,0,4200,75,8,38863.745510207,0.999581932,0,1
1394.686673106,8,8,126,7,63,0,0,4200,75,8,38865.277698524,0.999621340,0,1
1395.285564319,4,4,125,1,63,0,0,4199,75,8,38859.016070315,0.999460290,0,1
1399.035127545,7,7,125,2,63,0,0,4199,75,8,38862.829171608,0.999558363,0,1
1399.264742471,3,3,124,5,63,0,0,4199,75,8,38861.312736691,0.999519361,0,1
1400.493470961,1,1,126,3,63,0,0,4199,75,8,38863.135204173,0.999566235,0,1
1401.877940882,0,0,123,5,63,0,0,4200,75,8,38865.297730340,0.999621855,0,1
1402.144748858,2,2,126,3,63,0,0,4200,75,8,38865.271236209,0.999621174,0,1
1402.284525693,4,2,126,3,62,1,0,4199,72,8,38858.918552161,0.999457782,1,1
1404.213289177,6,6,125,1,63,0,0,4200,75,8,38864.191857806,0.999593412,0,1
1404.600531278,5,5,130,4,63,0,0,4199,75,8,38863.638257855,0.999579173,0,1
1404.686673106,8,8,127,6,63,0,0,4200,75,8,38865.196407644,0.999619249,0,1
1405.285564319,4,4,126,7,63,0,0,4199,75,8,38858.848434731,0.999455978,0,1
1409.035127545,7,7,126,3,63,0,0,4199,75,8,38862.721919256,0.999555605,0,1
1409.174904135,6,7,126,3,62,1,0,4200,72,8,38864.112380745,0.999591368,1,1
1409.264742471,3,3,125,2,63,0,0,4199,75,8,38861.188176691,0.999516157,0,1
1410.493470961,1,1,127,0,63,0,0,4199,75,8,38863.027951821,0.999563476,0,1
1411.877940882,0,0,124,3,63,0,0,4200,75,8,38865.199131812,0.999619319,0,1
1412.144748858,2,2,127,8,63,0,0,4200,75,8,38865.172637681,0.999618638,0,1
1414.213289177,6,6,126,8,63,0,0,4200,75,8,38864.041529870,0.999589546,0,1
1414.600531278,5,5,131,6,63,0,0,4199,75,8,38863.548313151,0.999576860,0,1
1414.686673106,8,8,128,1,63,0,0,4200,75,8,38865.106462940,0.999616936,0,1
1415.285564319,4,4,127,7,63,0,0,4199,75,8,38858.741182379,0.999453220,0,1
1419.035127545,7,7,127,8,63,0,0,4199,75,8,38862.631974552,0.999553292,0,1
1419.174904865,2,7,127,8,62,1,0,4200,72,8,38865.092415945,0.999616574,1,1
1419.264742471,3,3,126,8,63,0,0,4199,75,8,38861.098231987,0.999513843,0,1
1420.493470961,1,1,128,3,63,0,0,4199,75,8,38862.929353293,0.999560940,0,1
1421.877940882,0,0,125,8,63,0,0,4200,75,8,38865.109187108,0.999617006,0,1
1422.017718202,5,0,125,8,62,1,0,4199,72,8,38863.441990611,0.999574125,1,1
1422.144748858,2,2,128,4,63,0,0,4200,75,8,38865.030963569,0.999614994,0,1
1424.213289177,6,6,127,2,63,0,0,4200,75,8,38863.951585166,0.999587232,0,1
1424.600531278,5,5,132,8,63,0,0,4199,75,8,38863.372023743,0.999572326,0,1
1424.686673106,8,8,129,3,63,0,0,4200,75,8,38865.016518236,0.999614622,0,1
1425.285564319,4,4,128,6,63,0,0,4199,75,8,38858.651237675,0.999450906,0,1
1429.035127545,7,7,128,6,63,0,0,4199,75,8,38862.533376024,0.999550756,0,1
1429.264742471,3,3,127,0,63,0,0,4199,75,8,38860.982325811,0.999510862,0,1
1430.493470961,1,1,129,0,63,0,0,4199,75,8,38862.830754765,0.999558404,0,1
1431.877940882,0,0,126,1,63,0,0,4200,75,8,38865.010588580,0.999614470,0,1
1432.144748858,2,2,129,7,63,0,0,4200,75,8,38864.932365041,0.999612458,0,1
1434.213289177,6,6,128,7,63,0,0,4200,75,8,38863.844332814,0.999584474,0,1
1434.600531278,5,5,133,0,63,0,0,4199,75,8,38863.264771391,0.999569567,0,1
1434.686673106,8,8,130,7,63,0,0,4200,75,8,38864.917919708,0.999612086,0,1
1435.285564319,4,4,129,7,63,0,0,4199,75,8,38858.535331499,0.999447925,0,1
1439.035127545,7,7,129,6,63,0,0,4199,75,8,38862.408816024,0.999547552,0,1
1439.264742471,3,3,128,7,63,0,0,4199,75,8,38860.866419635,0.999507881,0,1
1440.493470961,1,1,130,2,63,0,0,4199,75,8,38862.723502413,0.999555646,0,1
1441.877940882,0,0,127,6,63,0,0,4200,75,8,38864.929297700,0.999612379,0,1
1442.017717472,3,0,127,6,62,1,0,4199,72,8,38860.787737684,0.999505857,1,1
1442.144748858,2,2,130,3,63,0,0,4200,75,8,38864.851074161,0.999610367,0,1
1442.414766730,0,0,25,65535,63,0,0,4200,0,7,38864.888047162,0.999611318,0,1
1442.807546093,1,1,25,65535,63,0,0,4199,0,8,38862.653632290,0.999553849,0,1
1443.595940747,3,3,25,65535,63,0,0,4199,0,7,38860.740402931,0.999504640,0,1
1444.213289177,6,6,129,7,63,0,0,4199,75,8,38863.736527502,0.999581701,0,1
1444.600531278,5,5,134,1,63,0,0,4199,75,8,38863.156966079,0.999566794,0,1
1444.686673106,8,8,131,0,63,0,0,4200,75,8,38864.827975004,0.999609773,0,1
1445.285564319,4,4,130,3,63,0,0,4199,75,8,38858.422369835,0.999445020,0,1
1448.473097285,2,2,25,65535,63,0,0,4200,0,7,38864.788219188,0.999608750,0,1
1448.722219627,5,5,25,65535,63,0,0,4199,0,8,38863.081288863,0.999564848,0,1
1448.970359947,8,8,25,65535,63,0,0,4200,0,7,38864.771012461,0.999608308,0,1
1449.035127545,7,7,130,2,63,0,0,4199,75,8,38862.292356888,0.999544557,0,1
1449.264742471,3,3,129,7,63,0,0,4199,75,8,38860.637654323,0.999501997,0,1
1449.754940824,4,4,25,65535,63,0,0,4199,0,7,38858.371049755,0.999443700,0,1
1450.493470961,1,1,131,7,63,0,0,4199,75,8,38862.553654989,0.999551277,0,1
1450.633248282,8,1,131,7,62,1,0,4200,72,8,38864.687566589,0.999606162,1,1
1451.363189829,6,6,25,65535,63,0,0,4199,0,8,38863.630301186,0.999578969,0,1
1451.877940882,0,0,128,5,63,0,0,4200,75,8,38864.760915620,0.999608048,0,1
1452.017717717,4,0,128,5,62,1,0,4199,72,8,38858.274683668,0.999441221,1,1
1452.144748858,2,2,131,1,63,0,0,4200,75,8,38864.699999729,0.999606481,0,1
1452.813150705,7,7,25,65535,63,0,0,4199,0,7,38862.209614912,0.999542428,0,1
1454.213289177,6,6,130,5,63,0,0,4199,75,8,38863.560238094,0.999577167,0,1
1454.600531278,5,5,135,3,63,0,0,4199,75,8,38862.960051263,0.999561730,0,1
1454.686673106,8,8,132,2,63,0,0,4200,75,8,38864.594053340,0.999603757,0,1
1454.740307868,4,5,135,3,62,1,0,4199,72,8,38858.196012655,0.999439198,1,1
1455.285564319,4,4,131,0,63,0,0,4199,75,8,38858.135433131,0.999437640,0,1
1459.035127545,7,7,131,5,63,0,0,4199,75,8,38862.129684120,0.999540373,0,1
1459.174904135,4,7,131,5,62,1,0,4199,72,8,38858.064995913,0.999435828,1,1
1459.264742471,3,3,130,8,63,0,0,4199,75,8,38860.533346483,0.999499314,0,1
1460.493470961,1,1,132,5,63,0,0,4199,75,8,38862.454503501,0.999548727,0,1
1460.633247551,4,1,132,5,62,1,0,4199,72,8,38857.995433853,0.999434039,1,1
1461.877940882,0,0,129,4,63,0,0,4200,75,8,38864.662317091,0.999605512,0,1
1462.144748858,2,2,132,4,63,0,0,4200,75,8,38864.601401201,0.999603946,0,1
1464.213289177,6,6,131,1,63,0,0,4199,75,8,38863.452985742,0.999574408,0,1
1464.600531278,5,5,136,0,63,0,0,4199,75,8,38862.844145087,0.999558749,0,1
1464.686673106,8,8,133,3,63,0,0,4200,75,8,38864.495454812,0.999601221,0,1
1465.285564319,4,4,132,0,63,0,0,4199,75,8,38857.916068139,0.999431998,0,1
1469.035127545,7,7,132,2,63,0,0,4199,75,8,38862.031085592,0.999537837,0,1
1469.264742471,3,3,131,8,63,0,0,4199,75,8,38860.408786482,0.999496111,0,1
1469.404519061,4,3,131,8,62,1,0,4199,72,8,38857.836894435,0.999429961,1,1
1470.493470961,1,1,133,4,63,0,0,4199,75,8,38862.338597325,0.999545746,0,1
1471.877940882,0,0,130,1,63,0,0,4200,75,8,38864.555064739,0.999602754,0,1
1472.144748858,2,2,133,7,63,0,0,4200,75,8,38864.511456497,0.999601632,0,1
1474.213289177,6,6,132,3,63,0,0,4199,75,8,38863.354387214,0.999571872,0,1
1474.600531278,5,5,137,7,63,0,0,4199,75,8,38862.754200383,0.999556435,0,1
1474.686673106,8,8,134,7,63,0,0,4200,75,8,38864.379548636,0.999598239,0,1
1475.285564319,4,4,133,5,63,0,0,4199,75,8,38857.739778731,0.999427463,0,1
1479.035127545,7,7,133,6,63,0,0,4199,75,8,38861.923833240,0.999535078,0,1
1479.264742471,3,3,132,7,63,0,0,4199,75,8,38860.292880306,0.999493130,0,1
1480.493470961,1,1,134,0,63,0,0,4199,75,8,38862.248652621,0.999543432,0,1
1481.877940882,0,0,131,2,63,0,0,4200,75,8,38864.465120035,0.999600440,0,1
1482.017717717,4,0,131,2,62,1,0,4199,72,8,38857.642356628,0.999424958,1,1
1482.144748858,2,2,134,8,63,0,0,4200,75,8,38864.412857969,0.999599096,0,1
1484.213289177,6,6,133,0,63,0,0,4199,75,8,38863.264442510,0.999569559,0,1
1484.600531278,5,5,138,1,63,0,0,4199,75,8,38862.664255679,0.999554122,0,1
1484.686673106,8,8,135,3,63,0,0,4200,75,8,38864.289603932,0.999595926,0,1
1485.285564319,4,4,134,6,63,0,0,4199,75,8,38857.563489323,0.999422929,0,1
1489.035127545,7,7,134,1,63,0,0,4199,75,8,38861.825234712,0.999532542,0,1
1489.174904135,6,7,134,1,62,1,0,4199,72,8,38863.176311625,0.999567292,1,1
1489.264742471,3,3,133,5,63,0,0,4199,75,8,38860.176974130,0.999490149,0,1
1490.493470961,1,1,135,4,63,0,0,4199,75,8,38862.167361741,0.999541342,0,1
1491.877940882,0,0,132,5,63,0,0,4200,75,8,38864.375175331,0.999598127,0,1
1492.017717717,4,0,132,5,62,1,0,4199,72,8,38857.474721044,0.999420646,1,1
1492.144748858,2,2,135,5,63,0,0,4200,75,8,38864.322913265,0.999596783,0,1
1494.213289177,6,6,134,7,63,0,0,4199,75,8,38863.114114574,0.999565692,0,1
1494.600531278,5,5,139,4,63,0,0,4199,75,8,38862.574310975,0.999551808,0,1
1494.686673106,8,8,136,2,63,0,0,4200,75,8,38864.199659228,0.999593613,0,1
1495.285564319,4,4,135,1,63,0,0,4199,75,8,38857.404507563,0.999418840,0,1
1499.035127545,7,7,135,4,63,0,0,4199,75,8,38861.735290008,0.999530229,0,1
1499.264742471,3,3,134,0,63,0,0,4199,75,8,38860.052414130,0.999486945,0,1
1500.493470961,1,1,136,6,63,0,0,4199,75,8,38862.068763213,0.999538806,0,1
1500.633247551,4,1,136,6,62,1,0,4199,72,8,38857.316237693,0.999416570,1,1
1501.877940882,0,0,133,6,63,0,0,4200,75,8,38864.267922979,0.999595368,0,1
1502.017717717,4,0,133,6,62,1,0,4199,72,8,38857.246702228,0.999414781,1,1
1502.144748858,2,2,136,1,63,0,0,4200,75,8,38864.215660913,0.999594024,0,1
1502.414766730,0,0,26,65535,63,0,0,4200,0,7,38864.235326266,0.999594530,0,1
1502.807546093,1,1,26,65535,63,0,0,4199,0,7,38862.013062690,0.999537373,0,1
1503.595940747,3,3,26,65535,63,0,0,4199,0,7,38859.987333619,0.999485271,0,1
1504.213289177,6,6,135,5,63,0,0,4199,75,8,38863.001705870,0.999562801,0,1
1504.353066497,1,6,135,5,62,1,0,4199,72,8,38861.943469246,0.999535583,1,1
1504.492843087,4,6,135,5,61,2,0,4199,69,8,38857.157807598,0.999412495,1,1
1504.600531278,5,5,140,7,63,0,0,4199,75,8,38862.470556095,0.999549140,0,1
1504.686673106,8,8,137,5,63,0,0,4200,75,8,38864.092406876,0.999590854,0,1
1505.285564319,4,4,136,5,63,0,0,4199,75,8,38857.097138987,0.999410935,0,1
1508.473097285,2,2,26,65535,63,0,0,4200,0,7,38864.167169076,0.999592777,0,1
1508.722219627,5,5,26,65535,63,0,0,4199,0,7,38862.422858655,0.999547913,0,1
1508.970359947,8,8,26,65535,63,0,0,4200,0,8,38864.016671341,0.999588906,0,1
1509.035127545,7,7,136,8,63,0,0,4199,75,8,38861.631535128,0.999527560,0,1
1509.264742471,3,3,135,6,63,0,0,4199,75,8,38859.898948146,0.999482998,0,1
1509.754940824,4,4,26,65535,63,0,0,4199,0,7,38857.049316379,0.999409705,0,1
1510.493470961,1,1,137,0,63,0,0,4199,75,8,38861.861908941,0.999533485,0,1
1511.363189829,6,6,26,65535,63,0,0,4199,0,7,38862.949420802,0.999561456,0,1
1511.877940882,0,0,134,7,63,0,0,4200,75,8,38864.126608291,0.999591734,0,1
1512.017717717,4,0,134,7,62,1,0,4199,72,8,38856.970810900,0.999407685,1,1
1512.144748858,2,2,137,4,63,0,0,4200,75,8,38864.086497521,0.999590702,0,1
1512.813150705,7,7,26,65535,63,0,0,4199,0,8,38861.538673984,0.999525172,0,1
1514.213289177,6,6,136,4,63,0,0,4199,75,8,38862.870150926,0.999559417,0,1
1514.353065767,3,6,136,4,62,1,0,4199,72,8,38859.792911038,0.999480270,1,1
1514.600531278,5,5,141,1,63,0,0,4199,75,8,38862.320034623,0.999545268,0,1
1514.686673106,8,8,138,3,63,0,0,4200,75,8,38863.922559452,0.999586486,0,1
1515.285564319,4,4,137,2,63,0,0,4199,75,8,38856.882736811,0.999405420,0,1
1519.035127545,7,7,137,0,63,0,0,4199,75,8,38861.441435544,0.999522671,0,1
1519.174904135,4,7,137,0,62,1,0,4199,72,8,38856.812299592,0.999403609,1,1
1519.264742471,3,3,136,0,63,0,0,4199,75,8,38859.704798130,0.999478004,0,1
1520.493470961,1,1,138,5,63,0,0,4199,75,8,38861.771964237,0.999531172,0,1
1520.633247551,4,1,138,5,62,1,0,4199,72,8,38856.742737533,0.999401819,1,1
1521.877940882,0,0,135,6,63,0,0,4200,75,8,38864.018802979,0.999588961,0,1
1522.017717717,4,0,135,6,62,1,0,4199,72,8,38856.673202068,0.999400031,1,1
1522.144748858,2,2,138,4,63,0,0,4200,75,8,38863.978692209,0.999587929,0,1
1524.213289177,6,6,137,0,63,0,0,4199,75,8,38862.762898574,0.999556659,0,1
1524.353066497,1,6,137,0,62,1,0,4199,72,8,38861.684230078,0.999528915,1,1
1524.600531278,5,5,142,8,63,0,0,4199,75,8,38862.186820799,0.999541842,0,1
1524.686673106,8,8,139,3,63,0,0,4200,75,8,38863.806653276,0.999583504,0,1
1524.740307868,2,5,142,8,62,1,0,4200,72,8,38863.900066928,0.999585907,1,1
1525.285564319,4,4,138,8,63,0,0,4199,75,8,38856.594334763,0.999398002,0,1
1529.035127545,7,7,138,8,63,0,0,4199,75,8,38861.334183192,0.999519912,0,1
1529.264742471,3,3,137,0,63,0,0,4199,75,8,38859.580238130,0.999474800,0,1
1530.493470961,1,1,139,4,63,0,0,4199,75,8,38861.604328653,0.999526860,0,1
1531.877940882,0,0,136,4,63,0,0,4200,75,8,38863.920204451,0.999586425,0,1
1532.144748858,2,2,139,8,63,0,0,4200,75,8,38863.811056625,0.999583618,0,1
1534.213289177,6,6,138,7,63,0,0,4199,75,8,38862.664300046,0.999554123,0,1
1534.600531278,5,5,143,7,63,0,0,4199,75,8,38862.088222271,0.999539306,0,1
1534.686673106,8,8,140,1,63,0,0,4199,75,8,38863.690747100,0.999580523,0,1
1535.285564319,4,4,139,2,63,0,0,4199,75,8,38856.478428587,0.999395021,0,1
1539.035127545,7,7,139,4,63,0,0,4199,75,8,38861.244238488,0.999517599,0,1
1539.264742471,3,3,138,7,63,0,0,4199,75,8,38859.472985778,0.999472042,0,1
1540.493470961,1,1,140,7,63,0,0,4199,75,8,38861.488422477,0.999523879,0,1
1540.633248282,8,1,140,7,62,1,0,4199,72,8,38863.602261629,0.999578247,1,1
1541.877940882,0,0,137,2,63,0,0,4200,75,8,38863.821605923,0.999583889,0,1
1542.017717472,1,0,137,2,62,1,0,4199,72,8,38861.418836692,0.999522089,1,1
1542.144748858,2,2,140,7,63,0,0,4199,75,8,38863.712458097,0.999581082,0,1
1544.213289177,6,6,139,1,63,0,0,4199,75,8,38862.557047694,0.999551364,0,1
1544.600531278,5,5,144,2,63,0,0,4199,75,8,38861.989623742,0.999536770,0,1
1544.686673106,8,8,141,0,63,0,0,4199,75,8,38863.531765340,0.999576434,0,1
1545.285564319,4,4,140,7,63,0,0,4199,75,8,38856.371176235,0.999392263,0,1
1549.035127545,7,7,140,0,63,0,0,4199,75,8,38861.128332312,0.999514618,0,1
1549.174904135,4,7,140,0,62,1,0,4199,72,8,38856.300739016,0.999390451,1,1
1549.264742471,3,3,139,6,63,0,0,4199,75,8,38859.357079602,0.999469061,0,1
1550.493470961,1,1,141,3,63,0,0,4199,75,8,38861.338094541,0.999520013,0,1
1551.877940882,0,0,138,3,63,0,0,4199,75,8,38863.723007395,0.999581353,0,1
1552.144748858,2,2,141,5,63,0,0,4199,75,8,38863.613859569,0.999578546,0,1
1554.213289177,6,6,140,7,63,0,0,4199,75,8,38862.467102990,0.999549051,0,1
1554.600531278,5,5,145,0,63,0,0,4199,75,8,38861.873717566,0.999533789,0,1
1554.686673106,8,8,142,4,63,0,0,4199,75,8,38863.433166812,0.999573898,0,1
1555.285564319,4,4,141,0,63,0,0,4199,75,8,38856.212194475,0.999388174,0,1
1559.035127545,7,7,141,5,63,0,0,4199,75,8,38861.038387608,0.999512304,0,1
1559.174904135,4,7,141,5,62,1,0,4199,72,8,38856.141757256,0.999386362,1,1
1559.264742471,3,3,140,0,63,0,0,4199,75,8,38859.258481074,0.999466525,0,1
1560.493470961,1,1,142,2,63,0,0,4199,75,8,38861.239496013,0.999517477,0,1
1561.877940882,0,0,139,6,63,0,0,4199,75,8,38863.641716515,0.999579262,0,1
1562.017717717,4,0,139,6,62,1,0,4199,72,8,38856.063042963,0.999384338,1,1
1562.144748858,2,2,142,3,63,0,0,4199,75,8,38863.506607217,0.999575787,0,1
1562.414766730,0,0,27,65535,63,0,0,4199,0,8,38863.581140026,0.999577704,0,1
1562.807546093,1,1,27,65535,63,0,0,4199,0,7,38861.188398882,0.999516163,0,1
1563.595940747,3,3,27,65535,63,0,0,4199,0,7,38859.192847603,0.999464837,0,1
1564.213289177,6,6,141,8,63,0,0,4199,75,8,38862.362795150,0.999546368,0,1
1564.353066497,1,6,141,8,62,1,0,4199,72,8,38861.118805438,0.999514373,1,1
1564.600531278,5,5,146,3,63,0,0,4199,75,8,38861.757811390,0.999530808,0,1
1564.686673106,8,8,143,5,63,0,0,4199,75,8,38863.351875932,0.999571808,0,1
1565.285564319,4,4,142,7,63,0,0,4199,75,8,38855.974968875,0.999382072,0,1
1568.473097285,2,2,27,65535,63,0,0,4199,0,7,38863.445964083,0.999574227,0,1
1568.722219627,5,5,27,65535,63,0,0,4199,0,8,38861.687290527,0.999528994,0,1
1568.970359947,8,8,27,65535,63,0,0,4199,0,7,38863.300069741,0.999570475,0,1
1569.035127545,7,7,142,3,63,0,0,4199,75,8,38860.898911512,0.999508717,0,1
1569.264742471,3,3,141,5,63,0,0,4199,75,8,38859.086601522,0.999462104,0,1
1569.754940824,4,4,27,65535,63,0,0,4199,0,7,38855.917939483,0.999380605,0,1
1570.493470961,1,1,143,3,63,0,0,4199,75,8,38861.028591309,0.999512052,0,1
1571.363189829,6,6,27,65535,63,0,0,4199,0,7,38862.278839298,0.999544209,0,1
1571.877940882,0,0,140,8,63,0,0,4199,75,8,38863.445907619,0.999574226,0,1
1572.017717472,1,0,140,8,62,1,0,4199,72,8,38860.959005524,0.999510262,1,1
1572.144748858,2,2,143,8,63,0,0,4199,75,8,38863.357744625,0.999571958,0,1
1572.813150705,7,7,27,65535,63,0,0,4199,0,7,38860.834030144,0.999507048,0,1
1574.213289177,6,6,142,5,63,0,0,4199,75,8,38862.203619854,0.999542274,0,1
1574.353066012,4,6,142,5,62,1,0,4199,72,8,38855.824783102,0.999378209,1,1
1574.600531278,5,5,147,2,63,0,0,4199,75,8,38861.588516926,0.999526454,0,1
1574.686673106,8,8,144,2,63,0,0,4199,75,8,38863.192700636,0.999567713,0,1
1575.285564319,4,4,143,0,63,0,0,4199,75,8,38855.764064171,0.999376648,0,1
1575.425340909,5,4,143,0,62,1,0,4199,72,8,38861.519182939,0.999524670,1,1
1579.035127545,7,7,143,4,63,0,0,4199,75,8,38860.745445528,0.999504770,0,1
1579.264742471,3,3,142,5,63,0,0,4199,75,8,38858.948231346,0.999458545,0,1
1580.493470961,1,1,144,2,63,0,0,4199,75,8,38860.852301901,0.999507518,0,1
1580.633247551,4,1,144,2,62,1,0,4199,72,8,38855.675794301,0.999374377,1,1
1581.877940882,0,0,141,4,63,0,0,4199,75,8,38863.316191267,0.999570890,0,1
1582.144748858,2,2,144,3,63,0,0,4199,75,8,38863.224530801,0.999568532,0,1
1584.213289177,6,6,143,5,63,0,0,4199,75,8,38862.079059854,0.999539070,0,1
1584.353066012,4,6,143,5,62,1,0,4199,72,8,38855.588110462,0.999372122,1,1
1584.600531278,5,5,148,0,63,0,0,4199,75,8,38861.412227518,0.999521919,0,1
1584.686673106,8,8,145,3,63,0,0,4199,75,8,38863.068140636,0.999564510,0,1
1585.285564319,4,4,144,5,63,0,0,4199,75,8,38855.527391531,0.999370560,0,1
1589.035127545,7,7,144,3,63,0,0,4199,75,8,38860.629539352,0.999501789,0,1
1589.264742471,3,3,143,2,63,0,0,4199,75,8,38858.823671346,0.999455341,0,1
1590.493470961,1,1,145,6,63,0,0,4199,75,8,38860.736395725,0.999504537,0,1
1590.633247551,4,1,145,6,62,1,0,4199,72,8,38855.439121661,0.999368290,1,1
1590.773024141,7,1,145,6,61,2,0,4199,69,8,38860.559876653,0.999499997,1,1
1591.877940882,0,0,142,8,63,0,0,4199,75,8,38863.200285091,0.999567909,0,1
1592.017717472,1,0,142,8,62,1,0,4199,72,8,38860.658156116,0.999502525,1,1
1592.144748858,2,2,145,8,63,0,0,4199,75,8,38863.099970801,0.999565328,0,1
1594.213289177,6,6,144,3,63,0,0,4199,75,8,38861.954499854,0.999535867,0,1
1594.600531278,5,5,149,0,63,0,0,4199,75,8,38861.304975166,0.999519161,0,1
1594.686673106,8,8,146,4,63,0,0,4199,75,8,38862.960888284,0.999561751,0,1
1595.285564319,4,4,145,8,63,0,0,4199,75,8,38855.351102123,0.999366026,0,1
1599.035127545,7,7,145,2,63,0,0,4199,75,8,38860.470557592,0.999497700,0,1
1599.264742471,3,3,144,2,63,0,0,4199,75,8,38858.690457522,0.999451915,0,1
1600.493470961,1,1,146,5,63,0,0,4199,75,8,38860.577413965,0.999500448,0,1
1600.633247551,4,1,146,5,62,1,0,4199,72,8,38855.262832253,0.999363756,1,1
1601.877940882,0,0,143,2,63,0,0,4199,75,8,38863.101686563,0.999565373,0,1
1602.017718063,6,0,143,2,62,1,0,4199,72,8,38861.830730260,0.999532683,1,1
1602.144748858,2,2,146,8,63,0,0,4199,75,8,38862.984064625,0.999562347,0,1
1604.213289177,6,6,145,7,63,0,0,4199,75,8,38861.769556622,0.999531110,0,1
1604.600531278,5,5,150,2,63,0,0,4199,75,8,38861.197722814,0.999516402,0,1
1604.686673106,8,8,147,4,63,0,0,4199,75,8,38862.862289756,0.999559215,0,1
1605.285564319,4,4,146,2,63,0,0,4199,75,8,38855.192120363,0.999361937,0,1
1609.035127545,7,7,146,8,63,0,0,4199,75,8,38860.371959064,0.999495164,0,1
1609.174904865,2,7,146,8,62,1,0,4199,72,8,38862.895189065,0.999560061,1,1
1609.264742471,3,3,145,2,63,0,0,4199,75,8,38858.565897522,0.999448711,0,1
1610.493470961,1,1,147,6,63,0,0,4199,75,8,38860.470161613,0.999497689,0,1
1610.633247551,4,1,147,6,62,1,0,4199,72,8,38855.103850493,0.999359667,1,1
1610.773024141,7,1,147,6,61,2,0,4199,69,8,38860.293642541,0.999493149,1,1
1611.877940882,0,0,144,1,63,0,0,4199,75,8,38863.003088035,0.999562837,0,1
1612.144748858,2,2,147,8,63,0,0,4199,75,8,38862.816429041,0.999558036,0,1
1614.213289177,6,6,146,8,63,0,0,4199,75,8,38861.662304270,0.999528351,0,1
1614.353066012,4,6,146,8,62,1,0,4199,72,8,38855.016166654,0.999357412,1,1
1614.600531278,5,5,151,7,63,0,0,4199,75,8,38861.073162814,0.999513199,0,1
1614.686673106,8,8,148,0,63,0,0,4199,75,8,38862.763691228,0.999556679,0,1
1615.285564319,4,4,147,1,63,0,0,4199,75,8,38854.955447723,0.999355850,0,1
1619.035127545,7,7,147,6,63,0,0,4199,75,8,38860.204323480,0.999490852,0,1
1619.264742471,3,3,146,6,63,0,0,4199,75,8,38858.441337522,0.999445508,0,1
1620.493470961,1,1,148,8,63,0,0,4199,75,8,38860.328293965,0.999494040,0,1
1621.877940882,0,0,145,7,63,0,0,4199,75,8,38862.895835683,0.999560078,0,1
1622.144748858,2,2,148,3,63,0,0,4199,75,8,38862.717830513,0.999555500,0,1
1622.414766730,0,0,28,65535,63,0,0,4199,0,7,38862.854585146,0.999559017,0,1
1622.807546093,1,1,28,65535,63,0,0,4199,0,7,38860.286403618,0.999492963,0,1
1623.595940747,3,3,28,65535,63,0,0,4199,0,7,38858.371100659,0.999443701,0,1
1624.213289177,6,6,147,3,63,0,0,4199,75,8,38861.558549390,0.999525683,0,1
1624.600531278,5,5,152,0,63,0,0,4199,75,8,38860.948602814,0.999509995,0,1
1624.686673106,8,8,149,1,63,0,0,4199,75,8,38862.659936348,0.999554011,0,1
1625.285564319,4,4,148,7,63,0,0,4199,75,8,38854.820575019,0.999352381,0,1
1628.473097285,2,2,28,65535,63,0,0,4199,0,7,38862.664182323,0.999554120,0,1
1628.722219627,5,5,28,65535,63,0,0,4199,0,7,38860.909559199,0.999508991,0,1
1628.970359947,8,8,28,65535,63,0,0,4199,0,8,38862.584200812,0.999552063,0,1
1629.035127545,7,7,148,5,63,0,0,4199,75,8,38860.109222424,0.999488406,0,1
1629.264742471,3,3,147,0,63,0,0,4199,75,8,38858.282715186,0.999441428,0,1
1629.754940824,4,4,28,65535,63,0,0,4199,0,7,38854.767596059,0.999351018,0,1
1630.493470961,1,1,149,3,63,0,0,4199,75,8,38860.176666573,0.999490141,0,1
1631.363189829,6,6,28,65535,63,0,0,4199,0,7,38861.486012162,0.999523817,0,1
1631.877940882,0,0,146,5,63,0,0,4199,75,8,38862.740987299,0.999556095,0,1
1632.144748858,2,2,149,1,63,0,0,4199,75,8,38862.580013297,0.999551955,0,1
1632.813150705,7,7,28,65535,63,0,0,4199,0,7,38860.039461184,0.999486612,0,1
1634.213289177,6,6,148,2,63,0,0,4199,75,8,38861.419446542,0.999522105,0,1
1634.353065767,3,6,148,2,62,1,0,4199,72,8,38858.184502462,0.999438902,1,1
1634.600531278,5,5,153,6,63,0,0,4199,75,8,38860.802408254,0.999506235,0,1
1634.686673106,8,8,150,3,63,0,0,4199,75,8,38862.499295708,0.999549879,0,1
1635.285564319,4,4,149,8,63,0,0,4199,75,8,38854.660570283,0.999348266,0,1
1639.035127545,7,7,149,5,63,0,0,4199,75,8,38859.950876568,0.999484333,0,1
1639.264742471,3,3,148,5,63,0,0,4199,75,8,38858.105043378,0.999436858,0,1
1640.493470961,1,1,150,0,63,0,0,4199,75,8,38860.052106573,0.999486937,0,1
1640.633247796,3,1,150,0,62,1,0,4199,72,8,38858.035513660,0.999435070,1,1
1641.877940882,0,0,147,5,63,0,0,4199,75,8,38862.616427299,0.999552892,0,1
1642.144748858,2,2,150,8,63,0,0,4199,75,8,38862.490068593,0.999549642,0,1
1642.284525693,4,2,150,8,62,1,0,4199,72,8,38854.545744480,0.999345312,1,1
1644.213289177,6,6,149,3,63,0,0,4199,75,8,38861.294886542,0.999518901,0,1
1644.600531278,5,5,154,3,63,0,0,4199,75,8,38860.669194430,0.999502808,0,1
1644.686673106,8,8,151,7,63,0,0,4199,75,8,38862.392043356,0.999547120,0,1
1645.285564319,4,4,150,8,63,0,0,4199,75,8,38854.475627051,0.999343509,0,1
1649.035127545,7,7,150,6,63,0,0,4199,75,8,38859.843624216,0.999481575,0,1
1649.264742471,3,3,149,2,63,0,0,4199,75,8,38857.911446322,0.999431879,0,1
1650.493470961,1,1,151,7,63,0,0,4199,75,8,38859.927546573,0.999483733,0,1
1651.877940882,0,0,148,1,63,0,0,4199,75,8,38862.491867299,0.999549688,0,1
1652.144748858,2,2,151,0,63,0,0,4199,75,8,38862.391470065,0.999547106,0,1
1652.284525448,5,2,151,0,62,1,0,4199,72,8,38860.562775840,0.999500071,1,1
1654.213289177,6,6,150,2,63,0,0,4199,75,8,38861.213595662,0.999516811,0,1
1654.353065767,3,6,150,2,62,1,0,4199,72,8,38857.831923646,0.999429833,1,1
1654.600531278,5,5,155,2,63,0,0,4199,75,8,38860.492905022,0.999498274,0,1
1654.686673106,8,8,152,0,63,0,0,4199,75,8,38862.293444828,0.999544584,0,1
1655.285564319,4,4,151,6,63,0,0,4199,75,8,38854.359720875,0.999340528,0,1
1659.035127545,7,7,151,4,63,0,0,4199,75,8,38859.736371864,0.999478816,0,1
1659.264742471,3,3,150,5,63,0,0,4199,75,8,38857.761118386,0.999428012,0,1
1660.493470961,1,1,152,3,63,0,0,4199,75,8,38859.802986573,0.999480529,0,1
1661.877940882,0,0,149,6,63,0,0,4199,75,8,38862.393268771,0.999547152,0,1
1662.144748858,2,2,152,5,63,0,0,4199,75,8,38862.284217713,0.999544347,0,1
1664.213289177,6,6,151,4,63,0,0,4199,75,8,38861.114997134,0.999514275,0,1
1664.600531278,5,5,156,3,63,0,0,4199,75,8,38860.394306494,0.999495738,0,1
1664.686673106,8,8,153,1,63,0,0,4199,75,8,38862.186192476,0.999541826,0,1
1665.285564319,4,4,152,7,63,0,0,4199,75,8,38854.243814699,0.999337547,0,1
1669.035127545,7,7,152,5,63,0,0,4199,75,8,38859.655080984,0.999476725,0,1
1669.264742471,3,3,151,0,63,0,0,4199,75,8,38857.653866034,0.999425254,0,1
1670.493470961,1,1,153,4,63,0,0,4199,75,8,38859.704388045,0.999477994,0,1
1671.877940882,0,0,150,3,63,0,0,4199,75,8,38862.294670243,0.999544616,0,1
1672.017718063,6,0,150,3,62,1,0,4199,72,8,38861.017189011,0.999511759,1,1
1672.144748858,2,2,153,7,63,0,0,4199,75,8,38862.194273009,0.999542034,0,1
1674.213289177,6,6,152,3,63,0,0,4199,75,8,38860.956015374,0.999510186,0,1
1674.600531278,5,5,157,7,63,0,0,4199,75,8,38860.287054142,0.999492980,0,1
1674.686673106,8,8,154,6,63,0,0,4199,75,8,38862.087593948,0.999539290,0,1
1675.285564319,4,4,153,8,63,0,0,4199,75,8,38854.136562347,0.999334788,0,1
1679.035127545,7,7,153,1,63,0,0,4199,75,8,38859.556482456,0.999474189,0,1
1679.174904135,6,7,153,1,62,1,0,4199,72,8,38860.876538312,0.999508141,1,1
1679.264742471,3,3,152,1,63,0,0,4199,75,8,38857.537959858,0.999422273,0,1
1680.493470961,1,1,154,8,63,0,0,4199,75,8,38859.605789517,0.999475458,0,1
1681.877940882,0,0,151,1,63,0,0,4199,75,8,38862.196071715,0.999542080,0,1
1682.144748858,2,2,154,1,63,0,0,4199,75,8,38862.104328305,0.999539720,0,1
1682.414766730,0,0,29,65535,63,0,0,4199,0,7,38862.163475002,0.999541242,0,1
1682.807546093,1,1,29,65535,63,0,0,4199,0,7,38859.550088993,0.999474025,0,1
1683.595940747,3,3,29,65535,63,0,0,4199,0,8,38857.458709747,0.999420234,0,1
1684.213289177,6,6,153,8,63,0,0,4199,75,8,38860.814341262,0.999506542,0,1
1684.353066012,4,6,153,8,62,1,0,4199,72,8,38854.027433854,0.999331981,1,1
1684.600531278,5,5,158,1,63,0,0,4199,75,8,38860.170595006,0.999489984,0,1
1684.686673106,8,8,155,6,63,0,0,4199,75,8,38861.988995420,0.999536754,0,1
1685.285564319,4,4,154,8,63,0,0,4199,75,8,38853.966714923,0.999330420,0,1
1688.473097285,2,2,29,65535,63,0,0,4199,0,8,38862.001895219,0.999537086,0,1
1688.722219627,5,5,29,65535,63,0,0,4199,0,8,38860.090867358,0.999487934,0,1
1688.970359947,8,8,29,65535,63,0,0,4199,0,8,38861.909209452,0.999534702,0,1
1689.035127545,7,7,154,0,63,0,0,4199,75,8,38859.430816536,0.999470957,0,1
1689.264742471,3,3,153,7,63,0,0,4199,75,8,38857.351910706,0.999417487,0,1
1689.754940824,4,4,29,65535,63,0,0,4199,0,7,38853.905635099,0.999328849,0,1
1690.493470961,1,1,155,4,63,0,0,4199,75,8,38859.410893005,0.999470445,0,1
1691.363189829,6,6,29,65535,63,0,0,4199,0,7,38860.748246018,0.999504842,0,1
1691.877940882,0,0,152,8,63,0,0,4199,75,8,38862.044997283,0.999538194,0,1
1692.017717472,1,0,152,8,62,1,0,4199,72,8,38859.341307220,0.999468655,1,1
1692.144748858,2,2,155,7,63,0,0,4199,75,8,38861.925827057,0.999535129,0,1
1692.284525693,4,2,155,7,62,1,0,4199,72,8,38853.827033568,0.999326827,1,1
1692.813150705,7,7,29,65535,63,0,0,4199,0,7,38859.360778816,0.999469156,0,1
1694.213289177,6,6,154,7,63,0,0,4199,75,8,38860.655718926,0.999502462,0,1
1694.600531278,5,5,159,8,63,0,0,4199,75,8,38859.979942462,0.999485081,0,1
1694.686673106,8,8,156,4,63,0,0,4199,75,8,38861.822645468,0.999532475,0,1
1695.285564319,4,4,155,0,63,0,0,4199,75,8,38853.743105963,0.999324668,0,1
1699.035127545,7,7,155,0,63,0,0,4199,75,8,38859.280848024,0.999467100,0,1
1699.264742471,3,3,154,6,63,0,0,4199,75,8,38857.230848178,0.999414374,0,1
1700.493470961,1,1,156,8,63,0,0,4199,75,8,38859.238101069,0.999466001,0,1
1701.877940882,0,0,153,4,63,0,0,4199,75,8,38861.937744931,0.999535436,0,1
1702.144748858,2,2,156,3,63,0,0,4199,75,8,38861.827228529,0.999532593,0,1
1704.213289177,6,6,155,1,63,0,0,4199,75,8,38860.565774222,0.999500149,0,1
1704.600531278,5,5,160,8,63,0,0,4199,75,8,38859.872690110,0.999482322,0,1
1704.686673106,8,8,157,0,63,0,0,4199,75,8,38861.715393116,0.999529717,0,1
1704.826449698,7,8,157,0,62,1,0,4199,72,8,38859.201072268,0.999465048,1,1
1705.285564319,4,4,156,8,63,0,0,4199,75,8,38853.618545962,0.999321465,0,1
1709.035127545,7,7,156,3,63,0,0,4199,75,8,38859.130520088,0.999463234,0,1
1709.264742471,3,3,155,8,63,0,0,4199,75,8,38857.123595826,0.999411615,0,1
1710.493470961,1,1,157,6,63,0,0,4199,75,8,38859.130848717,0.999463242,0,1
1710.633247551,4,1,157,6,62,1,0,4199,72,8,38853.530276093,0.999319194,1,1
1711.877940882,0,0,154,6,63,0,0,4199,75,8,38861.821838755,0.999532455,0,1
1712.144748858,2,2,157,5,63,0,0,4199,75,8,38861.711322353,0.999529612,0,1
1712.284525693,4,2,157,5,62,1,0,4199,72,8,38853.451990752,0.999317181,1,1
1714.213289177,6,6,156,0,63,0,0,4199,75,8,38860.449868046,0.999497167,0,1
1714.353065767,7,6,156,0,62,1,0,4199,72,8,38859.024953278,0.999460518,1,1
1714.600531278,5,5,161,3,63,0,0,4199,75,8,38859.756783934,0.999479341,0,1
1714.686673106,8,8,158,7,63,0,0,4199,75,8,38861.590833116,0.999526513,0,1
1715.285564319,4,4,157,7,63,0,0,4199,75,8,38853.373219498,0.999315155,0,1
1719.035127545,7,7,157,3,63,0,0,4199,75,8,38858.954230680,0.999458699,0,1
1719.264742471,3,3,156,1,63,0,0,4199,75,8,38856.990382002,0.999408189,0,1
1720.493470961,1,1,158,3,63,0,0,4199,75,8,38859.006288716,0.999460038,0,1
1721.877940882,0,0,155,6,63,0,0,4199,75,8,38861.714586403,0.999529696,0,1
1722.144748858,2,2,158,4,63,0,0,4199,75,8,38861.621377649,0.999527299,0,1
1724.213289177,6,6,157,3,63,0,0,4199,75,8,38860.342615694,0.999494409,0,1
1724.600531278,5,5,162,6,63,0,0,4199,75,8,38859.632223934,0.999476137,0,1
1724.686673106,8,8,159,7,63,0,0,4199,75,8,38861.492234588,0.999523977,0,1
1725.285564319,4,4,158,7,63,0,0,4199,75,8,38853.265967146,0.999312396,0,1
1729.035127545,7,7,158,8,63,0,0,4199,75,8,38858.838324504,0.999455718,0,1
1729.174904380,5,7,158,8,62,1,0,4199,72,8,38859.552886280,0.999474097,1,1
1729.264742471,3,3,157,1,63,0,0,4199,75,8,38856.883129650,0.999405430,0,1
1730.493470961,1,1,159,8,63,0,0,4199,75,8,38858.924997836,0.999457947,0,1
1731.877940882,0,0,156,7,63,0,0,4199,75,8,38861.633295523,0.999527605,0,1
1732.144748858,2,2,159,5,63,0,0,4199,75,8,38861.522779121,0.999524763,0,1
1732.284525693,4,2,159,5,62,1,0,4199,72,8,38853.168448992,0.999309888,1,1
1734.213289177,6,6,158,0,63,0,0,4199,75,8,38860.235363342,0.999491650,0,1
1734.353065767,7,6,158,0,62,1,0,4199,72,8,38858.750065342,0.999453448,1,1
1734.600531278,5,5,163,3,63,0,0,4199,75,8,38859.447280702,0.999471381,0,1
1734.686673106,8,8,160,6,63,0,0,4199,75,8,38861.376328412,0.999520996,0,1
1735.285564319,4,4,159,0,63,0,0,4199,75,8,38853.081023914,0.999307640,0,1
1739.035127545,7,7,159,8,63,0,0,4199,75,8,38858.679342744,0.999451629,0,1
1739.174904380,5,7,159,8,62,1,0,4199,72,8,38859.376596872,0.999469563,1,1
1739.264742471,3,3,158,6,63,0,0,4199,75,8,38856.758569650,0.999402227,0,1
1740.493470961,1,1,160,5,63,0,0,4199,75,8,38858.809091660,0.999454966,0,1
1740.633247551,4,1,160,5,62,1,0,4199,72,8,38853.001407868,0.999305592,1,1
1741.877940882,0,0,157,4,63,0,0,4199,75,8,38861.517389347,0.999524624,0,1
1742.144748858,2,2,160,1,63,0,0,4199,75,8,38861.432834417,0.999522449,0,1
1742.414766730,0,0,30,65535,63,0,0,4199,0,7,38861.484792634,0.999523786,0,1
1742.807546093,1,1,30,65535,63,0,0,4199,0,8,38858.716757537,0.999452592,0,1
1743.595940747,3,3,30,65535,63,0,0,4199,0,8,38856.670665715,0.999399966,0,1
1744.213289177,6,6,159,2,63,0,0,4199,75,8,38860.101596558,0.999488210,0,1
1744.353065767,3,6,159,2,62,1,0,4199,72,8,38856.601356094,0.999398183,1,1
1744.600531278,5,5,164,6,63,0,0,4199,75,8,38859.261231550,0.999466595,0,1
1744.686673106,8,8,161,4,63,0,0,4199,75,8,38861.260422236,0.999518015,0,1
1745.285564319,4,4,160,8,63,0,0,4199,75,8,38852.889818410,0.999302722,0,1
1748.473097285,2,2,30,65535,63,0,0,4199,0,7,38861.371638323,0.999520875,0,1
1748.722219627,5,5,30,65535,63,0,0,4199,0,7,38859.213534110,0.999465369,0,1
1748.970359947,8,8,30,65535,63,0,0,4199,0,7,38861.212666476,0.999516787,0,1
1749.035127545,7,7,160,2,63,0,0,4199,75,8,38858.543364120,0.999448132,0,1
1749.264742471,3,3,159,7,63,0,0,4199,75,8,38856.521897010,0.999396139,0,1
1749.754940824,4,4,30,65535,63,0,0,4199,0,8,38852.808859675,0.999300639,0,1
1750.493470961,1,1,161,7,63,0,0,4199,75,8,38858.581611980,0.999449116,0,1
1750.633247551,4,1,161,7,62,1,0,4199,72,8,38852.739506428,0.999298856,1,1
1751.363189829,6,6,30,65535,63,0,0,4199,0,7,38860.005489410,0.999485738,0,1
1751.877940882,0,0,158,3,63,0,0,4199,75,8,38861.341459363,0.999520099,0,1
1752.144748858,2,2,161,7,63,0,0,4199,75,8,38861.286916337,0.999518696,0,1
1752.284525693,4,2,161,7,62,1,0,4199,72,8,38852.661221088,0.999296842,1,1
1752.813150705,7,7,30,65535,63,0,0,4199,0,7,38858.460622144,0.999446004,0,1
1754.213289177,6,6,160,0,63,0,0,4199,75,8,38859.921616142,0.999483581,0,1
1754.600531278,5,5,165,7,63,0,0,4199,75,8,38859.093402430,0.999462279,0,1
1754.686673106,8,8,162,0,63,0,0,4199,75,8,38861.109900764,0.999514144,0,1
1755.285564319,4,4,161,8,63,0,0,4199,75,8,38852.585947306,0.999294906,0,1
1759.035127545,7,7,161,8,63,0,0,4199,75,8,38858.389345176,0.999444170,0,1
1759.174904135,4,7,161,8,62,1,0,4199,72,8,38852.515510088,0.999293094,1,1
1759.264742471,3,3,160,2,63,0,0,4199,75,8,38856.387024306,0.999392670,0,1
1760.493470961,1,1,162,0,63,0,0,4199,75,8,38858.460549452,0.999446002,0,1
1761.877940882,0,0,159,1,63,0,0,4199,75,8,38861.246358307,0.999517653,0,1
1762.144748858,2,2,162,7,63,0,0,4199,75,8,38861.179663985,0.999515938,0,1
1762.284525693,4,2,162,7,62,1,0,4199,72,8,38852.428045920,0.999290845,1,1
1764.213289177,6,6,161,8,63,0,0,4199,75,8,38859.805709966,0.999480600,0,1
1764.353065767,3,6,161,8,62,1,0,4199,72,8,38856.281540158,0.999389957,1,1
1764.600531278,5,5,166,4,63,0,0,4199,75,8,38858.977496254,0.999459298,0,1
1764.686673106,8,8,163,1,63,0,0,4199,75,8,38861.011302235,0.999511608,0,1
1765.285564319,4,4,162,7,63,0,0,4199,75,8,38852.349274666,0.999288819,0,1
1769.035127545,7,7,162,5,63,0,0,4199,75,8,38858.290746648,0.999441634,0,1
1769.264742471,3,3,161,8,63,0,0,4199,75,8,38856.202081074,0.999387914,0,1
1770.493470961,1,1,163,7,63,0,0,4199,75,8,38858.327335628,0.999442576,0,1
1771.877940882,0,0,160,4,63,0,0,4199,75,8,38861.139105955,0.999514895,0,1
1772.144748858,2,2,163,1,63,0,0,4199,75,8,38861.063757809,0.999512957,0,1
1774.213289177,6,6,162,4,63,0,0,4199,75,8,38859.724419086,0.999478509,0,1
1774.353065767,7,6,162,4,62,1,0,4199,72,8,38858.202487486,0.999439364,1,1
1774.600531278,5,5,167,1,63,0,0,4199,75,8,38858.861590078,0.999456317,0,1
1774.686673106,8,8,164,2,63,0,0,4199,75,8,38860.904049883,0.999508849,0,1
1775.285564319,4,4,163,8,63,0,0,4199,75,8,38852.233368490,0.999285838,0,1
1779.035127545,7,7,163,1,63,0,0,4199,75,8,38858.131764888,0.999437545,0,1
1779.174904135,4,7,163,1,62,1,0,4199,72,8,38852.162931272,0.999284026,1,1
1779.264742471,3,3,162,7,63,0,0,4199,75,8,38856.077521074,0.999384710,0,1
1780.493470961,1,1,164,2,63,0,0,4199,75,8,38858.228737100,0.999440040,0,1
1781.877940882,0,0,161,4,63,0,0,4199,75,8,38861.040507427,0.999512359,0,1
1782.144748858,2,2,164,8,63,0,0,4199,75,8,38860.973813105,0.999510643,0,1
1784.213289177,6,6,163,2,63,0,0,4199,75,8,38859.625820558,0.999475973,0,1
1784.353065767,7,6,163,2,62,1,0,4199,72,8,38858.060813374,0.999435721,1,1
1784.600531278,5,5,168,3,63,0,0,4199,75,8,38858.754337726,0.999453558,0,1
1784.686673106,8,8,165,3,63,0,0,4199,75,8,38860.788143707,0.999505868,0,1
1785.285564319,4,4,164,0,63,0,0,4199,75,8,38852.048425258,0.999281081,0,1
1789.035127545,7,7,164,5,63,0,0,4199,75,8,38857.990090776,0.999433902,0,1
1789.264742471,3,3,163,0,63,0,0,4199,75,8,38855.952961074,0.999381506,0,1
1790.493470961,1,1,165,8,63,0,0,4199,75,8,38858.121484748,0.999437281,0,1
1791.877940882,0,0,162,2,63,0,0,4199,75,8,38860.924601251,0.999509378,0,1
1792.017718202,7,0,162,2,62,1,0,4199,72,8,38857.911326163,0.999431876,1,1
1792.144748858,2,2,165,4,63,0,0,4199,75,8,38860.883868401,0.999508330,0,1
1794.213289177,6,6,164,3,63,0,0,4199,75,8,38859.518568206,0.999473214,0,1
1794.600531278,5,5,169,8,63,0,0,4199,75,8,38858.647085374,0.999450800,0,1
1794.686673106,8,8,166,2,63,0,0,4199,75,8,38860.706852827,0.999503777,0,1
1795.285564319,4,4,165,5,63,0,0,4199,75,8,38851.941172906,0.999278322,0,1
1799.035127545,7,7,165,2,63,0,0,4199,75,8,38857.831109016,0.999429812,0,1
1799.264742471,3,3,164,8,63,0,0,4199,75,8,38855.845708722,0.999378748,0,1
1800.493470961,1,1,166,2,63,0,0,4199,75,8,38858.005578572,0.999434300,0,1
1801.877940882,0,0,163,7,63,0,0,4199,75,8,38860.817348899,0.999506619,0,1
1802.144748858,2,2,166,1,63,0,0,4199,75,8,38860.793923697,0.999506017,0,1
1802.414766730,0,0,31,65535,63,0,0,4199,0,7,38860.784752186,0.999505781,0,1
1802.807546093,1,1,31,65535,63,0,0,4199,0,8,38857.921898273,0.999432148,0,1
1803.595940747,3,3,31,65535,63,0,0,4199,0,7,38855.776577779,0.999376970,0,1
1804.213289177,6,6,165,5,63,0,0,4199,75,8,38859.392349326,0.999469968,0,1
1804.600531278,5,5,170,6,63,0,0,4199,75,8,38858.521972414,0.999447582,0,1
1804.686673106,8,8,167,2,63,0,0,4199,75,8,38860.607701339,0.999501227,0,1
1805.285564319,4,4,166,2,63,0,0,4199,75,8,38851.805747242,0.999274839,0,1
1805.425341155,8,4,166,2,62,1,0,4199,72,8,38860.538398363,0.999499444,1,1
1808.473097285,2,2,31,65535,63,0,0,4199,0,7,38860.732727603,0.999504443,0,1
1808.722219627,5,5,31,65535,63,0,0,4199,0,8,38858.437641374,0.999445413,0,1
1808.970359947,8,8,31,65535,63,0,0,4199,0,7,38860.490355564,0.999498209,0,1
1809.035127545,7,7,166,3,63,0,0,4199,75,8,38857.705996056,0.999426595,0,1
1809.174904135,6,7,166,3,62,1,0,4199,72,8,38859.295011656,0.999467464,1,1
1809.264742471,3,3,165,1,63,0,0,4199,75,8,38855.670331698,0.999374237,0,1
1809.754940824,4,4,31,65535,63,0,0,4199,0,7,38851.757371675,0.999273595,0,1
1810.493470961,1,1,167,6,63,0,0,4199,75,8,38857.808110796,0.999429221,0,1
1811.363189829,6,6,31,65535,63,0,0,4199,0,8,38859.220030465,0.999465536,0,1
1811.877940882,0,0,164,1,63,0,0,4199,75,8,38860.683582115,0.999503179,0,1
1812.144748858,2,2,167,5,63,0,0,4199,75,8,38860.639351793,0.999502041,0,1
1812.813150705,7,7,31,65535,63,0,0,4199,0,7,38857.640561728,0.999424912,0,1
1814.213289177,6,6,166,2,63,0,0,4199,75,8,38859.153464846,0.999463824,0,1
1814.353066497,5,6,166,2,62,1,0,4199,72,8,38858.333800509,0.999442742,1,1
1814.600531278,5,5,171,4,63,0,0,4199,75,8,38858.273328190,0.999441186,0,1
1814.686673106,8,8,168,3,63,0,0,4199,75,8,38860.396796635,0.999495802,0,1
1815.285564319,4,4,167,7,63,0,0,4199,75,8,38851.642521514,0.999270641,0,1
1819.035127545,7,7,167,2,63,0,0,4199,75,8,38857.551977112,0.999422633,0,1
1819.264742471,3,3,166,4,63,0,0,4199,75,8,38855.526252210,0.999370531,0,1
1820.493470961,1,1,168,0,63,0,0,4199,75,8,38857.683550796,0.999426017,0,1
1821.877940882,0,0,165,7,63,0,0,4199,75,8,38860.579827235,0.999500510,0,1
1822.144748858,2,2,168,4,63,0,0,4199,75,8,38860.526943089,0.999499150,0,1
1824.213289177,6,6,167,2,63,0,0,4199,75,8,38859.054866318,0.999461288,0,1
1824.353066497,5,6,167,2,62,1,0,4199,72,8,38858.166164925,0.999438430,1,1
1824.600531278,5,5,172,3,63,0,0,4199,75,8,38858.105692606,0.999436875,0,1
1824.686673106,8,8,169,1,63,0,0,4199,75,8,38860.315505755,0.999493712,0,1
1824.740307868,2,5,172,3,62,1,0,4199,72,8,38860.439663983,0.999496905,1,1
1825.285564319,4,4,168,2,63,0,0,4199,75,8,38851.535269162,0.999267882,0,1
1825.425341155,8,4,168,2,62,1,0,4199,72,8,38860.246202779,0.999491929,1,1
1829.035127545,7,7,168,2,63,0,0,4199,75,8,38857.436070936,0.999419652,0,1
1829.264742471,3,3,167,2,63,0,0,4199,75,8,38855.410346034,0.999367550,0,1
1830.493470961,1,1,169,6,63,0,0,4199,75,8,38857.550336972,0.999422591,0,1
1830.633247551,4,1,169,6,62,1,0,4199,72,8,38851.438345468,0.999265390,1,1
1831.877940882,0,0,166,4,63,0,0,4199,75,8,38860.472574883,0.999497751,0,1
1832.144748858,2,2,169,0,63,0,0,4199,75,8,38860.341999857,0.999494393,0,1
1834.213289177,6,6,168,4,63,0,0,4199,75,8,38858.921652494,0.999457861,0,1
1834.600531278,5,5,173,4,63,0,0,4199,75,8,38857.972478782,0.999433449,0,1
1834.686673106,8,8,170,7,63,0,0,4199,75,8,38860.173831643,0.999490068,0,1
1835.285564319,4,4,169,0,63,0,0,4199,75,8,38851.350325930,0.999263126,0,1
1839.035127545,7,7,169,4,63,0,0,4199,75,8,38857.337472408,0.999417116,0,1
1839.264742471,3,3,168,4,63,0,0,4199,75,8,38855.285786034,0.999364346,0,1
1840.493470961,1,1,170,6,63,0,0,4199,75,8,38857.434430796,0.999419610,0,1
1841.877940882,0,0,167,1,63,0,0,4199,75,8,38860.365322531,0.999494993,0,1
1842.144748858,2,2,170,7,63,0,0,4199,75,8,38860.234747505,0.999491634,0,1
1844.213289177,6,6,169,4,63,0,0,4199,75,8,38858.831707790,0.999455548,0,1
1844.600531278,5,5,174,7,63,0,0,4199,75,8,38857.847918782,0.999430245,0,1
1844.686673106,8,8,171,6,63,0,0,4199,75,8,38860.075233115,0.999487532,0,1
1845.285564319,4,4,170,5,63,0,0,4199,75,8,38851.251727402,0.999260590,0,1
1849.035127545,7,7,170,6,63,0,0,4199,75,8,38857.247527704,0.999414803,0,1
1849.264742471,3,3,169,2,63,0,0,4199,75,8,38855.169879858,0.999361365,0,1
1850.493470961,1,1,171,3,63,0,0,4199,75,8,38857.318524620,0.999416629,0,1
1850.633247551,2,1,171,3,62,1,0,4199,72,8,38860.128039293,0.999488890,1,1
1851.877940882,0,0,168,8,63,0,0,4199,75,8,38860.258070179,0.999492234,0,1
1852.017717472,1,0,168,8,62,1,0,4199,72,8,38857.240285012,0.999414616,1,1
1852.144748858,2,2,171,0,63,0,0,4199,75,8,38860.067111921,0.999487323,0,1
1854.213289177,6,6,170,0,63,0,0,4199,75,8,38858.724455438,0.999452789,0,1
1854.600531278,5,5,175,8,63,0,0,4199,75,8,38857.732012606,0.999427264,0,1
1854.686673106,8,8,172,4,63,0,0,4199,75,8,38859.967980763,0.999484773,0,1
1855.285564319,4,4,171,2,63,0,0,4199,75,8,38851.144475050,0.999257831,0,1
1855.425341155,8,4,171,2,62,1,0,4199,72,8,38859.898677787,0.999482991,1,1
1859.035127545,7,7,171,1,63,0,0,4199,75,8,38857.131621528,0.999411822,0,1
1859.174904135,4,7,171,1,62,1,0,4199,72,8,38851.074037832,0.999256019,1,1
1859.264742471,3,3,170,5,63,0,0,4199,75,8,38855.045319858,0.999358162,0,1
1860.493470961,1,1,172,8,63,0,0,4199,75,8,38857.150889036,0.999412317,0,1
1861.877940882,0,0,169,3,63,0,0,4199,75,8,38860.168125475,0.999489921,0,1
1862.144748858,2,2,172,4,63,0,0,4199,75,8,38859.968513393,0.999484787,0,1
1862.414766730,0,0,32,65535,63,0,0,4199,0,7,38860.126874938,0.999488860,0,1
1862.807546093,1,1,32,65535,63,0,0,4199,0,7,38857.100344865,0.999411017,0,1
1863.595940747,3,3,32,65535,63,0,0,4199,0,8,38854.947103218,0.999355635,0,1
1864.213289177,6,6,171,4,63,0,0,4199,75,8,38858.616650126,0.999450017,0,1
1864.600531278,5,5,176,4,63,0,0,4199,75,8,38857.601743294,0.999423913,0,1
1864.686673106,8,8,173,5,63,0,0,4199,75,8,38859.794635867,0.999480315,0,1
1865.285564319,4,4,172,7,63,0,0,4199,75,8,38850.974627626,0.999253463,0,1
1868.473097285,2,2,32,65535,63,0,0,4199,0,7,38859.910814771,0.999483303,0,1
1868.722219627,5,5,32,65535,63,0,0,4199,0,8,38857.526066078,0.999421967,0,1
1868.970359947,8,8,32,65535,63,0,0,4199,0,7,38859.742829676,0.999478982,0,1
1869.035127545,7,7,172,1,63,0,0,4199,75,8,38857.014609432,0.999408812,0,1
1869.264742471,3,3,171,6,63,0,0,4199,75,8,38854.849510962,0.999353125,0,1
1869.754940824,4,4,32,65535,63,0,0,4199,0,7,38850.922754587,0.999252128,0,1
1870.493470961,1,1,173,3,63,0,0,4199,75,8,38856.992819660,0.999408252,0,1
1870.633247551,2,1,173,3,62,1,0,4199,72,8,38859.826636925,0.999481138,1,1
1871.363189829,6,6,32,65535,63,0,0,4199,0,7,38858.533247233,0.999447872,0,1
1871.877940882,0,0,170,5,63,0,0,4199,75,8,38859.999743395,0.999485590,0,1
1872.144748858,2,2,173,3,63,0,0,4199,75,8,38859.757055729,0.999479348,0,1
1872.813150705,7,7,32,65535,63,0,0,4199,0,7,38856.953225535,0.999407233,0,1
1874.213289177,6,6,172,0,63,0,0,4199,75,8,38858.466681614,0.999446160,0,1
1874.600531278,5,5,177,4,63,0,0,4199,75,8,38857.415141182,0.999419114,0,1
1874.686673106,8,8,174,6,63,0,0,4199,75,8,38859.661422043,0.999476888,0,1
1875.285564319,4,4,173,3,63,0,0,4199,75,8,38850.811954858,0.999249279,0,1
1875.425341155,8,4,173,3,62,1,0,4199,72,8,38859.592119067,0.999475106,1,1
1879.035127545,7,7,173,2,63,0,0,4199,75,8,38856.864640920,0.999404955,0,1
1879.264742471,3,3,172,5,63,0,0,4199,75,8,38854.723292082,0.999349879,0,1
1879.404519061,6,3,172,5,62,1,0,4199,72,8,38858.378468067,0.999443891,1,1
1880.493470961,1,1,174,6,63,0,0,4199,75,8,38856.876913484,0.999405270,0,1
1880.633247551,4,1,174,6,62,1,0,4199,72,8,38850.706377340,0.999246563,1,1
1880.773024141,7,1,174,6,61,2,0,4199,69,8,38856.777670573,0.999402718,1,1
1881.877940882,0,0,171,5,63,0,0,4199,75,8,38859.901144867,0.999483054,0,1
1882.144748858,2,2,174,1,63,0,0,4199,75,8,38859.658457201,0.999476812,0,1
1884.213289177,6,6,173,7,63,0,0,4199,75,8,38858.290392206,0.999441625,0,1
1884.600531278,5,5,178,8,63,0,0,4199,75,8,38857.299235006,0.999416133,0,1
1884.686673106,8,8,175,3,63,0,0,4199,75,8,38859.485132635,0.999472354,0,1
1885.285564319,4,4,174,7,63,0,0,4199,75,8,38850.601050154,0.999243854,0,1
1889.035127545,7,7,174,0,63,0,0,4199,75,8,38856.705659160,0.999400866,0,1
1889.264742471,3,3,173,8,63,0,0,4199,75,8,38854.598732082,0.999346675,0,1
1890.493470961,1,1,175,8,63,0,0,4199,75,8,38856.761007308,0.999402289,0,1
1891.877940882,0,0,172,7,63,0,0,4199,75,8,38859.802546339,0.999480518,0,1
1892.144748858,2,2,175,6,63,0,0,4199,75,8,38859.568512497,0.999474499,0,1
1894.213289177,6,6,174,1,63,0,0,4199,75,8,38858.191793678,0.999439089,0,1
1894.600531278,5,5,179,0,63,0,0,4199,75,8,38857.191982654,0.999413374,0,1
1894.686673106,8,8,176,4,63,0,0,4199,75,8,38859.403841755,0.999470263,0,1
1895.285564319,4,4,175,8,63,0,0,4199,75,8,38850.485143978,0.999240873,0,1
1899.035127545,7,7,175,1,63,0,0,4199,75,8,38856.598406808,0.999398107,0,1
1899.174904135,6,7,175,1,62,1,0,4199,72,8,38858.112316616,0.999437045,1,1
1899.264742471,3,3,174,2,63,0,0,4199,75,8,38854.508787378,0.999344362,0,1
1900.493470961,1,1,176,6,63,0,0,4199,75,8,38856.653754956,0.999399531,0,1
1901.877940882,0,0,173,7,63,0,0,4199,75,8,38859.721255459,0.999478427,0,1
1902.144748858,2,2,176,0,63,0,0,4199,75,8,38859.461260145,0.999471740,0,1
1902.284525448,5,2,176,0,62,1,0,4199,72,8,38857.102871712,0.999411082,1,1
1904.213289177,6,6,175,5,63,0,0,4199,75,8,38858.050119566,0.999435445,0,1
1904.600531278,5,5,180,2,63,0,0,4199,75,8,38857.033000894,0.999409285,0,1
1904.686673106,8,8,177,4,63,0,0,4199,75,8,38859.313897051,0.999467950,0,1
1905.285564319,4,4,176,0,63,0,0,4199,75,8,38850.377891626,0.999238114,0,1
1905.425340909,1,4,176,0,62,1,0,4199,72,8,38856.556980955,0.999397042,1,1
1909.035127545,7,7,176,0,63,0,0,4199,75,8,38856.508462104,0.999395794,0,1
1909.264742471,3,3,175,0,63,0,0,4199,75,8,38854.384227378,0.999341158,0,1
1910.493470961,1,1,177,6,63,0,0,4199,75,8,38856.486119372,0.999395219,0,1
1910.633247551,4,1,177,6,62,1,0,4199,72,8,38850.280967932,0.999235622,1,1
1910.773024141,7,1,177,6,61,2,0,4199,69,8,38856.430145581,0.999393779,1,1
1911.877940882,0,0,174,8,63,0,0,4199,75,8,38859.596695459,0.999475224,0,1
1912.017717472,3,0,174,8,62,1,0,4199,72,8,38854.288237779,0.999338689,1,1
1912.144748858,2,2,177,4,63,0,0,4199,75,8,38859.354007793,0.999468982,0,1
1914.213289177,6,6,176,3,63,0,0,4199,75,8,38857.942867214,0.999432687,0,1
1914.600531278,5,5,181,7,63,0,0,4199,75,8,38856.917094718,0.999406304,0,1
1914.686673106,8,8,178,2,63,0,0,4199,75,8,38859.197990875,0.999464969,0,1
1915.285564319,4,4,177,0,63,0,0,4199,75,8,38850.184294570,0.999233135,0,1
1919.035127545,7,7,177,2,63,0,0,4199,75,8,38856.332172696,0.999391260,0,1
1919.264742471,3,3,176,1,63,0,0,4199,75,8,38854.199284146,0.999336401,0,1
1920.493470961,1,1,178,2,63,0,0,4199,75,8,38856.396174668,0.999392906,0,1
1921.877940882,0,0,175,2,63,0,0,4199,75,8,38859.498096931,0.999472688,0,1
1922.017717472,3,0,175,2,62,1,0,4199,72,8,38854.120602195,0.999334378,1,1
1922.144748858,2,2,178,0,63,0,0,4199,75,8,38859.264063089,0.999466668,0,1
1922.284525448,5,2,178,0,62,1,0,4199,72,8,38856.810676128,0.999403567,1,1
1922.414766730,0,0,33,65535,63,0,0,4199,0,8,38859.437520442,0.999471130,0,1
1922.807546093,1,1,33,65535,63,0,0,4199,0,7,38856.354284321,0.999391828,0,1
1923.595940747,3,3,33,65535,63,0,0,4199,0,7,38854.087630578,0.999333530,0,1
1924.213289177,6,6,177,1,63,0,0,4199,75,8,38857.824749198,0.999429649,0,1
1924.600531278,5,5,182,4,63,0,0,4199,75,8,38856.749459134,0.999401992,0,1
1924.686673106,8,8,179,6,63,0,0,4199,75,8,38859.090738523,0.999462210,0,1
1925.285564319,4,4,178,7,63,0,0,4199,75,8,38850.058075690,0.999229889,0,1
1928.473097285,2,2,33,65535,63,0,0,4199,0,7,38859.206917427,0.999465198,0,1
1928.722219627,5,5,33,65535,63,0,0,4199,0,8,38856.673781918,0.999400046,0,1
1928.970359947,8,8,33,65535,63,0,0,4199,0,7,38859.033775980,0.999460745,0,1
1929.035127545,7,7,178,2,63,0,0,4199,75,8,38856.227864856,0.999388577,0,1
1929.264742471,3,3,177,5,63,0,0,4199,75,8,38853.994088754,0.999331124,0,1
1929.404519061,6,3,177,5,62,1,0,4199,72,8,38857.722172515,0.999427011,1,1
1929.754940824,4,4,33,65535,63,0,0,4199,0,8,38849.973066523,0.999227702,0,1
1930.493470961,1,1,179,4,63,0,0,4199,75,8,38856.236446412,0.999388797,0,1
1931.363189829,6,6,33,65535,63,0,0,4199,0,7,38857.689063937,0.999426159,0,1
1931.877940882,0,0,176,1,63,0,0,4199,75,8,38859.301735075,0.999467637,0,1
1932.144748858,2,2,179,6,63,0,0,4199,75,8,38859.109491185,0.999462693,0,1
1932.284525448,5,2,179,6,62,1,0,4199,72,8,38856.580998432,0.999397659,1,1
1932.813150705,7,7,33,65535,63,0,0,4199,0,7,38856.145122879,0.999386449,0,1
1934.213289177,6,6,178,0,63,0,0,4199,75,8,38857.627654670,0.999424580,0,1
1934.600531278,5,5,183,6,63,0,0,4199,75,8,38856.514625086,0.999395952,0,1
1934.686673106,8,8,180,7,63,0,0,4199,75,8,38858.948870875,0.999458561,0,1
1935.285564319,4,4,179,8,63,0,0,4199,75,8,38849.853612970,0.999224630,0,1
1939.035127545,7,7,179,8,63,0,0,4199,75,8,38856.065192088,0.999384393,0,1
1939.174904135,4,7,179,8,62,1,0,4199,72,8,38849.783175752,0.999222818,1,1
1939.264742471,3,3,178,8,63,0,0,4199,75,8,38853.855165618,0.999327551,0,1
1940.493470961,1,1,180,4,63,0,0,4199,75,8,38856.129194060,0.999386039,0,1
1941.877940882,0,0,177,6,63,0,0,4199,75,8,38859.189326371,0.999464746,0,1
1942.017717472,3,0,177,6,62,1,0,4199,72,8,38853.776483667,0.999325527,1,1
1942.144748858,2,2,180,4,63,0,0,4199,75,8,38858.993585009,0.999459712,0,1
1944.213289177,6,6,179,1,63,0,0,4199,75,8,38857.529056142,0.999422044,0,1
1944.600531278,5,5,184,8,63,0,0,4199,75,8,38856.416026558,0.999393416,0,1
1944.686673106,8,8,181,5,63,0,0,4199,75,8,38858.850272347,0.999456026,0,1
1945.285564319,4,4,180,7,63,0,0,4199,75,8,38849.677323562,0.999220096,0,1
1949.035127545,7,7,180,1,63,0,0,4199,75,8,38855.975247384,0.999382079,0,1
1949.174904135,4,7,180,1,62,1,0,4199,72,8,38849.606886344,0.999218284,1,1
1949.264742471,3,3,179,6,63,0,0,4199,75,8,38853.687530034,0.999323239,0,1
1950.493470961,1,1,181,7,63,0,0,4199,75,8,38856.039249356,0.999383726,0,1
1951.877940882,0,0,178,1,63,0,0,4199,75,8,38859.090727843,0.999462210,0,1
1952.144748858,2,2,181,7,63,0,0,4199,75,8,38858.886332657,0.999456953,0,1
1954.213289177,6,6,180,3,63,0,0,4199,75,8,38857.430457614,0.999419508,0,1
1954.600531278,5,5,185,1,63,0,0,4199,75,8,38856.317428030,0.999390880,0,1
1954.686673106,8,8,182,1,63,0,0,4199,75,8,38858.760327643,0.999453712,0,1
1955.285564319,4,4,181,2,63,0,0,4199,75,8,38849.501034154,0.999215562,0,1
1955.425340909,3,4,181,2,62,1,0,4199,72,8,38853.598967514,0.999320961,1,1
1959.035127545,7,7,181,2,63,0,0,4199,75,8,38855.867995032,0.999379321,0,1
1959.264742471,3,3,180,1,63,0,0,4199,75,8,38853.537202098,0.999319372,0,1
1960.493470961,1,1,182,8,63,0,0,4199,75,8,38855.906035532,0.999380299,0,1
1961.877940882,0,0,179,7,63,0,0,4199,75,8,38858.983475491,0.999459452,0,1
1962.144748858,2,2,182,8,63,0,0,4199,75,8,38858.796387953,0.999454640,0,1
1964.213289177,6,6,181,7,63,0,0,4199,75,8,38857.323205262,0.999416749,0,1
1964.600531278,5,5,186,1,63,0,0,4199,75,8,38856.210175678,0.999388122,0,1
1964.686673106,8,8,183,6,63,0,0,4199,75,8,38858.661729115,0.999451176,0,1
1965.285564319,4,4,182,3,63,0,0,4199,75,8,38849.393781802,0.999212803,0,1
1969.035127545,7,7,182,4,63,0,0,4199,75,8,38855.769396504,0.999376785,0,1
1969.264742471,3,3,181,2,63,0,0,4199,75,8,38853.447257394,0.999317059,0,1
1970.493470961,1,1,183,4,63,0,0,4199,75,8,38855.790129356,0.999377318,0,1
1971.877940882,0,0,180,6,63,0,0,4199,75,8,38858.876223139,0.999456693,0,1
1972.017717472,3,0,180,6,62,1,0,4199,72,8,38853.368575443,0.999315035,1,1
1972.144748858,2,2,183,4,63,0,0,4199,75,8,38858.689135600,0.999451881,0,1
1974.213289177,6,6,182,0,63,0,0,4199,75,8,38857.241914382,0.999414658,0,1
1974.600531278,5,5,187,6,63,0,0,4199,75,8,38856.111577150,0.999385586,0,1
1974.686673106,8,8,184,7,63,0,0,4199,75,8,38858.571784411,0.999448863,0,1
1975.285564319,4,4,183,8,63,0,0,4199,75,8,38849.277875626,0.999209822,0,1
1979.035127545,7,7,183,5,63,0,0,4199,75,8,38855.662144152,0.999374026,0,1
1979.264742471,3,3,182,4,63,0,0,4199,75,8,38853.270967986,0.999312525,0,1
1979.404519061,6,3,182,4,62,1,0,4199,72,8,38857.145047011,0.999412167,1,1
1980.493470961,1,1,184,0,63,0,0,4199,75,8,38855.691530828,0.999374782,0,1
1981.877940882,0,0,181,8,63,0,0,4199,75,8,38858.786278435,0.999454380,0,1
1982.017717472,1,0,181,8,62,1,0,4199,72,8,38855.621945043,0.999372992,1,1
1982.144748858,2,2,184,3,63,0,0,4199,75,8,38858.599190896,0.999449568,0,1
1982.414766730,0,0,34,65535,63,0,0,4199,0,7,38858.745027898,0.999453319,0,1
1982.807546093,1,1,34,65535,63,0,0,4199,0,7,38855.589257249,0.999372152,0,1
1983.595940747,3,3,34,65535,63,0,0,4199,0,7,38853.205887474,0.999310851,0,1
1984.213289177,6,6,183,5,63,0,0,4199,75,8,38857.060468622,0.999409991,0,1
1984.600531278,5,5,188,4,63,0,0,4199,75,8,38856.016476094,0.999383140,0,1
1984.686673106,8,8,185,7,63,0,0,4199,75,8,38858.464532059,0.999446104,0,1
1985.285564319,4,4,184,8,63,0,0,4199,75,8,38849.151656746,0.999206576,0,1
1988.473097285,2,2,34,65535,63,0,0,4199,0,7,38858.550699059,0.999448320,0,1
1988.722219627,5,5,34,65535,63,0,0,4199,0,8,38855.940798878,0.999381193,0,1
1988.970359947,8,8,34,65535,63,0,0,4199,0,8,38858.384746092,0.999444052,0,1
1989.035127545,7,7,184,2,63,0,0,4199,75,8,38855.554338840,0.999371254,0,1
1989.174904380,3,7,184,2,62,1,0,4199,72,8,38853.108327559,0.999308342,1,1
1989.335160380,3,3,183,7,63,0,0,4199,75,8,38853.047886635,0.999306787,0,1
1989.754940824,4,4,34,65535,63,0,0,4199,0,7,38849.085973530,0.999204886,0,1
1990.493470961,1,1,185,6,63,0,0,4199,75,8,38855.458162124,0.999368780,0,1
1990.633247796,3,1,185,6,62,1,0,4199,72,8,38852.973225916,0.999304867,1,1
1991.363189829,6,6,34,65535,63,0,0,4199,0,8,38856.952583425,0.999407217,0,1
1991.877940882,0,0,182,8,63,0,0,4199,75,8,38858.627103139,0.999450286,0,1
1992.017717472,1,0,182,8,62,1,0,4199,72,8,38855.370715731,0.999366531,1,1
1992.144748858,2,2,185,1,63,0,0,4199,75,8,38858.453825776,0.999445829,0,1
1992.813150705,7,7,34,65535,63,0,0,4199,0,7,38855.480250687,0.999369348,0,1
1994.213289177,6,6,184,5,63,0,0,4199,75,8,38856.877363981,0.999405282,0,1
1994.600531278,5,5,189,0,63,0,0,4199,75,8,38855.832818494,0.999378416,0,1
1994.686673106,8,8,186,7,63,0,0,4199,75,8,38858.286030811,0.999441513,0,1
1995.285564319,4,4,185,1,63,0,0,4199,75,8,38848.965967018,0.999201800,0,1
1999.035127545,7,7,185,4,63,0,0,4199,75,8,38855.400319896,0.999367292,0,1
1999.264742471,3,3,184,8,63,0,0,4199,75,8,38852.857259442,0.999301884,0,1
1999.404519061,4,3,184,8,62,1,0,4199,72,8,38848.886793314,0.999199763,1,1
2000.493470961,1,1,186,6,63,0,0,4199,75,8,38855.272665932,0.999364009,0,1
2001.877940882,0,0,183,5,63,0,0,4199,75,8,38858.511196963,0.999447304,0,1
2002.017717472,1,0,183,5,62,1,0,4199,72,8,38855.203080147,0.999362219,1,1
2002.144748858,2,2,186,5,63,0,0,4199,75,8,38858.355227248,0.999443293,0,1
2004.213289177,6,6,185,8,63,0,0,4199,75,8,38856.770111629,0.999402523,0,1
2004.353066012,4,6,185,8,62,1,0,4199,72,8,38848.798667133,0.999197497,1,1
2004.600531278,5,5,190,6,63,0,0,4199,75,8,38855.734219966,0.999375880,0,1
2004.686673106,8,8,187,4,63,0,0,4199,75,8,38858.178778459,0.999438755,0,1
2005.285564319,4,4,186,5,63,0,0,4199,75,8,38848.729294378,0.999195712,0,1
2009.035127545,7,7,186,6,63,0,0,4199,75,8,38855.301721368,0.999364756,0,1
2009.264742471,3,3,185,0,63,0,0,4199,75,8,38852.732699442,0.999298681,0,1
2010.493470961,1,1,187,5,63,0,0,4199,75,8,38855.122337996,0.999360142,0,1
2010.633247551,4,1,187,5,62,1,0,4199,72,8,38848.641024508,0.999193442,1,1
2011.877940882,0,0,184,7,63,0,0,4199,75,8,38858.412598435,0.999444768,0,1
2012.144748858,2,2,187,5,63,0,0,4199,75,8,38858.230667248,0.999440089,0,1
2014.213289177,6,6,186,4,63,0,0,4199,75,8,38856.662859277,0.999399765,0,1
2014.600531278,5,5,191,2,63,0,0,4199,75,8,38855.635621438,0.999373344,0,1
2014.686673106,8,8,188,5,63,0,0,4199,75,8,38858.080179931,0.999436219,0,1
2015.285564319,4,4,187,1,63,0,0,4199,75,8,38848.561658794,0.999191401,0,1
2019.035127545,7,7,187,8,63,0,0,4199,75,8,38855.211776664,0.999362443,0,1
2019.174904135,4,7,187,8,62,1,0,4199,72,8,38848.491221576,0.999189589,1,1
2019.264742471,3,3,186,6,63,0,0,4199,75,8,38852.599485617,0.999295254,0,1
2020.493470961,1,1,188,8,63,0,0,4199,75,8,38855.015085644,0.999357384,0,1
2021.877940882,0,0,185,5,63,0,0,4199,75,8,38858.305346083,0.999442010,0,1
2022.017717472,1,0,185,5,62,1,0,4199,72,8,38854.945499859,0.999355594,1,1
2022.144748858,2,2,188,4,63,0,0,4199,75,8,38858.149376368,0.999437998,0,1
2024.213289177,6,6,187,5,63,0,0,4199,75,8,38856.572914573,0.999397452,0,1
2024.353066012,4,6,187,5,62,1,0,4199,72,8,38848.403012733,0.999187320,1,1
2024.600531278,5,5,192,4,63,0,0,4199,75,8,38855.528369086,0.999370586,0,1
2024.686673106,8,8,189,5,63,0,0,4199,75,8,38857.981581403,0.999433683,0,1
2025.285564319,4,4,188,2,63,0,0,4199,75,8,38848.333639978,0.999185536,0,1
2029.035127545,7,7,188,5,63,0,0,4199,75,8,38855.104524312,0.999359684,0,1
2029.174904135,4,7,188,5,62,1,0,4199,72,8,38848.263202760,0.999183724,1,1
2029.264742471,3,3,187,6,63,0,0,4199,75,8,38852.500887089,0.999292718,0,1
2030.493470961,1,1,189,5,63,0,0,4199,75,8,38854.864757708,0.999353517,0,1
2030.633247551,4,1,189,5,62,1,0,4199,72,8,38848.193640700,0.999181935,1,1
2031.877940882,0,0,186,5,63,0,0,4199,75,8,38858.215401379,0.999439697,0,1
2032.017717472,1,0,186,5,62,1,0,4199,72,8,38854.786518099,0.999351505,1,1
2032.144748858,2,2,189,3,63,0,0,4199,75,8,38858.042124016,0.999435240,0,1
2032.157494062,4,0,186,5,61,2,0,4199,69,8,38848.115401091,0.999179923,1,1
2034.213289177,6,6,188,4,63,0,0,4199,75,8,38856.457008397,0.999394470,0,1
2034.600531278,5,5,193,1,63,0,0,4199,75,8,38855.403809086,0.999367382,0,1
2034.686673106,8,8,190,7,63,0,0,4199,75,8,38857.882982875,0.999431147,0,1
2035.285564319,4,4,189,7,63,0,0,4199,75,8,38848.045237930,0.999178118,0,1
2039.035127545,7,7,189,8,63,0,0,4199,75,8,38854.988618136,0.999356703,0,1
2039.174904135,4,7,189,8,62,1,0,4199,72,8,38847.974800712,0.999176307,1,1
2039.264742471,3,3,188,1,63,0,0,4199,75,8,38852.376327089,0.999289515,0,1
2040.493470961,1,1,190,0,63,0,0,4199,75,8,38854.705775948,0.999349428,0,1
2041.877940882,0,0,187,6,63,0,0,4199,75,8,38858.108149027,0.999436938,0,1
2042.017717472,3,0,187,6,62,1,0,4199,72,8,38852.306298962,0.999287713,1,1
2042.144748858,2,2,190,0,63,0,0,4199,75,8,38857.943525488,0.999432704,0,1
2042.284525448,5,2,190,0,62,1,0,4199,72,8,38855.288736672,0.999364422,1,1
2042.414766730,0,0,35,65535,63,0,0,4199,0,8,38858.047572537,0.999435380,0,1
2042.807546093,1,1,35,65535,63,0,0,4199,0,7,38854.663885601,0.999348351,0,1
2043.595940747,3,3,35,65535,63,0,0,4199,0,7,38852.258964210,0.999286496,0,1
2044.213289177,6,6,189,2,63,0,0,4199,75,8,38856.361354381,0.999392010,0,1
2044.353065767,3,6,189,2,62,1,0,4199,72,8,38852.189654589,0.999284713,1,1
2044.600531278,5,5,194,4,63,0,0,4199,75,8,38855.210212030,0.999362403,0,1
2044.686673106,8,8,191,2,63,0,0,4199,75,8,38857.779227995,0.999428478,0,1
2045.285564319,4,4,190,6,63,0,0,4199,75,8,38847.858635818,0.999173319,0,1
2045.425340909,1,4,190,6,62,1,0,4199,72,8,38854.585252315,0.999346329,1,1
2048.473097285,2,2,35,65535,63,0,0,4199,0,7,38857.874228531,0.999430922,0,1
2048.722219627,5,5,35,65535,63,0,0,4199,0,7,38855.153860766,0.999360953,0,1
2048.970359947,8,8,35,65535,63,0,0,4199,0,7,38857.731472236,0.999427250,0,1
2049.035127545,7,7,190,2,63,0,0,4199,75,8,38854.884863256,0.999354035,0,1
2049.174904135,4,7,190,2,62,1,0,4199,72,8,38847.774388424,0.999171152,1,1
2049.264742471,3,3,189,5,63,0,0,4199,75,8,38852.110195505,0.999282670,0,1
2049.754940824,4,4,35,65535,63,0,0,4199,0,8,38847.713796378,0.999169594,0,1
2050.493470961,1,1,191,6,63,0,0,4199,75,8,38854.503525068,0.999344226,0,1
2051.363189829,6,6,35,65535,63,0,0,4199,0,7,38856.299862529,0.999390429,0,1
2051.877940882,0,0,188,5,63,0,0,4199,75,8,38857.929647779,0.999432347,0,1
2052.017717717,4,0,188,5,62,1,0,4199,72,8,38847.635290899,0.999167574,1,1
2052.144748858,2,2,191,1,63,0,0,4199,75,8,38857.777355248,0.999428430,0,1
2052.813150705,7,7,35,65535,63,0,0,4199,0,7,38854.828082751,0.999352574,0,1
2054.213289177,6,6,190,4,63,0,0,4199,75,8,38856.215989261,0.999388271,0,1
2054.353065767,7,6,190,4,62,1,0,4199,72,8,38854.758491326,0.999350784,1,1
2054.600531278,5,5,195,4,63,0,0,4199,75,8,38855.051036734,0.999358309,0,1
2054.686673106,8,8,192,2,63,0,0,4199,75,8,38857.629259483,0.999424621,0,1
2055.285564319,4,4,191,6,63,0,0,4199,75,8,38847.551267242,0.999165413,0,1
2055.425340909,5,4,191,6,62,1,0,4199,72,8,38854.981702746,0.999356525,1,1
2059.035127545,7,7,191,5,63,0,0,4199,75,8,38854.679114904,0.999348743,0,1
2059.174904135,4,7,191,5,62,1,0,4199,72,8,38847.472176200,0.999163379,1,1
2059.264742471,3,3,190,2,63,0,0,4199,75,8,38851.957462193,0.999278741,0,1
2060.493470961,1,1,192,8,63,0,0,4199,75,8,38854.396272716,0.999341468,0,1
2060.633247551,2,1,192,8,62,1,0,4199,72,8,38857.670647037,0.999425685,1,1
2061.877940882,0,0,189,6,63,0,0,4199,75,8,38857.822395427,0.999429588,0,1
2062.017717472,3,0,189,6,62,1,0,4199,72,8,38851.870126418,0.999276495,1,1
2062.144748858,2,2,192,0,63,0,0,4199,75,8,38857.601065840,0.999423896,0,1
2064.213289177,6,6,191,5,63,0,0,4199,75,8,38856.117390733,0.999385735,0,1
2064.353065767,7,6,191,5,62,1,0,4199,72,8,38854.582201918,0.999346250,1,1
2064.492842357,4,6,191,5,61,2,0,4199,69,8,38847.366609390,0.999160664,1,1
2064.600531278,5,5,196,3,63,0,0,4199,75,8,38854.866093502,0.999353552,0,1
2064.686673106,8,8,193,2,63,0,0,4199,75,8,38857.504699483,0.999421417,0,1
2065.285564319,4,4,192,5,63,0,0,4199,75,8,38847.305940778,0.999159103,0,1
2069.035127545,7,7,192,8,63,0,0,4199,75,8,38854.494171672,0.999343986,0,1
2069.174904135,4,7,192,8,62,1,0,4199,72,8,38847.235503560,0.999157292,1,1
2069.264742471,3,3,191,4,63,0,0,4199,75,8,38851.781172785,0.999274207,0,1
2070.493470961,1,1,193,3,63,0,0,4199,75,8,38854.289020364,0.999338709,0,1
2071.877940882,0,0,190,8,63,0,0,4199,75,8,38857.732450723,0.999427275,0,1
2072.017717472,1,0,190,8,62,1,0,4199,72,8,38854.219434579,0.999336920,1,1
2072.144748858,2,2,193,1,63,0,0,4199,75,8,38857.519774960,0.999421805,0,1
2074.213289177,6,6,192,7,63,0,0,4199,75,8,38856.027446029,0.999383422,0,1
2074.600531278,5,5,197,7,63,0,0,4199,75,8,38854.750187326,0.999350571,0,1
2074.686673106,8,8,194,2,63,0,0,4199,75,8,38857.423408603,0.999419326,0,1
2075.285564319,4,4,193,6,63,0,0,4199,75,8,38847.155612842,0.999155237,0,1
2075.425340909,5,4,193,6,62,1,0,4199,72,8,38854.680853338,0.999348787,1,1
2079.035127545,7,7,193,1,63,0,0,4199,75,8,38854.386919319,0.999341227,0,1
2079.174904135,6,7,193,1,62,1,0,4199,72,8,38855.956622792,0.999381600,1,1
2079.264742471,3,3,192,6,63,0,0,4199,75,8,38851.665266609,0.999271226,0,1
2080.493470961,1,1,194,5,63,0,0,4199,75,8,38854.130038604,0.999334620,0,1
2081.877940882,0,0,191,8,63,0,0,4199,75,8,38857.633852195,0.999424739,0,1
2082.017717472,1,0,191,8,62,1,0,4199,72,8,38854.060452819,0.999332831,1,1
2082.144748858,2,2,194,8,63,0,0,4199,75,8,38857.421176432,0.999419269,0,1
2084.213289177,6,6,193,1,63,0,0,4199,75,8,38855.877118093,0.999379556,0,1
2084.600531278,5,5,198,2,63,0,0,4199,75,8,38854.599859390,0.999346704,0,1
2084.686673106,8,8,195,4,63,0,0,4199,75,8,38857.316156251,0.999416568,0,1
2085.285564319,4,4,194,2,63,0,0,4199,75,8,38847.057014314,0.999152701,0,1
2089.035127545,7,7,194,5,63,0,0,4199,75,8,38854.296974615,0.999338914,0,1
2089.174904135,4,7,194,5,62,1,0,4199,72,8,38846.986577096,0.999150889,1,1
2089.264742471,3,3,193,6,63,0,0,4199,75,8,38851.549360433,0.999268245,0,1
2090.493470961,1,1,195,3,63,0,0,4199,75,8,38853.988364492,0.999330976,0,1
2091.877940882,0,0,192,2,63,0,0,4199,75,8,38857.543907491,0.999422426,0,1
2092.017717472,3,0,192,2,62,1,0,4199,72,8,38851.470678482,0.999266221,1,1
2092.144748858,2,2,195,4,63,0,0,4199,75,8,38857.313924080,0.999416510,0,1
2092.157494307,7,0,192,2,61,2,0,4199,69,8,38854.226813507,0.999337109,1,1
2094.213289177,6,6,194,2,63,0,0,4199,75,8,38855.778519565,0.999377020,0,1
2094.353065767,3,6,194,2,62,1,0,4199,72,8,38851.392146877,0.999264201,1,1
2094.492842602,7,6,194,2,61,2,0,4199,69,8,38854.156935726,0.999335312,1,1
2094.600531278,5,5,199,7,63,0,0,4199,75,8,38854.492607038,0.999343946,0,1
2094.686673106,8,8,196,5,63,0,0,4199,75,8,38857.208903899,0.999413809,0,1
2095.285564319,4,4,195,6,63,0,0,4199,75,8,38846.889378730,0.999148389,0,1
2095.425340909,5,4,195,6,62,1,0,4199,72,8,38854.423273050,0.999342162,1,1
2099.035127545,7,7,195,4,63,0,0,4199,75,8,38854.068955799,0.999333049,0,1
2099.264742471,3,3,194,4,63,0,0,4199,75,8,38851.312687793,0.999262158,0,1
