timestamp(s),nodeId,destination,nextHop,hops,score,seq,action
2.453935911,6,0,0,1,1,0,NEW
2.885882683,0,1,1,1,1,0,NEW
2.885882683,2,1,1,1,1,0,NEW
2.885882683,4,1,1,1,1,0,NEW
2.885882928,3,1,1,1,1,0,NEW
2.885882928,5,1,1,1,2,0,NEW
2.885883414,8,1,1,1,2,0,NEW
3.684517337,0,3,3,1,1,0,NEW
3.684517337,0,1,3,2,2,0,ADD_BACKUP
3.684517337,4,3,3,1,1,0,NEW
3.684517337,4,1,3,2,2,0,ADD_BACKUP
3.684517337,6,3,3,1,1,0,NEW
3.684517337,6,1,3,2,2,0,NEW
3.684517582,1,3,3,1,1,0,NEW
3.684517582,7,3,3,1,2,0,NEW
3.684517582,7,1,3,2,3,0,NEW
3.684518067,2,3,3,1,2,0,NEW
3.684518067,2,1,3,2,3,0,ADD_BACKUP
8.571913875,1,2,2,1,1,0,NEW
8.571913875,1,3,2,2,3,0,ADD_BACKUP
8.571914120,4,2,2,1,2,0,NEW
8.571914120,4,3,2,2,4,0,ADD_BACKUP
8.571914466,0,2,2,1,2,0,NEW
8.571914466,0,3,2,2,4,0,ADD_BACKUP
8.766508217,2,5,5,1,1,0,NEW
8.766508217,2,1,5,2,3,0,REPLACE_BACKUP
8.766508217,4,5,5,1,1,0,NEW
8.766508219,8,5,5,1,1,0,NEW
8.766508219,8,1,5,2,3,0,ADD_BACKUP
8.766508462,7,5,5,1,1,0,NEW
8.766508462,7,1,5,2,3,0,SWITCH_PRIMARY
9.019768539,5,8,8,1,1,0,NEW
9.019768539,5,1,8,2,3,0,ADD_BACKUP
9.019768539,7,8,8,1,1,0,NEW
9.019768539,7,5,8,2,2,0,ADD_BACKUP
9.019768539,7,1,8,2,3,0,SWITCH_PRIMARY
9.019768783,4,8,8,1,1,0,NEW
9.019768783,4,5,8,2,2,0,ADD_BACKUP
9.874237414,3,4,4,1,1,0,NEW
9.874237414,3,1,4,2,2,0,ADD_BACKUP
9.874237414,3,5,4,2,2,0,NEW
9.874237414,3,8,4,2,2,0,NEW
9.874237414,3,2,4,2,3,0,NEW
9.874237414,5,4,4,1,1,0,NEW
9.874237414,5,1,4,2,2,0,SWITCH_PRIMARY
9.874237414,5,3,4,2,2,0,NEW
9.874237414,5,8,4,2,2,0,ADD_BACKUP
9.874237414,5,2,4,2,3,0,NEW
9.874237414,7,4,4,1,1,0,NEW
9.874237414,7,1,4,2,2,0,SWITCH_PRIMARY
9.874237414,7,3,4,2,2,0,SWITCH_PRIMARY
9.874237414,7,8,4,2,2,0,ADD_BACKUP
9.874237414,7,2,4,2,3,0,NEW
9.874237659,0,4,4,1,2,0,NEW
9.874237659,0,3,4,2,3,0,REPLACE_BACKUP
9.874237659,0,5,4,2,3,0,NEW
9.874237659,0,8,4,2,3,0,NEW
9.874237659,0,2,4,2,4,0,ADD_BACKUP
9.874237659,2,4,4,1,1,0,NEW
9.874237659,2,1,4,2,2,0,REPLACE_BACKUP
9.874237659,2,3,4,2,2,0,SWITCH_PRIMARY
9.874237659,2,5,4,2,2,0,ADD_BACKUP
9.874237659,2,8,4,2,2,0,NEW
9.874237659,6,4,4,1,2,0,NEW
9.874237659,6,1,4,2,3,0,ADD_BACKUP
9.874237659,6,3,4,2,3,0,ADD_BACKUP
9.874237659,6,5,4,2,3,0,NEW
9.874237659,6,8,4,2,3,0,NEW
9.874237659,6,2,4,2,4,0,NEW
9.874237660,8,4,4,1,2,0,NEW
9.874237660,8,3,4,2,3,0,NEW
9.874237660,8,5,4,2,3,0,ADD_BACKUP
9.874237660,8,2,4,2,4,0,NEW
11.492726419,7,6,6,1,2,0,NEW
11.492726419,7,0,6,2,3,0,NEW
11.492726419,7,4,6,2,4,0,ADD_BACKUP
11.492726419,7,2,6,2,6,0,ADD_BACKUP
11.492726664,4,6,6,1,1,0,NEW
11.492726664,4,0,6,2,2,0,NEW
11.492726664,4,3,6,2,2,0,REPLACE_BACKUP
11.492726664,4,8,6,2,4,0,ADD_BACKUP
11.492726664,4,2,6,2,5,0,ADD_BACKUP
12.888159295,4,7,7,1,1,0,NEW
12.888159295,4,8,7,2,2,0,REPLACE_BACKUP
12.888159295,4,6,7,2,3,0,ADD_BACKUP
12.888159295,4,2,7,2,4,0,REPLACE_BACKUP
12.888159295,4,0,7,2,4,0,ADD_BACKUP
12.888159295,6,7,7,1,1,0,NEW
12.888159295,6,4,7,2,2,0,SWITCH_PRIMARY
12.888159295,6,5,7,2,2,0,SWITCH_PRIMARY
12.888159295,6,8,7,2,2,0,SWITCH_PRIMARY
12.888159295,6,1,7,2,3,0,REPLACE_BACKUP
12.888159295,6,3,7,2,3,0,REPLACE_BACKUP
12.888159295,6,2,7,2,4,0,SWITCH_PRIMARY
12.888159295,6,0,7,2,4,0,ADD_BACKUP
12.888159886,1,7,7,1,1,0,NEW
12.888159886,1,4,7,2,2,0,NEW
12.888159886,1,5,7,2,2,0,NEW
12.888159886,1,8,7,2,2,0,NEW
12.888159886,1,3,7,2,3,0,REPLACE_BACKUP
12.888159886,1,6,7,2,3,0,NEW
12.888159886,1,2,7,2,4,0,ADD_BACKUP
12.888159886,1,0,7,2,4,0,NEW
62.544303320,1,0,0,1,1,1,SWITCH_PRIMARY
62.544303320,1,3,0,2,2,1,REPLACE_BACKUP
62.544303320,1,2,0,2,3,1,REPLACE_BACKUP
62.544303320,1,4,0,2,3,1,ADD_BACKUP
62.544303320,1,5,0,2,4,1,ADD_BACKUP
62.544303320,1,8,0,2,4,1,ADD_BACKUP
62.544303565,4,0,0,1,1,1,SWITCH_PRIMARY
62.544303565,4,2,0,2,3,1,REPLACE_BACKUP
62.544303911,2,0,0,1,2,1,NEW
62.544303911,2,4,0,2,4,1,ADD_BACKUP
62.544303911,2,8,0,2,5,1,ADD_BACKUP
62.544304050,7,0,0,1,1,1,SWITCH_PRIMARY
62.544304050,7,1,0,2,2,1,SWITCH_PRIMARY
62.544304050,7,3,0,2,2,1,REPLACE_BACKUP
62.544304050,7,2,0,2,3,1,REPLACE_BACKUP
62.544304050,7,4,0,2,3,1,REPLACE_BACKUP
62.947322683,0,1,1,1,1,1,REFRESH
62.947322683,0,2,1,2,2,1,SWITCH_PRIMARY
62.947322683,0,3,1,2,2,1,REPLACE_BACKUP
62.947322683,0,7,1,2,2,1,NEW
62.947322683,0,4,1,2,3,1,ADD_BACKUP
62.947322683,0,5,1,2,3,1,SWITCH_PRIMARY
62.947322683,0,8,1,2,3,1,SWITCH_PRIMARY
62.947322683,0,6,1,2,4,1,NEW
62.947322683,2,1,1,1,1,1,REFRESH
62.947322683,2,0,1,2,2,1,SWITCH_PRIMARY
62.947322683,2,3,1,2,2,1,REPLACE_BACKUP
62.947322683,2,7,1,2,2,1,NEW
62.947322683,2,4,1,2,3,1,REPLACE_BACKUP
62.947322683,2,8,1,2,3,1,REPLACE_BACKUP
62.947322683,2,6,1,2,4,1,NEW
62.947322683,4,1,1,1,1,1,REFRESH
62.947322683,4,0,1,2,2,1,REPLACE_BACKUP
62.947322683,4,2,1,2,2,1,SWITCH_PRIMARY
62.947322683,4,7,1,2,2,1,ADD_BACKUP
62.947322928,3,1,1,1,1,1,REFRESH
62.947322928,3,0,1,2,2,1,NEW
62.947322928,3,2,1,2,2,1,SWITCH_PRIMARY
62.947322928,3,7,1,2,2,1,NEW
62.947322928,3,4,1,2,3,1,ADD_BACKUP
62.947322928,3,5,1,2,3,1,ADD_BACKUP
62.947322928,3,8,1,2,3,1,ADD_BACKUP
62.947322928,3,6,1,2,4,1,NEW
62.947322928,5,1,1,1,1,1,SWITCH_PRIMARY
62.947322928,5,0,1,2,2,1,NEW
62.947322928,5,2,1,2,2,1,SWITCH_PRIMARY
62.947322928,5,3,1,2,2,1,ADD_BACKUP
62.947322928,5,7,1,2,2,1,NEW
62.947322928,5,4,1,2,3,1,ADD_BACKUP
62.947322928,5,6,1,2,4,1,NEW
63.735717337,0,3,3,1,2,1,REFRESH
63.735717337,0,1,3,2,3,1,REFRESH_BACKUP
63.735717337,0,7,3,2,4,1,ADD_BACKUP
63.735717337,0,6,3,2,6,1,ADD_BACKUP
63.735717337,4,3,3,1,2,1,REFRESH
63.735717337,4,1,3,2,3,1,REFRESH_BACKUP
63.735717337,6,3,3,1,2,1,REFRESH
63.735717337,6,1,3,2,3,1,REFRESH
63.735717337,6,2,3,2,4,1,REPLACE_BACKUP
63.735717337,6,7,3,2,4,1,ADD_BACKUP
63.735718067,2,7,3,2,4,1,ADD_BACKUP
63.735718067,2,6,3,2,6,1,ADD_BACKUP
68.612873875,1,2,2,1,1,1,REFRESH
68.612873875,1,4,2,2,2,1,REPLACE_BACKUP
68.612873875,1,5,2,2,2,1,SWITCH_PRIMARY
68.612873875,1,0,2,2,3,1,REPLACE_BACKUP
68.612873875,1,7,2,2,3,1,ADD_BACKUP
68.612873875,1,8,2,2,3,1,REPLACE_BACKUP
68.612873875,1,6,2,2,5,1,ADD_BACKUP
68.612873875,5,2,2,1,1,1,SWITCH_PRIMARY
68.612873875,5,4,2,2,2,1,REPLACE_BACKUP
68.612873875,5,0,2,2,3,1,ADD_BACKUP
68.612873875,5,7,2,2,3,1,ADD_BACKUP
68.612873875,5,6,2,2,5,1,ADD_BACKUP
68.612874120,4,2,2,1,2,1,REFRESH_BACKUP
68.612874120,4,1,2,2,3,1,REPLACE_BACKUP
68.612874466,0,2,2,1,2,1,REFRESH_BACKUP
68.612874466,0,6,2,2,6,1,REPLACE_BACKUP
68.612874466,8,2,2,1,2,1,SWITCH_PRIMARY
68.612874466,8,4,2,2,3,1,ADD_BACKUP
68.612874466,8,5,2,2,3,1,REPLACE_BACKUP
68.612874466,8,0,2,2,4,1,NEW
68.612874466,8,3,2,2,4,1,ADD_BACKUP
68.612874466,8,7,2,2,4,1,NEW
68.612874466,8,6,2,2,6,1,NEW
68.612874955,6,2,2,1,2,1,SWITCH_PRIMARY
68.612874955,6,1,2,2,3,1,SWITCH_PRIMARY
68.612874955,6,5,2,2,3,1,REPLACE_BACKUP
68.612874955,6,7,2,2,4,1,REPLACE_BACKUP
68.861996217,2,5,5,1,1,1,REFRESH
68.861996217,2,4,5,2,2,1,REPLACE_BACKUP
68.861996217,2,8,5,2,2,1,SWITCH_PRIMARY
68.861996217,2,7,5,2,3,1,REPLACE_BACKUP
68.861996217,2,6,5,2,5,1,REPLACE_BACKUP
68.861996217,4,5,5,1,1,1,REFRESH
68.861996217,4,1,5,2,2,1,REPLACE_BACKUP
68.861996217,4,2,5,2,2,1,REPLACE_BACKUP
68.861996219,8,5,5,1,1,1,REFRESH
68.861996219,8,1,5,2,2,1,SWITCH_PRIMARY
68.861996219,8,2,5,2,2,1,SWITCH_PRIMARY
68.861996219,8,4,5,2,2,1,SWITCH_PRIMARY
68.861996219,8,0,5,2,3,1,SWITCH_PRIMARY
68.861996219,8,3,5,2,3,1,SWITCH_PRIMARY
68.861996219,8,7,5,2,3,1,SWITCH_PRIMARY
68.861996219,8,6,5,2,5,1,SWITCH_PRIMARY
68.861996462,7,5,5,1,2,1,REFRESH
68.861996462,7,6,5,2,6,1,ADD_BACKUP
69.045368539,5,8,8,1,1,1,REFRESH
69.045368539,7,8,8,1,1,1,REFRESH
69.045368539,7,5,8,2,2,1,SWITCH_PRIMARY
69.045368539,7,4,8,2,3,1,REPLACE_BACKUP
69.045368539,7,6,8,2,6,1,REPLACE_BACKUP
69.045368783,4,8,8,1,1,1,REFRESH
69.045368783,4,5,8,2,2,1,REFRESH_BACKUP
69.829949414,1,4,4,1,1,1,SWITCH_PRIMARY
69.829949414,1,0,4,2,2,1,REPLACE_BACKUP
69.829949414,1,6,4,2,2,1,SWITCH_PRIMARY
69.829949414,1,7,4,2,2,1,REPLACE_BACKUP
69.829949414,1,8,4,2,2,1,SWITCH_PRIMARY
69.829949414,1,2,4,2,3,1,REPLACE_BACKUP
69.829949414,3,4,4,1,1,1,REFRESH
69.829949414,3,0,4,2,2,1,SWITCH_PRIMARY
69.829949414,3,1,4,2,2,1,REFRESH_BACKUP
69.829949414,3,5,4,2,2,1,REFRESH
69.829949414,3,6,4,2,2,1,SWITCH_PRIMARY
69.829949414,3,7,4,2,2,1,ADD_BACKUP
69.829949414,3,8,4,2,2,1,REFRESH
69.829949414,3,2,4,2,3,1,REFRESH_BACKUP
69.829949414,5,4,4,1,1,1,REFRESH
69.829949414,5,0,4,2,2,1,SWITCH_PRIMARY
69.829949414,5,1,4,2,2,1,REFRESH_BACKUP
69.829949414,5,6,4,2,2,1,SWITCH_PRIMARY
69.829949414,5,7,4,2,2,1,SWITCH_PRIMARY
69.829949414,5,8,4,2,2,1,REFRESH_BACKUP
69.829949414,5,3,4,2,3,1,REFRESH
69.829949414,7,4,4,1,1,1,REFRESH
69.829949414,7,0,4,2,2,1,REPLACE_BACKUP
69.829949414,7,1,4,2,2,1,SWITCH_PRIMARY
69.829949414,7,5,4,2,2,1,SWITCH_PRIMARY
69.829949414,7,6,4,2,2,1,SWITCH_PRIMARY
69.829949414,7,8,4,2,2,1,REFRESH_BACKUP
69.829949414,7,2,4,2,3,1,REFRESH
69.829949414,7,3,4,2,3,1,REFRESH
69.829949659,6,4,4,1,2,1,REFRESH_BACKUP
69.829949659,6,0,4,2,3,1,REPLACE_BACKUP
69.829949659,6,1,4,2,3,1,REPLACE_BACKUP
69.829949659,6,7,4,2,3,1,REPLACE_BACKUP
69.829949659,6,8,4,2,3,1,REFRESH_BACKUP
69.829949660,8,4,4,1,2,1,REFRESH_BACKUP
69.829949660,8,0,4,2,3,1,REPLACE_BACKUP
69.829949660,8,6,4,2,3,1,SWITCH_PRIMARY
69.829949660,8,7,4,2,3,1,REPLACE_BACKUP
69.829949660,8,3,4,2,4,1,REFRESH_BACKUP
71.438198419,3,6,6,1,1,1,SWITCH_PRIMARY
71.438198419,3,0,6,2,2,1,SWITCH_PRIMARY
71.438198419,3,7,6,2,2,1,REPLACE_BACKUP
71.438198419,3,4,6,2,3,1,REPLACE_BACKUP
71.438198419,3,8,6,2,3,1,REPLACE_BACKUP
71.438198419,3,2,6,2,3,1,REPLACE_BACKUP
71.438198419,7,6,6,1,1,1,SWITCH_PRIMARY
71.438198419,7,4,6,2,3,1,REPLACE_BACKUP
71.438198419,7,2,6,2,3,1,REPLACE_BACKUP
71.438198419,7,3,6,2,3,1,SWITCH_PRIMARY
71.438199010,8,6,6,1,2,1,SWITCH_PRIMARY
71.438199010,8,0,6,2,3,1,REPLACE_BACKUP
71.438199010,8,7,6,2,3,1,REPLACE_BACKUP
71.438199010,8,3,6,2,4,1,REPLACE_BACKUP
71.438199149,1,6,6,1,1,1,SWITCH_PRIMARY
71.438199149,1,7,6,2,2,1,REPLACE_BACKUP
72.888159295,6,7,7,1,1,1,REFRESH
72.888159295,6,0,7,2,2,1,REPLACE_BACKUP
72.888159295,6,4,7,2,2,1,REFRESH
72.888159295,6,8,7,2,2,1,REFRESH
72.888159295,6,1,7,2,3,1,SWITCH_PRIMARY
72.888159295,6,5,7,2,3,1,REFRESH
72.888159295,6,3,7,2,3,1,REFRESH_BACKUP
72.888159295,6,2,7,2,4,1,REFRESH_BACKUP
72.888159540,5,6,7,2,3,1,REPLACE_BACKUP
122.554543320,3,0,0,1,1,2,SWITCH_PRIMARY
122.554543320,3,2,0,2,3,2,REPLACE_BACKUP
122.554543320,3,4,0,2,3,2,REPLACE_BACKUP
122.554543911,2,0,0,1,1,2,SWITCH_PRIMARY
122.554544050,7,0,0,1,2,2,REFRESH
122.554544050,7,1,0,2,3,2,REFRESH_BACKUP
122.554544400,8,0,0,1,2,2,SWITCH_PRIMARY
122.947322683,0,1,1,1,2,2,REFRESH
122.947322683,0,2,1,2,3,2,REFRESH
122.947322683,0,3,1,2,3,2,REFRESH_BACKUP
122.947322683,0,4,1,2,3,2,REFRESH_BACKUP
122.947322683,0,6,1,2,3,2,UPDATE
122.947322683,0,7,1,2,3,2,REFRESH
122.947322683,0,5,1,2,4,2,REFRESH
122.947322683,0,8,1,2,4,2,REFRESH
122.947322683,2,1,1,1,1,2,REFRESH
122.947322683,2,0,1,2,2,2,REFRESH_BACKUP
122.947322683,2,3,1,2,2,2,SWITCH_PRIMARY
122.947322683,2,6,1,2,2,2,UPDATE
122.947322683,2,7,1,2,2,2,REFRESH
122.947322683,4,1,1,1,2,2,REFRESH
122.947322683,4,0,1,2,3,2,REFRESH_BACKUP
122.947322683,4,2,1,2,3,2,REFRESH
122.947322683,4,7,1,2,3,2,REFRESH_BACKUP
122.947322928,3,1,1,1,1,2,REFRESH
122.947322928,3,0,1,2,2,2,REPLACE_BACKUP
122.947322928,3,2,1,2,2,2,REFRESH
122.947322928,3,4,1,2,2,2,REPLACE_BACKUP
122.947322928,3,6,1,2,2,2,REPLACE_BACKUP
122.947322928,3,7,1,2,2,2,REFRESH
122.947322928,3,5,1,2,3,2,REFRESH_BACKUP
122.947322928,5,1,1,1,2,2,REFRESH
122.947322928,5,0,1,2,3,2,REFRESH_BACKUP
122.947322928,5,2,1,2,3,2,REFRESH_BACKUP
122.947322928,5,3,1,2,3,2,REFRESH_BACKUP
122.947322928,5,7,1,2,3,2,REFRESH_BACKUP
123.670949337,0,3,3,1,1,2,UPDATE
123.670949337,0,1,3,2,2,2,SWITCH_PRIMARY
123.670949337,0,4,3,2,2,2,SWITCH_PRIMARY
123.670949337,0,6,3,2,2,2,SWITCH_PRIMARY
123.670949337,0,2,3,2,3,2,SWITCH_PRIMARY
123.670949337,0,5,3,2,3,2,SWITCH_PRIMARY
123.670949337,0,7,3,2,3,2,SWITCH_PRIMARY
123.670949337,0,8,3,2,3,2,SWITCH_PRIMARY
123.670949337,4,3,3,1,1,2,UPDATE
123.670949337,4,0,3,2,2,2,REPLACE_BACKUP
123.670949337,4,1,3,2,2,2,SWITCH_PRIMARY
123.670949337,4,6,3,2,2,2,REPLACE_BACKUP
123.670949337,4,2,3,2,3,2,SWITCH_PRIMARY
123.670949337,4,7,3,2,3,2,REPLACE_BACKUP
123.670949337,6,3,3,1,1,2,UPDATE
123.670949337,6,0,3,2,2,2,REPLACE_BACKUP
123.670949337,6,1,3,2,2,2,SWITCH_PRIMARY
123.670949337,6,4,3,2,2,2,REPLACE_BACKUP
123.670949337,6,2,3,2,3,2,REPLACE_BACKUP
123.670949337,6,5,3,2,3,2,REPLACE_BACKUP
123.670949337,6,7,3,2,3,2,REPLACE_BACKUP
123.670949337,6,8,3,2,3,2,REPLACE_BACKUP
123.670949582,1,3,3,1,1,2,REFRESH
123.670949582,1,6,3,2,2,2,REPLACE_BACKUP
123.670949582,7,3,3,1,1,2,SWITCH_PRIMARY
123.670949582,7,0,3,2,2,2,SWITCH_PRIMARY
123.670949582,7,1,3,2,2,2,SWITCH_PRIMARY
123.670949582,7,4,3,2,2,2,REPLACE_BACKUP
123.670949582,7,2,3,2,3,2,REPLACE_BACKUP
128.612873875,1,2,2,1,1,2,REFRESH
128.612873875,1,0,2,2,2,2,REPLACE_BACKUP
128.612873875,1,4,2,2,2,2,REPLACE_BACKUP
128.612873875,1,5,2,2,2,2,REFRESH
128.612874120,4,2,2,1,2,2,SWITCH_PRIMARY
128.612874466,0,2,2,1,2,2,SWITCH_PRIMARY
128.612874466,0,5,2,2,3,2,REPLACE_BACKUP
128.612874605,3,2,2,1,2,2,REPLACE_BACKUP
128.797228217,2,5,5,1,1,2,REFRESH
128.797228217,2,4,5,2,2,2,REFRESH_BACKUP
128.797228217,2,8,5,2,2,2,REFRESH
128.797228217,2,6,5,2,3,2,REFRESH_BACKUP
128.797228217,2,7,5,2,3,2,REFRESH_BACKUP
128.797228462,1,5,5,1,1,2,SWITCH_PRIMARY
128.797228462,1,2,5,2,2,2,REPLACE_BACKUP
128.797228462,1,4,5,2,2,2,REPLACE_BACKUP
128.797228462,1,8,5,2,2,2,SWITCH_PRIMARY
129.110136539,5,8,8,1,1,2,REFRESH
129.110136539,5,2,8,2,3,2,REPLACE_BACKUP
129.110136539,5,0,8,2,3,2,REPLACE_BACKUP
129.110136539,5,6,8,2,3,2,REPLACE_BACKUP
129.110136539,7,8,8,1,1,2,REFRESH
129.110136539,7,5,8,2,2,2,REFRESH_BACKUP
129.110136539,7,2,8,2,3,2,SWITCH_PRIMARY
129.110137128,2,8,8,1,1,2,SWITCH_PRIMARY
129.110137128,2,5,8,2,2,2,REPLACE_BACKUP
129.110137128,6,8,8,1,2,2,REPLACE_BACKUP
129.110137268,3,8,8,1,2,2,REPLACE_BACKUP
129.829949414,1,4,4,1,1,2,REFRESH
129.829949414,1,5,4,2,2,2,REPLACE_BACKUP
129.829949414,1,6,4,2,2,2,REPLACE_BACKUP
129.829949414,1,7,4,2,2,2,REPLACE_BACKUP
129.829949414,1,8,4,2,2,2,SWITCH_PRIMARY
129.829949414,3,4,4,1,1,2,REFRESH
129.829949414,3,5,4,2,2,2,REFRESH
129.829949414,3,6,4,2,2,2,REPLACE_BACKUP
129.829949414,3,8,4,2,2,2,REFRESH
129.829949414,3,1,4,2,3,2,REFRESH_BACKUP
129.829949414,5,4,4,1,1,2,REFRESH
129.829949414,5,0,4,2,2,2,REFRESH
129.829949414,5,3,4,2,2,2,UPDATE
129.829949414,5,6,4,2,2,2,REFRESH
129.829949414,5,7,4,2,2,2,REFRESH
129.829949414,5,8,4,2,2,2,REFRESH_BACKUP
129.829949414,5,1,4,2,3,2,REFRESH_BACKUP
129.829949414,5,2,4,2,3,2,REPLACE_BACKUP
129.829949414,7,4,4,1,1,2,REFRESH
129.829949414,7,0,4,2,2,2,REPLACE_BACKUP
129.829949414,7,3,4,2,2,2,REPLACE_BACKUP
129.829949414,7,5,4,2,2,2,REFRESH
129.829949414,7,6,4,2,2,2,REFRESH_BACKUP
129.829949414,7,8,4,2,2,2,REFRESH_BACKUP
129.829949414,7,1,4,2,3,2,REFRESH_BACKUP
129.829949414,7,2,4,2,3,2,SWITCH_PRIMARY
129.829949659,0,4,4,1,1,2,SWITCH_PRIMARY
129.829949659,0,3,4,2,2,2,REPLACE_BACKUP
129.829949659,0,5,4,2,2,2,SWITCH_PRIMARY
129.829949659,0,6,4,2,2,2,SWITCH_PRIMARY
129.829949659,0,7,4,2,2,2,SWITCH_PRIMARY
129.829949659,0,8,4,2,2,2,SWITCH_PRIMARY
129.829949659,0,2,4,2,3,2,REPLACE_BACKUP
131.438198419,3,6,6,1,1,2,REFRESH
131.438198419,3,0,6,2,2,2,REPLACE_BACKUP
131.438198419,3,7,6,2,2,2,REFRESH_BACKUP
131.438198419,7,6,6,1,1,2,REFRESH
131.438198419,7,0,6,2,2,2,SWITCH_PRIMARY
131.438198419,7,2,6,2,3,2,SWITCH_PRIMARY
131.438198664,4,6,6,1,1,2,REFRESH
131.438198664,4,0,6,2,2,2,REPLACE_BACKUP
131.438198664,4,3,6,2,2,2,REFRESH_BACKUP
131.438198664,4,7,6,2,2,2,REPLACE_BACKUP
131.438198664,4,2,6,2,3,2,REPLACE_BACKUP
131.438199010,8,6,6,1,2,2,REFRESH
131.438199010,8,3,6,2,3,2,REFRESH_BACKUP
131.438199010,8,7,6,2,3,2,REFRESH_BACKUP
132.952927295,4,7,7,1,1,2,REFRESH
132.952927295,4,3,7,2,2,2,REPLACE_BACKUP
132.952927295,4,8,7,2,2,2,REFRESH_BACKUP
132.952927295,6,7,7,1,1,2,REFRESH
132.952927295,6,3,7,2,2,2,REFRESH_BACKUP
132.952927295,6,4,7,2,2,2,REFRESH
132.952927295,6,8,7,2,2,2,REFRESH
132.952927295,6,1,7,2,3,2,REFRESH_BACKUP
132.952927295,6,5,7,2,3,2,REFRESH
132.952927297,8,7,7,1,1,2,SWITCH_PRIMARY
132.952927297,8,3,7,2,2,2,SWITCH_PRIMARY
132.952927297,8,4,7,2,2,2,REPLACE_BACKUP
132.952927297,8,6,7,2,2,2,SWITCH_PRIMARY
132.952927297,8,5,7,2,3,2,REPLACE_BACKUP
132.952927540,3,7,7,1,1,2,SWITCH_PRIMARY
132.952927540,3,6,7,2,2,2,REPLACE_BACKUP
132.952927540,3,8,7,2,2,2,SWITCH_PRIMARY
132.952927540,3,1,7,2,3,2,REPLACE_BACKUP
132.952927540,3,5,7,2,3,2,REPLACE_BACKUP
132.952927540,5,7,7,1,1,2,SWITCH_PRIMARY
132.952927540,5,3,7,2,2,2,SWITCH_PRIMARY
132.952927540,5,4,7,2,2,2,REPLACE_BACKUP
132.952927540,5,6,7,2,2,2,SWITCH_PRIMARY
132.952927540,5,0,7,2,3,2,REPLACE_BACKUP
132.952927886,1,7,7,1,2,2,REFRESH
182.489775911,6,0,0,1,1,3,REFRESH
182.489775911,6,3,0,2,2,3,REPLACE_BACKUP
182.489775911,6,4,0,2,2,3,SWITCH_PRIMARY
182.489775911,6,1,0,2,3,3,REPLACE_BACKUP
182.489775911,6,7,0,2,3,3,REPLACE_BACKUP
182.882554683,0,1,1,1,2,3,REFRESH_BACKUP
182.882554683,2,1,1,1,1,3,REFRESH
182.882554683,2,0,1,2,2,3,REFRESH_BACKUP
182.882554683,2,3,1,2,2,3,REFRESH
182.882554683,2,4,1,2,2,3,REPLACE_BACKUP
182.882554683,2,5,1,2,2,3,REPLACE_BACKUP
182.882554683,2,6,1,2,2,3,REFRESH
182.882554683,2,7,1,2,3,3,REFRESH
182.882554683,4,1,1,1,1,3,SWITCH_PRIMARY
182.882554683,4,0,1,2,2,3,REPLACE_BACKUP
182.882554683,4,2,1,2,2,3,SWITCH_PRIMARY
182.882554683,4,3,1,2,2,3,REPLACE_BACKUP
182.882554683,4,5,1,2,2,3,REPLACE_BACKUP
182.882554683,4,6,1,2,2,3,REPLACE_BACKUP
182.882554928,3,1,1,1,1,3,REFRESH
182.882554928,3,0,1,2,2,3,REPLACE_BACKUP
182.882554928,3,2,1,2,2,3,REFRESH
182.882554928,3,4,1,2,2,3,REFRESH_BACKUP
182.882554928,3,5,1,2,2,3,REPLACE_BACKUP
182.882554928,3,7,1,2,3,3,REFRESH_BACKUP
183.670949337,4,3,3,1,1,3,REFRESH
183.670949337,4,1,3,2,2,3,REFRESH_BACKUP
183.670949337,4,6,3,2,2,3,REPLACE_BACKUP
183.670949337,6,3,3,1,1,3,REFRESH
183.670949337,6,0,3,2,2,3,REFRESH_BACKUP
183.670949337,6,1,3,2,2,3,REFRESH
183.670949337,6,4,3,2,2,3,SWITCH_PRIMARY
183.670949337,6,7,3,2,2,3,REPLACE_BACKUP
183.670949337,6,2,3,2,3,3,REFRESH_BACKUP
183.670949337,6,5,3,2,3,3,SWITCH_PRIMARY
183.670950068,8,3,3,1,1,3,SWITCH_PRIMARY
183.670950068,8,0,3,2,2,3,SWITCH_PRIMARY
183.670950068,8,1,3,2,2,3,REPLACE_BACKUP
183.670950068,8,4,3,2,2,3,REPLACE_BACKUP
183.670950068,8,6,3,2,2,3,REPLACE_BACKUP
183.670950068,8,7,3,2,2,3,REPLACE_BACKUP
183.670950068,8,5,3,2,3,3,REPLACE_BACKUP
188.548105875,1,2,2,1,1,3,REFRESH
188.548105875,1,0,2,2,2,3,REFRESH_BACKUP
188.548105875,1,5,2,2,2,3,REPLACE_BACKUP
188.548106466,0,2,2,1,1,3,UPDATE
188.548106466,0,1,2,2,2,3,REPLACE_BACKUP
188.548106466,0,5,2,2,2,3,SWITCH_PRIMARY
188.548106466,0,8,2,2,2,3,SWITCH_PRIMARY
188.548106605,3,2,2,1,1,3,SWITCH_PRIMARY
188.548106605,3,1,2,2,2,3,REPLACE_BACKUP
188.548106605,3,4,2,2,2,3,REPLACE_BACKUP
188.548106605,3,8,2,2,2,3,SWITCH_PRIMARY
188.797228217,4,5,5,1,2,3,REFRESH
188.797228219,8,5,5,1,1,3,REFRESH
188.797228219,8,2,5,2,2,3,REFRESH
188.797228219,8,4,5,2,2,3,REFRESH
188.797228219,8,1,5,2,3,3,REFRESH
188.797228947,6,5,5,1,1,3,SWITCH_PRIMARY
188.797228947,6,2,5,2,2,3,SWITCH_PRIMARY
188.797228947,6,8,5,2,2,3,SWITCH_PRIMARY
188.797228947,6,1,5,2,3,3,REPLACE_BACKUP
189.045368783,4,8,8,1,1,3,REFRESH
189.045368783,4,5,8,2,2,3,SWITCH_PRIMARY
189.829949414,1,4,4,1,1,3,REFRESH
189.829949414,1,0,4,2,2,3,REPLACE_BACKUP
189.829949414,1,6,4,2,2,3,REFRESH_BACKUP
189.829949414,1,7,4,2,2,3,SWITCH_PRIMARY
189.829949414,1,8,4,2,2,3,REFRESH
189.829949414,3,4,4,1,1,3,REFRESH
189.829949414,3,6,4,2,2,3,REPLACE_BACKUP
189.829949414,3,7,4,2,2,3,REPLACE_BACKUP
189.829949414,3,8,4,2,2,3,REPLACE_BACKUP
189.829949414,3,5,4,2,3,3,REFRESH
189.829949414,5,4,4,1,2,3,REFRESH
189.829949414,5,0,4,2,3,3,REFRESH
189.829949414,5,1,4,2,3,3,REFRESH_BACKUP
189.829949414,5,3,4,2,3,3,REFRESH_BACKUP
189.829949414,5,6,4,2,3,3,REFRESH_BACKUP
189.829949414,5,7,4,2,3,3,REFRESH_BACKUP
189.829949414,5,8,4,2,3,3,REFRESH_BACKUP
189.829949414,5,2,4,2,4,3,REFRESH_BACKUP
189.829949414,7,4,4,1,1,3,REFRESH
189.829949414,7,1,4,2,2,3,SWITCH_PRIMARY
189.829949414,7,3,4,2,2,3,REFRESH_BACKUP
189.829949414,7,6,4,2,2,3,REFRESH_BACKUP
189.829949414,7,8,4,2,2,3,REFRESH_BACKUP
189.829949414,7,2,4,2,3,3,REFRESH_BACKUP
189.829949414,7,5,4,2,3,3,REFRESH
189.829949659,2,4,4,1,1,3,REFRESH
189.829949659,2,1,4,2,2,3,REFRESH_BACKUP
189.829949659,2,3,4,2,2,3,SWITCH_PRIMARY
189.829949659,2,6,4,2,2,3,REPLACE_BACKUP
189.829949659,2,7,4,2,2,3,SWITCH_PRIMARY
189.829949660,8,4,4,1,1,3,SWITCH_PRIMARY
189.829949660,8,0,4,2,2,3,REPLACE_BACKUP
189.829949660,8,1,4,2,2,3,SWITCH_PRIMARY
189.829949660,8,3,4,2,2,3,REPLACE_BACKUP
189.829949660,8,6,4,2,2,3,SWITCH_PRIMARY
189.829949660,8,7,4,2,2,3,REPLACE_BACKUP
191.502966419,3,6,6,1,1,3,REFRESH
191.502966419,3,0,6,2,2,3,REPLACE_BACKUP
191.502966419,3,5,6,2,2,3,SWITCH_PRIMARY
191.502966419,7,6,6,1,1,3,REFRESH
191.502966419,7,0,6,2,2,3,REFRESH
191.502966419,7,5,6,2,2,3,SWITCH_PRIMARY
191.502966419,7,2,6,2,3,3,REFRESH
191.502966664,4,6,6,1,1,3,REFRESH
191.502966664,4,3,6,2,2,3,REPLACE_BACKUP
191.502966664,4,5,6,2,2,3,REPLACE_BACKUP
191.502966664,4,7,6,2,2,3,REFRESH_BACKUP
191.502967149,1,6,6,1,1,3,REFRESH
191.502967149,1,3,6,2,2,3,REPLACE_BACKUP
191.502967149,1,5,6,2,2,3,REPLACE_BACKUP
191.502967149,1,7,6,2,2,3,REPLACE_BACKUP
192.888159295,6,7,7,1,1,3,REFRESH
192.888159295,6,4,7,2,2,3,REPLACE_BACKUP
192.888159295,6,8,7,2,2,3,SWITCH_PRIMARY
192.888159295,6,5,7,2,3,3,REPLACE_BACKUP
192.888159297,8,7,7,1,1,3,REFRESH
192.888159297,8,3,7,2,2,3,REPLACE_BACKUP
192.888159297,8,6,7,2,2,3,SWITCH_PRIMARY
192.888159297,8,5,7,2,3,3,REPLACE_BACKUP
192.888160025,2,7,7,1,1,3,SWITCH_PRIMARY
192.888160025,2,6,7,2,2,3,SWITCH_PRIMARY
242.489775320,1,0,0,1,1,4,REFRESH
242.489775320,1,4,0,2,2,4,REPLACE_BACKUP
242.489775320,3,0,0,1,1,4,REFRESH
242.489775320,3,2,0,2,2,4,REPLACE_BACKUP
242.489775320,3,4,0,2,2,4,REPLACE_BACKUP
242.882554683,0,1,1,1,1,4,SWITCH_PRIMARY
242.882554683,0,2,1,2,2,4,REPLACE_BACKUP
242.882554683,0,3,1,2,2,4,REPLACE_BACKUP
242.882554683,0,4,1,2,2,4,REPLACE_BACKUP
242.882554683,0,5,1,2,2,4,REPLACE_BACKUP
242.882554683,0,6,1,2,2,4,SWITCH_PRIMARY
242.882554683,2,1,1,1,1,4,REFRESH
242.882554683,2,0,1,2,2,4,REFRESH_BACKUP
242.882554683,2,3,1,2,2,4,SWITCH_PRIMARY
242.882554683,2,4,1,2,2,4,REFRESH_BACKUP
242.882554683,2,5,1,2,2,4,REFRESH_BACKUP
242.882554683,2,6,1,2,2,4,SWITCH_PRIMARY
242.882554683,4,1,1,1,1,4,REFRESH
242.882554683,4,0,1,2,2,4,REFRESH_BACKUP
242.882554683,4,2,1,2,2,4,REFRESH
242.882554683,4,5,1,2,2,4,REPLACE_BACKUP
242.882554928,5,1,1,1,1,4,UPDATE
242.882554928,5,0,1,2,2,4,SWITCH_PRIMARY
242.882554928,5,2,1,2,2,4,REPLACE_BACKUP
242.882554928,5,3,1,2,2,4,REPLACE_BACKUP
242.882554928,5,4,1,2,2,4,SWITCH_PRIMARY
242.882554928,5,6,1,2,2,4,REPLACE_BACKUP
242.882554928,5,7,1,2,3,4,REPLACE_BACKUP
242.882554928,5,8,1,2,3,4,REPLACE_BACKUP
243.735717337,0,3,3,1,2,4,REFRESH
243.735717337,0,1,3,2,3,4,REFRESH_BACKUP
243.735717337,0,7,3,2,3,4,REFRESH_BACKUP
243.735717337,4,3,3,1,1,4,REFRESH
243.735717337,4,1,3,2,2,4,REFRESH_BACKUP
243.735717337,4,2,3,2,2,4,REPLACE_BACKUP
243.735717337,4,6,3,2,2,4,REFRESH_BACKUP
243.735717337,6,3,3,1,1,4,REFRESH
243.735717337,6,0,3,2,2,4,REFRESH_BACKUP
243.735717337,6,1,3,2,2,4,REFRESH
243.735717337,6,2,3,2,2,4,SWITCH_PRIMARY
243.735717337,6,4,3,2,2,4,REFRESH
243.735717337,6,7,3,2,2,4,REFRESH_BACKUP
243.735717337,6,5,3,2,3,4,REPLACE_BACKUP
243.735717582,1,3,3,1,2,4,REFRESH
243.735717582,7,3,3,1,2,4,REFRESH
243.735717582,7,0,3,2,3,4,REFRESH_BACKUP
243.735717582,7,1,3,2,3,4,REFRESH_BACKUP
243.735717582,7,4,3,2,3,4,REFRESH_BACKUP
243.735718067,2,3,3,1,1,4,SWITCH_PRIMARY
243.735718067,2,0,3,2,2,4,REPLACE_BACKUP
243.735718067,2,1,3,2,2,4,REPLACE_BACKUP
243.735718067,2,4,3,2,2,4,REPLACE_BACKUP
243.735718067,2,6,3,2,2,4,SWITCH_PRIMARY
243.735718067,2,7,3,2,2,4,REPLACE_BACKUP
248.612873875,5,2,2,1,2,4,REFRESH
248.612873875,5,0,2,2,3,4,REPLACE_BACKUP
248.612874120,4,2,2,1,1,4,SWITCH_PRIMARY
248.612874120,4,3,2,2,2,4,REPLACE_BACKUP
248.612874120,4,5,2,2,2,4,REPLACE_BACKUP
248.612874466,0,2,2,1,2,4,REFRESH
248.612874466,0,1,2,2,3,4,REPLACE_BACKUP
248.612874466,0,5,2,2,3,4,REFRESH
248.612874466,0,7,2,2,3,4,REPLACE_BACKUP
248.612874466,0,8,2,2,3,4,REFRESH
248.797228217,4,5,5,1,1,4,SWITCH_PRIMARY
248.797228217,4,1,5,2,2,4,REPLACE_BACKUP
248.797228217,4,8,5,2,2,4,REPLACE_BACKUP
248.797228462,7,5,5,1,1,4,SWITCH_PRIMARY
248.797228462,7,1,5,2,2,4,SWITCH_PRIMARY
248.797228462,7,0,5,2,3,4,REPLACE_BACKUP
248.797228462,7,4,5,2,3,4,REPLACE_BACKUP
248.797228462,7,2,5,2,3,4,REPLACE_BACKUP
249.829949414,1,4,4,1,1,4,REFRESH
249.829949414,1,0,4,2,2,4,REFRESH_BACKUP
249.829949414,1,2,4,2,2,4,REPLACE_BACKUP
249.829949414,1,3,4,2,2,4,SWITCH_PRIMARY
249.829949414,1,5,4,2,2,4,REPLACE_BACKUP
249.829949414,1,6,4,2,2,4,REFRESH_BACKUP
249.829949414,1,7,4,2,2,4,REFRESH
249.829949414,1,8,4,2,2,4,REFRESH
249.829949414,3,4,4,1,1,4,REFRESH
249.829949414,3,1,4,2,2,4,REPLACE_BACKUP
249.829949414,3,2,4,2,2,4,REPLACE_BACKUP
249.829949414,3,5,4,2,2,4,SWITCH_PRIMARY
249.829949414,3,6,4,2,2,4,REFRESH_BACKUP
249.829949414,3,7,4,2,2,4,REFRESH_BACKUP
249.829949414,3,8,4,2,2,4,REFRESH_BACKUP
249.829949414,5,4,4,1,1,4,SWITCH_PRIMARY
249.829949414,5,0,4,2,2,4,REPLACE_BACKUP
249.829949414,5,1,4,2,2,4,REFRESH_BACKUP
249.829949414,5,2,4,2,2,4,SWITCH_PRIMARY
249.829949414,5,3,4,2,2,4,SWITCH_PRIMARY
249.829949414,5,7,4,2,2,4,REPLACE_BACKUP
249.829949414,5,8,4,2,2,4,REPLACE_BACKUP
249.829949414,7,4,4,1,1,4,REFRESH
249.829949414,7,0,4,2,2,4,SWITCH_PRIMARY
249.829949414,7,1,4,2,2,4,REFRESH_BACKUP
249.829949414,7,2,4,2,2,4,SWITCH_PRIMARY
249.829949414,7,3,4,2,2,4,SWITCH_PRIMARY
249.829949414,7,5,4,2,2,4,REPLACE_BACKUP
249.829949414,7,6,4,2,2,4,REFRESH_BACKUP
249.829949414,7,8,4,2,2,4,REFRESH_BACKUP
249.829949659,0,4,4,1,1,4,REFRESH
249.829949659,0,1,4,2,2,4,REPLACE_BACKUP
249.829949659,0,2,4,2,2,4,SWITCH_PRIMARY
249.829949659,0,3,4,2,2,4,SWITCH_PRIMARY
249.829949659,0,5,4,2,2,4,SWITCH_PRIMARY
249.829949659,0,6,4,2,2,4,SWITCH_PRIMARY
249.829949659,0,7,4,2,2,4,REFRESH
249.829949659,0,8,4,2,2,4,SWITCH_PRIMARY
249.829949659,2,4,4,1,1,4,REFRESH
249.829949659,2,0,4,2,2,4,REPLACE_BACKUP
249.829949659,2,1,4,2,2,4,REPLACE_BACKUP
249.829949659,2,6,4,2,2,4,SWITCH_PRIMARY
249.829949659,2,7,4,2,2,4,REPLACE_BACKUP
249.829949660,8,4,4,1,1,4,REFRESH
249.829949660,8,0,4,2,2,4,REFRESH_BACKUP
249.829949660,8,1,4,2,2,4,REFRESH
249.829949660,8,2,4,2,2,4,REPLACE_BACKUP
249.829949660,8,3,4,2,2,4,REPLACE_BACKUP
249.829949660,8,5,4,2,2,4,REPLACE_BACKUP
249.829949660,8,6,4,2,2,4,REFRESH_BACKUP
249.829949660,8,7,4,2,2,4,REFRESH_BACKUP
251.438198419,3,6,6,1,1,4,REFRESH
251.438198419,3,0,6,2,2,4,REFRESH_BACKUP
251.438198419,3,5,6,2,2,4,REFRESH_BACKUP
251.438198419,3,7,6,2,2,4,REPLACE_BACKUP
251.438198419,7,6,6,1,1,4,REFRESH
251.438198419,7,0,6,2,2,4,SWITCH_PRIMARY
251.438198419,7,3,6,2,2,4,SWITCH_PRIMARY
251.438198419,7,2,6,2,3,4,REFRESH_BACKUP
252.952927295,4,7,7,1,1,4,REFRESH
252.952927295,4,5,7,2,2,4,REPLACE_BACKUP
252.952927295,6,7,7,1,1,4,REFRESH
252.952927295,6,4,7,2,2,4,SWITCH_PRIMARY
252.952927295,6,5,7,2,2,4,REPLACE_BACKUP
252.952927295,6,8,7,2,2,4,REFRESH
252.952927297,8,7,7,1,1,4,REFRESH
252.952927297,8,4,7,2,2,4,REPLACE_BACKUP
252.952927297,8,6,7,2,2,4,REFRESH
252.952927540,3,7,7,1,2,4,REFRESH
252.952927540,5,7,7,1,2,4,REFRESH
252.952927540,5,6,7,2,3,4,REFRESH
252.952927540,5,3,7,2,4,4,REFRESH_BACKUP
302.489775320,3,0,0,1,1,5,REFRESH
302.489775320,3,1,0,2,2,5,REPLACE_BACKUP
302.489775320,3,4,0,2,2,5,REFRESH_BACKUP
302.489775565,4,0,0,1,1,5,REFRESH
302.882554683,0,1,1,1,1,5,REFRESH
302.882554683,0,2,1,2,2,5,SWITCH_PRIMARY
302.882554683,0,4,1,2,2,5,REFRESH_BACKUP
302.882554683,0,5,1,2,2,5,SWITCH_PRIMARY
302.882554683,0,6,1,2,2,5,SWITCH_PRIMARY
302.882554683,0,7,1,2,3,5,REPLACE_BACKUP
302.882554683,0,8,1,2,3,5,REPLACE_BACKUP
302.882554683,2,1,1,1,1,5,REFRESH
302.882554683,2,5,1,2,2,5,REFRESH_BACKUP
302.882554683,2,6,1,2,2,5,REPLACE_BACKUP
302.882554683,2,3,1,2,3,5,REFRESH_BACKUP
302.882554683,4,1,1,1,1,5,REFRESH
302.882554683,4,0,1,2,2,5,REFRESH_BACKUP
302.882554683,4,2,1,2,2,5,REFRESH_BACKUP
302.882554683,4,5,1,2,2,5,REPLACE_BACKUP
303.670949337,0,3,3,1,1,5,SWITCH_PRIMARY
303.670949337,0,4,3,2,2,5,REPLACE_BACKUP
303.670949337,0,6,3,2,2,5,SWITCH_PRIMARY
303.670949337,4,3,3,1,1,5,REFRESH
303.670949337,4,0,3,2,2,5,REPLACE_BACKUP
303.670949337,4,1,3,2,2,5,REPLACE_BACKUP
303.670949337,4,2,3,2,2,5,REPLACE_BACKUP
303.670949337,4,6,3,2,2,5,REFRESH_BACKUP
303.670949337,6,3,3,1,1,5,REFRESH
303.670949337,6,0,3,2,2,5,REFRESH_BACKUP
303.670949337,6,1,3,2,2,5,REFRESH
303.670949337,6,2,3,2,2,5,REFRESH
303.670949337,6,4,3,2,2,5,SWITCH_PRIMARY
303.670949337,6,7,3,2,3,5,REFRESH_BACKUP
303.670949582,1,3,3,1,1,5,SWITCH_PRIMARY
303.670949582,1,2,3,2,2,5,REPLACE_BACKUP
303.670949582,1,6,3,2,2,5,REPLACE_BACKUP
303.670949928,5,3,3,1,1,5,SWITCH_PRIMARY
303.670949928,5,0,3,2,2,5,REPLACE_BACKUP
303.670949928,5,1,3,2,2,5,REPLACE_BACKUP
303.670949928,5,2,3,2,2,5,REPLACE_BACKUP
303.670949928,5,4,3,2,2,5,REPLACE_BACKUP
303.670949928,5,6,3,2,2,5,SWITCH_PRIMARY
303.670950068,8,3,3,1,1,5,REFRESH
303.670950068,8,0,3,2,2,5,REFRESH
303.670950068,8,1,3,2,2,5,SWITCH_PRIMARY
308.612873875,1,2,2,1,1,5,REFRESH
308.612873875,1,0,2,2,2,5,REPLACE_BACKUP
308.612873875,1,3,2,2,2,5,REPLACE_BACKUP
308.612873875,1,4,2,2,2,5,REPLACE_BACKUP
308.612873875,1,8,2,2,2,5,SWITCH_PRIMARY
308.612874120,4,2,2,1,2,5,REFRESH
308.612874120,4,3,2,2,3,5,REFRESH_BACKUP
308.861996217,2,5,5,1,1,5,REFRESH
308.861996217,2,3,5,2,2,5,REPLACE_BACKUP
308.861996217,2,8,5,2,2,5,REFRESH_BACKUP
308.861996217,4,5,5,1,1,5,REFRESH
308.861996217,4,3,5,2,2,5,REPLACE_BACKUP
308.861996217,4,8,5,2,2,5,REFRESH_BACKUP
308.861996219,8,5,5,1,1,5,REFRESH
308.861996219,8,1,5,2,2,5,SWITCH_PRIMARY
308.861996219,8,3,5,2,2,5,REPLACE_BACKUP
308.861996219,8,2,5,2,3,5,REFRESH
308.861996462,7,5,5,1,1,5,REFRESH
308.861996462,7,1,5,2,2,5,REFRESH
308.861996462,7,3,5,2,2,5,REPLACE_BACKUP
308.861996462,7,4,5,2,2,5,REFRESH_BACKUP
308.861996462,7,2,5,2,3,5,REPLACE_BACKUP
308.861996947,6,5,5,1,2,5,REFRESH
308.861996947,6,1,5,2,3,5,REFRESH_BACKUP
308.861996947,6,8,5,2,3,5,REFRESH_BACKUP
308.861996947,6,2,5,2,4,5,REFRESH_BACKUP
309.110136539,5,8,8,1,1,5,REFRESH
309.110136539,5,3,8,2,2,5,REPLACE_BACKUP
309.110136539,5,7,8,2,2,5,SWITCH_PRIMARY
309.110136539,5,6,8,2,3,5,REPLACE_BACKUP
309.894717414,1,4,4,1,1,5,REFRESH
309.894717414,1,0,4,2,2,5,REPLACE_BACKUP
309.894717414,1,3,4,2,2,5,REPLACE_BACKUP
309.894717414,1,5,4,2,2,5,REFRESH_BACKUP
309.894717414,1,6,4,2,2,5,REPLACE_BACKUP
309.894717414,1,7,4,2,2,5,REFRESH
309.894717414,1,8,4,2,2,5,SWITCH_PRIMARY
309.894717414,3,4,4,1,2,5,REFRESH
309.894717414,3,5,4,2,3,5,REFRESH
309.894717414,3,6,4,2,3,5,REFRESH_BACKUP
309.894717414,3,8,4,2,3,5,REFRESH_BACKUP
309.894717414,3,2,4,2,4,5,REFRESH_BACKUP
309.894717414,5,4,4,1,1,5,REFRESH
309.894717414,5,0,4,2,2,5,SWITCH_PRIMARY
309.894717414,5,3,4,2,2,5,REPLACE_BACKUP
309.894717414,5,6,4,2,2,5,SWITCH_PRIMARY
309.894717414,5,7,4,2,2,5,REPLACE_BACKUP
309.894717414,5,8,4,2,2,5,REFRESH_BACKUP
309.894717414,5,2,4,2,3,5,REFRESH
309.894717414,7,4,4,1,1,5,REFRESH
309.894717414,7,0,4,2,2,5,REFRESH_BACKUP
309.894717414,7,1,4,2,2,5,REFRESH_BACKUP
309.894717414,7,3,4,2,2,5,SWITCH_PRIMARY
309.894717414,7,5,4,2,2,5,REFRESH_BACKUP
309.894717414,7,6,4,2,2,5,REFRESH_BACKUP
309.894717414,7,8,4,2,2,5,REFRESH_BACKUP
309.894717414,7,2,4,2,3,5,REFRESH
309.894717659,0,4,4,1,2,5,REFRESH
309.894717659,0,1,4,2,3,5,REFRESH_BACKUP
309.894717659,0,3,4,2,3,5,REFRESH_BACKUP
309.894717659,0,5,4,2,3,5,REFRESH_BACKUP
309.894717659,0,7,4,2,3,5,REFRESH
309.894717659,0,8,4,2,3,5,REFRESH
309.894717659,0,2,4,2,4,5,REFRESH_BACKUP
309.894717659,2,4,4,1,1,5,REFRESH
309.894717659,2,0,4,2,2,5,REFRESH_BACKUP
309.894717659,2,1,4,2,2,5,REFRESH_BACKUP
309.894717659,2,3,4,2,2,5,REPLACE_BACKUP
309.894717659,2,5,4,2,2,5,REPLACE_BACKUP
309.894717659,2,6,4,2,2,5,REFRESH
309.894717659,2,7,4,2,2,5,REFRESH_BACKUP
309.894717660,8,4,4,1,1,5,REFRESH
309.894717660,8,0,4,2,2,5,SWITCH_PRIMARY
309.894717660,8,1,4,2,2,5,SWITCH_PRIMARY
309.894717660,8,5,4,2,2,5,REFRESH_BACKUP
309.894717660,8,6,4,2,2,5,SWITCH_PRIMARY
309.894717660,8,7,4,2,2,5,REFRESH_BACKUP
309.894717660,8,2,4,2,3,5,REFRESH_BACKUP
311.438198419,7,6,6,1,1,5,REFRESH
311.438198419,7,0,6,2,2,5,REFRESH
311.438198419,7,3,6,2,2,5,REFRESH_BACKUP
312.952927295,4,7,7,1,1,5,REFRESH
312.952927295,4,6,7,2,2,5,REPLACE_BACKUP
312.952927295,6,7,7,1,1,5,REFRESH
312.952927295,6,4,7,2,2,5,SWITCH_PRIMARY
312.952927295,6,5,7,2,2,5,SWITCH_PRIMARY
312.952927295,6,8,7,2,2,5,REFRESH
312.952927295,6,1,7,2,3,5,REPLACE_BACKUP
312.952927295,6,2,7,2,4,5,REPLACE_BACKUP
312.952927297,8,7,7,1,1,5,REFRESH
312.952927297,8,4,7,2,2,5,REFRESH_BACKUP
312.952927297,8,5,7,2,2,5,REPLACE_BACKUP
312.952927297,8,6,7,2,2,5,REFRESH_BACKUP
312.952927540,3,7,7,1,1,5,UPDATE
312.952927540,3,4,7,2,2,5,SWITCH_PRIMARY
312.952927540,3,5,7,2,2,5,SWITCH_PRIMARY
312.952927540,3,6,7,2,2,5,REPLACE_BACKUP
312.952927540,3,8,7,2,2,5,REPLACE_BACKUP
312.952927540,3,2,7,2,4,5,REPLACE_BACKUP
312.952927540,5,7,7,1,1,5,SWITCH_PRIMARY
312.952927540,5,4,7,2,2,5,REPLACE_BACKUP
312.952927540,5,6,7,2,2,5,SWITCH_PRIMARY
312.952927540,5,8,7,2,2,5,REPLACE_BACKUP
362.489775320,1,0,0,1,1,6,REFRESH
362.489775320,3,0,0,1,2,6,REFRESH
362.489775320,3,1,0,2,3,6,REFRESH_BACKUP
362.489775565,4,0,0,1,1,6,REFRESH
362.489775565,4,1,0,2,2,6,REPLACE_BACKUP
362.489776050,5,0,0,1,1,6,SWITCH_PRIMARY
362.489776050,5,3,0,2,2,6,REPLACE_BACKUP
362.489776050,7,0,0,1,1,6,SWITCH_PRIMARY
362.489776050,7,1,0,2,2,6,REPLACE_BACKUP
362.489776050,7,3,0,2,2,6,SWITCH_PRIMARY
362.489776050,7,2,0,2,3,6,SWITCH_PRIMARY
362.882554683,0,1,1,1,1,6,REFRESH
362.882554683,0,2,1,2,2,6,REFRESH
362.882554683,0,3,1,2,2,6,REPLACE_BACKUP
362.882554683,0,4,1,2,2,6,SWITCH_PRIMARY
362.882554683,0,5,1,2,2,6,REFRESH
362.882554683,0,6,1,2,2,6,SWITCH_PRIMARY
362.882554683,0,7,1,2,3,6,SWITCH_PRIMARY
362.882554683,0,8,1,2,3,6,SWITCH_PRIMARY
362.882554683,2,1,1,1,1,6,REFRESH
362.882554683,2,3,1,2,2,6,REPLACE_BACKUP
362.882554683,2,5,1,2,2,6,REPLACE_BACKUP
362.882554683,2,6,1,2,2,6,SWITCH_PRIMARY
362.882554683,4,1,1,1,1,6,REFRESH
362.882554683,4,2,1,2,2,6,SWITCH_PRIMARY
362.882554683,4,5,1,2,2,6,REFRESH_BACKUP
362.882554683,4,6,1,2,2,6,REPLACE_BACKUP
362.882555274,7,1,1,1,1,6,SWITCH_PRIMARY
362.882555274,7,2,1,2,2,6,SWITCH_PRIMARY
362.882555274,7,3,1,2,2,6,SWITCH_PRIMARY
362.882555274,7,5,1,2,2,6,REPLACE_BACKUP
363.670949337,0,3,3,1,1,6,REFRESH
363.670949337,0,1,3,2,2,6,REPLACE_BACKUP
363.670949337,0,2,3,2,2,6,SWITCH_PRIMARY
363.670949337,0,6,3,2,2,6,SWITCH_PRIMARY
363.670949337,0,7,3,2,2,6,SWITCH_PRIMARY
363.670949337,0,5,3,2,3,6,REPLACE_BACKUP
363.670949337,0,8,3,2,3,6,SWITCH_PRIMARY
363.670949337,4,3,3,1,1,6,REFRESH
363.670949337,4,2,3,2,2,6,REPLACE_BACKUP
363.670949337,4,6,3,2,2,6,REPLACE_BACKUP
363.670949337,4,7,3,2,2,6,REPLACE_BACKUP
363.670949337,4,0,3,2,3,6,REFRESH_BACKUP
363.670949337,6,3,3,1,1,6,REFRESH
363.670949337,6,1,3,2,2,6,REFRESH
363.670949337,6,2,3,2,2,6,REFRESH
363.670949337,6,7,3,2,2,6,REFRESH_BACKUP
363.670949337,6,4,3,2,3,6,REFRESH_BACKUP
363.670949337,6,8,3,2,3,6,REPLACE_BACKUP
363.670949337,6,0,3,2,3,6,REFRESH_BACKUP
363.670949582,1,3,3,1,1,6,REFRESH
363.670949582,1,2,3,2,2,6,REFRESH_BACKUP
363.670949582,1,7,3,2,2,6,SWITCH_PRIMARY
368.548105875,1,2,2,1,1,6,REFRESH
368.548105875,1,4,2,2,2,6,REFRESH_BACKUP
368.548105875,1,5,2,2,2,6,REPLACE_BACKUP
368.548105875,1,8,2,2,2,6,SWITCH_PRIMARY
368.548105875,5,2,2,1,1,6,SWITCH_PRIMARY
368.548105875,5,1,2,2,2,6,REPLACE_BACKUP
368.548105875,5,3,2,2,2,6,REPLACE_BACKUP
368.548105875,5,7,2,2,2,6,REPLACE_BACKUP
368.548105875,5,8,2,2,2,6,REPLACE_BACKUP
368.548106120,4,2,2,1,1,6,SWITCH_PRIMARY
368.548106120,4,0,2,2,2,6,REPLACE_BACKUP
368.548106120,4,3,2,2,2,6,REPLACE_BACKUP
368.548106120,4,5,2,2,2,6,REPLACE_BACKUP
368.548106120,4,7,2,2,2,6,REPLACE_BACKUP
368.548106466,0,2,2,1,1,6,SWITCH_PRIMARY
368.548106466,0,4,2,2,2,6,SWITCH_PRIMARY
368.548106466,0,5,2,2,2,6,SWITCH_PRIMARY
368.548106466,0,7,2,2,2,6,SWITCH_PRIMARY
368.548106466,0,8,2,2,2,6,SWITCH_PRIMARY
368.861996217,2,5,5,1,1,6,REFRESH
368.861996217,2,1,5,2,2,6,REPLACE_BACKUP
368.861996217,2,4,5,2,2,6,REPLACE_BACKUP
368.861996217,2,7,5,2,2,6,REPLACE_BACKUP
368.861996217,2,8,5,2,2,6,REFRESH_BACKUP
368.861996217,4,5,5,1,1,6,REFRESH
368.861996217,4,1,5,2,2,6,REPLACE_BACKUP
368.861996217,4,2,5,2,2,6,REPLACE_BACKUP
368.861996217,4,3,5,2,2,6,REPLACE_BACKUP
368.861996217,4,8,5,2,2,6,REFRESH_BACKUP
368.861996219,8,5,5,1,1,6,REFRESH
368.861996219,8,0,5,2,2,6,SWITCH_PRIMARY
368.861996219,8,1,5,2,2,6,REFRESH_BACKUP
368.861996219,8,2,5,2,2,6,UPDATE
368.861996219,8,3,5,2,2,6,REFRESH_BACKUP
368.861996219,8,4,5,2,2,6,REPLACE_BACKUP
368.861996462,1,5,5,1,2,6,REFRESH
368.861996462,7,5,5,1,1,6,REFRESH
368.861996462,7,0,5,2,2,6,REPLACE_BACKUP
368.861996462,7,1,5,2,2,6,REFRESH_BACKUP
368.861996462,7,2,5,2,2,6,SWITCH_PRIMARY
368.861996462,7,3,5,2,2,6,REPLACE_BACKUP
368.861996462,7,4,5,2,2,6,REFRESH_BACKUP
368.861996462,7,8,5,2,2,6,REPLACE_BACKUP
368.861996808,3,5,5,1,2,6,REPLACE_BACKUP
368.861996808,3,1,5,2,3,6,REPLACE_BACKUP
368.861996808,3,2,5,2,3,6,REPLACE_BACKUP
369.045368539,5,8,8,1,1,6,REFRESH
369.045368539,5,3,8,2,2,6,REPLACE_BACKUP
369.045368539,5,4,8,2,2,6,REPLACE_BACKUP
369.045368539,5,7,8,2,2,6,REPLACE_BACKUP
369.045368539,5,2,8,2,3,6,REPLACE_BACKUP
369.894717414,1,4,4,1,2,6,REFRESH
369.894717414,1,0,4,2,3,6,REFRESH_BACKUP
369.894717414,1,3,4,2,3,6,REFRESH_BACKUP
369.894717414,1,6,4,2,3,6,REFRESH_BACKUP
369.894717414,1,7,4,2,3,6,REFRESH_BACKUP
369.894717414,1,8,4,2,3,6,REFRESH_BACKUP
369.894717414,3,4,4,1,1,6,SWITCH_PRIMARY
369.894717414,3,0,4,2,2,6,SWITCH_PRIMARY
369.894717414,3,1,4,2,2,6,REPLACE_BACKUP
369.894717414,3,2,4,2,2,6,REPLACE_BACKUP
369.894717414,3,5,4,2,2,6,SWITCH_PRIMARY
369.894717414,3,6,4,2,2,6,REPLACE_BACKUP
369.894717414,3,8,4,2,2,6,SWITCH_PRIMARY
369.894717414,5,4,4,1,1,6,REFRESH
369.894717414,5,0,4,2,2,6,REFRESH_BACKUP
369.894717414,5,1,4,2,2,6,REPLACE_BACKUP
369.894717414,5,2,4,2,2,6,REPLACE_BACKUP
369.894717414,5,3,4,2,2,6,REPLACE_BACKUP
369.894717414,5,6,4,2,2,6,SWITCH_PRIMARY
369.894717414,7,4,4,1,1,6,REFRESH
369.894717414,7,1,4,2,2,6,REPLACE_BACKUP
369.894717414,7,2,4,2,2,6,SWITCH_PRIMARY
369.894717414,7,3,4,2,2,6,REPLACE_BACKUP
369.894717414,7,5,4,2,2,6,REPLACE_BACKUP
369.894717414,7,6,4,2,2,6,REFRESH_BACKUP
369.894717659,2,4,4,1,1,6,REFRESH
369.894717659,2,0,4,2,2,6,REFRESH_BACKUP
369.894717659,2,3,4,2,2,6,REPLACE_BACKUP
369.894717659,2,6,4,2,2,6,REFRESH_BACKUP
369.894717659,2,8,4,2,2,6,REPLACE_BACKUP
369.894717660,8,4,4,1,1,6,REFRESH
369.894717660,8,0,4,2,2,6,SWITCH_PRIMARY
369.894717660,8,1,4,2,2,6,REFRESH
369.894717660,8,2,4,2,2,6,SWITCH_PRIMARY
369.894717660,8,5,4,2,2,6,REPLACE_BACKUP
369.894717660,8,6,4,2,2,6,REFRESH
369.894717660,8,7,4,2,2,6,REFRESH_BACKUP
371.438198419,3,6,6,1,2,6,REFRESH
371.438198419,3,7,6,2,3,6,REFRESH_BACKUP
371.438198419,7,6,6,1,1,6,REFRESH
371.438198419,7,0,6,2,2,6,REPLACE_BACKUP
371.438198419,7,3,6,2,2,6,SWITCH_PRIMARY
371.438198664,4,6,6,1,2,6,REFRESH
372.888159295,4,7,7,1,1,6,REFRESH
372.888159295,4,6,7,2,2,6,SWITCH_PRIMARY
372.888159295,4,8,7,2,2,6,REPLACE_BACKUP
372.888159297,8,7,7,1,1,6,REFRESH
372.888159297,8,0,7,2,2,6,SWITCH_PRIMARY
372.888159297,8,5,7,2,2,6,REPLACE_BACKUP
372.888159297,8,6,7,2,2,6,SWITCH_PRIMARY
372.888159540,3,7,7,1,1,6,REFRESH
372.888159540,3,0,7,2,2,6,REPLACE_BACKUP
372.888159540,3,4,7,2,2,6,REFRESH_BACKUP
372.888159540,3,5,7,2,2,6,SWITCH_PRIMARY
372.888159540,3,6,7,2,2,6,SWITCH_PRIMARY
372.888159886,1,7,7,1,1,6,SWITCH_PRIMARY
372.888159886,1,0,7,2,2,6,REPLACE_BACKUP
372.888159886,1,4,7,2,2,6,SWITCH_PRIMARY
372.888159886,1,5,7,2,2,6,SWITCH_PRIMARY
372.888159886,1,6,7,2,2,6,REPLACE_BACKUP
372.888159886,1,8,7,2,2,6,SWITCH_PRIMARY
372.888159886,1,3,7,2,3,6,REPLACE_BACKUP
422.554543320,1,0,0,1,1,7,REFRESH
422.554543320,1,3,0,2,2,7,REPLACE_BACKUP
422.554543320,3,0,0,1,1,7,SWITCH_PRIMARY
422.554543320,3,1,0,2,2,7,REPLACE_BACKUP
422.554543320,3,7,0,2,3,7,REPLACE_BACKUP
422.554543911,6,0,0,1,2,7,REFRESH
422.554543911,6,2,0,2,3,7,REPLACE_BACKUP
422.554543911,6,3,0,2,3,7,REFRESH_BACKUP
422.882554683,0,1,1,1,1,7,REFRESH
422.882554683,0,2,1,2,2,7,REPLACE_BACKUP
422.882554683,0,3,1,2,2,7,REFRESH_BACKUP
422.882554683,0,6,1,2,2,7,REFRESH_BACKUP
422.882554683,0,7,1,2,2,7,SWITCH_PRIMARY
422.882554683,0,4,1,2,3,7,REFRESH_BACKUP
422.882554683,0,5,1,2,3,7,REFRESH_BACKUP
422.882554683,0,8,1,2,3,7,REPLACE_BACKUP
422.882554683,2,1,1,1,1,7,REFRESH
422.882554683,2,0,1,2,2,7,REPLACE_BACKUP
422.882554683,2,3,1,2,2,7,REPLACE_BACKUP
422.882554683,2,6,1,2,2,7,REFRESH
422.882554683,2,5,1,2,3,7,REFRESH_BACKUP
422.882554683,4,1,1,1,1,7,REFRESH
422.882554683,4,6,1,2,2,7,REPLACE_BACKUP
422.882554683,4,7,1,2,2,7,REPLACE_BACKUP
422.882554928,5,1,1,1,1,7,REFRESH
422.882554928,5,0,1,2,2,7,REPLACE_BACKUP
422.882554928,5,6,1,2,2,7,REPLACE_BACKUP
422.882555274,7,1,1,1,1,7,REFRESH
422.882555274,7,0,1,2,2,7,REPLACE_BACKUP
422.882555274,7,2,1,2,2,7,SWITCH_PRIMARY
422.882555274,7,3,1,2,2,7,REFRESH_BACKUP
422.882555274,7,6,1,2,2,7,REPLACE_BACKUP
423.670949337,0,3,3,1,1,7,REFRESH
423.670949337,0,1,3,2,2,7,REFRESH_BACKUP
423.670949337,0,2,3,2,2,7,REPLACE_BACKUP
423.670949337,0,4,3,2,2,7,SWITCH_PRIMARY
423.670949337,0,7,3,2,2,7,SWITCH_PRIMARY
423.670949337,0,5,3,2,3,7,REPLACE_BACKUP
423.670949337,0,6,3,2,3,7,REFRESH
423.670949337,4,3,3,1,1,7,REFRESH
423.670949337,4,0,3,2,2,7,REPLACE_BACKUP
423.670949337,6,3,3,1,1,7,REFRESH
423.670949337,6,0,3,2,2,7,SWITCH_PRIMARY
423.670949337,6,1,3,2,2,7,REFRESH
423.670949337,6,2,3,2,2,7,REFRESH
423.670949337,6,4,3,2,2,7,SWITCH_PRIMARY
423.670949337,6,7,3,2,2,7,REFRESH_BACKUP
423.670949337,6,8,3,2,3,7,REFRESH_BACKUP
423.670949582,1,3,3,1,1,7,REFRESH
423.670949582,1,0,3,2,2,7,REPLACE_BACKUP
423.670949582,1,2,3,2,2,7,REFRESH_BACKUP
423.670949582,1,4,3,2,2,7,REPLACE_BACKUP
423.670949582,1,7,3,2,2,7,REFRESH_BACKUP
423.670949928,5,3,3,1,1,7,REFRESH
423.670949928,5,0,3,2,2,7,REPLACE_BACKUP
423.670949928,5,1,3,2,2,7,REPLACE_BACKUP
428.548105875,1,2,2,1,1,7,REFRESH
428.548105875,1,5,2,2,2,7,REPLACE_BACKUP
428.548105875,1,7,2,2,2,7,REPLACE_BACKUP
428.548105875,1,8,2,2,2,7,REFRESH_BACKUP
428.548106120,4,2,2,1,1,7,REFRESH
428.548106120,4,0,2,2,2,7,REPLACE_BACKUP
428.548106120,4,5,2,2,2,7,REFRESH_BACKUP
428.548106120,4,7,2,2,2,7,REPLACE_BACKUP
428.548106466,0,2,2,1,1,7,REFRESH
428.548106466,0,1,2,2,2,7,REPLACE_BACKUP
428.548106466,0,3,2,2,2,7,REPLACE_BACKUP
428.548106466,0,4,2,2,2,7,REFRESH_BACKUP
428.548106466,0,5,2,2,2,7,REFRESH
428.548106466,0,7,2,2,2,7,SWITCH_PRIMARY
428.548106466,0,8,2,2,2,7,REFRESH
428.797228462,1,5,5,1,1,7,SWITCH_PRIMARY
428.797228462,1,0,5,2,2,7,REPLACE_BACKUP
428.797228462,1,4,5,2,2,7,SWITCH_PRIMARY
428.797228462,1,8,5,2,2,7,SWITCH_PRIMARY
429.045368539,5,8,8,1,1,7,REFRESH
429.045368539,5,4,8,2,2,7,REFRESH_BACKUP
429.045368539,5,7,8,2,2,7,REFRESH_BACKUP
429.045368783,4,8,8,1,1,7,REFRESH
429.045368783,4,3,8,2,2,7,REPLACE_BACKUP
429.045368783,4,5,8,2,2,7,REPLACE_BACKUP
429.829949414,1,4,4,1,1,7,SWITCH_PRIMARY
429.829949414,3,4,4,1,1,7,REFRESH
429.829949414,3,0,4,2,2,7,REFRESH_BACKUP
429.829949414,3,1,4,2,2,7,REPLACE_BACKUP
429.829949414,3,2,4,2,2,7,REFRESH_BACKUP
429.829949414,3,5,4,2,2,7,SWITCH_PRIMARY
429.829949414,3,7,4,2,2,7,REPLACE_BACKUP
429.829949414,3,8,4,2,2,7,REFRESH
429.829949414,5,4,4,1,1,7,REFRESH
429.829949414,5,2,4,2,2,7,REFRESH_BACKUP
429.829949414,5,3,4,2,2,7,REFRESH_BACKUP
429.829949414,5,7,4,2,2,7,REPLACE_BACKUP
429.829949414,5,8,4,2,2,7,REPLACE_BACKUP
429.829949414,5,6,4,2,3,7,REFRESH
429.829949414,7,4,4,1,1,7,REFRESH
429.829949414,7,0,4,2,2,7,REPLACE_BACKUP
429.829949414,7,1,4,2,2,7,REFRESH_BACKUP
429.829949414,7,2,4,2,2,7,REFRESH_BACKUP
429.829949414,7,3,4,2,2,7,SWITCH_PRIMARY
429.829949414,7,5,4,2,2,7,REFRESH_BACKUP
429.829949659,2,4,4,1,1,7,REFRESH
429.829949659,2,3,4,2,2,7,REPLACE_BACKUP
429.829949659,2,5,4,2,2,7,REPLACE_BACKUP
429.829949659,2,7,4,2,2,7,REPLACE_BACKUP
429.829949659,2,8,4,2,2,7,REFRESH_BACKUP
429.829949659,2,6,4,2,3,7,REFRESH_BACKUP
429.829949659,6,4,4,1,1,7,SWITCH_PRIMARY
429.829949659,6,0,4,2,2,7,SWITCH_PRIMARY
429.829949659,6,1,4,2,2,7,SWITCH_PRIMARY
429.829949659,6,2,4,2,2,7,REPLACE_BACKUP
429.829949659,6,3,4,2,2,7,REPLACE_BACKUP
429.829949659,6,5,4,2,2,7,REPLACE_BACKUP
429.829949659,6,8,4,2,2,7,SWITCH_PRIMARY
429.829949660,8,4,4,1,1,7,REFRESH
429.829949660,8,0,4,2,2,7,REFRESH_BACKUP
429.829949660,8,1,4,2,2,7,REFRESH
429.829949660,8,2,4,2,2,7,REFRESH
429.829949660,8,5,4,2,2,7,REPLACE_BACKUP
429.829949660,8,7,4,2,2,7,REFRESH_BACKUP
429.829949660,8,6,4,2,3,7,REFRESH_BACKUP
431.502966419,3,6,6,1,2,7,REFRESH_BACKUP
431.502966419,7,6,6,1,1,7,REFRESH
431.502966419,7,3,6,2,2,7,SWITCH_PRIMARY
431.502966419,7,4,6,2,2,7,REPLACE_BACKUP
431.502967149,1,6,6,1,1,7,REFRESH
431.502967149,1,3,6,2,2,7,REPLACE_BACKUP
431.502967149,1,4,6,2,2,7,REPLACE_BACKUP
431.502967149,1,7,6,2,2,7,REPLACE_BACKUP
431.502967149,5,6,6,1,2,7,SWITCH_PRIMARY
432.883039295,4,7,7,1,1,7,REFRESH
432.883039295,4,6,7,2,2,7,REFRESH
432.883039295,6,7,7,1,1,7,REFRESH
432.883039295,6,0,7,2,2,7,SWITCH_PRIMARY
432.883039295,6,1,7,2,2,7,SWITCH_PRIMARY
432.883039295,6,4,7,2,2,7,REPLACE_BACKUP
432.883039295,6,5,7,2,2,7,REFRESH
432.883039297,8,7,7,1,1,7,REFRESH
432.883039297,8,0,7,2,2,7,REFRESH
432.883039297,8,5,7,2,2,7,REPLACE_BACKUP
432.883039297,8,6,7,2,2,7,REFRESH
432.883039540,3,7,7,1,1,7,REFRESH
432.883039540,3,1,7,2,2,7,REPLACE_BACKUP
432.883039540,3,4,7,2,2,7,REFRESH_BACKUP
432.883039540,3,5,7,2,2,7,SWITCH_PRIMARY
432.883039540,3,6,7,2,2,7,REFRESH
432.883039540,5,7,7,1,2,7,REFRESH
451.400000000,7,8,8,1,0,2,POISON
482.489775320,1,0,0,1,2,8,REFRESH
482.489775320,3,0,0,1,1,8,REFRESH
482.489775565,4,0,0,1,1,8,REFRESH
482.489775565,4,1,0,2,2,8,REPLACE_BACKUP
482.882554683,0,1,1,1,1,8,REFRESH
482.882554683,0,2,1,2,2,8,REPLACE_BACKUP
482.882554683,0,5,1,2,2,8,SWITCH_PRIMARY
482.882554683,0,6,1,2,2,8,SWITCH_PRIMARY
482.882554683,0,7,1,2,2,8,REPLACE_BACKUP
482.882554683,0,8,1,2,3,8,REFRESH_BACKUP
482.882554683,4,1,1,1,1,8,REFRESH
482.882554683,4,3,1,2,2,8,REPLACE_BACKUP
482.882554683,4,6,1,2,2,8,SWITCH_PRIMARY
482.882554683,4,7,1,2,2,8,REPLACE_BACKUP
482.882555274,7,1,1,1,1,8,REFRESH
482.882555274,7,2,1,2,2,8,REFRESH
482.882555274,7,3,1,2,2,8,SWITCH_PRIMARY
482.882555274,7,4,1,2,2,8,REPLACE_BACKUP
482.882555274,7,5,1,2,2,8,REPLACE_BACKUP
482.882555274,7,6,1,2,2,8,REFRESH_BACKUP
482.882555274,7,8,1,2,3,8,SWITCH_PRIMARY
483.670949337,0,3,3,1,1,8,REFRESH
483.670949337,0,1,3,2,2,8,REPLACE_BACKUP
483.670949337,0,2,3,2,2,8,REPLACE_BACKUP
483.670949337,0,4,3,2,2,8,REFRESH
483.670949337,0,7,3,2,2,8,SWITCH_PRIMARY
483.670949337,0,6,3,2,3,8,REFRESH_BACKUP
483.670949337,4,3,3,1,1,8,REFRESH
483.670949337,4,1,3,2,2,8,REPLACE_BACKUP
483.670949337,4,2,3,2,2,8,REPLACE_BACKUP
483.670949337,4,7,3,2,2,8,REPLACE_BACKUP
483.670949337,6,3,3,1,1,8,REFRESH
483.670949337,6,1,3,2,2,8,SWITCH_PRIMARY
483.670949337,6,2,3,2,2,8,REFRESH
483.670949337,6,7,3,2,2,8,REFRESH_BACKUP
483.670949582,7,3,3,1,1,8,SWITCH_PRIMARY
483.670949582,7,0,3,2,2,8,REPLACE_BACKUP
483.670949582,7,2,3,2,2,8,REPLACE_BACKUP
483.670949582,7,4,3,2,2,8,REPLACE_BACKUP
483.670949582,7,8,3,2,3,8,REPLACE_BACKUP
488.612873875,1,2,2,1,1,8,REFRESH
488.612873875,1,0,2,2,2,8,SWITCH_PRIMARY
488.612873875,1,3,2,2,2,8,REPLACE_BACKUP
488.612873875,1,4,2,2,2,8,REPLACE_BACKUP
488.612873875,1,5,2,2,2,8,REPLACE_BACKUP
488.612873875,1,7,2,2,2,8,REPLACE_BACKUP
488.612873875,1,8,2,2,2,8,SWITCH_PRIMARY
488.612873875,5,2,2,1,1,8,REFRESH
488.612873875,5,0,2,2,2,8,REPLACE_BACKUP
488.612873875,5,1,2,2,2,8,REPLACE_BACKUP
488.612873875,5,3,2,2,2,8,REPLACE_BACKUP
488.612873875,5,7,2,2,2,8,SWITCH_PRIMARY
488.612873875,5,8,2,2,2,8,REPLACE_BACKUP
488.612874466,8,2,2,1,1,8,SWITCH_PRIMARY
488.612874466,8,0,2,2,2,8,REPLACE_BACKUP
488.612874466,8,5,2,2,2,8,REPLACE_BACKUP
488.612874466,8,7,2,2,2,8,REPLACE_BACKUP
488.797228217,4,5,5,1,2,8,REFRESH
488.797228219,8,5,5,1,1,8,REFRESH
488.797228219,8,0,5,2,2,8,SWITCH_PRIMARY
488.797228219,8,1,5,2,2,8,SWITCH_PRIMARY
488.797228219,8,3,5,2,2,8,REFRESH_BACKUP
488.797228219,8,4,5,2,2,8,REFRESH_BACKUP
488.797228219,8,6,5,2,3,8,REPLACE_BACKUP
488.797228462,1,5,5,1,2,8,REFRESH
488.797228462,1,8,5,2,3,8,REFRESH_BACKUP
488.797228947,0,5,5,1,1,8,SWITCH_PRIMARY
488.797228947,0,3,5,2,2,8,REPLACE_BACKUP
488.797228947,0,4,5,2,2,8,SWITCH_PRIMARY
488.797228947,0,8,5,2,2,8,SWITCH_PRIMARY
488.797228947,0,6,5,2,3,8,REPLACE_BACKUP
489.045368783,4,8,8,1,1,8,REFRESH
489.045368783,4,2,8,2,2,8,REPLACE_BACKUP
489.045368783,4,3,8,2,2,8,REPLACE_BACKUP
489.045368783,4,5,8,2,2,8,SWITCH_PRIMARY
489.045368783,4,7,8,2,2,8,REPLACE_BACKUP
489.045369128,2,8,8,1,2,8,REFRESH
489.045369268,1,8,8,1,2,8,REPLACE_BACKUP
489.894717414,1,4,4,1,1,8,REFRESH
489.894717414,1,0,4,2,2,8,REPLACE_BACKUP
489.894717414,1,8,4,2,2,8,SWITCH_PRIMARY
489.894717414,3,4,4,1,1,8,REFRESH
489.894717414,3,0,4,2,2,8,REFRESH_BACKUP
489.894717414,3,2,4,2,2,8,REFRESH_BACKUP
489.894717414,3,7,4,2,2,8,REFRESH_BACKUP
489.894717414,3,8,4,2,2,8,REFRESH
489.894717414,3,5,4,2,3,8,REFRESH_BACKUP
489.894717414,5,4,4,1,1,8,REFRESH
489.894717414,5,1,4,2,2,8,REPLACE_BACKUP
489.894717414,5,2,4,2,2,8,REFRESH_BACKUP
489.894717414,5,3,4,2,2,8,REPLACE_BACKUP
489.894717414,5,7,4,2,2,8,SWITCH_PRIMARY
489.894717414,5,6,4,2,3,8,REFRESH_BACKUP
489.894717414,7,4,4,1,2,8,REFRESH
489.894717414,7,1,4,2,3,8,REFRESH_BACKUP
489.894717659,2,4,4,1,1,8,REFRESH
489.894717659,2,1,4,2,2,8,REPLACE_BACKUP
489.894717659,2,3,4,2,2,8,REFRESH_BACKUP
489.894717659,2,7,4,2,2,8,REFRESH_BACKUP
489.894717659,2,8,4,2,2,8,SWITCH_PRIMARY
489.894717659,2,5,4,2,3,8,REFRESH_BACKUP
489.894717659,2,6,4,2,3,8,REFRESH_BACKUP
489.894717659,6,4,4,1,2,8,REFRESH
489.894717659,6,0,4,2,3,8,REFRESH_BACKUP
489.894717659,6,2,4,2,3,8,REFRESH_BACKUP
489.894717659,6,3,4,2,3,8,REFRESH_BACKUP
489.894717659,6,8,4,2,3,8,REFRESH
489.894717659,6,5,4,2,4,8,REFRESH_BACKUP
489.894717660,8,4,4,1,1,8,REFRESH
489.894717660,8,0,4,2,2,8,SWITCH_PRIMARY
489.894717660,8,1,4,2,2,8,SWITCH_PRIMARY
489.894717660,8,2,4,2,2,8,REFRESH_BACKUP
489.894717660,8,3,4,2,2,8,REPLACE_BACKUP
491.438198419,3,6,6,1,1,8,SWITCH_PRIMARY
491.438198419,3,5,6,2,3,8,REPLACE_BACKUP
491.438199149,5,6,6,1,2,8,REFRESH
492.952927295,4,7,7,1,1,8,REFRESH
492.952927295,4,0,7,2,2,8,REPLACE_BACKUP
492.952927295,4,3,7,2,2,8,REPLACE_BACKUP
492.952927295,4,5,7,2,2,8,SWITCH_PRIMARY
492.952927295,4,6,7,2,2,8,REFRESH_BACKUP
492.952927295,4,8,7,2,4,8,REFRESH_BACKUP
492.952927297,8,7,7,1,2,8,REFRESH
492.952927297,8,6,7,2,3,8,REFRESH
542.489775911,2,0,0,1,2,9,REFRESH
542.947322683,0,1,1,1,1,9,REFRESH
542.947322683,0,3,1,2,2,9,REPLACE_BACKUP
542.947322683,0,6,1,2,2,9,REFRESH
542.947322683,0,5,1,2,3,9,REFRESH_BACKUP
542.947322683,2,1,1,1,2,9,REFRESH
542.947322683,2,6,1,2,3,9,REFRESH
542.947322683,2,0,1,2,4,9,REFRESH_BACKUP
542.947322683,4,1,1,1,1,9,REFRESH
542.947322683,4,2,1,2,2,9,REPLACE_BACKUP
542.947322683,4,6,1,2,2,9,REFRESH
542.947322683,4,8,1,2,3,9,REPLACE_BACKUP
542.947322928,5,1,1,1,1,9,REFRESH
542.947322928,5,6,1,2,2,9,SWITCH_PRIMARY
542.947322928,5,7,1,2,2,9,SWITCH_PRIMARY
542.947323274,7,1,1,1,1,9,REFRESH
542.947323274,7,2,1,2,2,9,REFRESH
542.947323274,7,3,1,2,2,9,REFRESH_BACKUP
542.947323274,7,4,1,2,2,9,SWITCH_PRIMARY
542.947323274,7,6,1,2,2,9,REFRESH_BACKUP
542.947323274,7,8,1,2,3,9,REFRESH
542.947323274,7,5,1,2,3,9,REFRESH_BACKUP
542.947323413,6,2,1,2,3,9,REPLACE_BACKUP
543.670949337,0,3,3,1,1,9,REFRESH
543.670949337,0,1,3,2,2,9,REFRESH_BACKUP
543.670949337,0,2,3,2,2,9,REFRESH_BACKUP
543.670949337,0,4,3,2,2,9,SWITCH_PRIMARY
543.670949337,0,6,3,2,2,9,REPLACE_BACKUP
543.670949337,0,7,3,2,2,9,REFRESH
543.670949337,0,5,3,2,3,9,REPLACE_BACKUP
543.670949337,4,3,3,1,1,9,REFRESH
543.670949337,4,0,3,2,2,9,REPLACE_BACKUP
543.670949337,4,1,3,2,2,9,REFRESH_BACKUP
543.670949337,4,2,3,2,2,9,REPLACE_BACKUP
543.670949337,6,3,3,1,1,9,REFRESH
543.670949337,6,0,3,2,2,9,REPLACE_BACKUP
543.670949337,6,1,3,2,2,9,REFRESH
543.670949337,6,2,3,2,2,9,REFRESH
543.670949337,6,4,3,2,2,9,SWITCH_PRIMARY
543.670949337,6,7,3,2,2,9,REFRESH_BACKUP
543.670949337,6,5,3,2,3,9,REPLACE_BACKUP
543.670949337,6,8,3,2,3,9,SWITCH_PRIMARY
543.670949928,5,3,3,1,2,9,REFRESH
548.548105875,1,2,2,1,1,9,REFRESH
548.548105875,1,3,2,2,2,9,REFRESH_BACKUP
548.548105875,1,4,2,2,2,9,REFRESH_BACKUP
548.548105875,1,5,2,2,2,9,SWITCH_PRIMARY
548.548105875,1,7,2,2,2,9,REFRESH_BACKUP
548.548105875,1,8,2,2,3,9,REFRESH_BACKUP
548.548105875,1,0,2,2,3,9,REFRESH
548.548105875,5,2,2,1,1,9,REFRESH
548.548105875,5,3,2,2,2,9,SWITCH_PRIMARY
548.548105875,5,4,2,2,2,9,REPLACE_BACKUP
548.548105875,5,7,2,2,2,9,SWITCH_PRIMARY
548.548105875,5,8,2,2,3,9,REFRESH_BACKUP
548.548105875,5,0,2,2,3,9,REFRESH_BACKUP
548.548106466,8,2,2,1,1,9,REFRESH
548.548106466,8,5,2,2,2,9,REFRESH_BACKUP
548.548106466,8,7,2,2,2,9,SWITCH_PRIMARY
548.861996217,2,5,5,1,1,9,REFRESH
548.861996217,2,0,5,2,2,9,SWITCH_PRIMARY
548.861996217,2,1,5,2,2,9,SWITCH_PRIMARY
548.861996217,2,4,5,2,2,9,REFRESH_BACKUP
548.861996217,2,8,5,2,2,9,REPLACE_BACKUP
548.861996217,2,6,5,2,3,9,SWITCH_PRIMARY
548.861996217,4,5,5,1,1,9,SWITCH_PRIMARY
548.861996217,4,1,5,2,2,9,REPLACE_BACKUP
548.861996217,4,2,5,2,2,9,REPLACE_BACKUP
548.861996217,4,8,5,2,2,9,REPLACE_BACKUP
548.861996219,8,5,5,1,1,9,REFRESH
548.861996219,8,0,5,2,2,9,REFRESH_BACKUP
548.861996219,8,1,5,2,2,9,REFRESH_BACKUP
548.861996219,8,4,5,2,2,9,REFRESH_BACKUP
548.861996219,8,6,5,2,3,9,SWITCH_PRIMARY
548.861996462,1,5,5,1,2,9,REFRESH_BACKUP
548.861996462,7,5,5,1,2,9,REFRESH
548.861996462,7,1,5,2,3,9,REPLACE_BACKUP
549.045368539,5,8,8,1,1,9,REFRESH
549.045368539,5,2,8,2,2,9,REPLACE_BACKUP
549.045368539,5,3,8,2,2,9,REPLACE_BACKUP
549.045368539,5,4,8,2,2,9,REPLACE_BACKUP
549.045368783,4,8,8,1,1,9,REFRESH
549.045368783,4,2,8,2,2,9,REPLACE_BACKUP
549.045368783,4,3,8,2,2,9,REPLACE_BACKUP
549.045368783,4,5,8,2,2,9,REPLACE_BACKUP
549.045368783,4,7,8,2,3,9,REFRESH_BACKUP
549.045369268,3,8,8,1,1,9,SWITCH_PRIMARY
549.045369268,3,2,8,2,2,9,REPLACE_BACKUP
549.045369268,3,5,8,2,2,9,SWITCH_PRIMARY
549.894717414,1,4,4,1,1,9,REFRESH
549.894717414,1,0,4,2,2,9,SWITCH_PRIMARY
549.894717414,1,2,4,2,2,9,REPLACE_BACKUP
549.894717414,1,5,4,2,2,9,REPLACE_BACKUP
549.894717414,1,8,4,2,2,9,REFRESH
549.894717414,3,4,4,1,1,9,REFRESH
549.894717414,3,0,4,2,2,9,REFRESH_BACKUP
549.894717414,3,2,4,2,2,9,REPLACE_BACKUP
549.894717414,3,5,4,2,2,9,SWITCH_PRIMARY
549.894717414,3,7,4,2,2,9,REFRESH_BACKUP
549.894717414,3,8,4,2,2,9,REFRESH_BACKUP
549.894717414,5,4,4,1,1,9,REFRESH
549.894717414,5,0,4,2,2,9,REPLACE_BACKUP
549.894717414,5,1,4,2,2,9,REFRESH_BACKUP
549.894717414,5,3,4,2,2,9,SWITCH_PRIMARY
549.894717414,5,7,4,2,2,9,REPLACE_BACKUP
549.894717414,5,8,4,2,2,9,REPLACE_BACKUP
549.894717414,7,4,4,1,1,9,SWITCH_PRIMARY
549.894717414,7,0,4,2,2,9,REPLACE_BACKUP
549.894717414,7,1,4,2,2,9,REPLACE_BACKUP
549.894717414,7,2,4,2,2,9,SWITCH_PRIMARY
549.894717414,7,3,4,2,2,9,REPLACE_BACKUP
549.894717414,7,5,4,2,2,9,SWITCH_PRIMARY
549.894717414,7,8,4,2,2,9,SWITCH_PRIMARY
549.894717659,0,4,4,1,1,9,SWITCH_PRIMARY
549.894717659,0,1,4,2,2,9,REPLACE_BACKUP
549.894717659,0,5,4,2,2,9,REPLACE_BACKUP
549.894717659,0,7,4,2,2,9,SWITCH_PRIMARY
549.894717659,0,8,4,2,2,9,SWITCH_PRIMARY
549.894717659,2,4,4,1,1,9,REFRESH
549.894717659,2,0,4,2,2,9,REPLACE_BACKUP
549.894717659,2,1,4,2,2,9,SWITCH_PRIMARY
549.894717659,2,3,4,2,2,9,REFRESH_BACKUP
549.894717659,2,5,4,2,2,9,REFRESH_BACKUP
549.894717659,2,7,4,2,2,9,REFRESH_BACKUP
549.894717659,2,8,4,2,2,9,REFRESH
549.894717659,2,6,4,2,3,9,SWITCH_PRIMARY
549.894717659,6,4,4,1,1,9,SWITCH_PRIMARY
549.894717659,6,0,4,2,2,9,SWITCH_PRIMARY
549.894717659,6,1,4,2,2,9,REPLACE_BACKUP
549.894717659,6,2,4,2,2,9,SWITCH_PRIMARY
549.894717659,6,3,4,2,2,9,REFRESH_BACKUP
549.894717659,6,5,4,2,2,9,SWITCH_PRIMARY
549.894717659,6,7,4,2,2,9,REPLACE_BACKUP
549.894717659,6,8,4,2,2,9,SWITCH_PRIMARY
549.894717660,8,4,4,1,1,9,REFRESH
549.894717660,8,0,4,2,2,9,REFRESH
549.894717660,8,1,4,2,2,9,REFRESH
549.894717660,8,2,4,2,2,9,REFRESH_BACKUP
549.894717660,8,3,4,2,2,9,REFRESH_BACKUP
549.894717660,8,7,4,2,2,9,REPLACE_BACKUP
549.894717660,8,6,4,2,3,9,SWITCH_PRIMARY
551.438198419,7,6,6,1,1,9,REFRESH
551.438198419,7,3,6,2,2,9,REPLACE_BACKUP
551.438198419,7,8,6,2,3,9,REPLACE_BACKUP
551.438198664,4,6,6,1,1,9,SWITCH_PRIMARY
551.438198664,4,3,6,2,2,9,REPLACE_BACKUP
551.438198664,4,7,6,2,2,9,REPLACE_BACKUP
551.438199010,8,6,6,1,1,9,SWITCH_PRIMARY
551.438199010,8,3,6,2,2,9,REPLACE_BACKUP
551.438199010,8,7,6,2,2,9,REPLACE_BACKUP
551.438199149,5,6,6,1,1,9,SWITCH_PRIMARY
551.438199149,5,3,6,2,2,9,SWITCH_PRIMARY
551.438199149,5,7,6,2,2,9,SWITCH_PRIMARY
552.952927295,4,7,7,1,1,9,REFRESH
552.952927295,4,0,7,2,2,9,REPLACE_BACKUP
552.952927295,4,3,7,2,2,9,REPLACE_BACKUP
552.952927295,4,6,7,2,2,9,REPLACE_BACKUP
552.952927295,6,7,7,1,2,9,REFRESH
552.952927295,6,0,7,2,3,9,REFRESH_BACKUP
552.952927295,6,5,7,2,4,9,REFRESH_BACKUP
552.952927540,3,7,7,1,1,9,REFRESH
552.952927540,3,0,7,2,2,9,REPLACE_BACKUP
552.952927540,3,1,7,2,2,9,REFRESH_BACKUP
552.952927540,3,4,7,2,2,9,REFRESH_BACKUP
552.952927540,3,6,7,2,2,9,REFRESH_BACKUP
552.952927540,5,7,7,1,1,9,SWITCH_PRIMARY
552.952927540,5,0,7,2,2,9,REPLACE_BACKUP
552.952927886,1,7,7,1,1,9,REFRESH
552.952927886,1,0,7,2,2,9,REPLACE_BACKUP
552.952927886,1,4,7,2,2,9,REPLACE_BACKUP
552.952927886,1,6,7,2,2,9,REFRESH_BACKUP
552.952927886,1,8,7,2,3,9,REPLACE_BACKUP
552.952928025,2,7,7,1,2,9,REFRESH
602.554543565,4,0,0,1,1,10,REFRESH
602.882554683,0,1,1,1,1,10,REFRESH
602.882554683,0,2,1,2,2,10,REPLACE_BACKUP
602.882554683,0,3,1,2,2,10,REFRESH_BACKUP
602.882554683,0,6,1,2,2,10,REFRESH
602.882554683,0,7,1,2,2,10,SWITCH_PRIMARY
602.882554683,2,1,1,1,1,10,SWITCH_PRIMARY
602.882554683,2,6,1,2,2,10,SWITCH_PRIMARY
602.882554683,2,7,1,2,2,10,SWITCH_PRIMARY
602.882554683,4,1,1,1,1,10,REFRESH
602.882554683,4,2,1,2,2,10,REPLACE_BACKUP
602.882554683,4,7,1,2,2,10,REPLACE_BACKUP
603.670949337,0,3,3,1,1,10,REFRESH
603.670949337,0,4,3,2,2,10,REFRESH_BACKUP
603.670949337,0,6,3,2,2,10,REFRESH_BACKUP
603.670949337,0,7,3,2,2,10,REPLACE_BACKUP
603.670949337,0,8,3,2,2,10,SWITCH_PRIMARY
603.670949582,7,3,3,1,2,10,REFRESH
603.670950067,2,3,3,1,1,10,REFRESH
603.670950067,2,0,3,2,2,10,SWITCH_PRIMARY
603.670950067,2,4,3,2,2,10,REPLACE_BACKUP
603.670950067,2,6,3,2,2,10,REPLACE_BACKUP
603.670950067,2,7,3,2,2,10,SWITCH_PRIMARY
603.670950067,2,8,3,2,2,10,SWITCH_PRIMARY
608.548105875,1,2,2,1,1,10,REFRESH
608.548105875,1,3,2,2,2,10,REFRESH_BACKUP
608.548105875,1,4,2,2,2,10,REPLACE_BACKUP
608.548105875,1,5,2,2,2,10,REFRESH
608.548105875,1,7,2,2,3,10,REFRESH_BACKUP
608.548105875,1,8,2,2,3,10,REPLACE_BACKUP
608.548105875,5,2,2,1,2,10,REFRESH
608.548106120,4,2,2,1,1,10,REFRESH
608.548106120,4,3,2,2,2,10,REPLACE_BACKUP
608.548106120,4,5,2,2,2,10,REPLACE_BACKUP
608.548106466,0,2,2,1,1,10,REFRESH
608.548106466,8,2,2,1,1,10,REFRESH
608.548106466,8,1,2,2,2,10,SWITCH_PRIMARY
608.548106466,8,3,2,2,2,10,REPLACE_BACKUP
608.548106466,8,5,2,2,2,10,REFRESH_BACKUP
608.548106466,8,7,2,2,3,10,REFRESH
608.797228217,2,5,5,1,1,10,REFRESH
608.797228217,2,0,5,2,2,10,SWITCH_PRIMARY
608.797228217,2,1,5,2,2,10,REPLACE_BACKUP
608.797228217,2,6,5,2,2,10,SWITCH_PRIMARY
608.797228217,2,7,5,2,2,10,REPLACE_BACKUP
608.797228217,2,8,5,2,2,10,REPLACE_BACKUP
608.797228219,8,5,5,1,1,10,REFRESH
608.797228219,8,0,5,2,2,10,REFRESH_BACKUP
608.797228219,8,4,5,2,2,10,REFRESH_BACKUP
608.797228219,8,6,5,2,2,10,REPLACE_BACKUP
608.797228219,8,7,5,2,2,10,SWITCH_PRIMARY
608.797228947,0,5,5,1,1,10,REFRESH
608.797228947,0,4,5,2,2,10,REPLACE_BACKUP
608.797228947,0,6,5,2,2,10,SWITCH_PRIMARY
608.797228947,0,7,5,2,2,10,SWITCH_PRIMARY
608.797228947,0,8,5,2,2,10,REPLACE_BACKUP
609.045368539,5,8,8,1,1,10,REFRESH
609.045368539,5,2,8,2,2,10,SWITCH_PRIMARY
609.045368539,5,3,8,2,2,10,REPLACE_BACKUP
609.045368539,5,4,8,2,2,10,REFRESH_BACKUP
609.045368539,5,6,8,2,2,10,REPLACE_BACKUP
609.045369128,2,8,8,1,1,10,SWITCH_PRIMARY
609.045369128,2,3,8,2,2,10,REPLACE_BACKUP
609.045369128,2,5,8,2,2,10,REPLACE_BACKUP
609.045369128,2,6,8,2,2,10,SWITCH_PRIMARY
609.894717414,3,4,4,1,1,10,REFRESH
609.894717414,3,0,4,2,2,10,REPLACE_BACKUP
609.894717414,3,1,4,2,2,10,REPLACE_BACKUP
609.894717414,3,2,4,2,2,10,REFRESH_BACKUP
609.894717414,3,5,4,2,2,10,REFRESH
609.894717414,3,7,4,2,2,10,REFRESH_BACKUP
609.894717414,3,8,4,2,2,10,REFRESH_BACKUP
609.894717414,5,4,4,1,2,10,REFRESH
609.894717414,5,1,4,2,3,10,REFRESH_BACKUP
609.894717414,5,8,4,2,3,10,REFRESH_BACKUP
609.894717414,7,4,4,1,1,10,REFRESH
609.894717414,7,0,4,2,2,10,REFRESH_BACKUP
609.894717414,7,1,4,2,2,10,REFRESH_BACKUP
609.894717414,7,2,4,2,2,10,REFRESH
609.894717414,7,3,4,2,2,10,SWITCH_PRIMARY
609.894717414,7,5,4,2,2,10,REFRESH
609.894717414,7,8,4,2,2,10,REFRESH
609.894717659,0,4,4,1,2,10,REFRESH
609.894717659,0,1,4,2,3,10,REFRESH_BACKUP
609.894717659,0,5,4,2,3,10,REFRESH_BACKUP
609.894717659,2,4,4,1,1,10,REFRESH
609.894717659,2,0,4,2,2,10,SWITCH_PRIMARY
609.894717659,2,3,4,2,2,10,REPLACE_BACKUP
609.894717659,2,6,4,2,2,10,SWITCH_PRIMARY
609.894717659,2,7,4,2,2,10,SWITCH_PRIMARY
609.894717659,2,8,4,2,2,10,REPLACE_BACKUP
609.894717659,6,4,4,1,2,10,REFRESH
609.894717659,6,0,4,2,3,10,REFRESH
609.894717659,6,1,4,2,3,10,REFRESH_BACKUP
609.894717659,6,2,4,2,3,10,REFRESH
609.894717659,6,3,4,2,3,10,REFRESH_BACKUP
609.894717659,6,5,4,2,3,10,REFRESH
609.894717659,6,7,4,2,3,10,REFRESH_BACKUP
609.894717659,6,8,4,2,3,10,REFRESH
609.894717660,8,4,4,1,1,10,REFRESH
609.894717660,8,0,4,2,2,10,REFRESH
609.894717660,8,1,4,2,2,10,REFRESH_BACKUP
609.894717660,8,2,4,2,2,10,REFRESH_BACKUP
609.894717660,8,6,4,2,2,10,REPLACE_BACKUP
609.894717660,8,7,4,2,2,10,REPLACE_BACKUP
611.502966419,3,6,6,1,2,10,REFRESH
611.502966419,7,6,6,1,1,10,REFRESH
611.502966419,7,3,6,2,2,10,REPLACE_BACKUP
611.502966419,7,8,6,2,3,10,REFRESH_BACKUP
611.502966664,4,6,6,1,2,10,REFRESH
612.888159295,4,7,7,1,1,10,REFRESH
612.888159295,4,0,7,2,2,10,REFRESH_BACKUP
612.888159295,4,1,7,2,2,10,REPLACE_BACKUP
612.888159295,4,6,7,2,2,10,SWITCH_PRIMARY
612.888159295,6,7,7,1,1,10,UPDATE
612.888159295,6,0,7,2,2,10,SWITCH_PRIMARY
612.888159295,6,1,7,2,2,10,REPLACE_BACKUP
612.888159295,6,4,7,2,2,10,SWITCH_PRIMARY
612.888159295,6,2,7,2,3,10,SWITCH_PRIMARY
612.888159295,6,3,7,2,3,10,REPLACE_BACKUP
612.888159295,6,5,7,2,3,10,SWITCH_PRIMARY
612.888159295,6,8,7,2,3,10,SWITCH_PRIMARY
612.888159297,8,7,7,1,1,10,SWITCH_PRIMARY
612.888159297,8,1,7,2,2,10,SWITCH_PRIMARY
612.888159540,3,7,7,1,1,10,REFRESH
612.888159540,3,0,7,2,2,10,REPLACE_BACKUP
612.888159540,3,4,7,2,2,10,REFRESH_BACKUP
612.888159540,3,6,7,2,2,10,SWITCH_PRIMARY
612.888159886,1,7,7,1,1,10,REFRESH
612.888159886,1,0,7,2,2,10,SWITCH_PRIMARY
612.888159886,1,6,7,2,2,10,REFRESH_BACKUP
612.888159886,1,8,7,2,3,10,REPLACE_BACKUP
662.554543320,3,0,0,1,1,11,REFRESH
662.554543565,4,0,0,1,1,11,REFRESH
662.554543565,4,1,0,2,2,11,REPLACE_BACKUP
662.554543565,4,5,0,2,2,11,REPLACE_BACKUP
662.554543911,6,0,0,1,2,11,REPLACE_BACKUP
662.554543911,6,5,0,2,3,11,REPLACE_BACKUP
662.947322683,0,1,1,1,1,11,REFRESH
662.947322683,0,2,1,2,2,11,REFRESH_BACKUP
662.947322683,0,3,1,2,2,11,REFRESH_BACKUP
662.947322683,0,4,1,2,2,11,SWITCH_PRIMARY
662.947322683,0,6,1,2,2,11,REFRESH_BACKUP
662.947322683,0,7,1,2,2,11,SWITCH_PRIMARY
662.947322683,0,5,1,2,3,11,REPLACE_BACKUP
662.947322683,2,1,1,1,1,11,REFRESH
662.947322683,2,6,1,2,2,11,REPLACE_BACKUP
662.947322683,2,7,1,2,2,11,SWITCH_PRIMARY
662.947322683,4,1,1,1,1,11,REFRESH
662.947322683,4,2,1,2,2,11,REFRESH_BACKUP
662.947322683,4,6,1,2,2,11,REPLACE_BACKUP
662.947322683,4,7,1,2,2,11,REFRESH_BACKUP
662.947322928,3,1,1,1,2,11,REFRESH
662.947323274,7,1,1,1,1,11,REFRESH
662.947323274,7,2,1,2,2,11,SWITCH_PRIMARY
662.947323274,7,4,1,2,2,11,REFRESH_BACKUP
662.947323274,7,6,1,2,2,11,REFRESH_BACKUP
663.735717337,0,3,3,1,1,11,REFRESH
663.735717337,0,2,3,2,2,11,REPLACE_BACKUP
663.735717337,0,4,3,2,2,11,SWITCH_PRIMARY
663.735717337,0,8,3,2,2,11,REFRESH
663.735717337,0,1,3,2,3,11,REPLACE_BACKUP
663.735717337,4,3,3,1,1,11,REFRESH
663.735717337,4,0,3,2,2,11,REPLACE_BACKUP
663.735717337,6,3,3,1,1,11,REFRESH
663.735717337,6,0,3,2,2,11,SWITCH_PRIMARY
663.735717337,6,2,3,2,2,11,SWITCH_PRIMARY
663.735717337,6,4,3,2,2,11,REPLACE_BACKUP
663.735717337,6,7,3,2,2,11,REPLACE_BACKUP
663.735717337,6,8,3,2,2,11,SWITCH_PRIMARY
663.735717337,6,5,3,2,3,11,SWITCH_PRIMARY
663.735717337,6,1,3,2,3,11,REFRESH
663.735717582,1,3,3,1,1,11,REFRESH
663.735717582,1,0,3,2,2,11,REPLACE_BACKUP
663.735717582,1,2,3,2,2,11,REPLACE_BACKUP
663.735717582,1,4,3,2,2,11,REPLACE_BACKUP
663.735717582,1,7,3,2,2,11,REPLACE_BACKUP
663.735717582,1,8,3,2,2,11,REPLACE_BACKUP
663.735718067,2,3,3,1,1,11,REFRESH
663.735718067,2,4,3,2,2,11,REFRESH_BACKUP
668.548105875,1,2,2,1,1,11,REFRESH
668.548105875,1,3,2,2,2,11,REFRESH_BACKUP
668.548105875,1,4,2,2,2,11,REPLACE_BACKUP
668.548105875,1,5,2,2,2,11,REFRESH
668.548105875,1,8,2,2,2,11,REPLACE_BACKUP
668.548105875,5,2,2,1,1,11,SWITCH_PRIMARY
668.548105875,5,1,2,2,2,11,REPLACE_BACKUP
668.548105875,5,3,2,2,2,11,SWITCH_PRIMARY
668.548105875,5,4,2,2,2,11,SWITCH_PRIMARY
668.548105875,5,8,2,2,2,11,REPLACE_BACKUP
668.797228217,2,5,5,1,2,11,REFRESH
668.797228217,2,0,5,2,3,11,REFRESH_BACKUP
668.797228217,2,1,5,2,3,11,REFRESH_BACKUP
668.797228217,4,5,5,1,1,11,REFRESH
668.797228217,4,2,5,2,2,11,REPLACE_BACKUP
668.797228217,4,8,5,2,2,11,REFRESH_BACKUP
668.797228462,1,5,5,1,1,11,SWITCH_PRIMARY
668.797228462,1,0,5,2,2,11,SWITCH_PRIMARY
668.797228462,1,6,5,2,2,11,REPLACE_BACKUP
668.797228462,1,8,5,2,2,11,SWITCH_PRIMARY
669.045368539,5,8,8,1,1,11,REFRESH
669.045368539,5,2,8,2,2,11,REFRESH_BACKUP
669.045368539,5,3,8,2,2,11,SWITCH_PRIMARY
669.045368539,5,4,8,2,2,11,SWITCH_PRIMARY
669.045368539,5,6,8,2,2,11,REFRESH_BACKUP
669.045368783,4,8,8,1,1,11,REFRESH
669.045368783,4,2,8,2,2,11,REPLACE_BACKUP
669.045368783,4,6,8,2,2,11,SWITCH_PRIMARY
669.045368783,4,7,8,2,2,11,REPLACE_BACKUP
669.829949414,1,4,4,1,1,11,REFRESH
669.829949414,1,0,4,2,2,11,SWITCH_PRIMARY
669.829949414,1,2,4,2,2,11,REPLACE_BACKUP
669.829949414,1,3,4,2,2,11,REPLACE_BACKUP
669.829949414,1,7,4,2,2,11,REPLACE_BACKUP
669.829949414,1,8,4,2,2,11,SWITCH_PRIMARY
669.829949414,3,4,4,1,1,11,REFRESH
669.829949414,3,0,4,2,2,11,REPLACE_BACKUP
669.829949414,3,1,4,2,2,11,SWITCH_PRIMARY
669.829949414,3,2,4,2,2,11,REFRESH_BACKUP
669.829949414,3,5,4,2,2,11,REFRESH
669.829949414,3,7,4,2,2,11,REFRESH_BACKUP
669.829949414,3,8,4,2,2,11,REFRESH_BACKUP
669.829949414,5,4,4,1,1,11,SWITCH_PRIMARY
669.829949414,5,0,4,2,2,11,REPLACE_BACKUP
669.829949414,5,2,4,2,2,11,REPLACE_BACKUP
669.829949414,5,7,4,2,2,11,REPLACE_BACKUP
669.829949414,5,8,4,2,2,11,REPLACE_BACKUP
669.829949414,7,4,4,1,1,11,REFRESH
669.829949414,7,0,4,2,2,11,REFRESH_BACKUP
669.829949414,7,1,4,2,2,11,REFRESH_BACKUP
669.829949414,7,2,4,2,2,11,REFRESH_BACKUP
669.829949414,7,3,4,2,2,11,REFRESH
669.829949414,7,5,4,2,2,11,REFRESH
669.829949414,7,8,4,2,2,11,REFRESH
669.829949659,0,4,4,1,1,11,SWITCH_PRIMARY
669.829949659,0,1,4,2,2,11,REPLACE_BACKUP
669.829949659,0,3,4,2,2,11,REPLACE_BACKUP
669.829949659,0,5,4,2,2,11,REPLACE_BACKUP
671.502966419,3,6,6,1,1,11,SWITCH_PRIMARY
671.502966419,3,7,6,2,2,11,REPLACE_BACKUP
671.502966419,7,6,6,1,1,11,REFRESH
671.502966419,7,3,6,2,2,11,REFRESH_BACKUP
671.502966419,7,8,6,2,3,11,REFRESH_BACKUP
671.502966664,4,6,6,1,1,11,SWITCH_PRIMARY
671.502966664,4,7,6,2,2,11,REPLACE_BACKUP
671.502967149,1,6,6,1,1,11,REFRESH
671.502967149,1,3,6,2,2,11,REPLACE_BACKUP
672.888159295,4,7,7,1,1,11,REFRESH
672.888159295,4,6,7,2,2,11,REPLACE_BACKUP
672.888159540,3,7,7,1,1,11,REFRESH
672.888159540,3,0,7,2,2,11,REPLACE_BACKUP
672.888159540,3,1,7,2,2,11,REPLACE_BACKUP
672.888159540,3,4,7,2,2,11,REFRESH_BACKUP
672.888159540,3,6,7,2,2,11,REFRESH_BACKUP
722.489775320,1,0,0,1,1,12,SWITCH_PRIMARY
722.489775320,1,2,0,2,2,12,REPLACE_BACKUP
722.489775320,1,3,0,2,2,12,REPLACE_BACKUP
722.489775320,1,4,0,2,2,12,REPLACE_BACKUP
722.489775320,1,5,0,2,2,12,REPLACE_BACKUP
722.489775320,3,0,0,1,1,12,REFRESH
722.489775320,3,1,0,2,2,12,REPLACE_BACKUP
722.489775320,3,2,0,2,2,12,REPLACE_BACKUP
722.489775320,3,4,0,2,2,12,REPLACE_BACKUP
722.489775911,6,0,0,1,1,12,SWITCH_PRIMARY
722.489775911,6,1,0,2,2,12,SWITCH_PRIMARY
722.489775911,6,2,0,2,2,12,REPLACE_BACKUP
722.489775911,6,3,0,2,2,12,REPLACE_BACKUP
722.489775911,6,4,0,2,2,12,REPLACE_BACKUP
722.489775911,6,5,0,2,2,12,SWITCH_PRIMARY
722.489775911,6,8,0,2,3,12,REPLACE_BACKUP
722.882554683,2,1,1,1,2,12,REFRESH
722.882554683,2,6,1,2,3,12,REFRESH_BACKUP
722.882554683,2,7,1,2,3,12,REFRESH
722.882554683,4,1,1,1,2,12,REFRESH
722.882554928,5,1,1,1,1,12,REFRESH
722.882554928,5,0,1,2,2,12,REPLACE_BACKUP
722.882554928,5,3,1,2,2,12,SWITCH_PRIMARY
722.882554928,5,4,1,2,2,12,REPLACE_BACKUP
722.882554928,5,7,1,2,2,12,REPLACE_BACKUP
722.882555414,8,1,1,1,1,12,SWITCH_PRIMARY
722.882555414,8,3,1,2,2,12,REPLACE_BACKUP
722.882555414,8,4,1,2,2,12,REPLACE_BACKUP
723.670949337,0,3,3,1,1,12,REFRESH
723.670949337,0,2,3,2,2,12,REFRESH_BACKUP
723.670949337,0,4,3,2,2,12,REFRESH_BACKUP
723.670949337,0,6,3,2,2,12,REPLACE_BACKUP
723.670949337,0,7,3,2,2,12,SWITCH_PRIMARY
723.670949337,0,8,3,2,2,12,REFRESH
723.670949337,4,3,3,1,1,12,REFRESH
723.670949337,4,0,3,2,2,12,REFRESH_BACKUP
723.670949337,4,7,3,2,2,12,REPLACE_BACKUP
723.670949337,4,8,3,2,2,12,REPLACE_BACKUP
723.670949337,6,3,3,1,1,12,REFRESH
723.670949337,6,0,3,2,2,12,REFRESH_BACKUP
723.670949337,6,2,3,2,2,12,REFRESH
723.670949337,6,4,3,2,2,12,REPLACE_BACKUP
723.670949337,6,7,3,2,2,12,REFRESH_BACKUP
723.670949337,6,8,3,2,2,12,REFRESH
723.670949337,6,1,3,2,3,12,REFRESH_BACKUP
723.670949337,6,5,3,2,3,12,REFRESH_BACKUP
723.670949582,1,3,3,1,1,12,REFRESH
723.670949582,1,4,3,2,2,12,REPLACE_BACKUP
723.670949582,1,6,3,2,2,12,REPLACE_BACKUP
723.670949582,1,8,3,2,2,12,SWITCH_PRIMARY
723.670950067,2,3,3,1,2,12,REFRESH
723.670950067,2,4,3,2,3,12,REFRESH_BACKUP
723.670950067,2,6,3,2,3,12,REPLACE_BACKUP
723.670950067,2,7,3,2,3,12,SWITCH_PRIMARY
728.548105875,5,2,2,1,1,12,REFRESH
728.548105875,5,8,2,2,2,12,REPLACE_BACKUP
728.548105875,5,1,2,2,3,12,REFRESH_BACKUP
728.797228217,4,5,5,1,1,12,REFRESH
728.797228217,4,0,5,2,2,12,REPLACE_BACKUP
728.797228217,4,1,5,2,2,12,SWITCH_PRIMARY
728.797228217,4,6,5,2,2,12,REPLACE_BACKUP
728.797228217,4,7,5,2,2,12,REPLACE_BACKUP
728.797228219,8,5,5,1,1,12,REFRESH
728.797228219,8,0,5,2,2,12,REFRESH_BACKUP
728.797228219,8,4,5,2,2,12,REPLACE_BACKUP
728.797228219,8,6,5,2,2,12,REPLACE_BACKUP
728.797228219,8,7,5,2,2,12,REFRESH_BACKUP
728.797228947,6,5,5,1,1,12,SWITCH_PRIMARY
728.797228947,6,1,5,2,2,12,REPLACE_BACKUP
728.797228947,6,2,5,2,2,12,REPLACE_BACKUP
728.797228947,6,4,5,2,2,12,SWITCH_PRIMARY
728.797228947,6,8,5,2,2,12,SWITCH_PRIMARY
729.045368539,5,8,8,1,1,12,REFRESH
729.045368539,5,1,8,2,2,12,REPLACE_BACKUP
729.045368539,5,3,8,2,2,12,REFRESH_BACKUP
729.045368539,5,4,8,2,2,12,REPLACE_BACKUP
729.045368539,5,6,8,2,2,12,REFRESH_BACKUP
729.894717414,1,4,4,1,1,12,REFRESH
729.894717414,1,0,4,2,2,12,REFRESH_BACKUP
729.894717414,1,3,4,2,2,12,REPLACE_BACKUP
729.894717414,1,5,4,2,2,12,REPLACE_BACKUP
729.894717414,1,6,4,2,2,12,REPLACE_BACKUP
729.894717414,1,7,4,2,2,12,REFRESH_BACKUP
729.894717414,1,8,4,2,2,12,SWITCH_PRIMARY
729.894717414,5,4,4,1,1,12,REFRESH
729.894717414,5,2,4,2,2,12,REFRESH_BACKUP
729.894717414,5,3,4,2,2,12,SWITCH_PRIMARY
729.894717414,5,6,4,2,2,12,REPLACE_BACKUP
729.894717414,5,7,4,2,2,12,REPLACE_BACKUP
729.894717414,7,4,4,1,1,12,REFRESH
729.894717414,7,0,4,2,2,12,REFRESH_BACKUP
729.894717414,7,2,4,2,2,12,SWITCH_PRIMARY
729.894717414,7,3,4,2,2,12,REFRESH
729.894717414,7,5,4,2,2,12,REFRESH
729.894717414,7,8,4,2,2,12,REFRESH
729.894717414,7,1,4,2,3,12,REFRESH_BACKUP
729.894717659,0,4,4,1,1,12,REFRESH
729.894717659,0,3,4,2,2,12,REFRESH_BACKUP
729.894717659,0,5,4,2,2,12,REFRESH_BACKUP
729.894717659,0,6,4,2,2,12,SWITCH_PRIMARY
729.894717659,0,7,4,2,2,12,SWITCH_PRIMARY
729.894717659,0,1,4,2,3,12,REFRESH_BACKUP
729.894717659,2,4,4,1,1,12,REFRESH
729.894717659,2,0,4,2,2,12,REFRESH
729.894717659,2,3,4,2,2,12,SWITCH_PRIMARY
729.894717659,2,5,4,2,2,12,SWITCH_PRIMARY
729.894717659,2,6,4,2,2,12,REFRESH
729.894717659,2,7,4,2,2,12,SWITCH_PRIMARY
729.894717659,2,8,4,2,2,12,REFRESH_BACKUP
729.894717659,2,1,4,2,3,12,REPLACE_BACKUP
729.894717660,8,4,4,1,2,12,REFRESH
729.894717660,8,0,4,2,3,12,REFRESH
729.894717660,8,2,4,2,3,12,REFRESH_BACKUP
731.502966419,3,6,6,1,1,12,REFRESH
731.502966419,3,0,6,2,2,12,REPLACE_BACKUP
731.502966419,3,7,6,2,2,12,REFRESH_BACKUP
731.502966419,7,6,6,1,1,12,REFRESH
731.502966419,7,3,6,2,2,12,REFRESH_BACKUP
731.502966419,7,5,6,2,2,12,SWITCH_PRIMARY
731.502966419,7,1,6,2,3,12,REPLACE_BACKUP
731.502966419,7,8,6,2,3,12,REFRESH_BACKUP
731.502966664,4,6,6,1,1,12,REFRESH
731.502966664,4,0,6,2,2,12,REPLACE_BACKUP
731.502966664,4,3,6,2,2,12,REPLACE_BACKUP
731.502966664,4,5,6,2,2,12,REPLACE_BACKUP
732.952927295,4,7,7,1,2,12,REFRESH
732.952927295,6,7,7,1,1,12,REFRESH
732.952927295,6,1,7,2,2,12,SWITCH_PRIMARY
732.952927295,6,4,7,2,2,12,SWITCH_PRIMARY
732.952927297,8,7,7,1,1,12,REFRESH
732.952927297,8,0,7,2,2,12,SWITCH_PRIMARY
732.952927297,8,1,7,2,2,12,REFRESH_BACKUP
732.952927297,8,4,7,2,2,12,SWITCH_PRIMARY
732.952927297,8,6,7,2,2,12,REPLACE_BACKUP
732.952927297,8,2,7,2,3,12,REPLACE_BACKUP
732.952927540,3,7,7,1,1,12,REFRESH
732.952927540,3,1,7,2,2,12,SWITCH_PRIMARY
732.952927540,3,4,7,2,2,12,REPLACE_BACKUP
732.952927540,3,6,7,2,2,12,REFRESH_BACKUP
732.952927540,5,7,7,1,1,12,REFRESH
732.952927540,5,4,7,2,2,12,REPLACE_BACKUP
732.952927540,5,6,7,2,2,12,REPLACE_BACKUP
732.952927886,1,7,7,1,1,12,REFRESH
732.952927886,1,6,7,2,2,12,REPLACE_BACKUP
732.952928025,2,7,7,1,1,12,SWITCH_PRIMARY
732.952928025,2,0,7,2,2,12,SWITCH_PRIMARY
732.952928025,2,1,7,2,2,12,SWITCH_PRIMARY
732.952928025,2,4,7,2,2,12,REPLACE_BACKUP
732.952928025,2,6,7,2,2,12,REPLACE_BACKUP
782.489775320,1,0,0,1,1,13,REFRESH
782.489775320,1,2,0,2,2,13,REFRESH_BACKUP
782.489775320,1,4,0,2,2,13,REPLACE_BACKUP
782.489775320,3,0,0,1,1,13,REFRESH
782.489775320,3,2,0,2,2,13,REFRESH_BACKUP
782.489775565,4,0,0,1,1,13,REFRESH
782.489775565,4,1,0,2,2,13,REPLACE_BACKUP
782.489775565,4,3,0,2,2,13,REPLACE_BACKUP
782.489775565,4,5,0,2,2,13,REPLACE_BACKUP
782.489776050,7,0,0,1,1,13,REFRESH
782.489776050,7,1,0,2,2,13,REPLACE_BACKUP
782.489776050,7,2,0,2,2,13,SWITCH_PRIMARY
782.489776050,7,3,0,2,2,13,REPLACE_BACKUP
782.489776050,7,4,0,2,2,13,REPLACE_BACKUP
782.489776050,7,5,0,2,2,13,SWITCH_PRIMARY
782.489776050,7,8,0,2,3,13,REPLACE_BACKUP
782.882554683,0,1,1,1,2,13,REFRESH
782.882554683,2,1,1,1,1,13,SWITCH_PRIMARY
782.882554683,2,0,1,2,2,13,SWITCH_PRIMARY
782.882554683,2,3,1,2,2,13,SWITCH_PRIMARY
782.882554683,2,4,1,2,2,13,REPLACE_BACKUP
782.882554683,2,5,1,2,2,13,REPLACE_BACKUP
782.882554683,2,6,1,2,2,13,SWITCH_PRIMARY
782.882554928,5,1,1,1,1,13,REFRESH
782.882554928,5,0,1,2,2,13,REFRESH_BACKUP
782.882554928,5,2,1,2,2,13,REPLACE_BACKUP
782.882554928,5,3,1,2,2,13,REFRESH_BACKUP
782.882554928,5,7,1,2,2,13,REPLACE_BACKUP
783.670949337,4,3,3,1,1,13,REFRESH
783.670949337,4,2,3,2,2,13,REPLACE_BACKUP
783.670949337,4,7,3,2,2,13,SWITCH_PRIMARY
783.670949337,4,8,3,2,2,13,REFRESH_BACKUP
783.670949337,6,3,3,1,1,13,REFRESH
783.670949337,6,0,3,2,2,13,REFRESH_BACKUP
783.670949337,6,2,3,2,2,13,REFRESH
783.670949337,6,7,3,2,2,13,REFRESH_BACKUP
783.670949337,6,8,3,2,2,13,REFRESH_BACKUP
783.670949582,1,3,3,1,1,13,REFRESH
783.670949582,1,2,3,2,2,13,REPLACE_BACKUP
783.670949582,1,4,3,2,2,13,REPLACE_BACKUP
783.670949582,1,8,3,2,2,13,REFRESH_BACKUP
783.670950068,8,3,3,1,1,13,REFRESH
783.670950068,8,0,3,2,2,13,REPLACE_BACKUP
783.670950068,8,2,3,2,2,13,REPLACE_BACKUP
783.670950068,8,4,3,2,2,13,REPLACE_BACKUP
783.670950068,8,6,3,2,2,13,REPLACE_BACKUP
783.670950068,8,7,3,2,2,13,REPLACE_BACKUP
788.548105875,1,2,2,1,1,13,REFRESH
788.548105875,1,4,2,2,2,13,REPLACE_BACKUP
788.548105875,1,8,2,2,2,13,REPLACE_BACKUP
788.548105875,5,2,2,1,1,13,REFRESH
788.548105875,5,1,2,2,2,13,REPLACE_BACKUP
788.548105875,5,4,2,2,2,13,REPLACE_BACKUP
788.548105875,5,7,2,2,2,13,REPLACE_BACKUP
788.548105875,5,8,2,2,2,13,REFRESH_BACKUP
788.797228217,2,5,5,1,1,13,SWITCH_PRIMARY
788.797228217,2,1,5,2,2,13,REPLACE_BACKUP
788.797228217,2,4,5,2,2,13,REPLACE_BACKUP
788.797228217,2,6,5,2,2,13,REPLACE_BACKUP
788.797228217,2,8,5,2,2,13,REPLACE_BACKUP
788.797228219,8,5,5,1,2,13,REFRESH
788.797228462,1,5,5,1,2,13,REFRESH
788.797228462,7,5,5,1,1,13,SWITCH_PRIMARY
788.797228462,7,0,5,2,2,13,REPLACE_BACKUP
788.797228462,7,2,5,2,2,13,REPLACE_BACKUP
788.797228462,7,6,5,2,2,13,REPLACE_BACKUP
788.797228462,7,8,5,2,2,13,SWITCH_PRIMARY
788.797228947,0,5,5,1,1,13,REFRESH
788.797228947,0,1,5,2,2,13,SWITCH_PRIMARY
788.797228947,0,2,5,2,2,13,REPLACE_BACKUP
788.797228947,0,4,5,2,2,13,REPLACE_BACKUP
788.797228947,0,6,5,2,2,13,SWITCH_PRIMARY
788.797228947,0,8,5,2,2,13,REFRESH_BACKUP
789.045368539,5,8,8,1,1,13,REFRESH
789.045368539,5,1,8,2,2,13,REPLACE_BACKUP
789.045368539,5,3,8,2,2,13,SWITCH_PRIMARY
789.045368539,5,7,8,2,2,13,REPLACE_BACKUP
789.045369128,2,8,8,1,2,13,REFRESH
789.894717414,1,4,4,1,1,13,REFRESH
789.894717414,1,0,4,2,2,13,REFRESH_BACKUP
789.894717414,1,2,4,2,2,13,REPLACE_BACKUP
789.894717414,1,3,4,2,2,13,REFRESH_BACKUP
789.894717414,1,5,4,2,2,13,SWITCH_PRIMARY
789.894717414,1,6,4,2,2,13,REPLACE_BACKUP
789.894717414,1,8,4,2,2,13,REFRESH
789.894717414,1,7,4,2,3,13,REFRESH_BACKUP
789.894717414,3,4,4,1,2,13,REFRESH
789.894717414,3,5,4,2,3,13,REFRESH
789.894717414,3,8,4,2,3,13,REFRESH_BACKUP
789.894717414,3,1,4,2,4,13,REFRESH_BACKUP
789.894717414,5,4,4,1,1,13,REFRESH
789.894717414,5,2,4,2,2,13,REPLACE_BACKUP
789.894717414,5,3,4,2,2,13,REFRESH_BACKUP
789.894717414,5,8,4,2,2,13,REPLACE_BACKUP
789.894717414,7,4,4,1,1,13,REFRESH
789.894717414,7,0,4,2,2,13,REPLACE_BACKUP
789.894717414,7,2,4,2,2,13,REPLACE_BACKUP
789.894717414,7,3,4,2,2,13,REFRESH
789.894717414,7,5,4,2,2,13,REPLACE_BACKUP
789.894717414,7,8,4,2,2,13,REFRESH_BACKUP
789.894717659,2,4,4,1,2,13,REFRESH
789.894717659,2,3,4,2,3,13,REFRESH_BACKUP
789.894717659,2,5,4,2,3,13,REFRESH_BACKUP
789.894717659,2,7,4,2,4,13,REFRESH_BACKUP
791.502966419,3,6,6,1,1,13,REFRESH
791.502966419,3,0,6,2,2,13,REFRESH_BACKUP
791.502966419,3,5,6,2,2,13,SWITCH_PRIMARY
791.502966419,3,7,6,2,2,13,REFRESH_BACKUP
791.502966419,3,1,6,2,3,13,REPLACE_BACKUP
791.502966419,3,8,6,2,3,13,REPLACE_BACKUP
791.502966419,7,6,6,1,1,13,REFRESH
791.502966419,7,5,6,2,2,13,REPLACE_BACKUP
791.502966664,4,6,6,1,1,13,REFRESH
791.502966664,4,0,6,2,2,13,REFRESH_BACKUP
791.502966664,4,7,6,2,2,13,SWITCH_PRIMARY
792.888159295,4,7,7,1,1,13,SWITCH_PRIMARY
792.888159295,4,1,7,2,2,13,SWITCH_PRIMARY
792.888159295,4,5,7,2,2,13,REPLACE_BACKUP
792.888159295,4,6,7,2,2,13,REPLACE_BACKUP
792.888159297,8,7,7,1,1,13,REFRESH
792.888159297,8,0,7,2,2,13,REFRESH
792.888159297,8,1,7,2,2,13,REFRESH_BACKUP
792.888159297,8,4,7,2,2,13,REFRESH
792.888159297,8,5,7,2,2,13,SWITCH_PRIMARY
792.888159540,5,7,7,1,1,13,REFRESH
792.888159540,5,0,7,2,2,13,REPLACE_BACKUP
792.888159540,5,1,7,2,2,13,REPLACE_BACKUP
792.888159540,5,4,7,2,2,13,REPLACE_BACKUP
792.888159540,5,6,7,2,2,13,REFRESH_BACKUP
809.264742471,3,2,2,1,0,3,POISON
809.264742471,3,2,0,2,2,13,PROMOTE_BACKUP
842.489775320,1,0,0,1,1,14,REFRESH
842.489775320,1,3,0,2,2,14,REPLACE_BACKUP
842.489775320,1,5,0,2,2,14,SWITCH_PRIMARY
842.489775320,1,7,0,2,3,14,REPLACE_BACKUP
842.489775320,3,0,0,1,1,14,REFRESH
842.489775320,3,2,0,2,2,14,REFRESH
842.489775320,3,4,0,2,2,14,SWITCH_PRIMARY
842.489775320,3,5,0,2,2,14,SWITCH_PRIMARY
842.489775320,3,1,0,2,3,14,REPLACE_BACKUP
842.882554683,0,1,1,1,2,14,REFRESH_BACKUP
842.882554683,2,1,1,1,1,14,REFRESH
842.882554683,2,0,1,2,2,14,REFRESH
842.882554683,2,3,1,2,2,14,REFRESH
842.882554683,2,4,1,2,2,14,SWITCH_PRIMARY
842.882554683,2,6,1,2,2,14,REFRESH
842.882554683,2,7,1,2,2,14,REPLACE_BACKUP
842.882554683,2,5,1,2,3,14,REPLACE_BACKUP
842.882555413,6,1,1,1,1,14,SWITCH_PRIMARY
842.882555413,6,0,1,2,2,14,REPLACE_BACKUP
842.882555413,6,7,1,2,2,14,REPLACE_BACKUP
842.882555414,8,1,1,1,2,14,REFRESH
842.882555414,8,3,1,2,3,14,REFRESH_BACKUP
843.670949337,0,3,3,1,1,14,REFRESH
843.670949337,0,6,3,2,2,14,SWITCH_PRIMARY
843.670949337,0,7,3,2,2,14,REFRESH_BACKUP
843.670949337,0,8,3,2,2,14,REFRESH
843.670949582,7,3,3,1,1,14,SWITCH_PRIMARY
843.670949582,7,8,3,2,2,14,SWITCH_PRIMARY
848.612873875,1,2,2,1,1,14,REFRESH
848.612873875,1,5,2,2,2,14,SWITCH_PRIMARY
848.612873875,1,7,2,2,2,14,REPLACE_BACKUP
848.612873875,1,4,2,2,3,14,REFRESH_BACKUP
848.612873875,1,8,2,2,3,14,REFRESH_BACKUP
848.612873875,5,2,2,1,1,14,REFRESH
848.612873875,5,7,2,2,2,14,REPLACE_BACKUP
848.612874120,4,2,2,1,2,14,REFRESH
848.612874466,0,2,2,1,1,14,REFRESH
848.612874466,0,1,2,2,2,14,SWITCH_PRIMARY
848.612874466,0,7,2,2,2,14,SWITCH_PRIMARY
848.612874466,8,2,2,1,2,14,REFRESH
848.797228217,2,5,5,1,1,14,REFRESH
848.797228217,2,0,5,2,2,14,REPLACE_BACKUP
848.797228217,2,1,5,2,2,14,REFRESH_BACKUP
848.797228217,2,4,5,2,2,14,SWITCH_PRIMARY
848.797228217,2,6,5,2,2,14,SWITCH_PRIMARY
848.797228217,2,7,5,2,2,14,REPLACE_BACKUP
848.797228217,2,8,5,2,2,14,SWITCH_PRIMARY
848.797228217,2,3,5,2,3,14,REPLACE_BACKUP
848.797228219,8,5,5,1,1,14,SWITCH_PRIMARY
848.797228219,8,0,5,2,2,14,SWITCH_PRIMARY
848.797228219,8,1,5,2,2,14,SWITCH_PRIMARY
848.797228219,8,2,5,2,2,14,SWITCH_PRIMARY
848.797228219,8,4,5,2,2,14,SWITCH_PRIMARY
848.797228219,8,7,5,2,2,14,REPLACE_BACKUP
848.797228219,8,3,5,2,3,14,REPLACE_BACKUP
849.045368539,5,8,8,1,1,14,REFRESH
849.045368539,5,3,8,2,2,14,REFRESH
849.045368783,4,8,8,1,1,14,REFRESH
849.829949414,3,4,4,1,2,14,REFRESH_BACKUP
849.829949414,3,2,4,2,4,14,ADD_BACKUP
849.829949414,5,4,4,1,1,14,REFRESH
849.829949414,5,3,4,2,2,14,REFRESH_BACKUP
849.829949414,5,6,4,2,2,14,REPLACE_BACKUP
849.829949414,5,8,4,2,2,14,REFRESH_BACKUP
849.829949414,5,2,4,2,3,14,REFRESH_BACKUP
849.829949414,7,4,4,1,1,14,REFRESH
849.829949414,7,0,4,2,2,14,REFRESH_BACKUP
849.829949414,7,3,4,2,2,14,REFRESH_BACKUP
849.829949414,7,2,4,2,3,14,REFRESH_BACKUP
849.829949659,0,4,4,1,1,14,REFRESH
849.829949659,0,3,4,2,2,14,REFRESH_BACKUP
849.829949659,0,5,4,2,2,14,REFRESH_BACKUP
849.829949659,0,6,4,2,2,14,REPLACE_BACKUP
849.829949659,0,7,4,2,2,14,REFRESH_BACKUP
849.829949659,0,8,4,2,2,14,SWITCH_PRIMARY
849.829949659,2,4,4,1,1,14,SWITCH_PRIMARY
849.829949659,2,0,4,2,2,14,REPLACE_BACKUP
849.829949659,2,3,4,2,2,14,SWITCH_PRIMARY
849.829949659,2,5,4,2,2,14,REPLACE_BACKUP
849.829949659,2,6,4,2,2,14,SWITCH_PRIMARY
849.829949659,2,8,4,2,2,14,REPLACE_BACKUP
849.829949660,8,4,4,1,1,14,SWITCH_PRIMARY
849.829949660,8,3,4,2,2,14,REPLACE_BACKUP
849.829949660,8,7,4,2,2,14,REPLACE_BACKUP
851.502966419,3,6,6,1,2,14,REFRESH
851.502966419,3,0,6,2,3,14,REFRESH_BACKUP
851.502966419,3,5,6,2,3,14,REFRESH_BACKUP
851.502966419,3,7,6,2,3,14,REFRESH_BACKUP
851.502966419,3,2,6,2,4,14,REPLACE_BACKUP
851.502966419,3,8,6,2,4,14,REFRESH_BACKUP
851.502966419,7,6,6,1,1,14,REFRESH
851.502966419,7,1,6,2,2,14,REPLACE_BACKUP
851.502966419,7,3,6,2,2,14,REPLACE_BACKUP
851.502966419,7,5,6,2,2,14,REFRESH_BACKUP
851.502966419,7,2,6,2,3,14,REPLACE_BACKUP
851.502966664,4,6,6,1,1,14,REFRESH
851.502966664,4,0,6,2,2,14,REFRESH_BACKUP
851.502966664,4,1,6,2,2,14,REPLACE_BACKUP
851.502966664,4,3,6,2,2,14,REPLACE_BACKUP
851.502966664,4,5,6,2,2,14,REPLACE_BACKUP
851.502966664,4,7,6,2,2,14,REFRESH_BACKUP
851.502967149,1,6,6,1,2,14,REFRESH
852.888159295,6,7,7,1,1,14,REFRESH
852.888159295,6,1,7,2,2,14,REFRESH_BACKUP
852.888159295,6,4,7,2,2,14,REFRESH
852.888159540,5,7,7,1,1,14,REFRESH
852.888159540,5,0,7,2,2,14,REFRESH_BACKUP
852.888159540,5,1,7,2,2,14,REFRESH_BACKUP
852.888159540,5,3,7,2,2,14,SWITCH_PRIMARY
852.888159540,5,4,7,2,2,14,REFRESH_BACKUP
852.888159540,5,6,7,2,2,14,REPLACE_BACKUP
902.489776050,5,0,0,1,1,15,REFRESH
902.489776050,5,2,0,2,2,15,REPLACE_BACKUP
902.489776050,5,3,0,2,2,15,SWITCH_PRIMARY
902.489776050,5,4,0,2,2,15,REPLACE_BACKUP
902.947322683,0,1,1,1,1,15,SWITCH_PRIMARY
902.947322683,0,2,1,2,2,15,REPLACE_BACKUP
902.947322683,0,4,1,2,2,15,REPLACE_BACKUP
902.947322683,0,7,1,2,2,15,SWITCH_PRIMARY
902.947322683,2,1,1,1,1,15,REFRESH
902.947322683,2,0,1,2,2,15,REFRESH
902.947322683,2,3,1,2,2,15,SWITCH_PRIMARY
902.947322683,2,7,1,2,2,15,REPLACE_BACKUP
902.947322683,4,1,1,1,1,15,SWITCH_PRIMARY
902.947322683,4,2,1,2,2,15,SWITCH_PRIMARY
902.947322683,4,7,1,2,2,15,REPLACE_BACKUP
902.947322928,3,1,1,1,1,15,SWITCH_PRIMARY
902.947322928,3,0,1,2,2,15,REPLACE_BACKUP
902.947322928,3,2,1,2,2,15,REPLACE_BACKUP
902.947322928,3,4,1,2,2,15,REPLACE_BACKUP
902.947322928,3,7,1,2,2,15,REPLACE_BACKUP
902.947322928,3,5,1,2,3,15,REPLACE_BACKUP
902.947322928,3,8,1,2,3,15,REPLACE_BACKUP
902.947322928,5,1,1,1,2,15,REFRESH
902.947323274,7,1,1,1,1,15,REFRESH
902.947323274,7,0,1,2,2,15,REPLACE_BACKUP
902.947323274,7,2,1,2,2,15,SWITCH_PRIMARY
902.947323274,7,3,1,2,2,15,REPLACE_BACKUP
903.670949337,0,3,3,1,1,15,REFRESH
903.670949337,0,1,3,2,2,15,REPLACE_BACKUP
903.670949337,0,7,3,2,2,15,SWITCH_PRIMARY
903.670949337,0,8,3,2,2,15,SWITCH_PRIMARY
903.670949337,0,6,3,2,3,15,REFRESH
903.670949337,4,3,3,1,1,15,REFRESH
903.670949337,4,0,3,2,2,15,REPLACE_BACKUP
903.670949337,4,1,3,2,2,15,REPLACE_BACKUP
903.670949337,4,8,3,2,2,15,REFRESH_BACKUP
903.670949337,6,3,3,1,1,15,REFRESH
903.670949337,6,0,3,2,2,15,REPLACE_BACKUP
903.670949337,6,7,3,2,2,15,REPLACE_BACKUP
903.670949337,6,8,3,2,2,15,REFRESH_BACKUP
903.670949337,6,2,3,2,3,15,REFRESH
903.670949582,1,3,3,1,1,15,REFRESH
903.670949582,1,8,3,2,2,15,REPLACE_BACKUP
903.670949582,1,4,3,2,3,15,REPLACE_BACKUP
908.548105875,1,2,2,1,2,15,REFRESH
908.548105875,1,5,2,2,3,15,REFRESH
908.548105875,1,7,2,2,3,15,REFRESH_BACKUP
908.548106605,7,2,2,1,1,15,SWITCH_PRIMARY
908.548106605,7,1,2,2,2,15,REPLACE_BACKUP
908.861996217,2,5,5,1,1,15,REFRESH
908.861996217,2,4,5,2,2,15,REFRESH_BACKUP
908.861996217,2,6,5,2,2,15,REFRESH_BACKUP
908.861996217,2,7,5,2,2,15,REPLACE_BACKUP
908.861996217,2,8,5,2,2,15,REFRESH
908.861996217,2,1,5,2,3,15,REFRESH_BACKUP
908.861996217,4,5,5,1,1,15,REFRESH
908.861996217,4,2,5,2,2,15,SWITCH_PRIMARY
908.861996217,4,7,5,2,2,15,REPLACE_BACKUP
908.861996219,8,5,5,1,1,15,REFRESH
908.861996219,8,0,5,2,2,15,REFRESH
908.861996219,8,2,5,2,2,15,REFRESH
908.861996219,8,4,5,2,2,15,REFRESH_BACKUP
908.861996219,8,6,5,2,2,15,REPLACE_BACKUP
908.861996219,8,7,5,2,2,15,REPLACE_BACKUP
908.861996219,8,1,5,2,3,15,REFRESH
908.861996462,1,5,5,1,2,15,SWITCH_PRIMARY
908.861996462,1,7,5,2,3,15,REPLACE_BACKUP
908.861996462,7,5,5,1,2,15,REFRESH
908.861996462,7,6,5,2,3,15,REFRESH_BACKUP
908.861996462,7,8,5,2,3,15,REFRESH_BACKUP
908.861996947,6,5,5,1,2,15,REFRESH
908.861996947,6,2,5,2,3,15,REFRESH_BACKUP
908.861996947,6,4,5,2,3,15,REFRESH_BACKUP
908.861996947,6,8,5,2,3,15,REFRESH
909.045368539,5,8,8,1,1,15,REFRESH
909.045368539,5,4,8,2,2,15,REPLACE_BACKUP
909.045368539,5,6,8,2,2,15,REPLACE_BACKUP
909.045368783,4,8,8,1,1,15,REFRESH
909.045368783,4,3,8,2,2,15,REPLACE_BACKUP
909.045368783,4,7,8,2,2,15,REPLACE_BACKUP
909.045369128,2,8,8,1,1,15,SWITCH_PRIMARY
909.045369128,2,3,8,2,2,15,SWITCH_PRIMARY
909.045369128,2,4,8,2,2,15,REPLACE_BACKUP
909.045369128,2,6,8,2,2,15,SWITCH_PRIMARY
909.045369128,2,7,8,2,2,15,REPLACE_BACKUP
909.045369128,2,1,8,2,3,15,REPLACE_BACKUP
909.829949414,3,4,4,1,1,15,SWITCH_PRIMARY
909.829949414,3,1,4,2,2,15,REPLACE_BACKUP
909.829949414,3,5,4,2,2,15,SWITCH_PRIMARY
909.829949414,3,6,4,2,2,15,SWITCH_PRIMARY
909.829949414,3,8,4,2,2,15,REPLACE_BACKUP
909.829949414,5,4,4,1,1,15,REFRESH
909.829949414,5,1,4,2,2,15,SWITCH_PRIMARY
909.829949414,5,3,4,2,2,15,SWITCH_PRIMARY
909.829949414,5,6,4,2,2,15,REPLACE_BACKUP
909.829949414,5,8,4,2,2,15,REFRESH_BACKUP
909.829949414,7,4,4,1,1,15,REFRESH
909.829949414,7,1,4,2,2,15,REPLACE_BACKUP
909.829949414,7,3,4,2,2,15,REPLACE_BACKUP
909.829949414,7,5,4,2,2,15,SWITCH_PRIMARY
909.829949414,7,6,4,2,2,15,REPLACE_BACKUP
909.829949414,7,8,4,2,2,15,SWITCH_PRIMARY
911.438198664,4,6,6,1,1,15,REFRESH
911.438198664,4,0,6,2,2,15,REPLACE_BACKUP
911.438198664,4,1,6,2,2,15,REPLACE_BACKUP
911.438198664,4,5,6,2,3,15,REFRESH_BACKUP
912.888159295,4,7,7,1,2,15,REFRESH
912.888159295,4,6,7,2,3,15,REFRESH_BACKUP
912.888159295,6,7,7,1,1,15,REFRESH
912.888159295,6,1,7,2,2,15,REFRESH_BACKUP
912.888159295,6,2,7,2,2,15,SWITCH_PRIMARY
912.888159295,6,4,7,2,2,15,REFRESH
912.888159295,6,8,7,2,3,15,SWITCH_PRIMARY
912.888159297,8,7,7,1,2,15,REFRESH
912.888159297,8,0,7,2,3,15,REFRESH_BACKUP
912.888159297,8,5,7,2,4,15,REFRESH_BACKUP
912.888159540,3,7,7,1,1,15,REFRESH
912.888159540,3,0,7,2,2,15,REPLACE_BACKUP
912.888159540,3,6,7,2,2,15,REPLACE_BACKUP
912.888159540,5,7,7,1,2,15,REFRESH
912.888159540,5,0,7,2,3,15,REFRESH_BACKUP
962.554543320,1,0,0,1,2,16,REFRESH
962.554543320,1,3,0,2,3,16,REFRESH_BACKUP
962.554543320,3,0,0,1,1,16,REFRESH
962.554543320,3,2,0,2,2,16,REFRESH
962.554543320,3,4,0,2,2,16,REFRESH_BACKUP
962.554543320,3,5,0,2,2,16,SWITCH_PRIMARY
962.554543565,4,0,0,1,2,16,REFRESH
962.947322683,0,1,1,1,1,16,REFRESH
962.947322683,0,3,1,2,2,16,REPLACE_BACKUP
962.947322683,0,4,1,2,2,16,REFRESH_BACKUP
962.947322683,0,7,1,2,2,16,SWITCH_PRIMARY
962.947322683,0,2,1,2,3,16,REFRESH_BACKUP
962.947322683,2,1,1,1,1,16,REFRESH
962.947322683,2,3,1,2,2,16,REFRESH_BACKUP
962.947322683,2,4,1,2,2,16,REPLACE_BACKUP
962.947322683,2,0,1,2,3,16,REFRESH
962.947322683,4,1,1,1,2,16,REFRESH
962.947322683,4,2,1,2,4,16,REFRESH_BACKUP
962.947322928,3,1,1,1,2,16,REFRESH
962.947322928,3,7,1,2,3,16,REFRESH_BACKUP
962.947322928,3,2,1,2,4,16,REFRESH_BACKUP
962.947322928,5,1,1,1,2,16,REFRESH_BACKUP
962.947323413,6,1,1,1,2,16,REFRESH
963.670949337,0,3,3,1,1,16,REFRESH
963.670949337,0,7,3,2,2,16,SWITCH_PRIMARY
963.670949337,0,8,3,2,2,16,REFRESH
963.670949337,0,6,3,2,3,16,REFRESH
963.670949337,0,1,3,2,3,16,REFRESH_BACKUP
963.670949582,1,3,3,1,1,16,REFRESH
963.670949582,1,0,3,2,2,16,SWITCH_PRIMARY
963.670949582,1,4,3,2,2,16,REFRESH_BACKUP
963.670949582,1,7,3,2,2,16,REPLACE_BACKUP
963.670949582,1,8,3,2,2,16,SWITCH_PRIMARY
963.670949582,1,5,3,2,3,16,REPLACE_BACKUP
963.670949582,7,3,3,1,1,16,REFRESH
963.670949582,7,8,3,2,2,16,REFRESH_BACKUP
968.548105875,1,2,2,1,1,16,UPDATE
968.548105875,1,4,2,2,2,16,REPLACE_BACKUP
968.548105875,1,5,2,2,2,16,SWITCH_PRIMARY
968.548105875,1,8,2,2,2,16,REPLACE_BACKUP
968.548105875,1,3,2,2,3,16,REPLACE_BACKUP
968.548105875,5,2,2,1,1,16,REFRESH
968.548105875,5,1,2,2,2,16,REPLACE_BACKUP
968.548105875,5,7,2,2,2,16,SWITCH_PRIMARY
968.548105875,5,8,2,2,2,16,REPLACE_BACKUP
968.548105875,5,0,2,2,3,16,REPLACE_BACKUP
968.548106120,4,2,2,1,1,16,SWITCH_PRIMARY
968.548106120,4,1,2,2,2,16,SWITCH_PRIMARY
968.548106120,4,5,2,2,2,16,REPLACE_BACKUP
968.548106120,4,7,2,2,2,16,SWITCH_PRIMARY
968.548106120,4,8,2,2,2,16,REPLACE_BACKUP
968.548106120,4,6,2,2,3,16,REPLACE_BACKUP
968.548106605,3,2,2,1,2,16,REPLACE_BACKUP
968.797228217,2,5,5,1,2,16,REFRESH
968.797228217,2,8,5,2,3,16,REFRESH_BACKUP
968.797228217,4,5,5,1,1,16,REFRESH
968.797228217,4,0,5,2,2,16,SWITCH_PRIMARY
968.797228217,4,2,5,2,2,16,REFRESH_BACKUP
968.797228217,4,6,5,2,2,16,REPLACE_BACKUP
968.797228217,4,8,5,2,2,16,REPLACE_BACKUP
968.797228219,8,5,5,1,1,16,REFRESH
968.797228219,8,0,5,2,2,16,REFRESH
968.797228219,8,2,5,2,2,16,REFRESH
968.797228219,8,4,5,2,2,16,REFRESH_BACKUP
968.797228219,8,6,5,2,2,16,REFRESH_BACKUP
968.797228219,8,1,5,2,3,16,REFRESH
968.797228219,8,7,5,2,3,16,REFRESH_BACKUP
968.797228462,7,5,5,1,1,16,SWITCH_PRIMARY
968.797228462,7,2,5,2,2,16,REPLACE_BACKUP
968.797228462,7,6,5,2,2,16,REPLACE_BACKUP
968.797228462,7,8,5,2,2,16,REPLACE_BACKUP
968.797228947,0,5,5,1,1,16,REFRESH
968.797228947,0,2,5,2,2,16,REPLACE_BACKUP
968.797228947,0,4,5,2,2,16,REPLACE_BACKUP
968.797228947,0,6,5,2,2,16,SWITCH_PRIMARY
968.797228947,0,1,5,2,3,16,REPLACE_BACKUP
969.829949414,1,4,4,1,1,16,REFRESH
969.829949414,1,2,4,2,2,16,REFRESH_BACKUP
969.829949414,1,3,4,2,2,16,REPLACE_BACKUP
969.829949414,1,5,4,2,2,16,SWITCH_PRIMARY
969.829949414,1,6,4,2,2,16,SWITCH_PRIMARY
969.829949414,1,8,4,2,2,16,REPLACE_BACKUP
969.829949414,3,4,4,1,1,16,REFRESH
969.829949414,3,2,4,2,2,16,SWITCH_PRIMARY
969.829949414,3,5,4,2,2,16,REFRESH_BACKUP
969.829949414,3,6,4,2,2,16,REFRESH
969.829949414,3,8,4,2,2,16,REFRESH_BACKUP
969.829949414,3,1,4,2,3,16,REFRESH_BACKUP
969.829949414,3,7,4,2,3,16,REPLACE_BACKUP
969.829949414,5,4,4,1,1,16,REFRESH
969.829949414,5,3,4,2,2,16,REFRESH
969.829949414,5,6,4,2,2,16,REFRESH_BACKUP
969.829949414,5,8,4,2,2,16,REPLACE_BACKUP
969.829949414,5,1,4,2,3,16,REFRESH
969.829949414,7,4,4,1,1,16,REFRESH
969.829949414,7,2,4,2,2,16,REPLACE_BACKUP
969.829949414,7,3,4,2,2,16,REFRESH_BACKUP
969.829949414,7,5,4,2,2,16,REFRESH_BACKUP
969.829949414,7,8,4,2,2,16,REFRESH
969.829949414,7,1,4,2,3,16,REFRESH_BACKUP
969.829949659,6,4,4,1,2,16,REPLACE_BACKUP
969.829949659,6,8,4,2,3,16,REPLACE_BACKUP
969.829949660,8,4,4,1,1,16,REFRESH
969.829949660,8,2,4,2,2,16,SWITCH_PRIMARY
969.829949660,8,3,4,2,2,16,REFRESH_BACKUP
969.829949660,8,5,4,2,2,16,REPLACE_BACKUP
969.829949660,8,6,4,2,2,16,REPLACE_BACKUP
969.829949660,8,0,4,2,3,16,REPLACE_BACKUP
969.829949660,8,7,4,2,3,16,REPLACE_BACKUP
971.438198419,3,6,6,1,1,16,SWITCH_PRIMARY
971.438198419,3,0,6,2,2,16,REPLACE_BACKUP
971.438198419,3,7,6,2,2,16,REPLACE_BACKUP
971.438198419,3,1,6,2,3,16,REPLACE_BACKUP
971.438198419,7,6,6,1,2,16,REFRESH
971.438199149,5,6,6,1,1,16,REFRESH
971.438199149,5,0,6,2,2,16,REPLACE_BACKUP
971.438199149,5,3,6,2,2,16,SWITCH_PRIMARY
971.438199149,5,7,6,2,2,16,SWITCH_PRIMARY
971.438199149,5,1,6,2,3,16,SWITCH_PRIMARY
972.952927295,4,7,7,1,1,16,SWITCH_PRIMARY
972.952927295,4,0,7,2,2,16,SWITCH_PRIMARY
972.952927295,4,1,7,2,2,16,SWITCH_PRIMARY
972.952927295,6,7,7,1,1,16,REFRESH
972.952927295,6,0,7,2,2,16,REPLACE_BACKUP
972.952927295,6,1,7,2,2,16,SWITCH_PRIMARY
972.952927295,6,2,7,2,2,16,REFRESH
972.952927295,6,4,7,2,2,16,REFRESH
972.952927295,6,5,7,2,2,16,SWITCH_PRIMARY
972.952927295,6,8,7,2,3,16,REFRESH
972.952927297,8,7,7,1,1,16,UPDATE
972.952927297,8,0,7,2,2,16,SWITCH_PRIMARY
972.952927297,8,1,7,2,2,16,SWITCH_PRIMARY
972.952927297,8,2,7,2,2,16,SWITCH_PRIMARY
972.952927540,3,7,7,1,2,16,REFRESH
972.952927540,5,7,7,1,1,16,SWITCH_PRIMARY
972.952927540,5,1,7,2,2,16,SWITCH_PRIMARY
972.952927540,5,2,7,2,2,16,REPLACE_BACKUP
972.952927540,5,3,7,2,2,16,REPLACE_BACKUP
972.952927540,5,4,7,2,2,16,REPLACE_BACKUP
972.952927886,1,7,7,1,2,16,REFRESH
972.952928025,2,7,7,1,2,16,REFRESH
1022.489775320,1,0,0,1,1,17,SWITCH_PRIMARY
1022.489775320,1,3,0,2,2,17,REPLACE_BACKUP
1022.489775320,1,5,0,2,2,17,SWITCH_PRIMARY
1022.489775320,3,0,0,1,1,17,REFRESH
1022.489775320,3,1,0,2,2,17,SWITCH_PRIMARY
1022.489775320,3,2,0,2,2,17,SWITCH_PRIMARY
1022.489775320,3,4,0,2,2,17,REFRESH_BACKUP
1022.489775320,3,5,0,2,2,17,REFRESH
1022.947322683,0,1,1,1,2,17,REFRESH
1022.947322683,0,3,1,2,3,17,REFRESH_BACKUP
1022.947322683,0,7,1,2,4,17,REFRESH_BACKUP
1022.947322683,2,1,1,1,1,17,REFRESH
1022.947322683,2,0,1,2,2,17,UPDATE
1022.947322683,2,3,1,2,2,17,SWITCH_PRIMARY
1022.947322683,2,4,1,2,2,17,REFRESH_BACKUP
1022.947322683,2,8,1,2,3,17,REPLACE_BACKUP
1022.947322683,4,1,1,1,1,17,SWITCH_PRIMARY
1022.947322683,4,0,1,2,2,17,SWITCH_PRIMARY
1022.947322683,4,3,1,2,2,17,REPLACE_BACKUP
1022.947322928,3,1,1,1,2,17,REFRESH_BACKUP
1022.947322928,5,1,1,1,2,17,REPLACE_BACKUP
1022.947323274,7,1,1,1,1,17,REFRESH
1022.947323274,7,0,1,2,2,17,REFRESH_BACKUP
1022.947323274,7,4,1,2,2,17,REPLACE_BACKUP
1022.947323414,8,1,1,1,2,17,REPLACE_BACKUP
1023.735717337,0,3,3,1,1,17,REFRESH
1023.735717337,0,6,3,2,2,17,REFRESH_BACKUP
1023.735717337,0,8,3,2,2,17,REFRESH
1023.735717337,0,7,3,2,3,17,REFRESH
1023.735717337,6,3,3,1,1,17,REFRESH
1023.735717337,6,4,3,2,2,17,SWITCH_PRIMARY
1023.735717337,6,8,3,2,2,17,SWITCH_PRIMARY
1023.735717337,6,2,3,2,3,17,REFRESH_BACKUP
1023.735717337,6,7,3,2,3,17,REFRESH_BACKUP
1023.735717582,7,3,3,1,2,17,REFRESH
1028.548105875,1,2,2,1,1,17,REFRESH
1028.548105875,1,4,2,2,2,17,REFRESH_BACKUP
1028.548105875,1,8,2,2,2,17,SWITCH_PRIMARY
1028.548105875,5,2,2,1,1,17,REFRESH
1028.548105875,5,1,2,2,2,17,SWITCH_PRIMARY
1028.548105875,5,4,2,2,2,17,REPLACE_BACKUP
1028.548105875,5,8,2,2,2,17,REPLACE_BACKUP
1028.548106605,7,2,2,1,2,17,REFRESH
1028.548106955,6,2,2,1,1,17,SWITCH_PRIMARY
1028.548106955,6,1,2,2,2,17,SWITCH_PRIMARY
1028.548106955,6,8,2,2,2,17,REPLACE_BACKUP
1028.548106955,6,7,2,2,3,17,REPLACE_BACKUP
1028.797228217,2,5,5,1,1,17,UPDATE
1028.797228217,2,0,5,2,2,17,SWITCH_PRIMARY
1028.797228217,2,7,5,2,2,17,SWITCH_PRIMARY
1028.797228217,2,8,5,2,2,17,REPLACE_BACKUP
1028.797228219,8,5,5,1,1,17,REFRESH
1028.797228219,8,0,5,2,2,17,REFRESH_BACKUP
1028.797228219,8,2,5,2,2,17,SWITCH_PRIMARY
1028.797228219,8,4,5,2,2,17,REFRESH_BACKUP
1028.797228219,8,6,5,2,2,17,REPLACE_BACKUP
1028.797228219,8,7,5,2,2,17,REPLACE_BACKUP
1028.797228808,3,5,5,1,1,17,SWITCH_PRIMARY
1028.797228808,3,0,5,2,2,17,REPLACE_BACKUP
1028.797228808,3,7,5,2,2,17,SWITCH_PRIMARY
1028.797228808,3,8,5,2,2,17,REPLACE_BACKUP
1029.045368539,5,8,8,1,1,17,REFRESH
1029.045368539,5,4,8,2,2,17,REPLACE_BACKUP
1029.045368783,4,8,8,1,1,17,REFRESH
1029.045368783,4,5,8,2,2,17,REPLACE_BACKUP
1029.045368783,4,7,8,2,2,17,REPLACE_BACKUP
1029.045369128,2,8,8,1,1,17,REFRESH
1029.045369128,2,3,8,2,2,17,REFRESH_BACKUP
1029.045369128,2,6,8,2,2,17,REFRESH
1029.045369128,2,7,8,2,2,17,REPLACE_BACKUP
1029.045369128,2,1,8,2,3,17,REFRESH_BACKUP
1029.045369617,0,7,8,2,3,17,REPLACE_BACKUP
1029.829949414,1,4,4,1,1,17,REFRESH
1029.829949414,1,2,4,2,2,17,REFRESH_BACKUP
1029.829949414,1,3,4,2,2,17,REPLACE_BACKUP
1029.829949414,1,5,4,2,2,17,SWITCH_PRIMARY
1029.829949414,1,6,4,2,2,17,REFRESH
1029.829949414,1,7,4,2,2,17,SWITCH_PRIMARY
1029.829949414,1,8,4,2,2,17,SWITCH_PRIMARY
1029.829949414,3,4,4,1,1,17,REFRESH
1029.829949414,3,1,4,2,2,17,REPLACE_BACKUP
1029.829949414,3,2,4,2,2,17,REFRESH_BACKUP
1029.829949414,3,6,4,2,2,17,REFRESH_BACKUP
1029.829949414,3,7,4,2,2,17,SWITCH_PRIMARY
1029.829949414,5,4,4,1,1,17,REFRESH
1029.829949414,5,1,4,2,2,17,SWITCH_PRIMARY
1029.829949414,5,2,4,2,2,17,REPLACE_BACKUP
1029.829949414,5,3,4,2,2,17,SWITCH_PRIMARY
1029.829949414,5,6,4,2,2,17,REFRESH_BACKUP
1029.829949414,5,7,4,2,2,17,REPLACE_BACKUP
1029.829949414,5,8,4,2,2,17,REPLACE_BACKUP
1029.829949414,7,4,4,1,2,17,REFRESH
1029.829949414,7,1,4,2,3,17,REFRESH_BACKUP
1029.829949414,7,2,4,2,3,17,REFRESH_BACKUP
1029.829949414,7,3,4,2,3,17,REFRESH_BACKUP
1029.829949414,7,5,4,2,3,17,REFRESH_BACKUP
1029.829949414,7,8,4,2,3,17,REFRESH
1029.829949659,0,4,4,1,1,17,REFRESH
1029.829949659,0,1,4,2,2,17,SWITCH_PRIMARY
1029.829949659,0,2,4,2,2,17,REPLACE_BACKUP
1029.829949659,0,3,4,2,2,17,REPLACE_BACKUP
1029.829949659,0,5,4,2,2,17,REFRESH_BACKUP
1029.829949659,0,7,4,2,2,17,SWITCH_PRIMARY
1029.829949659,0,8,4,2,2,17,REFRESH_BACKUP
1029.829949659,2,4,4,1,1,17,REFRESH
1029.829949659,2,1,4,2,2,17,REPLACE_BACKUP
1029.829949659,2,3,4,2,2,17,SWITCH_PRIMARY
1029.829949659,2,5,4,2,2,17,REFRESH_BACKUP
1029.829949659,2,6,4,2,2,17,REFRESH_BACKUP
1029.829949659,2,7,4,2,2,17,SWITCH_PRIMARY
1029.829949659,2,8,4,2,2,17,REPLACE_BACKUP
1029.829949659,6,4,4,1,1,17,SWITCH_PRIMARY
1029.829949659,6,1,4,2,2,17,REPLACE_BACKUP
1029.829949659,6,2,4,2,2,17,REPLACE_BACKUP
1029.829949659,6,5,4,2,2,17,SWITCH_PRIMARY
1029.829949659,6,7,4,2,2,17,REPLACE_BACKUP
1029.829949659,6,8,4,2,2,17,SWITCH_PRIMARY
1029.829949660,8,4,4,1,1,17,REFRESH
1029.829949660,8,1,4,2,2,17,SWITCH_PRIMARY
1029.829949660,8,2,4,2,2,17,REPLACE_BACKUP
1029.829949660,8,3,4,2,2,17,REFRESH_BACKUP
1029.829949660,8,5,4,2,2,17,REFRESH_BACKUP
1029.829949660,8,7,4,2,2,17,REPLACE_BACKUP
1031.438198419,3,6,6,1,1,17,REFRESH
1031.438198419,3,0,6,2,2,17,REPLACE_BACKUP
1031.438198419,3,7,6,2,2,17,SWITCH_PRIMARY
1031.438198419,7,6,6,1,1,17,UPDATE
1031.438198419,7,0,6,2,2,17,REPLACE_BACKUP
1031.438198419,7,2,6,2,2,17,SWITCH_PRIMARY
1031.438198419,7,3,6,2,2,17,SWITCH_PRIMARY
1031.438198419,7,4,6,2,2,17,SWITCH_PRIMARY
1031.438198419,7,1,6,2,3,17,REPLACE_BACKUP
1031.438198419,7,5,6,2,3,17,REPLACE_BACKUP
1031.438198419,7,8,6,2,3,17,SWITCH_PRIMARY
1032.888159295,4,7,7,1,1,17,REFRESH
1032.888159295,4,0,7,2,2,17,SWITCH_PRIMARY
1032.888159295,4,1,7,2,2,17,REFRESH_BACKUP
1032.888159295,4,6,7,2,2,17,REPLACE_BACKUP
1032.888159295,6,7,7,1,1,17,REFRESH
1032.888159295,6,0,7,2,2,17,REFRESH_BACKUP
1032.888159295,6,1,7,2,2,17,SWITCH_PRIMARY
1032.888159295,6,5,7,2,2,17,SWITCH_PRIMARY
1032.888159297,8,7,7,1,1,17,REFRESH
1032.888159297,8,0,7,2,2,17,REFRESH
1032.888159297,8,1,7,2,2,17,REFRESH_BACKUP
1032.888159297,8,5,7,2,2,17,REPLACE_BACKUP
1032.888159540,3,7,7,1,1,17,SWITCH_PRIMARY
1032.888159540,3,0,7,2,2,17,REPLACE_BACKUP
1032.888159540,3,5,7,2,2,17,REPLACE_BACKUP
1032.888160025,2,7,7,1,1,17,SWITCH_PRIMARY
1032.888160025,2,0,7,2,2,17,SWITCH_PRIMARY
1032.888160025,2,5,7,2,2,17,REPLACE_BACKUP
1032.888160025,2,6,7,2,2,17,REPLACE_BACKUP
1082.489775320,1,0,0,1,1,18,REFRESH
1082.489775320,1,2,0,2,2,18,REPLACE_BACKUP
1082.489775320,1,3,0,2,2,18,REPLACE_BACKUP
1082.489775320,1,5,0,2,2,18,SWITCH_PRIMARY
1082.489775320,3,0,0,1,1,18,REFRESH
1082.489775320,3,2,0,2,2,18,REFRESH
1082.489775320,3,4,0,2,2,18,REFRESH_BACKUP
1082.489775320,3,5,0,2,2,18,REPLACE_BACKUP
1082.489775320,3,1,0,2,3,18,REFRESH
1082.882554683,0,1,1,1,1,18,SWITCH_PRIMARY
1082.882554683,0,3,1,2,2,18,REPLACE_BACKUP
1082.882554683,0,4,1,2,2,18,REPLACE_BACKUP
1082.882554683,2,1,1,1,1,18,REFRESH
1082.882554683,2,3,1,2,2,18,SWITCH_PRIMARY
1082.882554683,2,4,1,2,2,18,REFRESH_BACKUP
1082.882554683,4,1,1,1,2,18,REFRESH
1082.882554683,4,0,1,2,3,18,REFRESH_BACKUP
1082.882554683,4,3,1,2,3,18,REFRESH_BACKUP
1082.882554928,3,1,1,1,1,18,SWITCH_PRIMARY
1082.882554928,3,2,1,2,2,18,REPLACE_BACKUP
1082.882554928,3,4,1,2,2,18,REPLACE_BACKUP
1082.882555274,7,1,1,1,1,18,REFRESH
1082.882555274,7,0,1,2,2,18,REPLACE_BACKUP
1082.882555274,7,2,1,2,2,18,REPLACE_BACKUP
1082.882555274,7,3,1,2,2,18,SWITCH_PRIMARY
1082.882555274,7,4,1,2,2,18,SWITCH_PRIMARY
1082.882555274,7,5,1,2,3,18,REPLACE_BACKUP
1082.882555274,7,8,1,2,3,18,REPLACE_BACKUP
1083.670949337,0,3,3,1,1,18,REFRESH
1083.670949337,0,1,3,2,2,18,REPLACE_BACKUP
1083.670949337,0,6,3,2,2,18,REFRESH_BACKUP
1083.670949337,0,7,3,2,2,18,SWITCH_PRIMARY
1083.670949337,0,8,3,2,2,18,REFRESH
1083.670949337,4,3,3,1,1,18,REFRESH
1083.670949337,4,0,3,2,2,18,SWITCH_PRIMARY
1083.670949337,4,1,3,2,2,18,SWITCH_PRIMARY
1083.670949337,4,6,3,2,2,18,REPLACE_BACKUP
1088.612873875,1,2,2,1,1,18,REFRESH
1088.612873875,1,4,2,2,2,18,REFRESH_BACKUP
1088.612873875,1,5,2,2,2,18,SWITCH_PRIMARY
1088.612873875,1,7,2,2,2,18,REPLACE_BACKUP
1088.612873875,1,8,2,2,2,18,REFRESH_BACKUP
1088.612873875,5,2,2,1,2,18,REFRESH
1088.612873875,5,1,2,2,3,18,REFRESH_BACKUP
1088.612874120,4,2,2,1,2,18,REFRESH
1088.612874466,0,2,2,1,2,18,REFRESH
1088.861996217,2,5,5,1,1,18,REFRESH
1088.861996217,2,0,5,2,2,18,REFRESH_BACKUP
1088.861996217,2,4,5,2,2,18,REPLACE_BACKUP
1088.861996217,2,6,5,2,2,18,REPLACE_BACKUP
1088.861996217,2,7,5,2,2,18,REPLACE_BACKUP
1088.861996217,2,8,5,2,2,18,REPLACE_BACKUP
1088.861996217,4,5,5,1,2,18,REFRESH
1088.861996217,4,8,5,2,3,18,REFRESH_BACKUP
1088.861996217,4,2,5,2,4,18,REFRESH_BACKUP
1088.861996219,8,5,5,1,1,18,REFRESH
1088.861996219,8,0,5,2,2,18,SWITCH_PRIMARY
1088.861996219,8,4,5,2,2,18,REFRESH_BACKUP
1088.861996219,8,6,5,2,2,18,REFRESH_BACKUP
1088.861996219,8,2,5,2,3,18,REFRESH
1088.861996462,1,5,5,1,1,18,SWITCH_PRIMARY
1088.861996462,1,0,5,2,2,18,REPLACE_BACKUP
1088.861996462,1,6,5,2,2,18,SWITCH_PRIMARY
1088.861996462,1,7,5,2,2,18,SWITCH_PRIMARY
1088.861996462,1,8,5,2,2,18,REPLACE_BACKUP
1088.861996462,7,5,5,1,2,18,REFRESH
1088.861996462,7,6,5,2,3,18,REFRESH_BACKUP
1088.861996808,3,5,5,1,1,18,REFRESH
1088.861996808,3,0,5,2,2,18,REPLACE_BACKUP
1088.861996808,3,8,5,2,2,18,REFRESH_BACKUP
1088.861996808,3,1,5,2,3,18,REPLACE_BACKUP
1088.861996947,0,5,5,1,2,18,REFRESH
1088.861996947,0,6,5,2,3,18,REFRESH
1089.829949414,1,4,4,1,1,18,REFRESH
1089.829949414,1,3,4,2,2,18,REPLACE_BACKUP
1089.829949414,1,6,4,2,2,18,REFRESH_BACKUP
1089.829949414,1,7,4,2,2,18,REFRESH_BACKUP
1089.829949414,1,8,4,2,2,18,REFRESH
1089.829949414,5,4,4,1,1,18,REFRESH
1089.829949414,5,3,4,2,2,18,REFRESH
1089.829949414,5,6,4,2,2,18,REFRESH_BACKUP
1089.829949414,5,7,4,2,2,18,REFRESH_BACKUP
1089.829949414,5,8,4,2,2,18,REFRESH_BACKUP
1089.829949414,5,1,4,2,3,18,REFRESH
1089.829949414,5,2,4,2,3,18,REFRESH_BACKUP
1089.829949414,7,4,4,1,1,18,SWITCH_PRIMARY
1089.829949414,7,3,4,2,2,18,REPLACE_BACKUP
1089.829949414,7,6,4,2,2,18,REPLACE_BACKUP
1089.829949414,7,8,4,2,2,18,SWITCH_PRIMARY
1089.829949414,7,1,4,2,3,18,REPLACE_BACKUP
1089.829949659,0,4,4,1,1,18,REFRESH
1089.829949659,0,6,4,2,2,18,SWITCH_PRIMARY
1089.829949659,0,7,4,2,2,18,SWITCH_PRIMARY
1089.829949659,0,8,4,2,2,18,SWITCH_PRIMARY
1089.829949659,0,2,4,2,3,18,REFRESH_BACKUP
1089.829949659,0,5,4,2,3,18,REFRESH_BACKUP
1089.829949659,6,4,4,1,2,18,REFRESH
1089.829949659,6,7,4,2,3,18,REFRESH_BACKUP
1089.829949659,6,8,4,2,3,18,REFRESH
1089.829949659,6,2,4,2,4,18,REFRESH_BACKUP
1089.829949659,6,5,4,2,4,18,REFRESH_BACKUP
1089.829949660,8,4,4,1,1,18,REFRESH
1089.829949660,8,3,4,2,2,18,REFRESH_BACKUP
1089.829949660,8,7,4,2,2,18,REFRESH_BACKUP
1089.829949660,8,1,4,2,3,18,REFRESH
1089.829949660,8,2,4,2,3,18,SWITCH_PRIMARY
1091.438198419,3,6,6,1,1,18,REFRESH
1091.438198419,3,0,6,2,2,18,REPLACE_BACKUP
1091.438198419,3,2,6,2,2,18,REPLACE_BACKUP
1091.438198419,3,7,6,2,2,18,REFRESH_BACKUP
1091.438198419,7,6,6,1,1,18,REFRESH
1091.438198419,7,0,6,2,2,18,REPLACE_BACKUP
1091.438198419,7,2,6,2,2,18,REFRESH
1091.438198419,7,3,6,2,2,18,SWITCH_PRIMARY
1091.438198419,7,5,6,2,3,18,REPLACE_BACKUP
1091.438198419,7,8,6,2,3,18,REFRESH_BACKUP
1092.952927295,4,7,7,1,1,18,REFRESH
1092.952927295,4,0,7,2,2,18,SWITCH_PRIMARY
1092.952927295,4,1,7,2,2,18,REPLACE_BACKUP
1092.952927295,4,6,7,2,2,18,REPLACE_BACKUP
1092.952927295,4,2,7,2,3,18,REPLACE_BACKUP
1092.952927295,4,3,7,2,3,18,REPLACE_BACKUP
1092.952927295,4,8,7,2,3,18,REPLACE_BACKUP
1092.952927295,6,7,7,1,1,18,REFRESH
1092.952927295,6,0,7,2,2,18,REFRESH_BACKUP
1092.952927295,6,1,7,2,2,18,REFRESH
1092.952927295,6,4,7,2,2,18,SWITCH_PRIMARY
1092.952927295,6,2,7,2,3,18,REPLACE_BACKUP
1092.952927295,6,8,7,2,3,18,SWITCH_PRIMARY
1092.952927295,6,5,7,2,3,18,REFRESH
1092.952927297,8,7,7,1,1,18,REFRESH
1092.952927297,8,0,7,2,2,18,REFRESH_BACKUP
1092.952927297,8,1,7,2,2,18,SWITCH_PRIMARY
1092.952927297,8,6,7,2,2,18,REPLACE_BACKUP
1092.952927297,8,2,7,2,3,18,SWITCH_PRIMARY
1092.952927297,8,5,7,2,3,18,REFRESH_BACKUP
1092.952927540,3,7,7,1,2,18,REFRESH
1092.952927540,5,7,7,1,1,18,REFRESH
1092.952927540,5,1,7,2,2,18,SWITCH_PRIMARY
1092.952927540,5,4,7,2,2,18,REPLACE_BACKUP
1092.952927540,5,2,7,2,3,18,REPLACE_BACKUP
1092.952928025,2,7,7,1,1,18,REFRESH
1092.952928025,2,0,7,2,2,18,REFRESH
1092.952928025,2,4,7,2,2,18,REPLACE_BACKUP
1092.952928025,2,6,7,2,2,18,SWITCH_PRIMARY
1092.952928025,2,5,7,2,3,18,REFRESH_BACKUP
1142.554543320,1,0,0,1,2,19,REFRESH
1142.554543320,1,2,0,2,4,19,REFRESH_BACKUP
1142.554543320,3,0,0,1,1,19,REFRESH
1142.554543320,3,1,0,2,2,19,REPLACE_BACKUP
1142.554543320,3,2,0,2,3,19,REFRESH
1142.554543320,3,5,0,2,3,19,REFRESH_BACKUP
1142.554543911,6,0,0,1,1,19,REFRESH
1142.554543911,6,3,0,2,2,19,REFRESH_BACKUP
1142.554543911,6,4,0,2,2,19,SWITCH_PRIMARY
1142.554543911,6,7,0,2,3,19,REPLACE_BACKUP
1142.554543911,6,8,0,2,3,19,REPLACE_BACKUP
1142.554543911,6,2,0,2,3,19,REPLACE_BACKUP
1142.554543911,6,5,0,2,3,19,REPLACE_BACKUP
1142.554544050,5,0,0,1,2,19,REFRESH
1142.554544050,7,0,0,1,2,19,REFRESH
1142.882554683,0,1,1,1,1,19,REFRESH
1142.882554683,0,2,1,2,2,19,SWITCH_PRIMARY
1142.882554683,0,3,1,2,2,19,REFRESH_BACKUP
1142.882554683,0,4,1,2,2,19,REFRESH_BACKUP
1142.882554683,0,5,1,2,2,19,SWITCH_PRIMARY
1142.882554683,0,6,1,2,3,19,REPLACE_BACKUP
1142.882554683,2,1,1,1,1,19,REFRESH
1142.882554683,2,3,1,2,2,19,REFRESH
1142.882554683,2,5,1,2,2,19,REPLACE_BACKUP
1142.882554683,4,1,1,1,1,19,SWITCH_PRIMARY
1142.882554683,4,2,1,2,2,19,SWITCH_PRIMARY
1142.882554683,4,3,1,2,2,19,REPLACE_BACKUP
1142.882554683,4,5,1,2,2,19,SWITCH_PRIMARY
1142.882554928,5,1,1,1,2,19,REPLACE_BACKUP
1142.882555413,6,1,1,1,1,19,SWITCH_PRIMARY
1142.882555413,6,2,1,2,2,19,REPLACE_BACKUP
1142.882555413,6,5,1,2,2,19,SWITCH_PRIMARY
1142.882555413,6,8,1,2,3,19,REPLACE_BACKUP
1143.670949337,0,3,3,1,1,19,REFRESH
1143.670949337,0,1,3,2,2,19,REFRESH_BACKUP
1143.670949337,0,5,3,2,2,19,REPLACE_BACKUP
1143.670949337,0,6,3,2,2,19,REPLACE_BACKUP
1143.670949337,0,8,3,2,2,19,SWITCH_PRIMARY
1143.670949337,0,7,3,2,3,19,REFRESH_BACKUP
1143.670949337,4,3,3,1,1,19,REFRESH
1143.670949337,4,0,3,2,2,19,SWITCH_PRIMARY
1143.670949337,4,1,3,2,2,19,REFRESH_BACKUP
1143.670949337,4,5,3,2,2,19,SWITCH_PRIMARY
1143.670949337,4,8,3,2,2,19,REPLACE_BACKUP
1143.670949337,6,3,3,1,1,19,REFRESH
1143.670949337,6,0,3,2,2,19,REPLACE_BACKUP
1143.670949337,6,4,3,2,2,19,SWITCH_PRIMARY
1143.670949337,6,5,3,2,2,19,SWITCH_PRIMARY
1143.670949337,6,8,3,2,2,19,SWITCH_PRIMARY
1143.670949337,6,7,3,2,3,19,REPLACE_BACKUP
1143.670949582,1,3,3,1,1,19,REFRESH
1143.670949582,1,0,3,2,2,19,SWITCH_PRIMARY
1143.670949582,1,5,3,2,2,19,REPLACE_BACKUP
1143.670949582,1,6,3,2,2,19,SWITCH_PRIMARY
1143.670949582,1,8,3,2,2,19,SWITCH_PRIMARY
1143.670949582,1,2,3,2,3,19,REPLACE_BACKUP
1143.670950067,2,3,3,1,1,19,SWITCH_PRIMARY
1143.670950067,2,0,3,2,2,19,SWITCH_PRIMARY
1143.670950067,2,4,3,2,2,19,REPLACE_BACKUP
1143.670950067,2,5,3,2,2,19,REPLACE_BACKUP
1143.670950067,2,6,3,2,2,19,SWITCH_PRIMARY
1148.548105875,1,2,2,1,2,19,REFRESH
1148.548105875,1,4,2,2,3,19,REFRESH_BACKUP
1148.548105875,5,2,2,1,1,19,UPDATE
1148.548105875,5,1,2,2,2,19,SWITCH_PRIMARY
1148.548105875,5,3,2,2,2,19,REPLACE_BACKUP
1148.548105875,5,4,2,2,2,19,REPLACE_BACKUP
1148.548105875,5,7,2,2,2,19,REPLACE_BACKUP
1148.548106466,8,2,2,1,1,19,SWITCH_PRIMARY
1148.548106466,8,1,2,2,2,19,REPLACE_BACKUP
1148.548106466,8,3,2,2,2,19,REPLACE_BACKUP
1148.548106466,8,5,2,2,2,19,REPLACE_BACKUP
1148.797228217,2,5,5,1,1,19,REFRESH
1148.797228217,2,7,5,2,2,19,REFRESH_BACKUP
1148.797228217,2,8,5,2,2,19,REFRESH_BACKUP
1148.797228217,4,5,5,1,1,19,SWITCH_PRIMARY
1148.797228217,4,2,5,2,2,19,SWITCH_PRIMARY
1148.797228217,4,6,5,2,2,19,REPLACE_BACKUP
1148.797228217,4,7,5,2,2,19,REPLACE_BACKUP
1148.797228219,8,5,5,1,1,19,REFRESH
1148.797228219,8,2,5,2,2,19,REPLACE_BACKUP
1148.797228219,8,4,5,2,2,19,REFRESH_BACKUP
1148.797228219,8,6,5,2,2,19,REPLACE_BACKUP
1148.797228219,8,0,5,2,3,19,REFRESH
1148.797228462,7,5,5,1,1,19,UPDATE
1148.797228462,7,2,5,2,2,19,SWITCH_PRIMARY
1148.797228462,7,4,5,2,2,19,REPLACE_BACKUP
1148.797228462,7,8,5,2,2,19,REPLACE_BACKUP
1148.797228462,7,1,5,2,3,19,REPLACE_BACKUP
1149.829949414,1,4,4,1,1,19,REFRESH
1149.829949414,1,3,4,2,2,19,REFRESH_BACKUP
1149.829949414,1,5,4,2,2,19,REPLACE_BACKUP
1149.829949414,1,7,4,2,2,19,SWITCH_PRIMARY
1149.829949414,1,8,4,2,2,19,SWITCH_PRIMARY
1149.829949414,3,4,4,1,1,19,REFRESH
1149.829949414,3,5,4,2,2,19,REPLACE_BACKUP
1149.829949414,3,6,4,2,2,19,REFRESH_BACKUP
1149.829949414,3,7,4,2,2,19,SWITCH_PRIMARY
1149.829949414,3,8,4,2,2,19,REPLACE_BACKUP
1149.829949414,5,4,4,1,1,19,REFRESH
1149.829949414,5,1,4,2,2,19,SWITCH_PRIMARY
1149.829949414,5,3,4,2,2,19,REFRESH
1149.829949414,5,6,4,2,2,19,REFRESH_BACKUP
1149.829949414,5,7,4,2,2,19,REPLACE_BACKUP
1149.829949414,5,8,4,2,2,19,REFRESH_BACKUP
1149.829949414,5,2,4,2,3,19,REPLACE_BACKUP
1149.829949414,7,4,4,1,1,19,REFRESH
1149.829949414,7,1,4,2,2,19,REPLACE_BACKUP
1149.829949414,7,3,4,2,2,19,SWITCH_PRIMARY
1149.829949414,7,5,4,2,2,19,REPLACE_BACKUP
1149.829949414,7,6,4,2,2,19,REFRESH_BACKUP
1149.829949414,7,8,4,2,2,19,REFRESH
1151.438198419,3,6,6,1,1,19,REFRESH
1151.438198419,3,0,6,2,2,19,REFRESH_BACKUP
1151.438198419,3,2,6,2,2,19,SWITCH_PRIMARY
1151.438198419,3,7,6,2,2,19,REPLACE_BACKUP
1151.438198664,4,6,6,1,2,19,REFRESH
1152.888159295,4,7,7,1,1,19,REFRESH
1152.888159295,4,5,7,2,2,19,REPLACE_BACKUP
1152.888159295,4,6,7,2,2,19,SWITCH_PRIMARY
1152.888159295,4,0,7,2,3,19,REFRESH_BACKUP
1152.888159295,6,7,7,1,1,19,REFRESH
1152.888159295,6,1,7,2,2,19,REFRESH_BACKUP
1152.888159295,6,4,7,2,2,19,REPLACE_BACKUP
1152.888159295,6,5,7,2,2,19,REPLACE_BACKUP
1152.888159295,6,8,7,2,3,19,REFRESH_BACKUP
1152.888159297,8,7,7,1,1,19,REFRESH
1152.888159297,8,1,7,2,2,19,REFRESH
1152.888159297,8,4,7,2,2,19,REPLACE_BACKUP
1152.888159297,8,0,7,2,3,19,SWITCH_PRIMARY
1152.888159540,3,7,7,1,1,19,SWITCH_PRIMARY
1152.888159540,3,1,7,2,2,19,REPLACE_BACKUP
1152.888159540,3,5,7,2,2,19,REPLACE_BACKUP
1152.888159540,3,6,7,2,2,19,REPLACE_BACKUP
1152.888159540,5,7,7,1,1,19,REFRESH
1152.888159540,5,1,7,2,2,19,SWITCH_PRIMARY
1152.888159540,5,6,7,2,2,19,REPLACE_BACKUP
1152.888159540,5,2,7,2,3,19,REPLACE_BACKUP
1164.686673106,8,6,6,1,0,9,POISON
1164.686673106,8,6,5,2,2,19,PROMOTE_BACKUP
1169.264742471,3,8,8,1,0,9,POISON
1169.264742471,3,8,4,2,2,19,PROMOTE_BACKUP
1202.489775320,1,0,0,1,1,20,SWITCH_PRIMARY
1202.489775320,1,4,0,2,2,20,REPLACE_BACKUP
1202.489776400,8,0,0,1,2,20,SWITCH_PRIMARY
1202.489776400,8,6,0,2,4,20,ADD_BACKUP
1202.882554683,0,1,1,1,1,20,REFRESH
1202.882554683,0,3,1,2,2,20,REFRESH_BACKUP
1202.882554683,0,4,1,2,2,20,REFRESH_BACKUP
1202.882554683,0,5,1,2,2,20,REFRESH
1202.882554683,0,7,1,2,3,20,REPLACE_BACKUP
1202.882554683,0,2,1,2,3,20,REFRESH
1202.882554683,2,1,1,1,1,20,REFRESH
1202.882554683,2,0,1,2,2,20,REPLACE_BACKUP
1202.882554683,2,3,1,2,2,20,REFRESH_BACKUP
1202.882554683,2,4,1,2,2,20,REPLACE_BACKUP
1202.882554683,2,5,1,2,2,20,REPLACE_BACKUP
1202.882554683,4,1,1,1,1,20,REFRESH
1202.882554683,4,0,1,2,2,20,REPLACE_BACKUP
1202.882554683,4,3,1,2,2,20,REFRESH_BACKUP
1202.882554683,4,2,1,2,3,20,REFRESH_BACKUP
1202.882554928,5,1,1,1,1,20,SWITCH_PRIMARY
1202.882554928,5,0,1,2,2,20,SWITCH_PRIMARY
1202.882554928,5,3,1,2,2,20,REPLACE_BACKUP
1202.882554928,5,4,1,2,2,20,REPLACE_BACKUP
1203.670949337,0,3,3,1,1,20,REFRESH
1203.670949337,0,1,3,2,2,20,REFRESH_BACKUP
1203.670949337,0,4,3,2,2,20,REPLACE_BACKUP
1203.670949337,0,5,3,2,2,20,SWITCH_PRIMARY
1203.670949337,0,6,3,2,2,20,SWITCH_PRIMARY
1203.670949337,0,7,3,2,2,20,SWITCH_PRIMARY
1203.670949337,0,2,3,2,3,20,SWITCH_PRIMARY
1203.670949337,0,8,3,2,3,20,REFRESH
1203.670949337,4,3,3,1,1,20,REFRESH
1203.670949337,4,0,3,2,2,20,REFRESH
1203.670949337,4,1,3,2,2,20,REFRESH_BACKUP
1203.670949337,4,5,3,2,2,20,REPLACE_BACKUP
1203.670949337,4,6,3,2,2,20,SWITCH_PRIMARY
1203.670949337,4,7,3,2,2,20,REPLACE_BACKUP
1203.670949337,4,2,3,2,3,20,REPLACE_BACKUP
1203.670949337,4,8,3,2,3,20,REFRESH_BACKUP
1203.670949337,6,3,3,1,1,20,REFRESH
1203.670949337,6,0,3,2,2,20,REFRESH_BACKUP
1203.670949337,6,1,3,2,2,20,REPLACE_BACKUP
1203.670949337,6,4,3,2,2,20,REFRESH
1203.670949337,6,5,3,2,2,20,REFRESH
1203.670949337,6,7,3,2,2,20,REFRESH_BACKUP
1203.670949337,6,8,3,2,3,20,REFRESH
1203.670949582,7,3,3,1,1,20,SWITCH_PRIMARY
1203.670949582,7,0,3,2,2,20,SWITCH_PRIMARY
1203.670949582,7,5,3,2,2,20,REPLACE_BACKUP
1208.548105875,1,2,2,1,1,20,UPDATE
1208.548105875,1,3,2,2,2,20,REPLACE_BACKUP
1208.548105875,1,7,2,2,2,20,SWITCH_PRIMARY
1208.548105875,1,8,2,2,2,20,SWITCH_PRIMARY
1208.548105875,5,2,2,1,1,20,REFRESH
1208.548105875,5,1,2,2,2,20,REPLACE_BACKUP
1208.548105875,5,3,2,2,2,20,SWITCH_PRIMARY
1208.548106120,4,2,2,1,2,20,REPLACE_BACKUP
1208.548106466,0,2,2,1,2,20,SWITCH_PRIMARY
1208.861996217,2,5,5,1,1,20,REFRESH
1208.861996217,2,4,5,2,2,20,REPLACE_BACKUP
1208.861996217,2,6,5,2,2,20,SWITCH_PRIMARY
1208.861996217,2,7,5,2,2,20,REFRESH_BACKUP
1208.861996217,2,8,5,2,2,20,REFRESH_BACKUP
1208.861996217,4,5,5,1,2,20,REFRESH
1208.861996217,4,2,5,2,3,20,REFRESH
1208.861996219,8,5,5,1,1,20,REFRESH
1208.861996219,8,2,5,2,2,20,REFRESH_BACKUP
1208.861996219,8,6,5,2,2,20,REFRESH
1208.861996219,8,7,5,2,2,20,REPLACE_BACKUP
1208.861996462,1,5,5,1,2,20,REFRESH
1208.861996462,1,6,5,2,3,20,REFRESH_BACKUP
1208.861996462,7,5,5,1,1,20,REFRESH
1208.861996462,7,2,5,2,2,20,REFRESH
1208.861996462,7,4,5,2,2,20,REFRESH_BACKUP
1208.861996462,7,6,5,2,2,20,REPLACE_BACKUP
1208.861996462,7,8,5,2,2,20,SWITCH_PRIMARY
1209.045368539,5,8,8,1,1,20,REFRESH
1209.045368539,5,2,8,2,2,20,REPLACE_BACKUP
1209.045368539,5,3,8,2,2,20,SWITCH_PRIMARY
1209.045368539,5,4,8,2,2,20,REPLACE_BACKUP
1209.045368783,4,8,8,1,1,20,REFRESH
1209.045368783,4,2,8,2,2,20,SWITCH_PRIMARY
1209.045368783,4,5,8,2,2,20,SWITCH_PRIMARY
1209.894717414,1,4,4,1,1,20,REFRESH
1209.894717414,1,3,4,2,2,20,REPLACE_BACKUP
1209.894717414,1,7,4,2,2,20,REFRESH_BACKUP
1209.894717414,1,8,4,2,2,20,REFRESH_BACKUP
1209.894717414,1,5,4,2,3,20,REFRESH_BACKUP
1209.894717414,1,6,4,2,3,20,REPLACE_BACKUP
1209.894717414,3,4,4,1,1,20,REFRESH
1209.894717414,3,1,4,2,2,20,REPLACE_BACKUP
1209.894717414,3,7,4,2,2,20,REFRESH_BACKUP
1209.894717414,3,8,4,2,2,20,REFRESH
1209.894717414,3,2,4,2,3,20,REPLACE_BACKUP
1209.894717414,5,4,4,1,1,20,REFRESH
1209.894717414,5,1,4,2,2,20,REPLACE_BACKUP
1209.894717414,5,3,4,2,2,20,REPLACE_BACKUP
1209.894717414,5,7,4,2,2,20,REFRESH_BACKUP
1209.894717414,5,8,4,2,2,20,REFRESH_BACKUP
1209.894717414,7,4,4,1,1,20,REFRESH
1209.894717414,7,1,4,2,2,20,REFRESH_BACKUP
1209.894717414,7,3,4,2,2,20,REFRESH_BACKUP
1209.894717414,7,8,4,2,2,20,REFRESH_BACKUP
1209.894717659,0,4,4,1,2,20,REFRESH
1209.894717659,0,7,4,2,3,20,REFRESH_BACKUP
1209.894717659,0,8,4,2,3,20,REFRESH_BACKUP
1209.894717659,0,6,4,2,4,20,REFRESH_BACKUP
1209.894717659,2,4,4,1,1,20,REFRESH
1209.894717659,2,1,4,2,2,20,REFRESH_BACKUP
1209.894717659,2,8,4,2,2,20,REPLACE_BACKUP
1209.894717660,8,4,4,1,2,20,REFRESH
1209.894717660,8,6,4,2,4,20,REPLACE_BACKUP
1211.438198419,3,6,6,1,1,20,REFRESH
1211.438198419,3,0,6,2,2,20,REFRESH_BACKUP
1211.438198419,3,2,6,2,2,20,REFRESH
1211.438198419,3,8,6,2,3,20,ADD_BACKUP
1211.438198419,7,6,6,1,1,20,REFRESH
1211.438198419,7,0,6,2,2,20,REPLACE_BACKUP
1211.438198419,7,2,6,2,2,20,SWITCH_PRIMARY
1212.888159295,4,7,7,1,1,20,REFRESH
1212.888159295,4,1,7,2,2,20,REPLACE_BACKUP
1212.888159295,4,3,7,2,2,20,REPLACE_BACKUP
1212.888159295,4,5,7,2,2,20,REPLACE_BACKUP
1212.888159295,4,6,7,2,2,20,REFRESH_BACKUP
1212.888159295,4,2,7,2,3,20,REPLACE_BACKUP
1212.888159295,4,8,7,2,3,20,REPLACE_BACKUP
1212.888159295,6,7,7,1,1,20,REFRESH
1212.888159295,6,1,7,2,2,20,REPLACE_BACKUP
1212.888159295,6,3,7,2,2,20,REPLACE_BACKUP
1212.888159295,6,4,7,2,2,20,REFRESH_BACKUP
1212.888159295,6,5,7,2,2,20,REFRESH_BACKUP
1212.888159295,6,8,7,2,3,20,SWITCH_PRIMARY
1212.888159297,8,7,7,1,1,20,REFRESH
1212.888159297,8,1,7,2,2,20,REFRESH
1212.888159297,8,3,7,2,2,20,REPLACE_BACKUP
1212.888159297,8,4,7,2,2,20,SWITCH_PRIMARY
1212.888159297,8,6,7,2,2,20,REPLACE_BACKUP
1212.888159297,8,0,7,2,3,20,REFRESH_BACKUP
1212.888159540,5,7,7,1,1,20,REFRESH
1212.888159540,5,3,7,2,2,20,REPLACE_BACKUP
1212.888159540,5,6,7,2,2,20,REFRESH_BACKUP
1262.554543320,1,0,0,1,1,21,REFRESH
1262.554543320,1,3,0,2,2,21,REPLACE_BACKUP
1262.554543320,1,4,0,2,3,21,REFRESH_BACKUP
1262.554543320,3,0,0,1,1,21,REFRESH
1262.554543320,3,1,0,2,2,21,REPLACE_BACKUP
1262.554543565,4,0,0,1,1,21,SWITCH_PRIMARY
1262.554543565,4,1,0,2,2,21,REPLACE_BACKUP
1262.554543565,4,2,0,2,3,21,REPLACE_BACKUP
1262.554543911,6,0,0,1,2,21,REFRESH
1262.554544050,5,0,0,1,1,21,SWITCH_PRIMARY
1262.554544050,5,3,0,2,2,21,SWITCH_PRIMARY
1262.882554683,0,1,1,1,1,21,REFRESH
1262.882554683,0,2,1,2,2,21,SWITCH_PRIMARY
1262.882554683,0,3,1,2,2,21,REFRESH_BACKUP
1262.882554683,0,4,1,2,2,21,SWITCH_PRIMARY
1262.882554683,0,6,1,2,3,21,REPLACE_BACKUP
1262.882554683,0,7,1,2,3,21,REPLACE_BACKUP
1262.882554683,0,8,1,2,3,21,SWITCH_PRIMARY
1262.882554683,0,5,1,2,3,21,REFRESH_BACKUP
1262.882554683,2,1,1,1,1,21,REFRESH
1262.882554683,2,0,1,2,2,21,REFRESH_BACKUP
1262.882554683,2,3,1,2,2,21,REFRESH_BACKUP
1262.882554683,2,5,1,2,3,21,REFRESH_BACKUP
1262.882554683,4,1,1,1,1,21,REFRESH
1262.882554683,4,0,1,2,2,21,REPLACE_BACKUP
1262.882554683,4,2,1,2,2,21,SWITCH_PRIMARY
1262.882554683,4,8,1,2,3,21,REPLACE_BACKUP
1263.735717337,0,3,3,1,2,21,REFRESH
1263.735717337,0,1,3,2,3,21,REFRESH_BACKUP
1263.735717337,0,5,3,2,3,21,REFRESH
1263.735717337,0,6,3,2,3,21,REFRESH
1263.735717337,0,7,3,2,3,21,REFRESH
1263.735717337,0,8,3,2,4,21,REFRESH_BACKUP
1263.735717337,4,3,3,1,1,21,REFRESH
1263.735717337,4,1,3,2,2,21,REPLACE_BACKUP
1263.735717337,4,5,3,2,2,21,SWITCH_PRIMARY
1263.735717337,4,6,3,2,2,21,REFRESH
1263.735717337,4,7,3,2,2,21,REFRESH_BACKUP
1263.735717337,6,3,3,1,1,21,REFRESH
1263.735717337,6,0,3,2,2,21,SWITCH_PRIMARY
1263.735717337,6,1,3,2,2,21,REPLACE_BACKUP
1263.735717337,6,4,3,2,2,21,REFRESH
1263.735717337,6,5,3,2,2,21,REFRESH
1263.735717337,6,7,3,2,2,21,REFRESH_BACKUP
1263.735717337,6,8,3,2,3,21,REFRESH_BACKUP
1263.735717582,1,3,3,1,2,21,REFRESH
1263.735717582,1,0,3,2,3,21,REFRESH_BACKUP
1263.735717582,1,6,3,2,3,21,REFRESH
1263.735717582,1,2,3,2,4,21,REFRESH_BACKUP
1263.735717582,7,3,3,1,1,21,REFRESH
1263.735717582,7,0,3,2,2,21,REFRESH
1263.735717582,7,4,3,2,2,21,REPLACE_BACKUP
1263.735717582,7,5,3,2,2,21,REFRESH_BACKUP
1263.735717582,7,6,3,2,2,21,REPLACE_BACKUP
1263.735718067,2,3,3,1,2,21,REFRESH
1263.735718067,2,0,3,2,3,21,REFRESH
1263.735718067,2,6,3,2,3,21,REFRESH_BACKUP
1268.612873875,1,2,2,1,1,21,REFRESH
1268.612873875,1,4,2,2,2,21,REPLACE_BACKUP
1268.612873875,1,5,2,2,2,21,SWITCH_PRIMARY
1268.612873875,1,7,2,2,2,21,REFRESH
1268.612873875,1,8,2,2,2,21,REFRESH
1268.612873875,1,6,2,2,3,21,SWITCH_PRIMARY
1268.612873875,1,0,2,2,3,21,REPLACE_BACKUP
1268.612873875,5,2,2,1,2,21,REFRESH
1268.612874120,4,2,2,1,1,21,SWITCH_PRIMARY
1268.612874120,4,1,2,2,2,21,REPLACE_BACKUP
1268.612874120,4,5,2,2,2,21,SWITCH_PRIMARY
1268.612874120,4,8,2,2,2,21,REPLACE_BACKUP
1268.861996217,2,5,5,1,1,21,REFRESH
1268.861996217,2,0,5,2,2,21,SWITCH_PRIMARY
1268.861996217,2,4,5,2,2,21,REFRESH_BACKUP
1268.861996217,2,6,5,2,2,21,REFRESH
1268.861996217,2,7,5,2,2,21,REFRESH_BACKUP
1268.861996217,4,5,5,1,1,21,SWITCH_PRIMARY
1268.861996217,4,1,5,2,2,21,REPLACE_BACKUP
1268.861996217,4,6,5,2,2,21,REPLACE_BACKUP
1268.861996217,4,7,5,2,2,21,REPLACE_BACKUP
1268.861996219,8,5,5,1,1,21,REFRESH
1268.861996219,8,0,5,2,2,21,SWITCH_PRIMARY
1268.861996219,8,1,5,2,2,21,REPLACE_BACKUP
1268.861996219,8,4,5,2,2,21,SWITCH_PRIMARY
1268.861996219,8,6,5,2,2,21,REFRESH
1268.861996219,8,7,5,2,2,21,REFRESH_BACKUP
1268.861996219,8,2,5,2,3,21,REFRESH_BACKUP
1268.861996462,1,5,5,1,2,21,REFRESH_BACKUP
1268.861996462,7,5,5,1,2,21,REFRESH
1268.861996462,7,8,5,2,3,21,REFRESH
1268.861996462,7,2,5,2,4,21,REFRESH_BACKUP
1268.861996808,3,5,5,1,2,21,REFRESH
1268.861996947,0,5,5,1,2,21,SWITCH_PRIMARY
1268.861996947,0,1,5,2,3,21,REPLACE_BACKUP
1268.861996947,0,6,5,2,3,21,SWITCH_PRIMARY
1268.861996947,0,7,5,2,3,21,SWITCH_PRIMARY
1268.861996947,0,8,5,2,3,21,REPLACE_BACKUP
1269.045368539,5,8,8,1,1,21,REFRESH
1269.045368539,5,2,8,2,2,21,SWITCH_PRIMARY
1269.045368539,5,3,8,2,2,21,SWITCH_PRIMARY
1269.045368539,5,7,8,2,2,21,REPLACE_BACKUP
1269.045368539,5,4,8,2,3,21,REFRESH_BACKUP
1269.045368783,4,8,8,1,2,21,REFRESH
1269.045369268,1,8,8,1,1,21,SWITCH_PRIMARY
1269.045369268,1,2,8,2,2,21,REPLACE_BACKUP
1269.045369268,1,3,8,2,2,21,SWITCH_PRIMARY
1269.045369268,1,5,8,2,2,21,SWITCH_PRIMARY
1269.045369268,1,7,8,2,2,21,REPLACE_BACKUP
1269.045369268,1,0,8,2,3,21,REPLACE_BACKUP
1269.045369268,1,6,8,2,3,21,SWITCH_PRIMARY
1269.894717414,1,4,4,1,1,21,REFRESH
1269.894717414,1,0,4,2,2,21,REPLACE_BACKUP
1269.894717414,1,2,4,2,2,21,REPLACE_BACKUP
1269.894717414,1,3,4,2,2,21,REPLACE_BACKUP
1269.894717414,1,5,4,2,2,21,REPLACE_BACKUP
1269.894717414,1,7,4,2,2,21,SWITCH_PRIMARY
1269.894717414,1,6,4,2,3,21,SWITCH_PRIMARY
1269.894717414,3,4,4,1,1,21,REFRESH
1269.894717414,3,2,4,2,2,21,REFRESH_BACKUP
1269.894717414,3,5,4,2,2,21,SWITCH_PRIMARY
1269.894717414,3,7,4,2,2,21,REFRESH_BACKUP
1269.894717414,3,8,4,2,3,21,REFRESH
1269.894717414,5,4,4,1,1,21,REFRESH
1269.894717414,5,0,4,2,2,21,REPLACE_BACKUP
1269.894717414,5,1,4,2,2,21,REFRESH_BACKUP
1269.894717414,5,2,4,2,2,21,REPLACE_BACKUP
1269.894717414,5,3,4,2,2,21,SWITCH_PRIMARY
1269.894717414,5,7,4,2,2,21,REPLACE_BACKUP
1269.894717414,5,8,4,2,3,21,REFRESH_BACKUP
1269.894717414,7,4,4,1,1,21,REFRESH
1269.894717414,7,0,4,2,2,21,REPLACE_BACKUP
1269.894717414,7,1,4,2,2,21,REFRESH_BACKUP
1269.894717414,7,2,4,2,2,21,SWITCH_PRIMARY
1269.894717414,7,3,4,2,2,21,REFRESH_BACKUP
1269.894717414,7,5,4,2,2,21,SWITCH_PRIMARY
1269.894717414,7,8,4,2,3,21,SWITCH_PRIMARY
1269.894717659,0,4,4,1,1,21,SWITCH_PRIMARY
1269.894717659,0,1,4,2,2,21,REPLACE_BACKUP
1269.894717659,0,2,4,2,2,21,REPLACE_BACKUP
1269.894717659,0,3,4,2,2,21,SWITCH_PRIMARY
1269.894717659,0,5,4,2,2,21,SWITCH_PRIMARY
1269.894717659,0,7,4,2,2,21,SWITCH_PRIMARY
1269.894717659,0,6,4,2,3,21,SWITCH_PRIMARY
1269.894717659,0,8,4,2,3,21,REPLACE_BACKUP
1269.894717659,2,4,4,1,2,21,REFRESH
1269.894717659,2,1,4,2,3,21,REFRESH_BACKUP
1269.894717659,2,8,4,2,4,21,REFRESH_BACKUP
1269.894717660,8,4,4,1,1,21,SWITCH_PRIMARY
1269.894717660,8,0,4,2,2,21,SWITCH_PRIMARY
1269.894717660,8,1,4,2,2,21,REPLACE_BACKUP
1269.894717660,8,2,4,2,2,21,REPLACE_BACKUP
1269.894717660,8,5,4,2,2,21,REPLACE_BACKUP
1271.438198419,3,6,6,1,1,21,REFRESH
1271.438198419,3,1,6,2,2,21,REPLACE_BACKUP
1271.438198419,3,2,6,2,2,21,REFRESH
1271.438198419,3,7,6,2,2,21,REPLACE_BACKUP
1271.438198419,3,0,6,2,3,21,REFRESH_BACKUP
1271.438198419,3,8,6,2,3,21,SWITCH_PRIMARY
1271.438198419,7,6,6,1,1,21,REFRESH
1271.438198419,7,2,6,2,2,21,SWITCH_PRIMARY
1271.438198419,7,3,6,2,2,21,REPLACE_BACKUP
1271.438198419,7,8,6,2,3,21,REPLACE_BACKUP
1271.438198664,4,6,6,1,1,21,SWITCH_PRIMARY
1271.438198664,4,1,6,2,2,21,REPLACE_BACKUP
1271.438198664,4,3,6,2,2,21,REPLACE_BACKUP
1271.438198664,4,7,6,2,2,21,REPLACE_BACKUP
1272.952927295,4,7,7,1,1,21,REFRESH
1272.952927295,4,1,7,2,2,21,REPLACE_BACKUP
1272.952927295,4,6,7,2,2,21,REPLACE_BACKUP
1272.952927295,6,7,7,1,1,21,REFRESH
1272.952927295,6,3,7,2,2,21,REFRESH_BACKUP
1272.952927295,6,4,7,2,2,21,REFRESH_BACKUP
1272.952927295,6,5,7,2,3,21,REFRESH_BACKUP
1272.952927295,6,8,7,2,4,21,REFRESH
1272.952927297,8,7,7,1,2,21,REFRESH
1272.952927297,8,1,7,2,3,21,REFRESH
1272.952927297,8,3,7,2,3,21,REFRESH_BACKUP
1272.952927297,8,6,7,2,3,21,REFRESH_BACKUP
1272.952927540,3,7,7,1,1,21,REFRESH
1272.952927540,3,1,7,2,2,21,REPLACE_BACKUP
1272.952927540,3,4,7,2,2,21,REPLACE_BACKUP
1272.952927540,3,6,7,2,2,21,REFRESH_BACKUP
1272.952927540,5,7,7,1,1,21,REFRESH
1272.952927540,5,1,7,2,2,21,REPLACE_BACKUP
1272.952927540,5,3,7,2,2,21,SWITCH_PRIMARY
1272.952927540,5,4,7,2,2,21,REPLACE_BACKUP
1272.952927540,5,6,7,2,2,21,REFRESH_BACKUP
1322.947322683,0,1,1,1,1,22,REFRESH
1322.947322683,0,2,1,2,2,22,REFRESH
1322.947322683,0,4,1,2,2,22,REFRESH_BACKUP
1322.947322683,0,8,1,2,2,22,UPDATE
1322.947322683,0,7,1,2,3,22,REPLACE_BACKUP
1322.947322683,0,6,1,2,3,22,REPLACE_BACKUP
1322.947322683,2,1,1,1,2,22,REFRESH
1322.947322683,2,8,1,2,3,22,REPLACE_BACKUP
1322.947322683,2,3,1,2,4,22,REFRESH_BACKUP
1322.947322683,2,5,1,2,4,22,REFRESH_BACKUP
1322.947322683,4,1,1,1,1,22,REFRESH
1322.947322683,4,0,1,2,2,22,REFRESH_BACKUP
1322.947322683,4,2,1,2,2,22,REFRESH_BACKUP
1322.947322683,4,8,1,2,2,22,SWITCH_PRIMARY
1322.947322928,3,1,1,1,1,22,REFRESH
1322.947322928,3,0,1,2,2,22,REPLACE_BACKUP
1322.947322928,3,8,1,2,2,22,SWITCH_PRIMARY
1322.947322928,5,1,1,1,2,22,REFRESH
1322.947323274,7,1,1,1,2,22,REFRESH
1322.947323413,6,1,1,1,2,22,REFRESH
1322.947323413,6,2,1,2,3,22,REFRESH_BACKUP
1322.947323413,6,8,1,2,3,22,SWITCH_PRIMARY
1323.670949337,0,3,3,1,1,22,SWITCH_PRIMARY
1323.670949337,0,1,3,2,2,22,REPLACE_BACKUP
1323.670949337,0,6,3,2,2,22,SWITCH_PRIMARY
1323.670949337,0,7,3,2,2,22,REPLACE_BACKUP
1323.670949337,6,3,3,1,1,22,REFRESH
1323.670949337,6,0,3,2,2,22,REFRESH
1323.670949337,6,1,3,2,2,22,SWITCH_PRIMARY
1323.670949337,6,4,3,2,2,22,REFRESH
1323.670949337,6,7,3,2,2,22,REFRESH_BACKUP
1323.670949337,6,2,3,2,3,22,REPLACE_BACKUP
1323.670949337,6,5,3,2,3,22,REFRESH
1323.670949337,6,8,3,2,3,22,SWITCH_PRIMARY
1323.670949582,1,3,3,1,1,22,SWITCH_PRIMARY
1323.670949582,1,0,3,2,2,22,REPLACE_BACKUP
1323.670949582,1,6,3,2,2,22,SWITCH_PRIMARY
1328.612873875,1,2,2,1,1,22,REFRESH
1328.612873875,1,5,2,2,2,22,SWITCH_PRIMARY
1328.612873875,1,7,2,2,2,22,SWITCH_PRIMARY
1328.612873875,1,8,2,2,2,22,REFRESH_BACKUP
1328.612873875,1,4,2,2,3,22,REFRESH_BACKUP
1328.612873875,5,2,2,1,1,22,SWITCH_PRIMARY
1328.612873875,5,8,2,2,2,22,REPLACE_BACKUP
1328.612874120,4,2,2,1,1,22,REFRESH
1328.612874120,4,5,2,2,2,22,REFRESH_BACKUP
1328.612874120,4,8,2,2,2,22,REPLACE_BACKUP
1328.612874605,7,2,2,1,1,22,SWITCH_PRIMARY
1328.612874605,7,5,2,2,2,22,SWITCH_PRIMARY
1328.612874605,7,8,2,2,2,22,SWITCH_PRIMARY
1328.797228217,4,5,5,1,1,22,REFRESH
1328.797228217,4,0,5,2,2,22,REPLACE_BACKUP
1328.797228217,4,2,5,2,2,22,REPLACE_BACKUP
1328.797228217,4,8,5,2,2,22,REPLACE_BACKUP
1328.797228219,8,5,5,1,1,22,REFRESH
1328.797228219,8,0,5,2,2,22,SWITCH_PRIMARY
1328.797228219,8,2,5,2,2,22,REPLACE_BACKUP
1328.797228219,8,4,5,2,2,22,REFRESH_BACKUP
1328.797228219,8,6,5,2,2,22,REFRESH
1328.797228219,8,7,5,2,2,22,SWITCH_PRIMARY
1328.797228219,8,3,5,2,3,22,REPLACE_BACKUP
1328.797228219,8,1,5,2,3,22,SWITCH_PRIMARY
1328.797228462,1,5,5,1,1,22,SWITCH_PRIMARY
1328.797228462,1,0,5,2,2,22,REPLACE_BACKUP
1328.797228462,1,2,5,2,2,22,REPLACE_BACKUP
1328.797228462,1,4,5,2,2,22,REPLACE_BACKUP
1328.797228462,1,6,5,2,2,22,SWITCH_PRIMARY
1328.797228462,1,7,5,2,2,22,REPLACE_BACKUP
1328.797228462,1,8,5,2,2,22,REPLACE_BACKUP
1328.797228808,3,5,5,1,1,22,SWITCH_PRIMARY
1328.797228808,3,2,5,2,2,22,SWITCH_PRIMARY
1328.797228808,3,7,5,2,2,22,REPLACE_BACKUP
1328.797228808,3,8,5,2,2,22,REPLACE_BACKUP
1329.045369268,1,8,8,1,1,22,REFRESH
1329.045369268,1,2,8,2,2,22,REPLACE_BACKUP
1329.045369268,1,3,8,2,2,22,REFRESH_BACKUP
1329.045369268,1,5,8,2,2,22,REPLACE_BACKUP
1329.829949414,5,4,4,1,1,22,REFRESH
1329.829949414,5,0,4,2,2,22,REFRESH_BACKUP
1329.829949414,5,1,4,2,2,22,SWITCH_PRIMARY
1329.829949414,5,2,4,2,2,22,REPLACE_BACKUP
1329.829949414,5,3,4,2,2,22,REFRESH_BACKUP
1329.829949414,5,7,4,2,2,22,REFRESH_BACKUP
1329.829949414,7,4,4,1,1,22,REFRESH
1329.829949414,7,0,4,2,2,22,REFRESH_BACKUP
1329.829949414,7,1,4,2,2,22,SWITCH_PRIMARY
1329.829949414,7,3,4,2,2,22,REPLACE_BACKUP
1329.829949414,7,5,4,2,2,22,SWITCH_PRIMARY
1329.829949414,7,8,4,2,3,22,REFRESH_BACKUP
1329.829949659,0,4,4,1,1,22,REFRESH
1329.829949659,0,2,4,2,2,22,REFRESH_BACKUP
1329.829949659,0,3,4,2,2,22,REFRESH_BACKUP
1329.829949659,0,5,4,2,2,22,REFRESH
1329.829949659,0,6,4,2,2,22,REFRESH_BACKUP
1329.829949659,0,7,4,2,2,22,REFRESH
1329.829949659,0,8,4,2,3,22,REFRESH_BACKUP
1329.829949659,2,4,4,1,1,22,UPDATE
1329.829949659,2,0,4,2,2,22,REPLACE_BACKUP
1329.829949659,2,1,4,2,2,22,SWITCH_PRIMARY
1329.829949659,2,3,4,2,2,22,SWITCH_PRIMARY
1329.829949659,2,5,4,2,2,22,REPLACE_BACKUP
1329.829949659,2,6,4,2,2,22,REPLACE_BACKUP
1329.829949659,2,7,4,2,2,22,REPLACE_BACKUP
1329.829949659,2,8,4,2,3,22,REPLACE_BACKUP
1331.438198419,3,6,6,1,1,22,REFRESH
1331.438198419,3,2,6,2,2,22,SWITCH_PRIMARY
1331.438198419,3,7,6,2,2,22,REPLACE_BACKUP
1331.438198419,7,6,6,1,1,22,REFRESH
1331.438198419,7,2,6,2,2,22,REFRESH_BACKUP
1331.438198664,4,6,6,1,2,22,REFRESH
1331.438198664,4,3,6,2,3,22,REFRESH_BACKUP
1331.438198664,4,7,6,2,3,22,REFRESH_BACKUP
1332.888159295,4,7,7,1,1,22,REFRESH
1332.888159295,4,2,7,2,2,22,REPLACE_BACKUP
1332.888159295,4,3,7,2,2,22,REPLACE_BACKUP
1332.888159295,4,6,7,2,2,22,SWITCH_PRIMARY
1332.888159295,4,1,7,2,3,22,REFRESH_BACKUP
1332.888159297,8,7,7,1,1,22,SWITCH_PRIMARY
1332.888159297,8,3,7,2,2,22,REPLACE_BACKUP
1332.888159297,8,6,7,2,2,22,SWITCH_PRIMARY
1332.888159297,8,1,7,2,3,22,REFRESH_BACKUP
1382.489775320,1,0,0,1,1,23,REFRESH
1382.489775320,1,3,0,2,2,23,REPLACE_BACKUP
1382.882554683,0,1,1,1,1,23,REFRESH
1382.882554683,0,2,1,2,2,23,REFRESH
1382.882554683,0,4,1,2,2,23,REFRESH_BACKUP
1382.882554683,0,5,1,2,2,23,REPLACE_BACKUP
1382.882554683,0,8,1,2,2,23,REFRESH
1382.882554683,2,1,1,1,1,23,SWITCH_PRIMARY
1382.882554683,2,0,1,2,2,23,SWITCH_PRIMARY
1382.882554683,2,3,1,2,2,23,REPLACE_BACKUP
1382.882554683,2,4,1,2,2,23,REPLACE_BACKUP
1382.882554683,2,8,1,2,2,23,REPLACE_BACKUP
1382.882554683,4,1,1,1,1,23,REFRESH
1382.882554683,4,5,1,2,2,23,REPLACE_BACKUP
1382.882554683,4,8,1,2,2,23,REFRESH
1382.882554683,4,7,1,2,3,23,REPLACE_BACKUP
1382.882554928,5,1,1,1,1,23,SWITCH_PRIMARY
1382.882554928,5,2,1,2,2,23,REPLACE_BACKUP
1382.882554928,5,8,1,2,2,23,REPLACE_BACKUP
1382.882555274,7,1,1,1,2,23,REFRESH_BACKUP
1382.882555413,6,1,1,1,1,23,SWITCH_PRIMARY
1382.882555413,6,0,1,2,2,23,SWITCH_PRIMARY
1382.882555413,6,2,1,2,2,23,REPLACE_BACKUP
1382.882555413,6,3,1,2,2,23,REPLACE_BACKUP
1382.882555413,6,5,1,2,2,23,SWITCH_PRIMARY
1382.882555413,6,8,1,2,2,23,SWITCH_PRIMARY
1383.735717337,0,3,3,1,1,23,REFRESH
1383.735717337,0,1,3,2,2,23,REFRESH_BACKUP
1383.735717337,0,5,3,2,2,23,REPLACE_BACKUP
1383.735717337,0,6,3,2,2,23,REFRESH
1383.735717337,0,7,3,2,2,23,REFRESH_BACKUP
1383.735717337,4,3,3,1,1,23,REFRESH
1383.735717337,4,0,3,2,2,23,REPLACE_BACKUP
1383.735717337,4,1,3,2,2,23,REPLACE_BACKUP
1383.735717337,4,6,3,2,2,23,REPLACE_BACKUP
1383.735717337,4,7,3,2,2,23,REPLACE_BACKUP
1383.735717337,6,3,3,1,1,23,REFRESH
1383.735717337,6,0,3,2,2,23,REFRESH_BACKUP
1383.735717337,6,1,3,2,2,23,REFRESH_BACKUP
1383.735717337,6,4,3,2,2,23,REFRESH
1383.735717337,6,5,3,2,2,23,REFRESH_BACKUP
1383.735717337,6,7,3,2,2,23,REFRESH_BACKUP
1383.735717337,6,8,3,2,3,23,REFRESH_BACKUP
1383.735717582,1,3,3,1,1,23,REFRESH
1383.735717582,1,6,3,2,2,23,REFRESH_BACKUP
1383.735717582,1,7,3,2,2,23,SWITCH_PRIMARY
1383.735717582,7,3,3,1,2,23,REFRESH
1383.735717582,7,0,3,2,3,23,REFRESH
1383.735717582,7,4,3,2,3,23,REFRESH_BACKUP
1383.735717582,7,6,3,2,3,23,REFRESH_BACKUP
1383.735718068,8,3,3,1,2,23,REFRESH
1388.548105875,1,2,2,1,1,23,REFRESH
1388.548105875,1,4,2,2,2,23,REPLACE_BACKUP
1388.548105875,1,7,2,2,2,23,REFRESH_BACKUP
1388.548105875,5,2,2,1,1,23,REFRESH
1388.548105875,5,1,2,2,2,23,REPLACE_BACKUP
1388.548105875,5,4,2,2,2,23,REPLACE_BACKUP
1388.548105875,5,7,2,2,2,23,REPLACE_BACKUP
1388.548105875,5,8,2,2,2,23,REPLACE_BACKUP
1388.797228217,2,5,5,1,1,23,REFRESH
1388.797228217,2,0,5,2,2,23,SWITCH_PRIMARY
1388.797228217,2,1,5,2,2,23,REPLACE_BACKUP
1388.797228217,2,6,5,2,2,23,REFRESH
1388.797228217,2,7,5,2,2,23,REPLACE_BACKUP
1388.797228217,2,8,5,2,2,23,REPLACE_BACKUP
1388.797228219,8,5,5,1,1,23,REFRESH
1388.797228219,8,0,5,2,2,23,REFRESH
1388.797228219,8,1,5,2,2,23,UPDATE
1388.797228219,8,2,5,2,2,23,REFRESH_BACKUP
1388.797228219,8,4,5,2,2,23,REFRESH_BACKUP
1388.797228219,8,6,5,2,2,23,SWITCH_PRIMARY
1388.797228219,8,7,5,2,2,23,REFRESH_BACKUP
1388.797228462,1,5,5,1,1,23,REFRESH
1388.797228462,1,0,5,2,2,23,REFRESH_BACKUP
1388.797228462,1,2,5,2,2,23,REPLACE_BACKUP
1388.797228462,1,6,5,2,2,23,REFRESH
1388.797228462,1,8,5,2,2,23,REFRESH_BACKUP
1388.797228947,0,5,5,1,1,23,SWITCH_PRIMARY
1388.797228947,0,1,5,2,2,23,REPLACE_BACKUP
1388.797228947,0,2,5,2,2,23,SWITCH_PRIMARY
1388.797228947,0,4,5,2,2,23,REPLACE_BACKUP
1388.797228947,0,6,5,2,2,23,REPLACE_BACKUP
1388.797228947,0,7,5,2,2,23,SWITCH_PRIMARY
1388.797228947,0,8,5,2,2,23,SWITCH_PRIMARY
1389.045368539,5,8,8,1,2,23,REFRESH
1389.045368783,4,8,8,1,1,23,SWITCH_PRIMARY
1389.045368783,4,5,8,2,2,23,REPLACE_BACKUP
1389.894717414,1,4,4,1,1,23,REFRESH
1389.894717414,1,0,4,2,2,23,REPLACE_BACKUP
1389.894717414,1,3,4,2,2,23,REPLACE_BACKUP
1389.894717414,1,7,4,2,2,23,SWITCH_PRIMARY
1389.894717414,1,8,4,2,2,23,REPLACE_BACKUP
1389.894717414,3,4,4,1,2,23,REFRESH
1389.894717414,3,5,4,2,3,23,REFRESH_BACKUP
1389.894717414,5,4,4,1,1,23,REFRESH
1389.894717414,5,0,4,2,2,23,REFRESH_BACKUP
1389.894717414,5,1,4,2,2,23,REPLACE_BACKUP
1389.894717414,5,3,4,2,2,23,SWITCH_PRIMARY
1389.894717414,5,7,4,2,2,23,REPLACE_BACKUP
1389.894717414,5,8,4,2,2,23,SWITCH_PRIMARY
1389.894717414,7,4,4,1,2,23,REFRESH
1389.894717414,7,0,4,2,3,23,SWITCH_PRIMARY
1389.894717414,7,1,4,2,3,23,REFRESH
1389.894717414,7,3,4,2,3,23,REFRESH_BACKUP
1389.894717414,7,5,4,2,3,23,REFRESH
1389.894717414,7,8,4,2,3,23,REFRESH_BACKUP
1389.894717659,0,4,4,1,2,23,REFRESH
1389.894717659,0,3,4,2,3,23,REFRESH_BACKUP
1389.894717659,0,5,4,2,3,23,REFRESH_BACKUP
1389.894717659,0,7,4,2,3,23,REFRESH_BACKUP
1389.894717659,2,4,4,1,1,23,REFRESH
1389.894717659,2,0,4,2,2,23,SWITCH_PRIMARY
1389.894717659,2,1,4,2,2,23,REPLACE_BACKUP
1389.894717659,2,3,4,2,2,23,REFRESH
1389.894717659,2,5,4,2,2,23,REFRESH_BACKUP
1389.894717659,2,7,4,2,2,23,REPLACE_BACKUP
1389.894717659,2,6,4,2,3,23,REFRESH_BACKUP
1389.894717660,8,4,4,1,2,23,REFRESH
1389.894717660,8,0,4,2,3,23,REFRESH_BACKUP
1389.894717660,8,5,4,2,3,23,REFRESH_BACKUP
1391.502966419,3,6,6,1,2,23,REFRESH
1391.502966419,3,2,6,2,3,23,REFRESH
1391.502966419,3,7,6,2,3,23,REFRESH_BACKUP
1391.502966419,7,6,6,1,1,23,REFRESH
1391.502966419,7,1,6,2,2,23,SWITCH_PRIMARY
1391.502966419,7,2,6,2,2,23,REFRESH_BACKUP
1391.502966419,7,3,6,2,2,23,SWITCH_PRIMARY
1391.502966419,7,0,6,2,3,23,SWITCH_PRIMARY
1391.502966419,7,4,6,2,3,23,REPLACE_BACKUP
1391.502966419,7,5,6,2,3,23,SWITCH_PRIMARY
1391.502966419,7,8,6,2,3,23,REPLACE_BACKUP
1391.502966664,4,6,6,1,1,23,SWITCH_PRIMARY
1391.502966664,4,2,6,2,2,23,REPLACE_BACKUP
1391.502966664,4,3,6,2,2,23,REPLACE_BACKUP
1391.502967010,0,7,6,2,3,23,REPLACE_BACKUP
1391.502967149,5,6,6,1,2,23,REFRESH
1392.888159295,4,7,7,1,1,23,REFRESH
1392.888159295,4,2,7,2,2,23,REPLACE_BACKUP
1392.888159295,4,6,7,2,2,23,REFRESH_BACKUP
1392.888159295,6,7,7,1,1,23,REFRESH
1392.888159295,6,2,7,2,2,23,REPLACE_BACKUP
1392.888159295,6,4,7,2,3,23,REFRESH_BACKUP
1392.888159297,8,7,7,1,1,23,REFRESH
1392.888159297,8,6,7,2,2,23,SWITCH_PRIMARY
1392.888159297,8,1,7,2,3,23,REFRESH_BACKUP
1392.888159297,8,3,7,2,3,23,REFRESH_BACKUP
1392.888159297,8,0,7,2,3,23,REPLACE_BACKUP
1392.888159297,8,5,7,2,3,23,REPLACE_BACKUP
1442.489775320,3,0,0,1,1,24,REFRESH
1442.489775320,3,5,0,2,2,24,REPLACE_BACKUP
1442.489775320,3,2,0,2,3,24,SWITCH_PRIMARY
1442.489775320,3,7,0,2,3,24,REPLACE_BACKUP
1442.947322683,0,1,1,1,1,24,REFRESH
1442.947322683,0,2,1,2,2,24,REFRESH_BACKUP
1442.947322683,0,3,1,2,2,24,REPLACE_BACKUP
1442.947322683,0,4,1,2,2,24,SWITCH_PRIMARY
1442.947322683,0,5,1,2,2,24,REPLACE_BACKUP
1442.947322683,0,8,1,2,2,24,REFRESH_BACKUP
1442.947322683,0,7,1,2,3,24,REPLACE_BACKUP
1442.947322683,2,1,1,1,1,24,REFRESH
1442.947322683,2,0,1,2,2,24,SWITCH_PRIMARY
1442.947322683,2,3,1,2,2,24,REFRESH_BACKUP
1442.947322683,2,4,1,2,2,24,REFRESH_BACKUP
1442.947322683,2,5,1,2,2,24,REPLACE_BACKUP
1442.947322683,2,8,1,2,2,24,REPLACE_BACKUP
1442.947322683,4,1,1,1,1,24,REFRESH
1442.947322683,4,2,1,2,2,24,REPLACE_BACKUP
1442.947322683,4,5,1,2,2,24,REPLACE_BACKUP
1442.947322683,4,8,1,2,2,24,REFRESH_BACKUP
1442.947322928,3,1,1,1,1,24,REFRESH
1442.947322928,3,0,1,2,2,24,REFRESH_BACKUP
1442.947322928,3,2,1,2,2,24,SWITCH_PRIMARY
1442.947322928,3,4,1,2,2,24,SWITCH_PRIMARY
1442.947322928,3,8,1,2,2,24,REFRESH
1442.947322928,5,1,1,1,1,24,REFRESH
1442.947322928,5,2,1,2,2,24,REFRESH_BACKUP
1442.947322928,5,3,1,2,2,24,SWITCH_PRIMARY
1442.947322928,5,8,1,2,2,24,REPLACE_BACKUP
1442.947323413,6,1,1,1,1,24,REFRESH
1442.947323413,6,0,1,2,2,24,REFRESH
1442.947323413,6,2,1,2,2,24,REPLACE_BACKUP
1442.947323413,6,3,1,2,2,24,REFRESH_BACKUP
1442.947323413,6,4,1,2,2,24,SWITCH_PRIMARY
1442.947323413,6,5,1,2,2,24,REFRESH
1442.947323413,6,8,1,2,2,24,REFRESH
1443.670949337,0,3,3,1,1,24,REFRESH
1443.670949337,0,5,3,2,2,24,REPLACE_BACKUP
1443.670949337,0,7,3,2,2,24,REPLACE_BACKUP
1443.670949337,0,6,3,2,3,24,REFRESH
1443.670949337,4,3,3,1,1,24,REFRESH
1443.670949337,4,0,3,2,2,24,REFRESH_BACKUP
1443.670949337,4,1,3,2,2,24,REFRESH_BACKUP
1443.670949337,4,7,3,2,2,24,REFRESH_BACKUP
1443.670950067,2,3,3,1,1,24,SWITCH_PRIMARY
1443.670950067,2,5,3,2,2,24,REPLACE_BACKUP
1448.548105875,5,2,2,1,1,24,REFRESH
1448.548105875,5,1,2,2,2,24,REPLACE_BACKUP
1448.548105875,5,3,2,2,2,24,SWITCH_PRIMARY
1448.548105875,5,4,2,2,2,24,REFRESH_BACKUP
1448.548105875,5,8,2,2,2,24,REPLACE_BACKUP
1448.548106466,8,2,2,1,1,24,REFRESH
1448.548106466,8,1,2,2,2,24,SWITCH_PRIMARY
1448.548106466,8,3,2,2,2,24,SWITCH_PRIMARY
1448.548106466,8,4,2,2,2,24,SWITCH_PRIMARY
1448.548106466,8,5,2,2,2,24,REPLACE_BACKUP
1448.548106466,8,7,2,2,2,24,REPLACE_BACKUP
1448.548106466,8,0,2,2,3,24,REPLACE_BACKUP
1448.548106605,3,2,2,1,1,24,SWITCH_PRIMARY
1448.548106605,3,4,2,2,2,24,REPLACE_BACKUP
1448.548106605,3,7,2,2,2,24,REPLACE_BACKUP
1448.548106605,3,8,2,2,2,24,SWITCH_PRIMARY
1448.861996217,2,5,5,1,1,24,REFRESH
1448.861996217,2,0,5,2,2,24,SWITCH_PRIMARY
1448.861996217,2,7,5,2,2,24,REPLACE_BACKUP
1448.861996217,2,6,5,2,3,24,REFRESH
1448.861996219,8,5,5,1,2,24,REFRESH
1448.861996219,8,0,5,2,3,24,REFRESH
1448.861996219,8,1,5,2,3,24,REFRESH_BACKUP
1448.861996219,8,2,5,2,3,24,REFRESH_BACKUP
1448.861996219,8,6,5,2,4,24,REFRESH_BACKUP
1448.861996462,1,5,5,1,2,24,REFRESH
1448.861996462,1,2,5,2,3,24,REFRESH_BACKUP
1448.861996462,1,6,5,2,4,24,REFRESH
1448.861996462,7,5,5,1,2,24,SWITCH_PRIMARY
1448.861996462,7,0,5,2,3,24,REPLACE_BACKUP
1448.861996462,7,1,5,2,3,24,REPLACE_BACKUP
1448.861996808,3,5,5,1,2,24,REFRESH
1448.861996947,0,5,5,1,2,24,REFRESH
1448.861996947,0,1,5,2,3,24,REFRESH_BACKUP
1448.861996947,0,2,5,2,3,24,REFRESH
1448.861996947,0,7,5,2,3,24,REFRESH
1448.861996947,0,8,5,2,4,24,REFRESH
1448.861996947,0,6,5,2,4,24,REFRESH_BACKUP
1449.045369268,1,8,8,1,1,24,REFRESH
1449.045369268,1,2,8,2,2,24,REPLACE_BACKUP
1449.045369268,1,7,8,2,2,24,SWITCH_PRIMARY
1449.045369268,1,6,8,2,3,24,SWITCH_PRIMARY
1449.045369268,1,5,8,2,3,24,REFRESH_BACKUP
1449.829949414,1,4,4,1,1,24,REFRESH
1449.829949414,1,0,4,2,2,24,REFRESH_BACKUP
1449.829949414,1,2,4,2,2,24,REPLACE_BACKUP
1449.829949414,1,3,4,2,2,24,REFRESH_BACKUP
1449.829949414,1,5,4,2,2,24,SWITCH_PRIMARY
1449.829949414,1,6,4,2,2,24,SWITCH_PRIMARY
1449.829949414,1,7,4,2,2,24,REFRESH_BACKUP
1449.829949414,1,8,4,2,2,24,REFRESH_BACKUP
1449.829949414,3,4,4,1,1,24,SWITCH_PRIMARY
1449.829949414,3,0,4,2,2,24,REPLACE_BACKUP
1449.829949414,3,2,4,2,2,24,REPLACE_BACKUP
1449.829949414,3,5,4,2,2,24,SWITCH_PRIMARY
1449.829949414,3,6,4,2,2,24,SWITCH_PRIMARY
1449.829949414,3,8,4,2,2,24,SWITCH_PRIMARY
1449.829949414,5,4,4,1,1,24,REFRESH
1449.829949414,5,0,4,2,2,24,REFRESH_BACKUP
1449.829949414,5,1,4,2,2,24,REPLACE_BACKUP
1449.829949414,5,2,4,2,2,24,REPLACE_BACKUP
1449.829949414,5,3,4,2,2,24,SWITCH_PRIMARY
1449.829949414,5,6,4,2,2,24,SWITCH_PRIMARY
1449.829949414,5,7,4,2,2,24,REFRESH_BACKUP
1449.829949414,5,8,4,2,2,24,REFRESH
1449.829949414,7,4,4,1,1,24,UPDATE
1449.829949414,7,0,4,2,2,24,SWITCH_PRIMARY
1449.829949414,7,1,4,2,2,24,REPLACE_BACKUP
1449.829949414,7,2,4,2,2,24,REPLACE_BACKUP
1449.829949414,7,3,4,2,2,24,REPLACE_BACKUP
1449.829949414,7,5,4,2,2,24,SWITCH_PRIMARY
1449.829949414,7,6,4,2,2,24,REPLACE_BACKUP
1449.829949414,7,8,4,2,2,24,REPLACE_BACKUP
1449.829949659,0,4,4,1,1,24,SWITCH_PRIMARY
1449.829949659,0,1,4,2,2,24,REPLACE_BACKUP
1449.829949659,0,2,4,2,2,24,SWITCH_PRIMARY
1449.829949659,0,5,4,2,2,24,SWITCH_PRIMARY
1449.829949659,0,6,4,2,2,24,SWITCH_PRIMARY
1449.829949659,0,7,4,2,2,24,SWITCH_PRIMARY
1449.829949659,0,8,4,2,2,24,SWITCH_PRIMARY
1449.829949660,8,4,4,1,2,24,REFRESH_BACKUP
1449.829949660,8,1,4,2,3,24,REPLACE_BACKUP
1449.829949660,8,2,4,2,3,24,REPLACE_BACKUP
1449.829949660,8,6,4,2,3,24,REPLACE_BACKUP
1451.502966419,3,6,6,1,1,24,SWITCH_PRIMARY
1451.502966419,3,1,6,2,2,24,REPLACE_BACKUP
1451.502966419,7,6,6,1,1,24,REFRESH
1451.502966419,7,1,6,2,2,24,REFRESH
1451.502966419,7,3,6,2,2,24,REFRESH
1451.502966419,7,0,6,2,3,24,REFRESH_BACKUP
1451.502966419,7,4,6,2,3,24,REFRESH_BACKUP
1451.502966664,4,6,6,1,2,24,REFRESH
1451.502966664,4,3,6,2,3,24,REFRESH_BACKUP
1451.502967010,8,6,6,1,2,24,REPLACE_BACKUP
1451.502967010,8,1,6,2,3,24,REPLACE_BACKUP
1451.502967149,1,6,6,1,2,24,REPLACE_BACKUP
1452.888159297,8,7,7,1,1,24,REFRESH
1452.888159297,8,2,7,2,2,24,REPLACE_BACKUP
1452.888159297,8,4,7,2,2,24,REPLACE_BACKUP
1452.888159297,8,6,7,2,2,24,REFRESH
1452.888159297,8,0,7,2,3,24,SWITCH_PRIMARY
1452.888159297,8,1,7,2,3,24,REPLACE_BACKUP
1452.888159540,5,7,7,1,1,24,REFRESH
1452.888159540,5,2,7,2,2,24,REPLACE_BACKUP
1452.888159540,5,4,7,2,2,24,REPLACE_BACKUP
1452.888159540,5,6,7,2,2,24,REPLACE_BACKUP
1502.489775320,1,0,0,1,1,25,REFRESH
1502.489775320,1,3,0,2,2,25,REPLACE_BACKUP
1502.489775320,3,0,0,1,1,25,REFRESH
1502.489775320,3,1,0,2,2,25,REPLACE_BACKUP
1502.489776050,5,0,0,1,1,25,REFRESH
1502.489776050,5,1,0,2,2,25,REPLACE_BACKUP
1502.489776050,5,3,0,2,2,25,SWITCH_PRIMARY
1502.489776050,5,4,0,2,2,25,REPLACE_BACKUP
1502.882554683,0,1,1,1,1,25,REFRESH
1502.882554683,0,2,1,2,2,25,SWITCH_PRIMARY
1502.882554683,0,3,1,2,2,25,REFRESH_BACKUP
1502.882554683,0,4,1,2,2,25,REFRESH_BACKUP
1502.882554683,0,8,1,2,2,25,REPLACE_BACKUP
1502.882554683,0,7,1,2,3,25,REPLACE_BACKUP
1502.882554683,4,1,1,1,1,25,REFRESH
1502.882554683,4,2,1,2,2,25,REFRESH_BACKUP
1502.882554683,4,3,1,2,2,25,REPLACE_BACKUP
1502.882554683,4,8,1,2,2,25,REFRESH_BACKUP
1502.882554683,4,5,1,2,3,25,REFRESH_BACKUP
1503.670949337,0,3,3,1,2,25,REFRESH
1503.670949337,0,6,3,2,3,25,REFRESH_BACKUP
1503.670949337,4,3,3,1,1,25,REFRESH
1503.670949337,4,0,3,2,2,25,REFRESH_BACKUP
1503.670949337,4,1,3,2,2,25,REFRESH_BACKUP
1503.670949337,4,2,3,2,2,25,REPLACE_BACKUP
1503.670949337,4,6,3,2,2,25,SWITCH_PRIMARY
1503.670949337,4,7,3,2,2,25,REFRESH_BACKUP
1503.670949337,4,5,3,2,3,25,REPLACE_BACKUP
1503.670949337,6,3,3,1,1,25,REFRESH
1503.670949337,6,0,3,2,2,25,REFRESH_BACKUP
1503.670949337,6,1,3,2,2,25,REFRESH_BACKUP
1503.670949337,6,4,3,2,2,25,SWITCH_PRIMARY
1503.670949337,6,7,3,2,2,25,REFRESH_BACKUP
1503.670949337,6,5,3,2,3,25,REFRESH_BACKUP
1503.670949337,6,8,3,2,3,25,REFRESH_BACKUP
1503.670949582,7,3,3,1,1,25,SWITCH_PRIMARY
1503.670949582,7,0,3,2,2,25,REPLACE_BACKUP
1503.670949582,7,1,3,2,2,25,REPLACE_BACKUP
1503.670949582,7,4,3,2,2,25,REPLACE_BACKUP
1503.670949582,7,6,3,2,2,25,REPLACE_BACKUP
1508.548105875,1,2,2,1,1,25,REFRESH
1508.548105875,1,3,2,2,2,25,REPLACE_BACKUP
1508.548105875,1,4,2,2,2,25,REFRESH_BACKUP
1508.548105875,1,5,2,2,2,25,SWITCH_PRIMARY
1508.548105875,1,7,2,2,2,25,REPLACE_BACKUP
1508.548105875,5,2,2,1,1,25,REFRESH
1508.548105875,5,3,2,2,2,25,SWITCH_PRIMARY
1508.548105875,5,4,2,2,2,25,REPLACE_BACKUP
1508.548105875,5,7,2,2,2,25,REPLACE_BACKUP
1508.548105875,5,8,2,2,2,25,SWITCH_PRIMARY
1508.797228217,2,5,5,1,1,25,REFRESH
1508.797228217,2,0,5,2,2,25,REFRESH
1508.797228217,2,4,5,2,2,25,REPLACE_BACKUP
1508.797228217,2,7,5,2,2,25,REFRESH_BACKUP
1508.797228217,2,6,5,2,3,25,REFRESH
1508.797228217,4,5,5,1,1,25,REFRESH
1508.797228217,4,0,5,2,2,25,REPLACE_BACKUP
1508.797228217,4,1,5,2,2,25,REPLACE_BACKUP
1508.797228217,4,2,5,2,2,25,REPLACE_BACKUP
1508.797228219,8,5,5,1,1,25,UPDATE
1508.797228219,8,0,5,2,2,25,SWITCH_PRIMARY
1508.797228219,8,1,5,2,2,25,SWITCH_PRIMARY
1508.797228219,8,2,5,2,2,25,REPLACE_BACKUP
1509.829949414,1,4,4,1,1,25,REFRESH
1509.829949414,1,0,4,2,2,25,REFRESH_BACKUP
1509.829949414,1,2,4,2,2,25,REFRESH_BACKUP
1509.829949414,1,3,4,2,2,25,REPLACE_BACKUP
1509.829949414,1,5,4,2,2,25,SWITCH_PRIMARY
1509.829949414,1,8,4,2,2,25,REFRESH_BACKUP
1509.829949414,1,6,4,2,3,25,REFRESH
1509.829949414,5,4,4,1,1,25,REFRESH
1509.829949414,5,0,4,2,2,25,REFRESH_BACKUP
1509.829949414,5,3,4,2,2,25,SWITCH_PRIMARY
1509.829949414,5,7,4,2,2,25,REPLACE_BACKUP
1509.829949414,5,8,4,2,2,25,REFRESH_BACKUP
1509.829949414,5,6,4,2,3,25,REFRESH
1509.829949414,7,4,4,1,1,25,REFRESH
1509.829949414,7,0,4,2,2,25,REFRESH
1509.829949414,7,1,4,2,2,25,REPLACE_BACKUP
1509.829949414,7,2,4,2,2,25,REFRESH_BACKUP
1509.829949414,7,3,4,2,2,25,REPLACE_BACKUP
1509.829949414,7,5,4,2,2,25,REFRESH
1509.829949414,7,8,4,2,2,25,REFRESH_BACKUP
1509.829949659,2,4,4,1,2,25,REFRESH
1509.829949659,2,1,4,2,3,25,REFRESH_BACKUP
1509.829949659,2,3,4,2,3,25,REFRESH_BACKUP
1509.829949659,2,6,4,2,4,25,REFRESH_BACKUP
1512.952927295,4,7,7,1,2,25,REFRESH
1512.952927295,6,7,7,1,2,25,REFRESH
1512.952927297,8,7,7,1,1,25,REFRESH
1512.952927297,8,3,7,2,2,25,REPLACE_BACKUP
1512.952927297,8,4,7,2,2,25,REFRESH_BACKUP
1512.952927297,8,6,7,2,2,25,REFRESH
1512.952927297,8,0,7,2,3,25,REFRESH_BACKUP
1512.952927540,3,7,7,1,1,25,REFRESH
1512.952927540,3,6,7,2,2,25,REPLACE_BACKUP
1512.952927540,5,7,7,1,2,25,REFRESH
1512.952927540,5,2,7,2,3,25,REFRESH_BACKUP
1512.952927540,5,6,7,2,3,25,REFRESH_BACKUP
1512.952928025,0,7,7,1,2,25,REPLACE_BACKUP
1512.952928025,0,6,7,2,3,25,REPLACE_BACKUP
1512.952928025,2,7,7,1,2,25,REFRESH
1512.952928025,2,6,7,2,3,25,REPLACE_BACKUP
1562.554543320,1,0,0,1,2,26,REFRESH
1562.554543320,3,0,0,1,1,26,REFRESH
1562.554543320,3,1,0,2,2,26,REFRESH_BACKUP
1562.554543320,3,4,0,2,2,26,REPLACE_BACKUP
1562.554543565,4,0,0,1,2,26,REFRESH
1562.554544050,7,0,0,1,1,26,SWITCH_PRIMARY
1562.554544050,7,1,0,2,2,26,SWITCH_PRIMARY
1562.554544050,7,4,0,2,2,26,REPLACE_BACKUP
1562.882554683,0,1,1,1,1,26,REFRESH
1562.882554683,0,2,1,2,2,26,REFRESH
1562.882554683,0,3,1,2,2,26,SWITCH_PRIMARY
1562.882554683,0,4,1,2,2,26,REFRESH_BACKUP
1562.882554683,0,8,1,2,2,26,SWITCH_PRIMARY
1562.882554683,0,6,1,2,3,26,REPLACE_BACKUP
1562.882554928,3,1,1,1,2,26,REFRESH
1563.670949337,6,3,3,1,1,26,REFRESH
1563.670949337,6,0,3,2,2,26,SWITCH_PRIMARY
1563.670949337,6,4,3,2,2,26,REFRESH
1563.670949337,6,7,3,2,2,26,SWITCH_PRIMARY
1563.670949337,6,5,3,2,3,26,REFRESH_BACKUP
1563.670949337,6,8,3,2,3,26,REFRESH_BACKUP
1563.670949337,6,1,3,2,3,26,REFRESH_BACKUP
1563.670949582,7,3,3,1,1,26,REFRESH
1563.670949582,7,4,3,2,2,26,REPLACE_BACKUP
1563.670949582,7,6,3,2,2,26,REFRESH_BACKUP
1568.548105875,1,2,2,1,2,26,REFRESH
1568.548105875,1,5,2,2,3,26,REFRESH_BACKUP
1568.548105875,1,4,2,2,4,26,REFRESH_BACKUP
1568.548105875,1,7,2,2,4,26,REFRESH_BACKUP
1568.861996217,2,5,5,1,1,26,REFRESH
1568.861996217,2,0,5,2,2,26,REFRESH
1568.861996217,2,1,5,2,2,26,REPLACE_BACKUP
1568.861996217,2,4,5,2,2,26,SWITCH_PRIMARY
1568.861996217,2,3,5,2,3,26,REPLACE_BACKUP
1568.861996217,2,6,5,2,3,26,REFRESH
1568.861996217,2,7,5,2,3,26,REFRESH_BACKUP
1568.861996217,4,5,5,1,1,26,REFRESH
1568.861996217,4,0,5,2,2,26,SWITCH_PRIMARY
1568.861996217,4,1,5,2,2,26,REFRESH_BACKUP
1568.861996217,4,2,5,2,2,26,REFRESH_BACKUP
1568.861996219,8,5,5,1,2,26,REFRESH
1568.861996219,8,0,5,2,3,26,REFRESH
1568.861996219,8,1,5,2,3,26,REFRESH
1568.861996219,8,2,5,2,3,26,REFRESH_BACKUP
1568.861996462,7,5,5,1,2,26,REFRESH_BACKUP
1568.861996808,3,5,5,1,1,26,SWITCH_PRIMARY
1568.861996808,3,0,5,2,2,26,REPLACE_BACKUP
1568.861996808,3,1,5,2,2,26,SWITCH_PRIMARY
1568.861996947,0,5,5,1,1,26,SWITCH_PRIMARY
1568.861996947,0,2,5,2,2,26,SWITCH_PRIMARY
1568.861996947,6,5,5,1,2,26,REPLACE_BACKUP
1569.045368539,5,8,8,1,1,26,SWITCH_PRIMARY
1569.045368539,5,2,8,2,2,26,REPLACE_BACKUP
1569.045368539,5,7,8,2,2,26,SWITCH_PRIMARY
1569.045368539,5,6,8,2,3,26,REPLACE_BACKUP
1569.045368783,4,8,8,1,1,26,REFRESH
1569.045368783,4,2,8,2,2,26,REPLACE_BACKUP
1569.045368783,4,7,8,2,2,26,SWITCH_PRIMARY
1569.045368783,4,5,8,2,3,26,REPLACE_BACKUP
1569.829949414,1,4,4,1,1,26,REFRESH
1569.829949414,1,2,4,2,2,26,SWITCH_PRIMARY
1569.829949414,1,3,4,2,2,26,REFRESH_BACKUP
1569.829949414,1,5,4,2,2,26,REFRESH
1569.829949414,1,8,4,2,2,26,REFRESH_BACKUP
1569.829949414,1,0,4,2,3,26,REFRESH_BACKUP
1569.829949414,1,6,4,2,3,26,REFRESH
1569.829949414,1,7,4,2,3,26,REPLACE_BACKUP
1569.829949414,3,4,4,1,1,26,REFRESH
1569.829949414,3,1,4,2,2,26,REPLACE_BACKUP
1569.829949414,3,2,4,2,2,26,REFRESH_BACKUP
1569.829949414,3,5,4,2,2,26,REFRESH_BACKUP
1569.829949414,3,8,4,2,2,26,REFRESH
1569.829949414,5,4,4,1,1,26,REFRESH
1569.829949414,5,2,4,2,2,26,REPLACE_BACKUP
1569.829949414,5,3,4,2,2,26,REFRESH
1569.829949414,5,8,4,2,2,26,REPLACE_BACKUP
1569.829949414,5,0,4,2,3,26,REFRESH_BACKUP
1569.829949414,5,6,4,2,3,26,REFRESH
1569.829949659,6,4,4,1,1,26,SWITCH_PRIMARY
1569.829949659,6,1,4,2,2,26,REPLACE_BACKUP
1569.829949659,6,5,4,2,2,26,SWITCH_PRIMARY
1569.829949659,6,8,4,2,2,26,SWITCH_PRIMARY
1569.829949660,8,4,4,1,1,26,SWITCH_PRIMARY
1569.829949660,8,1,4,2,2,26,SWITCH_PRIMARY
1569.829949660,8,2,4,2,2,26,REPLACE_BACKUP
1569.829949660,8,5,4,2,2,26,SWITCH_PRIMARY
1569.829949660,8,0,4,2,3,26,SWITCH_PRIMARY
1571.438198419,7,6,6,1,1,26,REFRESH
1571.438198419,7,1,6,2,2,26,REFRESH_BACKUP
1571.438198419,7,2,6,2,2,26,REPLACE_BACKUP
1571.438198419,7,4,6,2,2,26,REPLACE_BACKUP
1571.438199010,0,6,6,1,1,26,SWITCH_PRIMARY
1571.438199010,0,1,6,2,2,26,REPLACE_BACKUP
1571.438199010,0,2,6,2,2,26,SWITCH_PRIMARY
1571.438199010,0,3,6,2,2,26,REPLACE_BACKUP
1572.888159295,4,7,7,1,1,26,SWITCH_PRIMARY
1572.888159295,4,0,7,2,2,26,REPLACE_BACKUP
1572.888159295,4,2,7,2,2,26,REPLACE_BACKUP
1572.888159295,4,3,7,2,2,26,REPLACE_BACKUP
1572.888159295,4,6,7,2,2,26,SWITCH_PRIMARY
1572.888159295,6,7,7,1,1,26,SWITCH_PRIMARY
1572.888159295,6,0,7,2,2,26,SWITCH_PRIMARY
1572.888159295,6,4,7,2,2,26,REPLACE_BACKUP
1572.888159297,8,7,7,1,1,26,REFRESH
1572.888159297,8,0,7,2,2,26,SWITCH_PRIMARY
1572.888159297,8,3,7,2,2,26,SWITCH_PRIMARY
1572.888159297,8,6,7,2,2,26,REFRESH
1572.888159297,8,1,7,2,3,26,REPLACE_BACKUP
1572.888160025,0,7,7,1,1,26,SWITCH_PRIMARY
1572.888160025,0,2,7,2,2,26,REPLACE_BACKUP
1572.888160025,0,3,7,2,2,26,REPLACE_BACKUP
1572.888160025,0,4,7,2,2,26,REPLACE_BACKUP
1622.489775320,3,0,0,1,1,27,REFRESH
1622.489775320,3,1,0,2,2,27,REPLACE_BACKUP
1622.489775320,3,4,0,2,2,27,REFRESH_BACKUP
1622.882554683,0,1,1,1,1,27,REFRESH
1622.882554683,0,3,1,2,2,27,REFRESH
1622.882554683,0,4,1,2,2,27,REPLACE_BACKUP
1622.882554683,0,8,1,2,2,27,REFRESH
1622.882554683,2,1,1,1,1,27,REFRESH
1622.882554683,2,3,1,2,2,27,REPLACE_BACKUP
1622.882554683,2,4,1,2,2,27,SWITCH_PRIMARY
1622.882554683,2,8,1,2,2,27,REFRESH_BACKUP
1622.882554683,2,7,1,2,3,27,REPLACE_BACKUP
1622.882554683,2,0,1,2,3,27,REFRESH_BACKUP
1622.882554683,2,6,1,2,3,27,SWITCH_PRIMARY
1622.882554683,4,1,1,1,1,27,REFRESH
1622.882554683,4,8,1,2,2,27,REFRESH_BACKUP
1622.882554928,3,1,1,1,1,27,SWITCH_PRIMARY
1622.882554928,3,4,1,2,2,27,REPLACE_BACKUP
1622.882554928,3,8,1,2,2,27,SWITCH_PRIMARY
1623.670949337,4,3,3,1,1,27,REFRESH
1623.670949337,4,0,3,2,2,27,SWITCH_PRIMARY
1623.670949337,4,1,3,2,2,27,REPLACE_BACKUP
1623.670949337,4,5,3,2,2,27,REPLACE_BACKUP
1623.670949337,4,6,3,2,2,27,REFRESH_BACKUP
1623.670949337,4,7,3,2,2,27,REPLACE_BACKUP
1623.670949337,6,3,3,1,1,27,REFRESH
1623.670949337,6,0,3,2,2,27,REFRESH_BACKUP
1623.670949337,6,1,3,2,2,27,REPLACE_BACKUP
1623.670949337,6,2,3,2,2,27,REPLACE_BACKUP
1623.670949337,6,5,3,2,2,27,REPLACE_BACKUP
1623.670949337,6,7,3,2,2,27,REFRESH_BACKUP
1623.670949582,1,3,3,1,1,27,REFRESH
1623.670949582,1,0,3,2,2,27,SWITCH_PRIMARY
1623.670949582,1,2,3,2,2,27,SWITCH_PRIMARY
1623.670949582,1,4,3,2,2,27,REPLACE_BACKUP
1623.670949582,1,5,3,2,2,27,SWITCH_PRIMARY
1623.670949582,1,6,3,2,2,27,SWITCH_PRIMARY
1623.670949582,1,7,3,2,2,27,SWITCH_PRIMARY
1623.670950068,8,3,3,1,1,27,SWITCH_PRIMARY
1623.670950068,8,0,3,2,2,27,REPLACE_BACKUP
1623.670950068,8,1,3,2,2,27,SWITCH_PRIMARY
1623.670950068,8,5,3,2,2,27,REPLACE_BACKUP
1623.670950068,8,6,3,2,2,27,REPLACE_BACKUP
1628.548105875,1,2,2,1,1,27,SWITCH_PRIMARY
1628.548105875,1,8,2,2,2,27,REPLACE_BACKUP
1628.548105875,5,2,2,1,1,27,REFRESH
1628.548105875,5,3,2,2,2,27,REFRESH_BACKUP
1628.548105875,5,4,2,2,3,27,REFRESH_BACKUP
1628.548106120,4,2,2,1,1,27,REFRESH
1628.548106120,4,1,2,2,2,27,REPLACE_BACKUP
1628.548106120,4,8,2,2,2,27,REPLACE_BACKUP
1628.797228217,4,5,5,1,1,27,REFRESH
1628.797228217,4,0,5,2,2,27,REFRESH_BACKUP
1628.797228217,4,1,5,2,2,27,REPLACE_BACKUP
1628.797228217,4,8,5,2,2,27,REPLACE_BACKUP
1628.797228219,8,5,5,1,1,27,SWITCH_PRIMARY
1628.797228219,8,0,5,2,2,27,SWITCH_PRIMARY
1628.797228219,8,4,5,2,2,27,REPLACE_BACKUP
1628.797228462,1,5,5,1,1,27,SWITCH_PRIMARY
1628.797228462,1,0,5,2,2,27,REPLACE_BACKUP
1628.797228462,1,2,5,2,2,27,REPLACE_BACKUP
1628.797228462,1,8,5,2,2,27,REPLACE_BACKUP
1628.797228462,7,5,5,1,1,27,SWITCH_PRIMARY
1628.797228462,7,2,5,2,2,27,REPLACE_BACKUP
1628.797228462,7,4,5,2,2,27,REPLACE_BACKUP
1628.797228462,7,8,5,2,2,27,REPLACE_BACKUP
1628.797228947,6,5,5,1,1,27,SWITCH_PRIMARY
1628.797228947,6,0,5,2,2,27,SWITCH_PRIMARY
1628.797228947,6,1,5,2,2,27,REPLACE_BACKUP
1628.797228947,6,4,5,2,2,27,REPLACE_BACKUP
1628.797228947,6,8,5,2,2,27,REPLACE_BACKUP
1629.829949414,1,4,4,1,1,27,REFRESH
1629.829949414,1,3,4,2,2,27,REFRESH_BACKUP
1629.829949414,1,5,4,2,2,27,REPLACE_BACKUP
1629.829949414,1,7,4,2,2,27,REPLACE_BACKUP
1629.829949414,1,6,4,2,3,27,REFRESH_BACKUP
1629.829949414,5,4,4,1,1,27,REFRESH
1629.829949414,5,1,4,2,2,27,REPLACE_BACKUP
1629.829949414,5,2,4,2,2,27,REFRESH_BACKUP
1629.829949414,5,3,4,2,2,27,REFRESH
1629.829949414,5,7,4,2,2,27,REPLACE_BACKUP
1629.829949414,5,8,4,2,2,27,REFRESH_BACKUP
1629.829949414,5,0,4,2,3,27,REFRESH_BACKUP
1629.829949414,5,6,4,2,3,27,REFRESH
1629.829949414,7,4,4,1,1,27,REFRESH
1629.829949414,7,1,4,2,2,27,REPLACE_BACKUP
1629.829949414,7,3,4,2,2,27,REFRESH_BACKUP
1629.829949414,7,5,4,2,2,27,REFRESH_BACKUP
1629.829949414,7,8,4,2,2,27,SWITCH_PRIMARY
1629.829949414,7,0,4,2,3,27,REFRESH_BACKUP
1629.829949659,0,4,4,1,2,27,REFRESH
1629.829949659,0,5,4,2,3,27,REFRESH_BACKUP
1629.829949659,0,7,4,2,3,27,REFRESH_BACKUP
1629.829949659,0,8,4,2,3,27,REFRESH_BACKUP
1629.829949659,0,6,4,2,4,27,REFRESH_BACKUP
1629.829949659,2,4,4,1,1,27,SWITCH_PRIMARY
1629.829949659,2,7,4,2,2,27,SWITCH_PRIMARY
1629.829949659,2,8,4,2,2,27,REPLACE_BACKUP
1629.829949659,2,0,4,2,3,27,REPLACE_BACKUP
1629.829949659,2,6,4,2,3,27,REPLACE_BACKUP
1631.433078419,3,6,6,1,1,27,REFRESH
1631.433078419,3,4,6,2,2,27,REPLACE_BACKUP
1631.433078419,3,5,6,2,2,27,REPLACE_BACKUP
1631.433078419,3,7,6,2,2,27,REPLACE_BACKUP
1631.433078419,7,6,6,1,1,27,REFRESH
1631.433078419,7,1,6,2,2,27,SWITCH_PRIMARY
1631.433078419,7,3,6,2,2,27,REPLACE_BACKUP
1631.433078664,4,6,6,1,1,27,SWITCH_PRIMARY
1631.433078664,4,5,6,2,2,27,REPLACE_BACKUP
1631.433079010,0,6,6,1,1,27,REFRESH
1631.433079010,0,1,6,2,2,27,REFRESH_BACKUP
1631.433079010,0,3,6,2,2,27,SWITCH_PRIMARY
1631.433079010,0,4,6,2,2,27,SWITCH_PRIMARY
1631.433079010,0,5,6,2,2,27,REPLACE_BACKUP
1631.433079010,0,7,6,2,2,27,REPLACE_BACKUP
1631.433079010,0,8,6,2,3,27,REPLACE_BACKUP
1631.433079149,5,6,6,1,1,27,SWITCH_PRIMARY
1631.433079149,5,1,6,2,2,27,REPLACE_BACKUP
1631.433079149,5,3,6,2,2,27,SWITCH_PRIMARY
1631.433079149,5,4,6,2,2,27,REPLACE_BACKUP
1631.433079149,5,7,6,2,2,27,REPLACE_BACKUP
1631.433079149,5,0,6,2,3,27,REPLACE_BACKUP
1632.888159295,4,7,7,1,1,27,REFRESH
1632.888159295,4,2,7,2,2,27,REFRESH_BACKUP
1632.888159295,4,3,7,2,2,27,REFRESH_BACKUP
1632.888159295,4,5,7,2,2,27,REPLACE_BACKUP
1632.888159295,4,6,7,2,2,27,REFRESH_BACKUP
1632.888159295,6,7,7,1,2,27,REFRESH
1632.888159295,6,0,7,2,3,27,REFRESH_BACKUP
1632.888159297,8,7,7,1,1,27,REFRESH
1632.888159297,8,0,7,2,2,27,REFRESH_BACKUP
1632.888159297,8,3,7,2,2,27,REFRESH_BACKUP
1632.888159297,8,6,7,2,2,27,REFRESH
1632.888159540,3,7,7,1,1,27,REFRESH
1632.888159540,3,4,7,2,2,27,REPLACE_BACKUP
1632.888159540,3,6,7,2,2,27,REFRESH_BACKUP
1634.213289177,6,2,2,1,0,17,POISON
1634.213289177,6,2,3,2,2,27,PROMOTE_BACKUP
1642.144748858,2,8,8,1,0,17,POISON
1642.144748858,2,8,4,2,2,27,PROMOTE_BACKUP
1682.489775320,1,0,0,1,1,28,SWITCH_PRIMARY
1682.489775320,1,5,0,2,2,28,REPLACE_BACKUP
1682.489775320,1,6,0,2,2,28,REPLACE_BACKUP
1682.489775320,1,7,0,2,2,28,SWITCH_PRIMARY
1682.489775565,4,0,0,1,1,28,SWITCH_PRIMARY
1682.489775565,4,1,0,2,2,28,REPLACE_BACKUP
1682.489775565,4,5,0,2,2,28,REPLACE_BACKUP
1682.489775565,4,7,0,2,2,28,REPLACE_BACKUP
1682.882554683,0,1,1,1,1,28,REFRESH
1682.882554683,0,2,1,2,2,28,SWITCH_PRIMARY
1682.882554683,0,3,1,2,2,28,SWITCH_PRIMARY
1682.882554683,0,4,1,2,2,28,SWITCH_PRIMARY
1682.882554683,0,8,1,2,2,28,REFRESH
1682.882554683,0,6,1,2,3,28,REPLACE_BACKUP
1682.882554683,2,1,1,1,1,28,REFRESH
1682.882554683,2,0,1,2,2,28,REPLACE_BACKUP
1682.882554683,2,3,1,2,2,28,REFRESH_BACKUP
1682.882554683,2,4,1,2,2,28,REFRESH_BACKUP
1682.882554683,2,8,1,2,2,28,ADD_BACKUP
1682.882554683,2,6,1,2,3,28,REFRESH
1682.882554683,4,1,1,1,1,28,REFRESH
1682.882554683,4,0,1,2,2,28,REPLACE_BACKUP
1682.882554683,4,2,1,2,2,28,REPLACE_BACKUP
1682.882554683,4,3,1,2,2,28,REPLACE_BACKUP
1683.735717337,0,3,3,1,1,28,SWITCH_PRIMARY
1683.735717337,0,5,3,2,2,28,REPLACE_BACKUP
1683.735717337,0,6,3,2,2,28,REPLACE_BACKUP
1683.735717337,0,8,3,2,3,28,REPLACE_BACKUP
1683.735717337,4,3,3,1,1,28,REFRESH
1683.735717337,4,0,3,2,2,28,REPLACE_BACKUP
1683.735717337,4,6,3,2,2,28,REPLACE_BACKUP
1683.735717582,1,3,3,1,1,28,REFRESH
1683.735717582,1,0,3,2,2,28,REFRESH_BACKUP
1683.735717582,1,2,3,2,2,28,REPLACE_BACKUP
1683.735717582,1,4,3,2,2,28,REFRESH_BACKUP
1683.735717582,1,5,3,2,2,28,REPLACE_BACKUP
1683.735717582,1,6,3,2,2,28,REFRESH
1683.735717582,1,7,3,2,2,28,REFRESH_BACKUP
1683.735717582,7,3,3,1,1,28,REFRESH
1683.735717582,7,0,3,2,2,28,REPLACE_BACKUP
1683.735717582,7,1,3,2,2,28,REPLACE_BACKUP
1683.735717582,7,2,3,2,2,28,REPLACE_BACKUP
1683.735717582,7,5,3,2,2,28,REPLACE_BACKUP
1683.735717582,7,6,3,2,2,28,REFRESH_BACKUP
1688.612873875,1,2,2,1,1,28,REFRESH
1688.612873875,1,4,2,2,2,28,REPLACE_BACKUP
1688.612873875,1,5,2,2,2,28,REPLACE_BACKUP
1688.612873875,5,2,2,1,1,28,REFRESH
1688.612873875,5,1,2,2,2,28,REPLACE_BACKUP
1688.612873875,5,3,2,2,2,28,REPLACE_BACKUP
1688.612873875,5,0,2,2,3,28,REPLACE_BACKUP
1688.612874120,4,2,2,1,2,28,REFRESH
1688.861996217,2,5,5,1,2,28,REFRESH
1688.861996217,2,0,5,2,3,28,REFRESH
1688.861996217,2,1,5,2,3,28,REFRESH_BACKUP
1688.861996217,4,5,5,1,1,28,REFRESH
1688.861996217,4,0,5,2,2,28,REPLACE_BACKUP
1688.861996217,4,1,5,2,2,28,REPLACE_BACKUP
1688.861996217,4,2,5,2,2,28,SWITCH_PRIMARY
1688.861996217,4,6,5,2,2,28,REPLACE_BACKUP
1688.861996217,4,8,5,2,2,28,REFRESH_BACKUP
1688.861996219,8,5,5,1,1,28,REFRESH
1688.861996219,8,0,5,2,2,28,REFRESH
1688.861996219,8,1,5,2,2,28,SWITCH_PRIMARY
1688.861996219,8,2,5,2,2,28,REPLACE_BACKUP
1688.861996219,8,4,5,2,2,28,REFRESH_BACKUP
1688.861996462,1,5,5,1,2,28,REFRESH
1688.861996462,1,8,5,2,3,28,REFRESH_BACKUP
1688.861996462,7,5,5,1,1,28,REFRESH
1688.861996462,7,1,5,2,2,28,SWITCH_PRIMARY
1688.861996462,7,2,5,2,2,28,REPLACE_BACKUP
1688.861996462,7,4,5,2,2,28,REFRESH_BACKUP
1688.861996462,7,8,5,2,2,28,SWITCH_PRIMARY
1688.861996808,3,5,5,1,2,28,REFRESH
1688.861996808,3,0,5,2,3,28,REFRESH_BACKUP
1688.861996808,3,1,5,2,3,28,REFRESH_BACKUP
1689.110137268,3,8,8,1,1,28,SWITCH_PRIMARY
1689.110137268,3,2,8,2,2,28,REPLACE_BACKUP
1689.110137268,3,5,8,2,2,28,SWITCH_PRIMARY
1689.110137268,3,0,8,2,3,28,REPLACE_BACKUP
1689.110137268,3,1,8,2,3,28,REPLACE_BACKUP
1689.829949414,1,4,4,1,1,28,REFRESH
1689.829949414,1,3,4,2,2,28,REFRESH_BACKUP
1689.829949414,1,5,4,2,2,28,SWITCH_PRIMARY
1689.829949414,1,6,4,2,2,28,SWITCH_PRIMARY
1689.829949414,1,7,4,2,2,28,SWITCH_PRIMARY
1689.829949414,1,8,4,2,2,28,REPLACE_BACKUP
1689.829949414,5,4,4,1,1,28,REFRESH
1689.829949414,5,0,4,2,2,28,REPLACE_BACKUP
1689.829949414,5,6,4,2,2,28,REFRESH_BACKUP
1689.829949414,5,8,4,2,2,28,REFRESH_BACKUP
1689.829949414,5,2,4,2,3,28,REFRESH_BACKUP
1689.829949414,7,4,4,1,1,28,REFRESH
1689.829949414,7,1,4,2,2,28,SWITCH_PRIMARY
1689.829949414,7,3,4,2,2,28,REPLACE_BACKUP
1689.829949414,7,6,4,2,2,28,REPLACE_BACKUP
1689.829949414,7,8,4,2,2,28,REFRESH_BACKUP
1689.829949659,0,4,4,1,1,28,SWITCH_PRIMARY
1689.829949659,0,1,4,2,2,28,REPLACE_BACKUP
1689.829949659,0,3,4,2,2,28,REPLACE_BACKUP
1689.829949659,0,6,4,2,2,28,REPLACE_BACKUP
1689.829949659,0,7,4,2,2,28,REPLACE_BACKUP
1689.829949659,0,8,4,2,2,28,REPLACE_BACKUP
1689.829949659,2,4,4,1,1,28,REFRESH
1689.829949659,2,0,4,2,2,28,SWITCH_PRIMARY
1689.829949659,2,1,4,2,2,28,REPLACE_BACKUP
1689.829949659,2,3,4,2,2,28,REPLACE_BACKUP
1689.829949659,2,5,4,2,2,28,SWITCH_PRIMARY
1689.829949659,2,6,4,2,2,28,SWITCH_PRIMARY
1689.829949659,2,7,4,2,2,28,REFRESH
1689.829949659,2,8,4,2,2,28,REFRESH
1689.829949659,6,4,4,1,1,28,REFRESH
1689.829949659,6,0,4,2,2,28,REPLACE_BACKUP
1689.829949659,6,1,4,2,2,28,REPLACE_BACKUP
1689.829949659,6,3,4,2,2,28,REPLACE_BACKUP
1689.829949659,6,5,4,2,2,28,REFRESH_BACKUP
1689.829949659,6,7,4,2,2,28,SWITCH_PRIMARY
1689.829949659,6,8,4,2,2,28,REFRESH
1689.829949659,6,2,4,2,3,28,ADD_BACKUP
1689.829949660,8,4,4,1,1,28,REFRESH
1689.829949660,8,0,4,2,2,28,REPLACE_BACKUP
1689.829949660,8,1,4,2,2,28,REPLACE_BACKUP
1689.829949660,8,3,4,2,2,28,REPLACE_BACKUP
1689.829949660,8,5,4,2,2,28,REFRESH_BACKUP
1689.829949660,8,6,4,2,2,28,SWITCH_PRIMARY
1689.829949660,8,7,4,2,2,28,REPLACE_BACKUP
1691.438198419,7,6,6,1,1,28,REFRESH
1691.438198419,7,5,6,2,2,28,REPLACE_BACKUP
1691.438199010,8,6,6,1,1,28,SWITCH_PRIMARY
1691.438199010,8,1,6,2,2,28,REPLACE_BACKUP
1691.438199010,8,4,6,2,2,28,REPLACE_BACKUP
1691.438199010,8,5,6,2,2,28,REPLACE_BACKUP
1692.888159295,4,7,7,1,1,28,REFRESH
1692.888159295,4,0,7,2,2,28,REPLACE_BACKUP
1692.888159295,4,2,7,2,2,28,REPLACE_BACKUP
1692.888159295,4,5,7,2,2,28,REPLACE_BACKUP
1692.888159295,6,7,7,1,1,28,SWITCH_PRIMARY
1692.888159295,6,0,7,2,2,28,SWITCH_PRIMARY
1692.888159295,6,2,7,2,2,28,REPLACE_BACKUP
1692.888159297,8,7,7,1,1,28,REFRESH
1692.888159297,8,0,7,2,2,28,SWITCH_PRIMARY
1692.888159297,8,2,7,2,2,28,REPLACE_BACKUP
1692.888159297,8,3,7,2,2,28,REPLACE_BACKUP
1692.888159297,8,6,7,2,2,28,REPLACE_BACKUP
1692.888159540,3,7,7,1,1,28,REFRESH
1692.888159540,3,0,7,2,2,28,REPLACE_BACKUP
1692.888159540,3,4,7,2,2,28,REFRESH_BACKUP
1692.888159540,3,5,7,2,2,28,REPLACE_BACKUP
1692.888159540,3,6,7,2,2,28,REFRESH_BACKUP
1692.888159540,3,1,7,2,3,28,REPLACE_BACKUP
1742.489775320,1,0,0,1,1,29,REFRESH
1742.489775320,1,3,0,2,2,29,REPLACE_BACKUP
1742.489775320,1,4,0,2,2,29,REPLACE_BACKUP
1742.489775320,1,5,0,2,2,29,REPLACE_BACKUP
1742.489775320,1,6,0,2,2,29,SWITCH_PRIMARY
1742.489775320,1,7,0,2,2,29,REFRESH_BACKUP
1742.489775565,4,0,0,1,1,29,REFRESH
1742.489775565,4,5,0,2,2,29,REPLACE_BACKUP
1742.489775565,4,7,0,2,2,29,REFRESH_BACKUP
1742.489776050,7,0,0,1,1,29,REFRESH
1742.489776050,7,3,0,2,2,29,REPLACE_BACKUP
1742.489776050,7,5,0,2,2,29,REPLACE_BACKUP
1742.947322683,0,1,1,1,1,29,REFRESH
1742.947322683,0,2,1,2,2,29,REFRESH
1742.947322683,0,4,1,2,2,29,REFRESH_BACKUP
1742.947322683,0,8,1,2,2,29,REFRESH
1742.947322683,2,1,1,1,1,29,REFRESH
1742.947322683,2,0,1,2,2,29,SWITCH_PRIMARY
1742.947322683,2,4,1,2,2,29,REFRESH_BACKUP
1742.947322683,2,8,1,2,2,29,SWITCH_PRIMARY
1742.947322683,2,6,1,2,3,29,REFRESH_BACKUP
1742.947322683,4,1,1,1,1,29,REFRESH
1742.947322683,4,0,1,2,2,29,REPLACE_BACKUP
1742.947322683,4,3,1,2,2,29,REFRESH_BACKUP
1742.947322683,4,8,1,2,2,29,REPLACE_BACKUP
1742.947322928,5,1,1,1,1,29,REFRESH
1742.947322928,5,0,1,2,2,29,REPLACE_BACKUP
1742.947322928,5,2,1,2,2,29,REPLACE_BACKUP
1742.947322928,5,3,1,2,2,29,REPLACE_BACKUP
1742.947322928,5,4,1,2,2,29,REPLACE_BACKUP
1742.947322928,5,8,1,2,2,29,REPLACE_BACKUP
1743.735717337,0,3,3,1,1,29,REFRESH
1743.735717337,0,1,3,2,2,29,REPLACE_BACKUP
1743.735717337,0,2,3,2,2,29,REPLACE_BACKUP
1743.735717337,0,7,3,2,2,29,REPLACE_BACKUP
1743.735717337,0,8,3,2,2,29,SWITCH_PRIMARY
1743.735717337,0,5,3,2,3,29,REFRESH_BACKUP
1743.735717337,4,3,3,1,1,29,REFRESH
1743.735717337,4,0,3,2,2,29,REPLACE_BACKUP
1743.735717337,4,2,3,2,2,29,SWITCH_PRIMARY
1743.735717337,4,6,3,2,2,29,REPLACE_BACKUP
1743.735717337,6,3,3,1,1,29,REFRESH
1743.735717337,6,0,3,2,2,29,REPLACE_BACKUP
1743.735717337,6,2,3,2,2,29,REFRESH
1743.735717337,6,8,3,2,2,29,SWITCH_PRIMARY
1743.735717582,1,3,3,1,2,29,REFRESH
1743.735717582,1,0,3,2,3,29,REFRESH_BACKUP
1743.735717582,1,2,3,2,3,29,REFRESH_BACKUP
1743.735717582,7,3,3,1,2,29,REFRESH
1743.735717582,7,0,3,2,3,29,REFRESH_BACKUP
1748.548105875,1,2,2,1,1,29,REFRESH
1748.548105875,1,3,2,2,2,29,SWITCH_PRIMARY
1748.548105875,1,4,2,2,2,29,REPLACE_BACKUP
1748.548105875,1,0,2,2,3,29,REPLACE_BACKUP
1748.548105875,5,2,2,1,1,29,REFRESH
1748.548105875,5,1,2,2,2,29,REFRESH_BACKUP
1748.548105875,5,3,2,2,2,29,SWITCH_PRIMARY
1748.548105875,5,4,2,2,2,29,REPLACE_BACKUP
1748.797228217,2,5,5,1,1,29,SWITCH_PRIMARY
1748.797228217,2,0,5,2,2,29,SWITCH_PRIMARY
1748.797228217,2,1,5,2,2,29,REPLACE_BACKUP
1748.797228217,2,6,5,2,2,29,SWITCH_PRIMARY
1748.797228217,2,8,5,2,2,29,REPLACE_BACKUP
1748.797228217,4,5,5,1,1,29,REFRESH
1748.797228217,4,0,5,2,2,29,REPLACE_BACKUP
1748.797228217,4,1,5,2,2,29,REFRESH_BACKUP
1748.797228217,4,2,5,2,2,29,SWITCH_PRIMARY
1748.797228219,8,5,5,1,1,29,REFRESH
1748.797228219,8,0,5,2,2,29,SWITCH_PRIMARY
1748.797228219,8,1,5,2,2,29,REFRESH
1748.797228219,8,2,5,2,2,29,REPLACE_BACKUP
1748.797228462,1,5,5,1,1,29,SWITCH_PRIMARY
1748.797228462,1,0,5,2,2,29,REPLACE_BACKUP
1748.797228462,1,2,5,2,2,29,REPLACE_BACKUP
1748.797228462,1,6,5,2,2,29,REPLACE_BACKUP
1748.797228462,1,8,5,2,2,29,REPLACE_BACKUP
1748.797228462,7,5,5,1,1,29,REFRESH
1748.797228462,7,0,5,2,2,29,REPLACE_BACKUP
1748.797228462,7,1,5,2,2,29,REFRESH_BACKUP
1748.797228462,7,2,5,2,2,29,REFRESH_BACKUP
1748.797228462,7,4,5,2,2,29,REFRESH_BACKUP
1748.797228462,7,6,5,2,2,29,REPLACE_BACKUP
1748.797228462,7,8,5,2,2,29,REFRESH
1749.045368539,5,8,8,1,1,29,REFRESH
1749.045368539,5,3,8,2,2,29,SWITCH_PRIMARY
1749.045368539,5,6,8,2,2,29,REPLACE_BACKUP
1749.045368539,5,7,8,2,2,29,REFRESH
1749.045368783,4,8,8,1,1,29,REFRESH
1749.045368783,4,2,8,2,2,29,SWITCH_PRIMARY
1749.045368783,4,5,8,2,2,29,REPLACE_BACKUP
1749.045368783,4,7,8,2,2,29,REPLACE_BACKUP
1749.894717414,1,4,4,1,1,29,REFRESH
1749.894717414,1,0,4,2,2,29,REPLACE_BACKUP
1749.894717414,1,3,4,2,2,29,REPLACE_BACKUP
1749.894717414,1,5,4,2,2,29,REFRESH_BACKUP
1749.894717414,1,7,4,2,2,29,REFRESH
1749.894717414,1,8,4,2,2,29,REPLACE_BACKUP
1749.894717414,5,4,4,1,1,29,REFRESH
1749.894717414,5,0,4,2,2,29,REPLACE_BACKUP
1749.894717414,5,1,4,2,2,29,REPLACE_BACKUP
1749.894717414,5,3,4,2,2,29,REPLACE_BACKUP
1749.894717414,5,6,4,2,2,29,REPLACE_BACKUP
1749.894717414,5,7,4,2,2,29,SWITCH_PRIMARY
1749.894717414,7,4,4,1,1,29,REFRESH
1749.894717414,7,0,4,2,2,29,REPLACE_BACKUP
1749.894717414,7,1,4,2,2,29,REFRESH
1749.894717414,7,3,4,2,2,29,SWITCH_PRIMARY
1749.894717414,7,5,4,2,2,29,REPLACE_BACKUP
1749.894717414,7,6,4,2,2,29,REPLACE_BACKUP
1749.894717414,7,8,4,2,2,29,SWITCH_PRIMARY
1749.894717659,0,4,4,1,1,29,REFRESH
1749.894717659,0,1,4,2,2,29,REPLACE_BACKUP
1749.894717659,0,3,4,2,2,29,REFRESH_BACKUP
1749.894717659,0,5,4,2,2,29,REPLACE_BACKUP
1749.894717659,0,6,4,2,2,29,REFRESH_BACKUP
1749.894717659,0,7,4,2,2,29,REPLACE_BACKUP
1749.894717659,0,8,4,2,2,29,SWITCH_PRIMARY
1749.894717659,2,4,4,1,1,29,REFRESH
1749.894717659,2,0,4,2,2,29,SWITCH_PRIMARY
1749.894717659,2,3,4,2,2,29,REFRESH_BACKUP
1749.894717659,2,5,4,2,2,29,REFRESH_BACKUP
1749.894717659,2,6,4,2,2,29,REFRESH_BACKUP
1749.894717659,2,7,4,2,2,29,REFRESH
1749.894717659,2,8,4,2,2,29,REPLACE_BACKUP
1749.894717659,6,4,4,1,2,29,REFRESH
1749.894717659,6,1,4,2,3,29,REFRESH_BACKUP
1749.894717659,6,3,4,2,3,29,REFRESH_BACKUP
1749.894717659,6,5,4,2,3,29,REFRESH_BACKUP
1749.894717659,6,7,4,2,3,29,REFRESH_BACKUP
1749.894717659,6,8,4,2,3,29,REFRESH_BACKUP
1749.894717660,8,4,4,1,1,29,REFRESH
1749.894717660,8,0,4,2,2,29,SWITCH_PRIMARY
1749.894717660,8,1,4,2,2,29,REPLACE_BACKUP
1749.894717660,8,3,4,2,2,29,REPLACE_BACKUP
1749.894717660,8,5,4,2,2,29,REPLACE_BACKUP
1749.894717660,8,6,4,2,2,29,REPLACE_BACKUP
1749.894717660,8,7,4,2,2,29,REFRESH_BACKUP
1751.438198419,3,6,6,1,1,29,REFRESH
1751.438198419,3,1,6,2,2,29,REPLACE_BACKUP
1751.438198419,3,5,6,2,2,29,SWITCH_PRIMARY
1751.438198419,3,7,6,2,2,29,REFRESH_BACKUP
1751.438198419,7,6,6,1,1,29,REFRESH
1751.438198419,7,1,6,2,2,29,REPLACE_BACKUP
1751.438198419,7,3,6,2,2,29,SWITCH_PRIMARY
1751.438198419,7,5,6,2,2,29,REPLACE_BACKUP
1752.888159295,4,7,7,1,1,29,REFRESH
1752.888159295,4,6,7,2,2,29,REPLACE_BACKUP
1752.888159295,6,7,7,1,1,29,REFRESH
1752.888159295,6,0,7,2,2,29,REFRESH
1752.888159295,6,2,7,2,2,29,SWITCH_PRIMARY
1752.888159295,6,4,7,2,2,29,SWITCH_PRIMARY
1752.888159295,6,5,7,2,2,29,REPLACE_BACKUP
1752.888159295,6,1,7,2,3,29,REPLACE_BACKUP
1752.888159295,6,3,7,2,3,29,REPLACE_BACKUP
1752.888159295,6,8,7,2,3,29,REPLACE_BACKUP
1752.888159297,8,7,7,1,1,29,REFRESH
1752.888159297,8,0,7,2,2,29,SWITCH_PRIMARY
1752.888159297,8,5,7,2,2,29,REPLACE_BACKUP
1752.888159297,8,6,7,2,2,29,REPLACE_BACKUP
1752.888159540,3,7,7,1,1,29,REFRESH
1752.888159540,3,0,7,2,2,29,REFRESH_BACKUP
1752.888159540,3,4,7,2,2,29,REFRESH_BACKUP
1752.888159540,3,5,7,2,2,29,SWITCH_PRIMARY
1752.888159540,3,6,7,2,2,29,REFRESH_BACKUP
1752.888159886,1,7,7,1,1,29,SWITCH_PRIMARY
1752.888159886,1,0,7,2,2,29,REPLACE_BACKUP
1752.888159886,1,6,7,2,2,29,REPLACE_BACKUP
1752.888160025,0,7,7,1,1,29,REFRESH
1752.888160025,0,2,7,2,2,29,SWITCH_PRIMARY
1752.888160025,0,4,7,2,2,29,REPLACE_BACKUP
1752.888160025,0,5,7,2,2,29,REPLACE_BACKUP
1752.888160025,0,6,7,2,2,29,REPLACE_BACKUP
1802.489775320,1,0,0,1,1,30,REFRESH
1802.489775320,1,4,0,2,2,30,REPLACE_BACKUP
1802.489775320,1,5,0,2,2,30,REPLACE_BACKUP
1802.489775320,1,6,0,2,2,30,REFRESH
1802.489775320,1,7,0,2,2,30,REPLACE_BACKUP
1802.489775565,4,0,0,1,1,30,REFRESH
1802.489775565,4,3,0,2,2,30,REPLACE_BACKUP
1802.489775565,4,7,0,2,2,30,REPLACE_BACKUP
1802.489775911,6,0,0,1,1,30,SWITCH_PRIMARY
1802.489775911,6,1,0,2,2,30,REPLACE_BACKUP
1802.489775911,6,3,0,2,2,30,REPLACE_BACKUP
1802.489775911,6,4,0,2,2,30,SWITCH_PRIMARY
1802.489775911,6,7,0,2,2,30,REPLACE_BACKUP
1802.947322683,0,1,1,1,1,30,REFRESH
1802.947322683,0,2,1,2,2,30,SWITCH_PRIMARY
1802.947322683,0,4,1,2,2,30,REPLACE_BACKUP
1802.947322683,0,7,1,2,2,30,REPLACE_BACKUP
1802.947322683,0,8,1,2,2,30,SWITCH_PRIMARY
1802.947322683,2,1,1,1,1,30,REFRESH
1802.947322683,2,0,1,2,2,30,SWITCH_PRIMARY
1802.947322683,2,4,1,2,2,30,REFRESH_BACKUP
1802.947322683,2,7,1,2,2,30,SWITCH_PRIMARY
1802.947322683,2,8,1,2,2,30,REFRESH
1802.947322683,4,1,1,1,1,30,REFRESH
1802.947322683,4,0,1,2,2,30,REPLACE_BACKUP
1802.947322683,4,5,1,2,2,30,REPLACE_BACKUP
1802.947322683,4,7,1,2,2,30,REPLACE_BACKUP
1802.947322683,4,8,1,2,2,30,REFRESH_BACKUP
1802.947322928,3,1,1,1,2,30,REFRESH
1802.947322928,3,8,1,2,3,30,REFRESH_BACKUP
1802.947322928,5,1,1,1,2,30,REFRESH
1802.947322928,5,2,1,2,3,30,REFRESH_BACKUP
1802.947322928,5,8,1,2,3,30,REFRESH_BACKUP
1803.670949337,0,3,3,1,1,30,REFRESH
1803.670949337,0,4,3,2,2,30,REPLACE_BACKUP
1803.670949337,0,8,3,2,2,30,REPLACE_BACKUP
1803.670949337,4,3,3,1,2,30,REFRESH
1803.670949337,6,3,3,1,1,30,REFRESH
1803.670949337,6,0,3,2,2,30,REPLACE_BACKUP
1803.670949337,6,2,3,2,2,30,SWITCH_PRIMARY
1803.670949337,6,8,3,2,2,30,REFRESH
1808.548105875,1,2,2,1,1,30,REFRESH
1808.548105875,1,3,2,2,2,30,REFRESH
1808.548105875,1,4,2,2,2,30,REPLACE_BACKUP
1808.548105875,5,2,2,1,1,30,REFRESH
1808.548105875,5,1,2,2,2,30,SWITCH_PRIMARY
1808.548105875,5,3,2,2,2,30,SWITCH_PRIMARY
1808.548105875,5,4,2,2,2,30,REFRESH_BACKUP
1808.548105875,5,8,2,2,3,30,REPLACE_BACKUP
1808.548106466,8,2,2,1,1,30,REFRESH
1808.548106466,8,3,2,2,2,30,REPLACE_BACKUP
1808.548106466,8,4,2,2,2,30,REPLACE_BACKUP
1808.548106466,8,5,2,2,2,30,REPLACE_BACKUP
1808.861996217,2,5,5,1,2,30,REFRESH
1808.861996217,2,6,5,2,3,30,REFRESH
1808.861996217,2,1,5,2,4,30,REFRESH_BACKUP
1808.861996217,4,5,5,1,1,30,REFRESH
1808.861996217,4,2,5,2,2,30,REFRESH_BACKUP
1808.861996217,4,8,5,2,2,30,REPLACE_BACKUP
1808.861996217,4,1,5,2,3,30,REFRESH_BACKUP
1808.861996219,8,5,5,1,1,30,REFRESH
1808.861996219,8,0,5,2,2,30,SWITCH_PRIMARY
1808.861996219,8,2,5,2,2,30,REFRESH_BACKUP
1808.861996219,8,6,5,2,2,30,REPLACE_BACKUP
1808.861996219,8,1,5,2,3,30,REFRESH
1808.861996462,1,5,5,1,2,30,REFRESH
1808.861996462,1,2,5,2,3,30,REFRESH_BACKUP
1808.861996462,7,5,5,1,2,30,REFRESH
1808.861996462,7,2,5,2,3,30,REFRESH_BACKUP
1808.861996462,7,4,5,2,3,30,REFRESH_BACKUP
1808.861996462,7,8,5,2,3,30,REFRESH_BACKUP
1808.861996947,6,5,5,1,1,30,REFRESH
1808.861996947,6,0,5,2,2,30,REPLACE_BACKUP
1808.861996947,6,2,5,2,2,30,SWITCH_PRIMARY
1808.861996947,6,4,5,2,2,30,SWITCH_PRIMARY
1808.861996947,6,8,5,2,2,30,REPLACE_BACKUP
1809.045368539,5,8,8,1,1,30,REFRESH
1809.045368539,5,2,8,2,2,30,REPLACE_BACKUP
1809.045368539,5,3,8,2,2,30,REFRESH_BACKUP
1809.045368539,5,7,8,2,2,30,SWITCH_PRIMARY
1809.045368783,4,8,8,1,1,30,REFRESH
1809.045368783,4,2,8,2,2,30,REFRESH
1809.045368783,4,3,8,2,2,30,SWITCH_PRIMARY
1809.045368783,4,7,8,2,2,30,REPLACE_BACKUP
1809.045369128,2,8,8,1,1,30,SWITCH_PRIMARY
1809.045369128,2,4,8,2,2,30,REPLACE_BACKUP
1809.045369128,2,5,8,2,2,30,SWITCH_PRIMARY
1809.045369128,2,6,8,2,2,30,SWITCH_PRIMARY
1809.045369128,2,7,8,2,2,30,SWITCH_PRIMARY
1809.045369128,2,1,8,2,3,30,REPLACE_BACKUP
1809.829949414,1,4,4,1,1,30,REFRESH
1809.829949414,1,5,4,2,2,30,SWITCH_PRIMARY
1809.829949414,1,6,4,2,2,30,SWITCH_PRIMARY
1809.829949414,1,7,4,2,2,30,REPLACE_BACKUP
1809.829949414,1,8,4,2,2,30,REFRESH_BACKUP
1809.829949414,1,2,4,2,3,30,REPLACE_BACKUP
1809.829949414,1,3,4,2,3,30,REFRESH_BACKUP
1809.829949414,3,4,4,1,1,30,REFRESH
1809.829949414,3,1,4,2,2,30,SWITCH_PRIMARY
1809.829949414,3,7,4,2,2,30,REPLACE_BACKUP
1809.829949414,3,8,4,2,2,30,REPLACE_BACKUP
1809.829949414,5,4,4,1,1,30,REFRESH
1809.829949414,5,0,4,2,2,30,REFRESH_BACKUP
1809.829949414,5,1,4,2,2,30,REPLACE_BACKUP
1809.829949414,5,6,4,2,2,30,REFRESH_BACKUP
1809.829949414,5,7,4,2,2,30,REFRESH_BACKUP
1809.829949414,5,8,4,2,2,30,REPLACE_BACKUP
1809.829949414,7,4,4,1,1,30,REFRESH
1809.829949414,7,0,4,2,2,30,REFRESH_BACKUP
1809.829949414,7,1,4,2,2,30,REFRESH
1809.829949414,7,5,4,2,2,30,SWITCH_PRIMARY
1809.829949414,7,6,4,2,2,30,REFRESH_BACKUP
1809.829949414,7,8,4,2,2,30,REFRESH
1809.829949414,7,2,4,2,3,30,REPLACE_BACKUP
1809.829949414,7,3,4,2,3,30,REFRESH_BACKUP
1809.829949659,0,4,4,1,1,30,REFRESH
1809.829949659,0,1,4,2,2,30,REFRESH_BACKUP
1809.829949659,0,5,4,2,2,30,REPLACE_BACKUP
1809.829949659,0,6,4,2,2,30,REPLACE_BACKUP
1809.829949659,0,7,4,2,2,30,REPLACE_BACKUP
1809.829949659,0,3,4,2,3,30,REFRESH_BACKUP
1809.829949659,6,4,4,1,1,30,SWITCH_PRIMARY
1809.829949659,6,0,4,2,2,30,REPLACE_BACKUP
1809.829949659,6,7,4,2,2,30,REPLACE_BACKUP
1809.829949659,6,8,4,2,2,30,SWITCH_PRIMARY
1811.502966419,3,6,6,1,1,30,REFRESH
1811.502966419,3,0,6,2,2,30,REPLACE_BACKUP
1811.502966419,3,1,6,2,2,30,SWITCH_PRIMARY
1811.502966419,3,4,6,2,2,30,REPLACE_BACKUP
1811.502966419,3,5,6,2,2,30,REFRESH_BACKUP
1811.502966419,7,6,6,1,2,30,REFRESH
1811.502966419,7,1,6,2,3,30,REFRESH_BACKUP
1811.502966419,7,3,6,2,3,30,REFRESH
1811.502966419,7,4,6,2,3,30,REPLACE_BACKUP
1811.502966664,4,6,6,1,2,30,REFRESH
1811.502967010,0,6,6,1,2,30,REFRESH
1812.888159295,6,7,7,1,1,30,REFRESH
1812.888159295,6,0,7,2,2,30,REPLACE_BACKUP
1812.888159295,6,4,7,2,2,30,REPLACE_BACKUP
1812.888159295,6,5,7,2,3,30,REFRESH_BACKUP
1812.888159297,8,7,7,1,1,30,REFRESH
1812.888159297,8,0,7,2,2,30,SWITCH_PRIMARY
1812.888159297,8,2,7,2,2,30,REPLACE_BACKUP
1812.888159297,8,4,7,2,2,30,REPLACE_BACKUP
1812.888159540,3,7,7,1,2,30,REFRESH
1812.888159540,3,5,7,2,4,30,REFRESH
1812.888159540,3,6,7,2,4,30,REFRESH_BACKUP
1812.888159540,5,7,7,1,1,30,SWITCH_PRIMARY
1812.888159540,5,0,7,2,2,30,REPLACE_BACKUP
1812.888160025,0,7,7,1,1,30,REFRESH
1812.888160025,0,2,7,2,2,30,SWITCH_PRIMARY
1812.888160025,2,7,7,1,1,30,SWITCH_PRIMARY
1812.888160025,2,0,7,2,2,30,SWITCH_PRIMARY
1812.888160025,2,4,7,2,2,30,REPLACE_BACKUP
1812.888160025,2,6,7,2,3,30,REPLACE_BACKUP
1862.489775320,3,0,0,1,1,31,REFRESH
1862.489775320,3,1,0,2,2,31,SWITCH_PRIMARY
1862.489775320,3,4,0,2,2,31,REPLACE_BACKUP
1862.489775320,3,5,0,2,2,31,SWITCH_PRIMARY
1862.489775320,3,7,0,2,2,31,SWITCH_PRIMARY
1862.489775320,3,6,0,2,3,31,REPLACE_BACKUP
1862.489775565,4,0,0,1,2,31,REFRESH
1862.882554683,0,1,1,1,1,31,REFRESH
1862.882554683,0,2,1,2,2,31,REFRESH_BACKUP
1862.882554683,0,4,1,2,2,31,REPLACE_BACKUP
1862.882554683,0,7,1,2,2,31,REPLACE_BACKUP
1862.882554683,0,8,1,2,2,31,REFRESH
1862.882554683,2,1,1,1,1,31,REFRESH
1862.882554683,2,0,1,2,2,31,SWITCH_PRIMARY
1862.882554683,2,4,1,2,2,31,REPLACE_BACKUP
1862.882554683,2,8,1,2,2,31,REFRESH_BACKUP
1862.882554683,2,6,1,2,3,31,REPLACE_BACKUP
1862.882554683,4,1,1,1,1,31,REFRESH
1862.882554683,4,0,1,2,2,31,SWITCH_PRIMARY
1862.882554683,4,5,1,2,3,31,REFRESH_BACKUP
1862.882554928,3,1,1,1,1,31,SWITCH_PRIMARY
1862.882554928,3,0,1,2,2,31,REPLACE_BACKUP
1862.882554928,3,2,1,2,2,31,REPLACE_BACKUP
1862.882554928,3,7,1,2,2,31,SWITCH_PRIMARY
1862.882554928,3,5,1,2,3,31,REPLACE_BACKUP
1862.882554928,3,6,1,2,3,31,REPLACE_BACKUP
1862.882554928,5,1,1,1,1,31,SWITCH_PRIMARY
1862.882554928,5,7,1,2,2,31,REPLACE_BACKUP
1862.882554928,5,8,1,2,2,31,REPLACE_BACKUP
1862.882555414,8,1,1,1,1,31,SWITCH_PRIMARY
1862.882555414,8,0,1,2,2,31,SWITCH_PRIMARY
1862.882555414,8,2,1,2,2,31,REPLACE_BACKUP
1862.882555414,8,7,1,2,2,31,REPLACE_BACKUP
1863.735717337,0,3,3,1,1,31,REFRESH
1863.735717337,0,1,3,2,2,31,REPLACE_BACKUP
1863.735717337,0,2,3,2,2,31,SWITCH_PRIMARY
1863.735717337,0,4,3,2,2,31,REPLACE_BACKUP
1863.735717337,0,6,3,2,2,31,SWITCH_PRIMARY
1863.735717337,0,8,3,2,2,31,SWITCH_PRIMARY
1863.735717337,4,3,3,1,2,31,REFRESH_BACKUP
1863.735717337,6,3,3,1,2,31,REFRESH
1863.735717337,6,2,3,2,3,31,REFRESH_BACKUP
1863.735717337,6,8,3,2,3,31,REFRESH_BACKUP
1863.735717582,1,3,3,1,2,31,REPLACE_BACKUP
1863.735717582,7,3,3,1,2,31,SWITCH_PRIMARY
1863.735718067,2,3,3,1,1,31,REFRESH
1863.735718067,2,1,3,2,2,31,REPLACE_BACKUP
1863.735718067,2,6,3,2,2,31,SWITCH_PRIMARY
1863.735718068,8,3,3,1,2,31,REFRESH
1868.548105875,5,2,2,1,1,31,REFRESH
1868.548105875,5,1,2,2,2,31,REFRESH_BACKUP
1868.548105875,5,3,2,2,2,31,REFRESH
1868.548105875,5,4,2,2,2,31,REFRESH_BACKUP
1868.548105875,5,7,2,2,2,31,REPLACE_BACKUP
1868.861996217,2,5,5,1,1,31,SWITCH_PRIMARY
1868.861996217,2,0,5,2,2,31,SWITCH_PRIMARY
1868.861996217,2,4,5,2,2,31,REPLACE_BACKUP
1868.861996217,2,7,5,2,2,31,REPLACE_BACKUP
1868.861996217,2,8,5,2,2,31,REPLACE_BACKUP
1868.861996217,4,5,5,1,1,31,REFRESH
1868.861996217,4,0,5,2,2,31,REPLACE_BACKUP
1868.861996217,4,1,5,2,2,31,REFRESH_BACKUP
1868.861996217,4,2,5,2,2,31,REFRESH_BACKUP
1868.861996217,4,6,5,2,2,31,SWITCH_PRIMARY
1868.861996217,4,7,5,2,2,31,REPLACE_BACKUP
1868.861996217,4,8,5,2,2,31,REFRESH_BACKUP
1868.861996219,8,5,5,1,1,31,REFRESH
1868.861996219,8,0,5,2,2,31,REPLACE_BACKUP
1868.861996219,8,1,5,2,2,31,REFRESH_BACKUP
1868.861996219,8,2,5,2,2,31,REPLACE_BACKUP
1868.861996219,8,6,5,2,2,31,REFRESH_BACKUP
1868.861996462,1,5,5,1,2,31,REFRESH_BACKUP
1868.861996462,7,5,5,1,2,31,REFRESH_BACKUP
1868.861996462,7,1,5,2,3,31,REPLACE_BACKUP
1868.861996462,7,4,5,2,3,31,REPLACE_BACKUP
1868.861996462,7,8,5,2,3,31,REFRESH_BACKUP
1868.861996808,3,5,5,1,2,31,REPLACE_BACKUP
1868.861996947,0,5,5,1,1,31,REFRESH
1868.861996947,0,2,5,2,2,31,REPLACE_BACKUP
1868.861996947,0,6,5,2,2,31,REPLACE_BACKUP
1868.861996947,0,7,5,2,2,31,REPLACE_BACKUP
1869.045368539,5,8,8,1,1,31,REFRESH
1869.045368539,5,1,8,2,2,31,REPLACE_BACKUP
1869.045368539,5,2,8,2,2,31,REFRESH_BACKUP
1869.045368539,5,4,8,2,2,31,REPLACE_BACKUP
1869.045368539,5,3,8,2,3,31,REFRESH_BACKUP
1869.829949414,7,4,4,1,1,31,REFRESH
1869.829949414,7,1,4,2,2,31,REFRESH
1869.829949414,7,5,4,2,2,31,REFRESH
1869.829949414,7,8,4,2,2,31,REFRESH
1869.829949414,7,0,4,2,3,31,REFRESH_BACKUP
1869.829949414,7,2,4,2,3,31,REFRESH_BACKUP
1869.829949414,7,3,4,2,3,31,REPLACE_BACKUP
1869.829949414,7,6,4,2,3,31,REFRESH_BACKUP
1869.829949659,0,4,4,1,2,31,REFRESH
1869.829949659,0,5,4,2,3,31,REFRESH_BACKUP
1869.829949659,0,3,4,2,4,31,REFRESH_BACKUP
1869.829949659,2,4,4,1,1,31,REFRESH
1869.829949659,2,7,4,2,2,31,REPLACE_BACKUP
1869.829949659,2,8,4,2,2,31,REPLACE_BACKUP
1869.829949659,2,3,4,2,3,31,REFRESH_BACKUP
1869.829949659,6,4,4,1,1,31,REFRESH
1869.829949659,6,1,4,2,2,31,REPLACE_BACKUP
1869.829949659,6,5,4,2,2,31,REPLACE_BACKUP
1869.829949659,6,7,4,2,2,31,REFRESH_BACKUP
1869.829949659,6,8,4,2,2,31,REFRESH
1869.829949659,6,2,4,2,3,31,REPLACE_BACKUP
1869.829949660,8,4,4,1,1,31,REFRESH
1871.438198419,3,6,6,1,1,31,REFRESH
1871.438198419,3,0,6,2,2,31,REPLACE_BACKUP
1871.438198419,3,1,6,2,2,31,REPLACE_BACKUP
1871.438198419,3,5,6,2,2,31,SWITCH_PRIMARY
1871.438198419,7,6,6,1,1,31,UPDATE
1871.438198419,7,0,6,2,2,31,REPLACE_BACKUP
1871.438198419,7,1,6,2,2,31,SWITCH_PRIMARY
1871.438198419,7,4,6,2,2,31,REPLACE_BACKUP
1871.438198419,7,5,6,2,2,31,REPLACE_BACKUP
1871.438198419,7,8,6,2,3,31,REPLACE_BACKUP
1872.888159295,4,7,7,1,1,31,REFRESH
1872.888159295,4,0,7,2,2,31,REPLACE_BACKUP
1872.888159295,4,2,7,2,2,31,REPLACE_BACKUP
1872.888159295,4,6,7,2,2,31,SWITCH_PRIMARY
1872.888159295,4,5,7,2,3,31,REPLACE_BACKUP
1872.888159295,6,7,7,1,1,31,REFRESH
1872.888159295,6,0,7,2,2,31,REFRESH_BACKUP
1872.888159295,6,2,7,2,2,31,SWITCH_PRIMARY
1872.888159295,6,4,7,2,2,31,REFRESH_BACKUP
1872.888159295,6,8,7,2,3,31,REPLACE_BACKUP
1872.888159297,8,7,7,1,1,31,REFRESH
1872.888159297,8,2,7,2,2,31,REPLACE_BACKUP
1872.888159297,8,4,7,2,2,31,REFRESH_BACKUP
1872.888159297,8,6,7,2,2,31,REPLACE_BACKUP
1872.888159540,3,7,7,1,1,31,SWITCH_PRIMARY
1872.888159540,3,2,7,2,2,31,REPLACE_BACKUP
1872.888159540,3,6,7,2,2,31,REPLACE_BACKUP
1922.554543911,6,0,0,1,2,32,REFRESH
1922.554543911,6,3,0,2,3,32,REFRESH_BACKUP
1922.882554683,0,1,1,1,1,32,REFRESH
1922.882554683,0,2,1,2,2,32,SWITCH_PRIMARY
1922.882554683,0,4,1,2,2,32,SWITCH_PRIMARY
1922.882554683,0,8,1,2,2,32,SWITCH_PRIMARY
1922.882554683,0,3,1,2,3,32,REPLACE_BACKUP
1922.882554683,0,5,1,2,3,32,REPLACE_BACKUP
1922.882554683,2,1,1,1,1,32,REFRESH
1922.882554683,2,0,1,2,2,32,REFRESH_BACKUP
1922.882554683,2,7,1,2,2,32,REPLACE_BACKUP
1922.882554683,2,3,1,2,3,32,REPLACE_BACKUP
1922.882554683,4,1,1,1,1,32,REFRESH
1922.882554683,4,0,1,2,2,32,REFRESH
1922.882554683,4,2,1,2,2,32,SWITCH_PRIMARY
1922.882554683,4,7,1,2,2,32,REPLACE_BACKUP
1922.882555413,6,1,1,1,1,32,REFRESH
1922.882555413,6,0,1,2,2,32,SWITCH_PRIMARY
1922.882555413,6,2,1,2,2,32,REPLACE_BACKUP
1922.882555413,6,7,1,2,2,32,REPLACE_BACKUP
1922.882555413,6,8,1,2,2,32,REPLACE_BACKUP
1922.882555413,6,3,1,2,3,32,REPLACE_BACKUP
1923.670949337,0,3,3,1,1,32,REFRESH
1923.670949337,0,1,3,2,2,32,REFRESH_BACKUP
1923.670949337,0,2,3,2,2,32,REFRESH_BACKUP
1923.670949337,0,4,3,2,2,32,REPLACE_BACKUP
1923.670949337,0,6,3,2,2,32,REFRESH
1923.670949337,0,7,3,2,2,32,REPLACE_BACKUP
1923.670949337,0,8,3,2,2,32,REFRESH_BACKUP
1923.670949337,0,5,3,2,3,32,REPLACE_BACKUP
1923.670949337,4,3,3,1,1,32,SWITCH_PRIMARY
1923.670949337,4,0,3,2,2,32,SWITCH_PRIMARY
1923.670949337,4,1,3,2,2,32,REPLACE_BACKUP
1923.670949337,4,2,3,2,2,32,SWITCH_PRIMARY
1923.670949337,4,6,3,2,2,32,REPLACE_BACKUP
1923.670949337,4,8,3,2,2,32,REPLACE_BACKUP
1923.670949337,6,3,3,1,1,32,UPDATE
1923.670949337,6,0,3,2,2,32,REPLACE_BACKUP
1923.670949337,6,2,3,2,2,32,SWITCH_PRIMARY
1923.670949337,6,7,3,2,2,32,REPLACE_BACKUP
1923.670949337,6,8,3,2,2,32,SWITCH_PRIMARY
1923.670949582,1,3,3,1,1,32,SWITCH_PRIMARY
1923.670949582,1,2,3,2,2,32,REPLACE_BACKUP
1923.670949582,1,6,3,2,2,32,SWITCH_PRIMARY
1923.670949582,1,7,3,2,2,32,REPLACE_BACKUP
1923.670949582,7,3,3,1,1,32,UPDATE
1923.670949582,7,1,3,2,2,32,REPLACE_BACKUP
1923.670949582,7,2,3,2,2,32,REPLACE_BACKUP
1923.670949582,7,4,3,2,2,32,REPLACE_BACKUP
1923.670949582,7,6,3,2,2,32,REPLACE_BACKUP
1923.670949582,7,8,3,2,2,32,SWITCH_PRIMARY
1928.548105875,1,2,2,1,1,32,REFRESH
1928.548105875,1,3,2,2,2,32,REFRESH_BACKUP
1928.548105875,1,4,2,2,2,32,REFRESH_BACKUP
1928.548105875,1,5,2,2,2,32,SWITCH_PRIMARY
1928.548105875,1,7,2,2,2,32,REPLACE_BACKUP
1928.548105875,5,2,2,1,1,32,REFRESH
1928.548105875,5,3,2,2,2,32,REFRESH
1928.548105875,5,4,2,2,2,32,REPLACE_BACKUP
1928.548105875,5,7,2,2,2,32,REFRESH_BACKUP
1928.548106466,8,2,2,1,1,32,REFRESH
1928.548106466,8,3,2,2,2,32,SWITCH_PRIMARY
1928.548106466,8,4,2,2,2,32,REPLACE_BACKUP
1928.548106466,8,5,2,2,2,32,REFRESH_BACKUP
1928.861996217,2,5,5,1,1,32,REFRESH
1928.861996217,2,0,5,2,2,32,REFRESH
1928.861996217,2,4,5,2,2,32,REFRESH_BACKUP
1928.861996217,2,6,5,2,2,32,SWITCH_PRIMARY
1928.861996217,2,7,5,2,2,32,REPLACE_BACKUP
1928.861996217,4,5,5,1,2,32,REFRESH
1928.861996219,8,5,5,1,1,32,REFRESH
1928.861996219,8,0,5,2,2,32,SWITCH_PRIMARY
1928.861996219,8,1,5,2,2,32,REFRESH_BACKUP
1928.861996219,8,6,5,2,2,32,REPLACE_BACKUP
1928.861996219,8,7,5,2,2,32,REPLACE_BACKUP
1928.861996462,1,5,5,1,1,32,SWITCH_PRIMARY
1928.861996462,1,0,5,2,2,32,REPLACE_BACKUP
1928.861996462,1,2,5,2,2,32,REPLACE_BACKUP
1928.861996462,1,6,5,2,2,32,REPLACE_BACKUP
1928.861996462,1,7,5,2,2,32,REPLACE_BACKUP
1928.861996462,1,8,5,2,2,32,REPLACE_BACKUP
1928.861996462,7,5,5,1,1,32,SWITCH_PRIMARY
1928.861996462,7,8,5,2,2,32,SWITCH_PRIMARY
1928.861996462,7,3,5,2,3,32,REPLACE_BACKUP
1928.861996947,0,5,5,1,2,32,REFRESH
1928.861996947,0,6,5,2,3,32,REFRESH_BACKUP
1928.861996947,6,5,5,1,2,32,REFRESH
1929.035127545,7,2,2,1,0,22,POISON
1929.035127545,7,2,3,2,2,32,PROMOTE_BACKUP
1929.045368539,5,8,8,1,1,32,REFRESH
1929.045368539,5,1,8,2,2,32,REFRESH_BACKUP
1929.045368539,5,2,8,2,2,32,REFRESH_BACKUP
1929.045368539,5,6,8,2,2,32,REPLACE_BACKUP
1929.045368539,5,7,8,2,2,32,REPLACE_BACKUP
1929.045368539,5,3,8,2,3,32,REFRESH_BACKUP
1929.045368783,4,8,8,1,1,32,REFRESH
1929.045368783,4,1,8,2,2,32,REPLACE_BACKUP
1929.045368783,4,2,8,2,2,32,REPLACE_BACKUP
1929.045368783,4,5,8,2,2,32,SWITCH_PRIMARY
1929.045368783,4,6,8,2,2,32,SWITCH_PRIMARY
1929.045368783,4,3,8,2,3,32,REFRESH_BACKUP
1929.045369268,3,8,8,1,2,32,REFRESH
1929.894717414,1,4,4,1,1,32,REFRESH
1929.894717414,3,4,4,1,2,32,REFRESH
1929.894717414,3,8,4,2,3,32,REFRESH_BACKUP
1929.894717414,7,4,4,1,1,32,REFRESH
1929.894717414,7,1,4,2,2,32,SWITCH_PRIMARY
1929.894717414,7,3,4,2,2,32,REPLACE_BACKUP
1929.894717414,7,8,4,2,2,32,SWITCH_PRIMARY
1929.894717414,7,5,4,2,3,32,REFRESH_BACKUP
1929.894717659,2,4,4,1,1,32,REFRESH
1929.894717659,2,3,4,2,2,32,REPLACE_BACKUP
1929.894717659,2,8,4,2,2,32,REFRESH_BACKUP
1931.438198419,3,6,6,1,1,32,REFRESH
1931.438198419,3,1,6,2,2,32,REFRESH_BACKUP
1931.438198419,3,4,6,2,2,32,SWITCH_PRIMARY
1931.438198419,3,0,6,2,3,32,REFRESH_BACKUP
1931.438198419,3,8,6,2,3,32,REPLACE_BACKUP
1931.438198419,3,5,6,2,3,32,REFRESH
1931.438198419,7,6,6,1,1,32,REFRESH
1931.438198419,7,1,6,2,2,32,REFRESH_BACKUP
1931.438198419,7,0,6,2,3,32,REFRESH_BACKUP
1932.888159295,4,7,7,1,1,32,REFRESH
1932.888159295,4,0,7,2,2,32,SWITCH_PRIMARY
1932.888159295,4,3,7,2,2,32,REPLACE_BACKUP
1932.888159295,4,5,7,2,2,32,SWITCH_PRIMARY
1932.888159295,4,6,7,2,2,32,REFRESH_BACKUP
1932.888159297,8,7,7,1,1,32,REFRESH
1932.888159297,8,0,7,2,2,32,SWITCH_PRIMARY
1932.888159297,8,3,7,2,2,32,SWITCH_PRIMARY
1932.888159297,8,6,7,2,2,32,REPLACE_BACKUP
1932.888159297,8,2,7,2,3,32,REFRESH_BACKUP
1932.888159540,5,7,7,1,1,32,REFRESH
1932.888159540,5,0,7,2,2,32,REFRESH_BACKUP
1932.888159540,5,3,7,2,2,32,REPLACE_BACKUP
1932.888159540,5,4,7,2,2,32,REPLACE_BACKUP
1932.888159540,5,6,7,2,2,32,REPLACE_BACKUP
1932.888160025,0,7,7,1,1,32,REFRESH
1932.888160025,0,3,7,2,2,32,REPLACE_BACKUP
1932.888160025,0,4,7,2,2,32,SWITCH_PRIMARY
1932.888160025,0,5,7,2,2,32,SWITCH_PRIMARY
1932.888160025,0,6,7,2,2,32,REPLACE_BACKUP
1982.489775320,3,0,0,1,2,33,REFRESH
1982.489775320,3,5,0,2,4,33,REFRESH_BACKUP
1982.882554683,0,1,1,1,1,33,REFRESH
1982.882554683,0,2,1,2,2,33,REFRESH
1982.882554683,0,3,1,2,2,33,REPLACE_BACKUP
1982.882554683,0,4,1,2,2,33,REFRESH_BACKUP
1982.882554683,0,5,1,2,2,33,SWITCH_PRIMARY
1982.882554683,0,8,1,2,2,33,REFRESH
1982.882554683,2,1,1,1,1,33,REFRESH
1982.882554683,2,0,1,2,2,33,REFRESH_BACKUP
1982.882554683,2,3,1,2,2,33,REPLACE_BACKUP
1982.882554683,2,4,1,2,2,33,REPLACE_BACKUP
1982.882554683,2,7,1,2,2,33,REPLACE_BACKUP
1982.882554683,4,1,1,1,1,33,REFRESH
1982.882554683,4,0,1,2,2,33,SWITCH_PRIMARY
1982.882554683,4,2,1,2,2,33,SWITCH_PRIMARY
1982.882554683,4,3,1,2,2,33,REPLACE_BACKUP
1982.882554683,4,7,1,2,2,33,REFRESH_BACKUP
1982.882554683,4,8,1,2,2,33,REPLACE_BACKUP
1982.882554928,5,1,1,1,1,33,REFRESH
1982.882554928,5,0,1,2,2,33,REPLACE_BACKUP
1982.882554928,5,2,1,2,2,33,REPLACE_BACKUP
1982.882554928,5,3,1,2,2,33,SWITCH_PRIMARY
1982.882554928,5,7,1,2,2,33,REPLACE_BACKUP
1982.882554928,5,8,1,2,2,33,REFRESH_BACKUP
1983.670949337,0,3,3,1,1,33,REFRESH
1983.670949337,0,1,3,2,2,33,REFRESH_BACKUP
1983.670949337,0,2,3,2,2,33,REFRESH_BACKUP
1983.670949337,0,6,3,2,2,33,REFRESH
1983.670949337,0,7,3,2,2,33,REFRESH_BACKUP
1983.670949337,0,8,3,2,3,33,REFRESH_BACKUP
1983.670949337,6,3,3,1,1,33,REFRESH
1983.670949337,6,2,3,2,2,33,REFRESH
1983.670949337,6,7,3,2,2,33,REFRESH_BACKUP
1983.670949337,6,0,3,2,3,33,REFRESH_BACKUP
1983.670949337,6,8,3,2,3,33,REFRESH
1983.670949582,1,3,3,1,1,33,REFRESH
1983.670949582,1,2,3,2,2,33,REPLACE_BACKUP
1983.670949582,1,6,3,2,2,33,REFRESH
1983.670949582,1,7,3,2,2,33,REPLACE_BACKUP
1988.548105875,1,2,2,1,1,33,REFRESH
1988.548105875,1,3,2,2,2,33,REFRESH_BACKUP
1988.548105875,1,4,2,2,2,33,REFRESH_BACKUP
1988.548105875,1,5,2,2,2,33,REFRESH_BACKUP
1988.548105875,1,7,2,2,2,33,REPLACE_BACKUP
1988.548105875,5,2,2,1,1,33,REFRESH
1988.548105875,5,3,2,2,2,33,SWITCH_PRIMARY
1988.548106120,4,2,2,1,1,33,SWITCH_PRIMARY
1988.548106120,4,7,2,2,2,33,REPLACE_BACKUP
1988.548106120,4,8,2,2,2,33,REPLACE_BACKUP
1988.861996217,2,5,5,1,1,33,REFRESH
1988.861996217,2,0,5,2,2,33,REFRESH
1988.861996217,2,4,5,2,2,33,REPLACE_BACKUP
1988.861996217,2,6,5,2,2,33,REFRESH
1988.861996217,2,8,5,2,2,33,REPLACE_BACKUP
1988.861996217,4,5,5,1,1,33,SWITCH_PRIMARY
1988.861996217,4,0,5,2,2,33,SWITCH_PRIMARY
1988.861996217,4,1,5,2,2,33,REPLACE_BACKUP
1988.861996217,4,7,5,2,2,33,REPLACE_BACKUP
1988.861996217,4,8,5,2,2,33,REPLACE_BACKUP
1988.861996219,8,5,5,1,1,33,REFRESH
1988.861996219,8,0,5,2,2,33,SWITCH_PRIMARY
1988.861996219,8,1,5,2,2,33,REFRESH_BACKUP
1988.861996219,8,2,5,2,2,33,REPLACE_BACKUP
1988.861996219,8,4,5,2,2,33,REPLACE_BACKUP
1988.861996219,8,7,5,2,2,33,REFRESH_BACKUP
1988.861996462,1,5,5,1,2,33,REFRESH
1988.861996462,1,0,5,2,3,33,REFRESH_BACKUP
1988.861996462,1,6,5,2,3,33,REFRESH_BACKUP
1988.861996462,1,8,5,2,3,33,REFRESH_BACKUP
1988.861996462,7,5,5,1,2,33,REFRESH
1988.861996462,7,2,5,2,3,33,ADD_BACKUP
1988.861996462,7,8,5,2,3,33,REFRESH_BACKUP
1988.861996808,3,5,5,1,2,33,SWITCH_PRIMARY
1989.110136539,5,8,8,1,1,33,REFRESH
1989.110136539,5,1,8,2,2,33,REFRESH_BACKUP
1989.110136539,5,2,8,2,2,33,REPLACE_BACKUP
1989.110136539,5,4,8,2,2,33,REPLACE_BACKUP
1989.110136539,5,7,8,2,2,33,REPLACE_BACKUP
1989.829949414,1,4,4,1,1,33,REFRESH
1989.829949414,1,5,4,2,2,33,SWITCH_PRIMARY
1989.829949414,1,8,4,2,2,33,REPLACE_BACKUP
1989.829949414,1,0,4,2,3,33,REPLACE_BACKUP
1989.829949414,1,6,4,2,3,33,REPLACE_BACKUP
1989.829949414,3,4,4,1,1,33,SWITCH_PRIMARY
1989.829949414,3,1,4,2,2,33,REPLACE_BACKUP
1989.829949414,3,5,4,2,2,33,SWITCH_PRIMARY
1989.829949414,3,8,4,2,2,33,SWITCH_PRIMARY
1989.829949414,5,4,4,1,1,33,REFRESH
1989.829949414,5,2,4,2,2,33,REPLACE_BACKUP
1989.829949414,5,3,4,2,2,33,SWITCH_PRIMARY
1989.829949414,5,7,4,2,2,33,REPLACE_BACKUP
1989.829949414,7,4,4,1,1,33,REFRESH
1989.829949414,7,1,4,2,2,33,REFRESH
1989.829949414,7,2,4,2,2,33,SWITCH_PRIMARY
1989.829949414,7,3,4,2,2,33,REFRESH_BACKUP
1989.829949414,7,5,4,2,2,33,SWITCH_PRIMARY
1989.829949414,7,8,4,2,2,33,REFRESH
1989.829949414,7,0,4,2,3,33,REPLACE_BACKUP
1989.829949659,6,4,4,1,1,33,REFRESH
1989.829949659,6,1,4,2,2,33,REFRESH_BACKUP
1989.829949659,6,2,4,2,2,33,SWITCH_PRIMARY
1989.829949659,6,3,4,2,2,33,REPLACE_BACKUP
1989.829949659,6,5,4,2,2,33,SWITCH_PRIMARY
1989.829949659,6,8,4,2,2,33,SWITCH_PRIMARY
1989.829949660,8,4,4,1,2,33,REFRESH
1991.502966419,3,6,6,1,1,33,REFRESH
1991.502966419,3,4,6,2,2,33,REFRESH_BACKUP
1991.502966419,3,7,6,2,2,33,REPLACE_BACKUP
1991.502966419,3,0,6,2,3,33,REFRESH_BACKUP
1991.502966419,7,6,6,1,1,33,REFRESH
1991.502966419,7,1,6,2,2,33,SWITCH_PRIMARY
1991.502966419,7,3,6,2,2,33,REPLACE_BACKUP
1991.502966419,7,8,6,2,3,33,REPLACE_BACKUP
1991.502967149,1,6,6,1,1,33,SWITCH_PRIMARY
1991.502967149,1,7,6,2,2,33,REPLACE_BACKUP
1992.888159295,4,7,7,1,2,33,REFRESH
1992.888159295,4,6,7,2,3,33,REFRESH_BACKUP
1992.888159295,4,5,7,2,4,33,REFRESH_BACKUP
1992.888159295,6,7,7,1,1,33,REFRESH
1992.888159295,6,0,7,2,2,33,SWITCH_PRIMARY
1992.888159295,6,3,7,2,2,33,REPLACE_BACKUP
1992.888159295,6,4,7,2,2,33,REFRESH_BACKUP
1992.888159297,8,7,7,1,1,33,REFRESH
1992.888159297,8,0,7,2,2,33,REFRESH_BACKUP
1992.888159297,8,3,7,2,2,33,REFRESH
1992.888159297,8,4,7,2,2,33,SWITCH_PRIMARY
1992.888159297,8,6,7,2,2,33,REFRESH_BACKUP
1992.888159540,5,7,7,1,1,33,REFRESH
1992.888159540,5,0,7,2,2,33,REPLACE_BACKUP
1992.888159540,5,6,7,2,2,33,REFRESH_BACKUP
2042.554543320,3,0,0,1,2,34,REFRESH
2042.882554683,0,1,1,1,1,34,REFRESH
2042.882554683,0,2,1,2,2,34,REFRESH
2042.882554683,0,3,1,2,2,34,REFRESH_BACKUP
2042.882554683,0,4,1,2,2,34,SWITCH_PRIMARY
2042.882554683,0,6,1,2,2,34,REPLACE_BACKUP
2042.882554683,0,7,1,2,2,34,REPLACE_BACKUP
2042.882554683,0,8,1,2,2,34,REFRESH
2042.882554683,0,5,1,2,3,34,REFRESH
2042.882554683,4,1,1,1,1,34,REFRESH
2042.882554683,4,0,1,2,2,34,SWITCH_PRIMARY
2042.882554683,4,2,1,2,2,34,REFRESH_BACKUP
2042.882554683,4,3,1,2,2,34,REFRESH_BACKUP
2042.882554683,4,6,1,2,2,34,SWITCH_PRIMARY
2042.882554683,4,7,1,2,2,34,SWITCH_PRIMARY
2042.882554683,4,8,1,2,2,34,REPLACE_BACKUP
2042.882554683,4,5,1,2,3,34,REPLACE_BACKUP
2042.882554928,3,1,1,1,1,34,REFRESH
2042.882554928,3,0,1,2,2,34,SWITCH_PRIMARY
2042.882554928,3,4,1,2,2,34,REPLACE_BACKUP
2042.882554928,3,8,1,2,2,34,SWITCH_PRIMARY
2042.882555414,8,1,1,1,1,34,REFRESH
2042.882555414,8,0,1,2,2,34,REPLACE_BACKUP
2042.882555414,8,2,1,2,2,34,REPLACE_BACKUP
2042.882555414,8,3,1,2,2,34,SWITCH_PRIMARY
2042.882555414,8,4,1,2,2,34,REPLACE_BACKUP
2042.882555414,8,6,1,2,2,34,REPLACE_BACKUP
2042.882555414,8,7,1,2,2,34,REPLACE_BACKUP
2043.670949337,0,3,3,1,1,34,REFRESH
2043.670949337,0,1,3,2,2,34,REFRESH_BACKUP
2043.670949337,0,2,3,2,2,34,SWITCH_PRIMARY
2043.670949337,0,4,3,2,2,34,SWITCH_PRIMARY
2043.670949337,0,6,3,2,2,34,REFRESH
2043.670949337,0,7,3,2,2,34,REPLACE_BACKUP
2043.670949337,0,8,3,2,3,34,REFRESH_BACKUP
2043.670949337,4,3,3,1,2,34,REFRESH
2043.670949337,6,3,3,1,1,34,REFRESH
2043.670949337,6,1,3,2,2,34,REPLACE_BACKUP
2043.670949337,6,2,3,2,2,34,SWITCH_PRIMARY
2043.670949337,6,4,3,2,2,34,REPLACE_BACKUP
2043.670949337,6,7,3,2,2,34,REFRESH_BACKUP
2043.670949337,6,8,3,2,3,34,REFRESH_BACKUP
2048.548105875,1,2,2,1,1,34,REFRESH
2048.548105875,1,3,2,2,2,34,REFRESH_BACKUP
2048.548105875,1,4,2,2,2,34,REFRESH_BACKUP
2048.548105875,1,5,2,2,2,34,REPLACE_BACKUP
2048.548105875,1,8,2,2,2,34,REPLACE_BACKUP
2048.548105875,5,2,2,1,1,34,REFRESH
2048.548105875,5,3,2,2,2,34,REFRESH_BACKUP
2048.548105875,5,4,2,2,2,34,REPLACE_BACKUP
2048.548105875,5,7,2,2,2,34,REPLACE_BACKUP
2048.797228217,4,5,5,1,1,34,REFRESH
2048.797228217,4,0,5,2,2,34,SWITCH_PRIMARY
2048.797228217,4,1,5,2,2,34,REFRESH_BACKUP
2048.797228217,4,6,5,2,2,34,SWITCH_PRIMARY
2048.797228217,4,7,5,2,2,34,SWITCH_PRIMARY
2048.797228217,4,8,5,2,2,34,REPLACE_BACKUP
2048.797228219,8,5,5,1,1,34,REFRESH
2048.797228219,8,0,5,2,2,34,REFRESH
2048.797228219,8,1,5,2,2,34,REFRESH_BACKUP
2048.797228219,8,2,5,2,2,34,REPLACE_BACKUP
2048.797228462,1,5,5,1,1,34,SWITCH_PRIMARY
2048.797228462,1,0,5,2,2,34,REPLACE_BACKUP
2048.797228462,1,2,5,2,2,34,REPLACE_BACKUP
2048.797228462,1,4,5,2,2,34,REPLACE_BACKUP
2048.797228462,1,6,5,2,2,34,REPLACE_BACKUP
2048.797228462,1,7,5,2,2,34,REPLACE_BACKUP
2048.797228462,7,5,5,1,2,34,REFRESH_BACKUP
2049.045368539,5,8,8,1,2,34,REFRESH
2049.045368539,5,1,8,2,3,34,REFRESH_BACKUP
2049.894717414,1,4,4,1,1,34,REFRESH
2049.894717414,1,5,4,2,2,34,REFRESH_BACKUP
2049.894717414,3,4,4,1,1,34,REFRESH
2049.894717414,3,1,4,2,2,34,REFRESH_BACKUP
2049.894717414,3,5,4,2,2,34,REFRESH
2049.894717414,3,8,4,2,2,34,SWITCH_PRIMARY
2049.894717414,5,4,4,1,1,34,REFRESH
2049.894717414,5,1,4,2,2,34,REPLACE_BACKUP
2049.894717414,5,2,4,2,2,34,REFRESH_BACKUP
2049.894717414,5,8,4,2,2,34,SWITCH_PRIMARY
2049.894717414,5,3,4,2,3,34,REFRESH
2049.894717414,7,4,4,1,1,34,REFRESH
2049.894717414,7,1,4,2,2,34,REFRESH_BACKUP
2049.894717414,7,2,4,2,2,34,REFRESH
2049.894717414,7,5,4,2,2,34,REFRESH
2049.894717414,7,8,4,2,2,34,REFRESH
2049.894717414,7,0,4,2,3,34,REFRESH_BACKUP
2049.894717659,0,4,4,1,1,34,SWITCH_PRIMARY
2049.894717659,0,5,4,2,2,34,SWITCH_PRIMARY
2049.894717659,0,8,4,2,2,34,REPLACE_BACKUP
2049.894717659,2,4,4,1,2,34,REFRESH
2049.894717659,6,4,4,1,2,34,REFRESH
2049.894717659,6,2,4,2,3,34,REFRESH_BACKUP
2049.894717659,6,5,4,2,3,34,REFRESH
2049.894717659,6,8,4,2,3,34,REFRESH
2051.438198419,3,6,6,1,1,34,REFRESH
2051.438198419,3,1,6,2,2,34,REPLACE_BACKUP
2051.438198419,3,7,6,2,2,34,REFRESH_BACKUP
2051.438198419,7,6,6,1,1,34,REFRESH
2051.438198419,7,1,6,2,2,34,REFRESH
2051.438198419,7,3,6,2,2,34,REFRESH_BACKUP
2051.438198419,7,0,6,2,3,34,REPLACE_BACKUP
2051.438198419,7,8,6,2,3,34,REFRESH_BACKUP
2052.888159295,4,7,7,1,1,34,SWITCH_PRIMARY
2052.888159295,4,0,7,2,2,34,REPLACE_BACKUP
2052.888159295,4,3,7,2,2,34,SWITCH_PRIMARY
2052.888159295,4,5,7,2,3,34,REPLACE_BACKUP
2052.888159295,6,7,7,1,1,34,REFRESH
2052.888159295,6,0,7,2,2,34,REFRESH
2052.888159295,6,3,7,2,2,34,REFRESH_BACKUP
2052.888159295,6,4,7,2,2,34,SWITCH_PRIMARY
2052.888159295,6,2,7,2,3,34,REPLACE_BACKUP
2052.888159295,6,5,7,2,3,34,SWITCH_PRIMARY
2052.888159295,6,8,7,2,3,34,SWITCH_PRIMARY
2052.888159297,8,7,7,1,1,34,REFRESH
2052.888159297,8,0,7,2,2,34,SWITCH_PRIMARY
2052.888159297,8,3,7,2,2,34,REFRESH_BACKUP
2052.888159297,8,4,7,2,2,34,REFRESH
2052.888159297,8,6,7,2,2,34,REPLACE_BACKUP
2052.888159540,3,7,7,1,2,34,REFRESH
2052.888159540,3,6,7,2,3,34,REFRESH_BACKUP
2052.888159540,3,2,7,2,4,34,REFRESH_BACKUP
2059.264742471,3,2,2,1,0,24,POISON
2059.264742471,3,2,7,2,4,34,PROMOTE_BACKUP
2060.493470961,1,8,8,1,0,24,POISON
2060.493470961,1,8,2,2,2,34,PROMOTE_BACKUP
